Date,Close,LogReturn,Return_scaled,P_high_volatility,P_low_volatility,P_medium_volatility,State,Regime
1990-01-03,358.760009765625,-0.002588887687124,-0.2512754719356886,1.1179004284813518e-122,2.736538467709217e-05,0.9999726346153229,2,Medium volatility
1990-01-04,355.6700134277344,-0.0086502960559933,-0.7849309072320619,0.0032247468445951374,0.013839811007370468,0.9829354421480344,2,Medium volatility
1990-01-05,352.20001220703125,-0.0098041416928253,-0.8865171984232071,0.005329227579554832,0.0176781729276007,0.9769925994928444,2,Medium volatility
1990-01-08,353.7900085449219,0.0045043102010344,0.3732202518781818,0.004776601659662038,0.0627639706187173,0.9324594277216206,2,Medium volatility
1990-01-09,349.6199951171875,-0.0118567045055311,-1.0672278904982226,0.007329264469942944,0.025586374507508128,0.9670843610225489,2,Medium volatility
1990-01-10,347.3099975585937,-0.0066290905607084,-0.6069809601621051,0.006351734379660709,0.04508907676727828,0.948559188853061,2,Medium volatility
1990-01-11,348.5299987792969,0.003506560350698,0.2853768665961756,0.004895003630878576,0.11148647775439366,0.8836185186147278,2,Medium volatility
1990-01-12,339.92999267578125,-0.0249846136926423,-2.223028599745924,0.03740889505724425,0.00013845197849114585,0.9624526529642646,2,Medium volatility
1990-01-15,337.0,-0.0086567621619675,-0.7855001928482656,0.023664702127463782,0.013595513006098897,0.9627397848664374,2,Medium volatility
1990-01-16,340.75,0.0110661402242806,0.9509335561625264,0.018098038172384957,0.021852424196328067,0.960049537631287,2,Medium volatility
1990-01-17,337.3999938964844,-0.009879918554625,-0.8931887063811268,0.014166391973405945,0.021393093207518792,0.9644405148190753,2,Medium volatility
1990-01-18,338.19000244140625,0.0023387229215696,0.1825587171380868,0.008109379021178675,0.0761146943949402,0.9157759265838812,2,Medium volatility
1990-01-19,339.1499938964844,0.0028345944519934,0.2262159864252831,0.005312238902730611,0.16426219374438858,0.8304255673528809,2,Medium volatility
1990-01-22,330.3800048828125,-0.0261989474892025,-2.329940358756695,0.04867451938389156,9.856425187293817e-05,0.9512269163642354,2,Medium volatility
1990-01-23,331.6099853515625,0.003716013541803,0.3038174380065134,0.023587909434362016,0.03574067798520508,0.9406714125804329,2,Medium volatility
1990-01-24,330.260009765625,-0.0040792828438327,-0.382492084926467,0.012692962596143012,0.07773608711344428,0.9095709502904127,2,Medium volatility
1990-01-25,326.0799865722656,-0.0127375437492531,-1.1447782915648774,0.014066217207073073,0.02357733858705228,0.9623564442058746,2,Medium volatility
1990-01-26,325.79998779296875,-0.000859050155018,-0.0989779950111577,0.007989912589085466,0.07792040213991211,0.9140896852710024,2,Medium volatility
1990-01-29,325.20001220703125,-0.0018432434894251,-0.1856278444069318,0.005276199199474486,0.15816491154109052,0.836558889259435,2,Medium volatility
1990-01-30,322.9800109863281,-0.0068499793942251,-0.626428342590234,0.005054748560618412,0.1677508835988417,0.82719436784054,2,Medium volatility
1990-01-31,329.0799865722656,0.0187104056804416,1.6239460907543182,0.0149429859211275,0.01351986225828768,0.9715371518205848,2,Medium volatility
1990-02-01,328.7900085449219,-0.0008815664136561,-0.1009603600117528,0.008441240178155856,0.060716115618102404,0.9308426442037419,2,Medium volatility
1990-02-02,330.9200134277344,0.0064574198157494,0.5451749360362952,0.00636457847243954,0.10897197899232317,0.8846634425352372,2,Medium volatility
1990-02-05,331.8500061035156,0.0028063830853657,0.2237322156212349,0.004433196953589866,0.21426465868598815,0.781302144360422,2,Medium volatility
1990-02-06,329.6600036621094,-0.0066212465723705,-0.6062903637270555,0.004397911818818442,0.22758480959407779,0.7680172785871039,2,Medium volatility
1990-02-07,333.75,0.0123303783025026,1.062238962578769,0.0067996388624181805,0.13183202933240423,0.8613683318051776,2,Medium volatility
1990-02-08,332.9599914550781,-0.0023698727326442,-0.2319930686134496,0.0045896088684814484,0.22861743814719324,0.7667929529843254,2,Medium volatility
1990-02-09,333.6199951171875,0.0019802691082437,0.1509999086660285,0.0031248216516953256,0.38154929100595475,0.6153258873423499,2,Medium volatility
1990-02-12,330.0799865722656,-0.0106675974473606,-0.9625371311689116,0.005370827682164355,0.20820428037589261,0.786424891941943,2,Medium volatility
1990-02-13,331.0199890136719,0.0028437546803772,0.2270224665975607,0.003557900748489309,0.3501716424926721,0.6462704567588387,2,Medium volatility
1990-02-14,332.010009765625,0.0029863550353752,0.2395772145849614,0.0023881545620110163,0.5124184177268916,0.4851934277110975,1,Low volatility
1990-02-15,334.8900146484375,0.0086370450773403,0.7370723956648472,0.002682002527629548,0.5242578458028058,0.4730601516695648,1,Low volatility
1990-02-16,332.7200012207031,-0.006500864332275,-0.5956917317209924,0.002611935302679985,0.5312103749343284,0.46617768976299157,1,Low volatility
1990-02-20,327.989990234375,-0.0143182087631679,-1.2839423974500257,0.008229279436464563,0.1342331638257994,0.857537556737736,2,Medium volatility
1990-02-21,327.6700134277344,-0.0009760449936129,-0.1092783951357308,0.004932058632220257,0.24785978114090218,0.7472081602268775,2,Medium volatility
1990-02-22,325.70001220703125,-0.0060302955851767,-0.55426215722485,0.004311285384912991,0.27945481777976744,0.7162338968353196,2,Medium volatility
1990-02-23,324.1499938964844,-0.0047703969698478,-0.4433388035953924,0.003528274167554264,0.3518631034250089,0.6446086224074367,2,Medium volatility
1990-02-26,328.6700134277344,0.0138478959339751,1.1958434787094725,0.007328915740865397,0.1524977925936579,0.8401732916654767,2,Medium volatility
1990-02-27,330.260009765625,0.0048260038786622,0.4015426431640504,0.004916651797242265,0.2530143903044512,0.7420689578983064,2,Medium volatility
1990-02-28,331.8900146484375,0.0049233802470034,0.4101158039003558,0.003530617470258504,0.37486156478662247,0.621607817743119,2,Medium volatility
1990-03-01,332.739990234375,0.0025577420311284,0.2018414862796797,0.0022598956604150105,0.5417879834729975,0.45595212086658743,1,Low volatility
1990-03-02,335.5400085449219,0.0083798249259539,0.7144263498118576,0.0024323334593716497,0.562868221938518,0.43469944460211024,1,Low volatility
1990-03-05,333.739990234375,-0.0053789823508543,-0.4969195684361248,0.002051122391601979,0.6110093383775329,0.3869395392308652,1,Low volatility
1990-03-06,337.92999267578125,0.0124765343116592,1.0751067556626714,0.004330654638300932,0.41893639965260165,0.5767329457090975,2,Medium volatility
1990-03-07,336.95001220703125,-0.0029041641489939,-0.2790328819729317,0.002621170853290449,0.5465544558310441,0.45082437331566544,1,Low volatility
1990-03-08,340.2699890136719,0.0098048002053419,0.8398832992089543,0.0032224243046730283,0.5044186771843264,0.49235889851100056,1,Low volatility
1990-03-09,337.92999267578125,-0.0069006360563479,-0.6308882306939039,0.003085067152751695,0.4947941963705922,0.5021207364766561,2,Medium volatility
1990-03-12,338.6700134277344,0.0021874698207575,0.1692421685009152,0.0017388250157138096,0.6566695795398888,0.3415915954443973,1,Low volatility
1990-03-13,336.0,-0.0079150616267922,-0.7201997712513022,0.002255674953538044,0.5962123702108233,0.40153195483563847,1,Low volatility
1990-03-14,336.8699951171875,0.0025859247947037,0.2043227388283241,0.0012687379110338085,0.7371234427578625,0.2616078193311038,1,Low volatility
1990-03-15,338.07000732421875,0.0035559115392587,0.2897218188599127,0.0007528009628282289,0.8317991973816867,0.16744800165548496,1,Low volatility
1990-03-16,341.9100036621094,0.011294558949328,0.9710438814742248,0.0015635317860238495,0.7375809948618941,0.26085547335208203,1,Low volatility
1990-03-19,343.5299987792969,0.0047268852934525,0.3928160950555767,0.0009121386907650207,0.8208600934071225,0.17822776790211245,1,Low volatility
1990-03-20,341.57000732421875,-0.0057217830533584,-0.5271002536798833,0.0008114963448709835,0.8316694816663848,0.16751902198874427,1,Low volatility
1990-03-21,339.739990234375,-0.0053720670398318,-0.4963107341373378,0.0007014632057366018,0.8478844899694186,0.15141404682484497,1,Low volatility
1990-03-22,335.69000244140625,-0.0119924681332923,-1.079180722820562,0.0026734428732132307,0.5929700397607373,0.4043565173660496,1,Low volatility
1990-03-23,337.2200012207031,0.0045474176562709,0.3770154965455601,0.0015660716966441625,0.713301772916824,0.285132155386532,1,Low volatility
1990-03-26,337.6300048828125,0.0012150958252865,0.0836329113373447,0.0008071870207419793,0.8252105472087575,0.17398226577050063,1,Low volatility
1990-03-27,341.5,0.0113970432158225,0.9800667491839868,0.0016815967750669655,0.7246916426779385,0.2736267605469945,1,Low volatility
1990-03-28,342.0,0.00146305805176,0.1054638756698894,0.0008158291314795949,0.8326369896343188,0.16654718123420156,1,Low volatility
1990-03-29,340.7900085449219,-0.003544260187092,-0.3353878920720857,0.0005442425769217169,0.8756980793963935,0.1237576780266848,1,Low volatility
1990-03-30,339.94000244140625,-0.0024973382444333,-0.2432153224263495,0.00034009429312893095,0.9136894316074264,0.08597047409944474,1,Low volatility
1990-04-02,338.70001220703125,-0.0036543427665174,-0.3450797265875628,0.00025268466099579015,0.9307474622027018,0.06899985313630232,1,Low volatility
1990-04-03,343.6400146484375,0.0144798445325697,1.251481176080264,0.001600410989675045,0.7412316382326606,0.2571679507776644,1,Low volatility
1990-04-04,341.0899963378906,-0.007448279054631,-0.6791035372448953,0.001749167481020827,0.7036359889700029,0.2946148435489761,1,Low volatility
1990-04-05,340.7300109863281,-0.0010559543021484,-0.1163137298691171,0.000912172386381418,0.8107842198899521,0.18830360772366636,1,Low volatility
1990-04-06,340.0799865722656,-0.0019095624738643,-0.1914666667326278,0.0005290699520810132,0.876156529927829,0.12331440012009011,1,Low volatility
1990-04-09,341.3699951171875,0.0037860741669604,0.3099856799628762,0.0003199774165700768,0.9191003766842382,0.08057964589919177,1,Low volatility
1990-04-10,342.07000732421875,0.002048497159433,0.1570068080763781,0.00018053408899112934,0.9479211991472992,0.05189826676370971,1,Low volatility
1990-04-11,341.9200134277344,-0.0004385850504773,-0.0619596199511616,0.00010991669508780781,0.9627030634105564,0.037187019894355716,1,Low volatility
1990-04-12,344.3399963378906,0.0070526998707665,0.5975842801278332,0.00012177711382897887,0.958122755946809,0.04175546693936206,1,Low volatility
1990-04-16,344.739990234375,0.0011609506855663,0.078865892461836,8.069005940080577e-05,0.9689680639223862,0.030951246018213082,1,Low volatility
1990-04-17,344.67999267578125,-0.0001740522764999,-0.038669759896179,5.838097893889079e-05,0.9740833082200879,0.0258583108009732,1,Low volatility
1990-04-18,340.7200012207031,-0.0115553999245623,-1.0407005856989766,0.00038984491295286904,0.8767239653331305,0.1228861897539166,1,Low volatility
1990-04-19,338.0899963378906,-0.0077489078012131,-0.7055713405765162,0.000681573590357873,0.8367966260054577,0.1625218004041844,1,Low volatility
1990-04-20,335.1199951171875,-0.0088234593280223,-0.8001764600290958,0.0012564191612592858,0.7535256834853438,0.24521789735339702,1,Low volatility
1990-04-23,331.04998779296875,-0.0122192775712628,-1.099149364097251,0.004101852588263805,0.43950664693321856,0.5563915004785176,2,Medium volatility
1990-04-24,330.3599853515625,-0.0020864598954934,-0.2070409796311157,0.0023509236648896993,0.5825678794878126,0.4150811968472975,1,Low volatility
1990-04-25,332.0299987792969,0.0050423980017546,0.4205943045811467,0.001559524413370108,0.6961882343306427,0.3022522412559873,1,Low volatility
1990-04-26,332.9200134277344,0.0026769386076725,0.2123357306978866,0.0008708834577070788,0.8095444374083813,0.1895846791339115,1,Low volatility
1990-04-27,329.1099853515625,-0.0115102643317612,-1.0367267807748044,0.002795633378990316,0.5667477278136229,0.43045663880738677,1,Low volatility
1990-04-30,330.79998779296875,0.0051219293686415,0.4275963647679711,0.0017583348992136509,0.6814563182763432,0.3167853468244432,1,Low volatility
1990-05-01,332.25,0.0043737713453646,0.3617274162851639,0.0010608179221665921,0.784287598512043,0.21465158356579053,1,Low volatility
1990-05-02,334.4800109863281,0.0066894223009486,0.5656007809380659,0.0008507683667309781,0.8265176357681834,0.1726315958650855,1,Low volatility
1990-05-03,335.57000732421875,0.0032534803957426,0.2630953298133794,0.0004694490666142885,0.8914272395508067,0.10810331138257911,1,Low volatility
1990-05-04,338.3900146484375,0.0083685194665878,0.7134310003036101,0.000527301521604024,0.8861515831783109,0.11332111530008522,1,Low volatility
1990-05-07,340.5299987792969,0.0063041040940081,0.5316767911754675,0.00040100404329844675,0.908277088826891,0.0913219071298106,1,Low volatility
1990-05-08,342.010009765625,0.0043367811041949,0.3584707402699796,0.0002472321845907127,0.9359693480349367,0.06378341978047264,1,Low volatility
1990-05-09,342.8599853515625,0.0024821529002432,0.1951865064315325,0.00014266577560995237,0.9565368585688591,0.043320475655530974,1,Low volatility
1990-05-10,343.82000732421875,0.0027961280607469,0.2228293479551942,9.164423034104878e-05,0.9671716900725819,0.03273666569707719,1,Low volatility
1990-05-11,352.0,0.0235128896822693,2.0467639466938463,0.011856966798474327,0.11961429474332062,0.8685287384582051,2,Medium volatility
1990-05-14,354.75,0.007782140442055,0.6618053162146023,0.0082842542384301,0.15828254466491126,0.8334332010966586,2,Medium volatility
1990-05-15,354.2799987792969,-0.0013257585443584,-0.1400676978513543,0.004852909019214741,0.2776705117507383,0.7174765792300469,2,Medium volatility
1990-05-16,354.0,-0.0007906443620191,-0.0929554469467329,0.0030309487800700544,0.4324653043086755,0.5645037469112546,2,Medium volatility
1990-05-17,354.4700012207031,0.0013268064670155,0.0934680828867989,0.001873670328886542,0.6033315850561144,0.3947947446149992,1,Low volatility
1990-05-18,354.6400146484375,0.0004795121410987,0.018871026426532,0.0011133049580940477,0.746190786847731,0.252695908194175,1,Low volatility
1990-05-21,358.0,0.0094297546588117,0.8068637297937896,0.0015260887082481505,0.7186175782088007,0.2798563330829511,1,Low volatility
1990-05-22,358.42999267578125,0.0012003761199519,0.0823369665206064,0.0007871284396970245,0.8287464958994257,0.17046637566087733,1,Low volatility
1990-05-23,359.2900085449219,0.0023965230989526,0.1876475309820692,0.0004308036079968959,0.8958639627048949,0.1037052336871082,1,Low volatility
1990-05-24,358.4100036621094,-0.0024522929047092,-0.2392494635177174,0.00027481501986448894,0.9266253912502465,0.0730997937298889,1,Low volatility
1990-05-25,354.5799865722656,-0.010743640114069,-0.9692320409875248,0.0009479662053435775,0.8059452563640233,0.19310677743063326,1,Low volatility
1990-05-29,360.6499938964844,0.0169739894252014,1.4710694132308133,0.00715443484322784,0.3144525889162724,0.6783929762404997,2,Medium volatility
1990-05-30,360.8599853515625,0.0005820888609919,0.027902033871439,0.003552236301954796,0.48366484126182957,0.5127829224362157,2,Medium volatility
1990-05-31,361.2300109863281,0.0010248740988814,0.0668855067689774,0.0018697102161036718,0.6499218920266765,0.3482083977572198,1,Low volatility
1990-06-01,363.1600036621094,0.0053286136016659,0.4457931529781191,0.0012727553695148525,0.7457605391880746,0.2529667054424105,1,Low volatility
1990-06-04,367.3999938964844,0.0116076375807319,0.9986077912384844,0.002541269255225749,0.6173126508362204,0.38014607990855387,1,Low volatility
1990-06-05,366.6400146484375,-0.0020706760142417,-0.2056513431790821,0.0013871340122214582,0.7362215132038925,0.26239135278388603,1,Low volatility
1990-06-06,364.9599914550781,-0.0045927450312905,-0.4276980619009461,0.001044018238207358,0.7851030752910788,0.2138529064707139,1,Low volatility
1990-06-07,363.1499938964844,-0.0049717798777377,-0.4610688552321017,0.0008537380940641834,0.8171507282610013,0.18199553364493465,1,Low volatility
1990-06-08,358.7099914550781,-0.0123017164666849,-1.1064074074338095,0.003306972900861645,0.5209996979793919,0.4756933291197463,1,Low volatility
1990-06-11,361.6300048828125,0.0081073644023073,0.6904385188492611,0.002895597037340255,0.5539951471329811,0.44310925582967864,1,Low volatility
1990-06-12,366.25,0.0126945571506258,1.0943018116550756,0.0054757531393024,0.35255231589661806,0.6419719309640796,2,Medium volatility
1990-06-13,364.8999938964844,-0.0036928336154185,-0.3484685183460489,0.003427597865775436,0.46032449777584833,0.5362479043583762,2,Medium volatility
1990-06-14,362.8999938964844,-0.0054960293155605,-0.5072245578212994,0.0027966125914956176,0.5097981486242498,0.48740523878425474,1,Low volatility
1990-06-15,362.9100036621094,2.7582330525355303e-05,-0.0209175482921045,0.001598401341000793,0.6693564162266437,0.3290451824323556,1,Low volatility
1990-06-18,356.8800048828125,-0.0167552752288697,-1.4985053647432018,0.010119106559536743,0.09823157015535891,0.8916493232851043,2,Medium volatility
1990-06-19,358.4700012207031,0.0044453734331328,0.368031370909359,0.0062612829608631754,0.1842702216715809,0.8094684953675559,2,Medium volatility
1990-06-20,359.1000061035156,0.001755940293652,0.1312496651722405,0.0038995009944489583,0.32550771737486284,0.6705927816306883,2,Medium volatility
1990-06-21,360.4700012207031,0.0038078206667755,0.3119002742483565,0.0026832804566971034,0.475801654347612,0.5215150651956908,2,Medium volatility
1990-06-22,355.42999267578125,-0.0140804354138728,-1.263008477064189,0.007897530010016657,0.11965063792316977,0.8724518320668135,2,Medium volatility
1990-06-25,352.3099975585937,-0.0088168405677704,-0.7995937345025513,0.007470567193065945,0.09275811987776736,0.8997713129291667,2,Medium volatility
1990-06-26,352.0599975585937,-0.000709854230676,-0.0858425632593407,0.004873964014122006,0.18913431387888638,0.8059917221069917,2,Medium volatility
1990-06-27,355.1400146484375,0.0087105104944305,0.7435404005822939,0.005022898527142957,0.20762236220109673,0.7873547392717604,2,Medium volatility
1990-06-28,357.6300048828125,0.0069868268736463,0.5917847231910326,0.0043419057783393765,0.2742604165809816,0.7213976776406791,2,Medium volatility
1990-06-29,358.0199890136719,0.0010898740244202,0.0726081971812901,0.002820200520986199,0.4384665488170078,0.5587132506620061,2,Medium volatility
1990-07-02,359.5400085449219,0.0042366403088394,0.3496541952553211,0.0020062292856615903,0.5828928351657109,0.4151009355486275,1,Low volatility
1990-07-03,360.1600036621094,0.0017229269418974,0.1283431204339456,0.001201777334996825,0.7306300405597288,0.26816818210527443,1,Low volatility
1990-07-05,355.67999267578125,-0.0125169577027008,-1.1253575669527964,0.0043362621858515525,0.3904064913421602,0.6052572464719882,2,Medium volatility
1990-07-06,358.4200134277344,0.0076740909551995,0.6522924782019776,0.003623370930418968,0.44380805319022537,0.5525685758793557,2,Medium volatility
1990-07-09,359.5199890136719,0.0030642572997683,0.2464358461579118,0.002108210691907324,0.6040711189578183,0.39382067035027446,1,Low volatility
1990-07-10,356.489990234375,-0.0084636163024773,-0.76849534324082,0.0028795207409693536,0.5148957578866866,0.48222472137234396,1,Low volatility
1990-07-11,361.2300109863281,0.0132087434096828,1.1395715369733292,0.006003310782734524,0.2900617011481987,0.7039349880690667,2,Medium volatility
1990-07-12,365.4400024414063,0.0115872087224202,0.9968092040766408,0.007328607866327599,0.19819805588788877,0.7944733362457836,2,Medium volatility
1990-07-13,367.30999755859375,0.0051040578010299,0.4260229252943697,0.004755317301026164,0.3061288520200884,0.6891158306788855,2,Medium volatility
1990-07-16,368.9500122070313,0.0044549950808923,0.3688784751318256,0.0031594337241472744,0.44399224905750867,0.5528483172183442,2,Medium volatility
1990-07-17,367.5199890136719,-0.0038834575425994,-0.3652513332707269,0.002326942140013054,0.5461268727900116,0.4515461850699754,1,Low volatility
1990-07-18,364.2200012207031,-0.0090196250284169,-0.8174471809348094,0.003468290785923365,0.42780353528902804,0.5687281739250486,2,Medium volatility
1990-07-19,365.3200073242188,0.003015617853026,0.2421535567056539,0.0021064747097413543,0.5894935402780815,0.40839998501217695,1,Low volatility
1990-07-20,361.6099853515625,-0.0102074593783045,-0.9220258891282485,0.003909795923987633,0.39982471180919227,0.59626549226682,2,Medium volatility
1990-07-23,355.3099975585937,-0.0175756015048547,-1.5707281138561262,0.014191892873135182,0.026112124635970575,0.9596959824908942,2,Medium volatility
1990-07-24,355.7900085449219,0.0013500521870781,0.0955146707594286,0.007984396106423909,0.0855196416812866,0.9064959622122895,2,Medium volatility
1990-07-25,357.0899963378906,0.0036471474163013,0.2977543615818112,0.00531945612994377,0.1732348370177359,0.8214457068523203,2,Medium volatility
1990-07-26,355.9100036621094,-0.0033099404013618,-0.3147580285745815,0.003991546244768811,0.26649786432098754,0.7295105894342436,2,Medium volatility
1990-07-27,353.44000244140625,-0.0069641536117499,-0.6364804110279503,0.0041649502450106695,0.2659615168680237,0.7298735328869657,2,Medium volatility
1990-07-30,355.54998779296875,0.0059521054173528,0.5006863025657596,0.003433546520264135,0.3663554837056716,0.6302109697740642,2,Medium volatility
1990-07-31,356.1499938964844,0.0016861212901622,0.125102695947948,0.002211677318031594,0.5379503700342418,0.4598379526477266,1,Low volatility
1990-08-01,355.5199890136719,-0.0017704977377501,-0.1792231999062469,0.0014612365236768348,0.6755020020435274,0.32303676143279575,1,Low volatility
1990-08-02,351.4800109863281,-0.01142863366415,-1.029539895020444,0.0039326635979748965,0.40670477914721564,0.5893625572548093,2,Medium volatility
1990-08-03,344.8599853515625,-0.0190143467894685,-1.6973973950556052,0.017192294811859337,0.014517446516140868,0.9682902586719998,2,Medium volatility
1990-08-06,334.42999267578125,-0.030710926890868,-2.7271817563187657,0.1863508551536015,7.029288708870624e-07,0.8136484419175275,2,Medium volatility
1990-08-07,334.8299865722656,0.0011953320279518,0.0818928771360645,0.08683417460813418,0.035561533357072676,0.8776042920347932,2,Medium volatility
1990-08-08,338.3500061035156,0.0104579804847011,0.8973902654280055,0.05590780998447348,0.04107287216810949,0.9030193178474171,2,Medium volatility
1990-08-09,339.94000244140625,0.0046882579137861,0.3894152829248348,0.026672902130185912,0.09878049980058456,0.8745465980692295,2,Medium volatility
1990-08-10,335.5199890136719,-0.0130876042216527,-1.175598137780471,0.026095006105625915,0.026167694450844232,0.9477372994435299,2,Medium volatility
1990-08-13,338.8399963378906,0.0098464743461397,0.8435523527349091,0.017987000040469627,0.038405295089906775,0.9436077048696236,2,Medium volatility
1990-08-14,339.3900146484375,0.001621923011994,0.1194505837660527,0.009404696753726146,0.10660718671806826,0.8839881165282055,2,Medium volatility
1990-08-15,340.0599975585937,0.0019721336824396,0.1502836536416837,0.005515916783696415,0.21494328464632417,0.7795407985699795,2,Medium volatility
1990-08-16,332.3900146484375,-0.0228130430870772,-2.031840284049941,0.030227357615505986,0.0009429622071899338,0.9688296801773041,2,Medium volatility
1990-08-17,327.8299865722656,-0.0138138819812301,-1.2395407152058642,0.029036817410402215,0.003427186747320388,0.9675359958422773,2,Medium volatility
1990-08-20,328.510009765625,0.0020721682069719,0.1590908424145312,0.014460494110836318,0.04449152619013047,0.9410479796990332,2,Medium volatility
1990-08-21,321.8599853515625,-0.0204506857101467,-1.823854816384344,0.0352485138536595,0.0007170319615789744,0.9640344541847615,2,Medium volatility
1990-08-22,316.54998779296875,-0.0166354544511104,-1.4879561647188158,0.04361030624799932,0.0011957279799801413,0.9551939657720205,2,Medium volatility
1990-08-23,307.0599975585937,-0.0304380081475637,-2.7031535830139264,0.32035798300650586,4.3768375881074104e-07,0.6796415793097352,2,Medium volatility
1990-08-24,311.510009765625,0.0143883115104284,1.2434224722605904,0.27426903498064065,0.004073171896393873,0.7216577931229655,2,Medium volatility
1990-08-27,321.44000244140625,0.0313794368715685,2.739346496674393,0.7897231631335999,3.9520045195448473e-07,0.21027644166594828,0,High volatility
1990-08-28,321.3399963378906,-0.0003111674430211,-0.0507415837071946,0.5786192693371054,0.014492655427376896,0.4068880752355178,0,High volatility
1990-08-29,324.19000244140625,0.0088300299805128,0.7540630744379654,0.40977300175977766,0.03062245685905173,0.5596045413811707,2,Medium volatility
1990-08-30,318.7099914550781,-0.0170481996082916,-1.5242948640965468,0.4468221611997713,0.0020103213767953807,0.5511675174234333,2,Medium volatility
1990-08-31,322.5599975585937,0.0120075862830644,1.0338198716413898,0.3421514314148251,0.008105946776990927,0.6497426218081839,2,Medium volatility
1990-09-04,323.0899963378906,0.001641752972513,0.1211964430727819,0.17312799618148256,0.04983567945758546,0.777036324360932,2,Medium volatility
1990-09-05,324.3900146484375,0.0040156299358073,0.3301961123069419,0.08022862742753806,0.1207663360385691,0.7990050365338929,2,Medium volatility
1990-09-06,320.4599914550781,-0.0121891038672421,-1.0964928261816784,0.06622734511872784,0.04161367247438355,0.8921589824068887,2,Medium volatility
1990-09-07,323.3999938964844,0.0091324913548618,0.780692225052126,0.039365427650222405,0.058383197188910815,0.9022513751608668,2,Medium volatility
1990-09-10,321.6300048828125,-0.0054880965523285,-0.5065261455121374,0.020707908887865195,0.0915890642100129,0.887703026902122,2,Medium volatility
1990-09-11,321.0400085449219,-0.0018360791426781,-0.1849970846314446,0.010169769402846349,0.1791541808888177,0.810676049708336,2,Medium volatility
1990-09-12,322.5400085449219,0.0046614334699262,0.3870536188702962,0.005841605393202783,0.2903943990387975,0.7037639955679997,2,Medium volatility
1990-09-13,318.6499938964844,-0.0121338834389552,-1.0916311372966256,0.008766205706989036,0.10565604634677019,0.8855777479462408,2,Medium volatility
1990-09-14,316.8299865722656,-0.0057279925610291,-0.5276469479986496,0.006437146560424518,0.13936585260704337,0.8541970008325321,2,Medium volatility
1990-09-17,317.7699890136719,0.0029625060354847,0.2374775130563013,0.004307719492462708,0.25705922854858226,0.738633051958955,2,Medium volatility
1990-09-18,318.6000061035156,0.0026086005527821,0.206319146397587,0.0029534730699490044,0.4121673805924484,0.5848791463376026,2,Medium volatility
1990-09-19,316.6000061035156,-0.0062972499080169,-0.5777652140542169,0.0029956727476646468,0.4316630453066421,0.5653412819456932,2,Medium volatility
1990-09-20,311.4800109863281,-0.0163040007450696,-1.458774485971308,0.010833173016050763,0.04840066389930692,0.9407661630846423,2,Medium volatility
1990-09-21,311.32000732421875,-0.000513820362638,-0.0685834490709717,0.006465757271770419,0.12042449834541011,0.8731097443828194,2,Medium volatility
1990-09-24,304.5899963378906,-0.0218547476593595,-1.947470524993992,0.027073305509768622,0.0008383106381877109,0.9720883838520437,2,Medium volatility
1990-09-25,308.260009765625,0.0119770164402419,1.0311284570747408,0.021582023364977995,0.01103727153801872,0.9673807050970032,2,Medium volatility
1990-09-26,305.0599975585937,-0.0104351438296541,-0.9420715678881918,0.01684750939462273,0.013814104414620294,0.969338386190757,2,Medium volatility
1990-09-27,300.9700012207031,-0.0134978745052274,-1.2117189455938313,0.01788532908019329,0.006188946019010215,0.9759257249007965,2,Medium volatility
1990-09-28,306.04998779296875,0.0167378513478126,1.4502794646231307,0.024117116225204464,0.0034113413631200887,0.9724715424116755,2,Medium volatility
1990-10-01,314.94000244140625,0.0286337048328997,2.49760815186521,0.15111951403586094,8.703253615273006e-06,0.8488717827105238,2,Medium volatility
1990-10-02,315.2099914550781,0.0008569040158938,0.0520971700824267,0.069289480887353,0.0362916776046221,0.8944188415080249,2,Medium volatility
1990-10-03,311.3999938964844,-0.0121608164604749,-1.0940023606903106,0.05419052990621589,0.01564462134257119,0.9301648487512129,2,Medium volatility
1990-10-04,312.69000244140625,0.0041340524274389,0.3406222051346606,0.02597822803601727,0.06092916908926355,0.913092602874719,2,Medium volatility
1990-10-05,311.5,-0.0038129539995859,-0.3590440961655615,0.013387394871076095,0.11436401923755428,0.8722485858913697,2,Medium volatility
1990-10-08,313.4800109863281,0.0063362590035005,0.5345077573763609,0.008233896039079267,0.1791340323336935,0.8126320716272272,2,Medium volatility
1990-10-09,305.1000061035156,-0.0270959855034167,-2.408916923743055,0.07228121279899986,6.080723624502332e-05,0.9276579799647552,2,Medium volatility
1990-10-10,300.3900146484375,-0.0155579325750405,-1.393089531286112,0.07408013422694495,0.0016928236071996055,0.9242270421658555,2,Medium volatility
1990-10-11,295.4599914550781,-0.0165482441798294,-1.4802780423336286,0.08366096947820452,0.0012441240303501812,0.9150949064914453,2,Medium volatility
1990-10-12,300.0299987792969,0.0153490306152095,1.328005615460879,0.07884894525008776,0.004157366267287855,0.9169936884826244,2,Medium volatility
1990-10-15,303.2300109863281,0.0106091641076275,0.910700697128472,0.05114103217558734,0.016940974579789037,0.9319179932446235,2,Medium volatility
1990-10-16,298.9200134277344,-0.0143156057126407,-1.2837132209983406,0.048661529341021,0.005067687927666423,0.9462707827313126,2,Medium volatility
1990-10-17,298.760009765625,-0.000535415806862,-0.0704847441968646,0.022616767700625068,0.04631461711612245,0.9310686151832526,2,Medium volatility
1990-10-18,305.739990234375,0.0230944274558853,2.0099219080146904,0.06497233451764314,0.0005932301022921162,0.9344344353800648,2,Medium volatility
1990-10-19,312.4800109863281,0.0218054666549276,1.8964398762070636,0.1257816927789876,0.0003101025086943635,0.873908204712318,2,Medium volatility
1990-10-22,314.760009765625,0.0072699724055365,0.6167132782194532,0.06718710405792622,0.02462050517630895,0.9081923907657649,2,Medium volatility
1990-10-23,312.3599853515625,-0.0076541527939415,-0.6972289683793647,0.038295783524420944,0.03681572687626964,0.9248884895993095,2,Medium volatility
1990-10-24,312.6000061035156,0.0007681156139147,0.0442801067162993,0.01757420320042484,0.10441433385248727,0.878011462947088,2,Medium volatility
1990-10-25,310.1700134277344,-0.0078038599541363,-0.7104094100983316,0.012043972107290421,0.10019591758701313,0.8877601103056965,2,Medium volatility
1990-10-26,304.7099914550781,-0.0177601009815235,-1.5869717230211704,0.023143274775776188,0.004780024435121044,0.9720767007891028,2,Medium volatility
1990-10-29,301.8800048828125,-0.0093308729853704,-0.8448499153894278,0.016485553294341933,0.014450957084435348,0.9690634896212227,2,Medium volatility
1990-10-30,304.0599975585937,0.0071954387319843,0.6101512224094506,0.010730211369139932,0.043959124120432305,0.9453106645104278,2,Medium volatility
1990-10-31,304.0,-0.0001973409171105,-0.0407201265578842,0.0064432133241369,0.1141718481100906,0.8793849385657726,2,Medium volatility
1990-11-01,307.0199890136719,0.0098851548550786,0.846957842446061,0.006685895681412409,0.11092410594081424,0.8823899983777734,2,Medium volatility
1990-11-02,311.8500061035156,0.0156094662827905,1.350934760156597,0.011811855989802835,0.02663104177089952,0.9615571022392976,2,Medium volatility
1990-11-05,314.5899963378906,0.0087478695385696,0.7468295465610901,0.009196533787864024,0.04704084801061636,0.9437626182015196,2,Medium volatility
1990-11-06,311.6199951171875,-0.0094857109625765,-0.8584820818923004,0.008644208848128743,0.037750775507145916,0.9536050156447252,2,Medium volatility
1990-11-07,306.010009765625,-0.0181666680503482,-1.622766494283429,0.018863531848565967,0.0018307729483134569,0.9793056952031206,2,Medium volatility
1990-11-08,307.6099853515625,0.0052148861660867,0.4357804198894096,0.011014509310206788,0.03519169661238071,0.9537937940774126,2,Medium volatility
1990-11-09,313.739990234375,0.0197318870657809,1.7138788357810446,0.024682492088683686,0.0023166787609886054,0.9730008291503276,2,Medium volatility
1990-11-12,319.4800109863281,0.0181301221357399,1.5728570618029702,0.03594960029123588,0.001735421884377526,0.9623149778243866,2,Medium volatility
1990-11-13,317.6700134277344,-0.0056815580574278,-0.5235587850298931,0.019635642755050184,0.025253431434383775,0.9551109258105661,2,Medium volatility
1990-11-14,320.3999938964844,0.008557045764614,0.7300291368282331,0.013164982962213577,0.04710021875520152,0.939734798282585,2,Medium volatility
1990-11-15,317.0199890136719,-0.0106053674297843,-0.957058307585808,0.011916615996764178,0.028836136543509385,0.9592472474597264,2,Medium volatility
1990-11-16,317.1199951171875,0.0003154070295119,0.0044229675879308,0.007024328426632652,0.08969071696404543,0.9032849546093219,2,Medium volatility
1990-11-19,319.3399963378906,0.006976118699554,0.5908419595693296,0.005751560947928976,0.13797390377760113,0.85627453527447,2,Medium volatility
1990-11-20,315.3099975585937,-0.0127000803124115,-1.1414799546968186,0.008813371022723717,0.04031552843024748,0.9508711005470288,2,Medium volatility
1990-11-21,316.0299987792969,0.0022808677955508,0.1774650655342355,0.0057810406471316324,0.10847407345735727,0.8857448858955111,2,Medium volatility
1990-11-23,315.1000061035156,-0.0029470737936314,-0.2828107111000772,0.00440398532069478,0.18888183627188168,0.8067141784074235,2,Medium volatility
1990-11-26,316.510009765625,0.0044647993824815,0.3697416604699449,0.0035234238925185473,0.30528334699430104,0.6911932291131804,2,Medium volatility
1990-11-27,318.1000061035156,0.0050109504267092,0.4178256131601793,0.0028241187502677954,0.43181158171522727,0.565364299534505,2,Medium volatility
1990-11-28,317.95001220703125,-0.0004716418361665,-0.0648699886778541,0.001842862117683758,0.5959782119943834,0.4021789258879329,1,Low volatility
1990-11-29,316.4200134277344,-0.0048236886489991,-0.4480306825292097,0.0016044899791388112,0.6589612676213643,0.33943424239949693,1,Low volatility
1990-11-30,322.2200012207031,0.0181640583939115,1.5758448605990234,0.0106643310351546,0.1260179748697328,0.8633176940951125,2,Medium volatility
1990-12-03,324.1000061035156,0.0058175831284446,0.4888427595678868,0.006751409766659945,0.20259811846473105,0.790650471768609,2,Medium volatility
1990-12-04,326.3500061035156,0.0069183148038867,0.5857528183620506,0.00510636262252106,0.27057492072705464,0.7243187166504242,2,Medium volatility
1990-12-05,329.9200134277344,0.0108797977449777,0.9345276862961563,0.00618449480634379,0.20931969929628327,0.784495805897373,2,Medium volatility
1990-12-06,329.07000732421875,-0.0025797251798849,-0.2504687911295908,0.004020146414364228,0.3248663541835629,0.6711134994020729,2,Medium volatility
1990-12-07,327.75,-0.0040193937048709,-0.3772193557887425,0.0030622572339525315,0.4220820944429323,0.5748556483231152,2,Medium volatility
1990-12-10,328.8900146484375,0.003472270249766,0.2823579149556287,0.002043093237451245,0.578685957565582,0.4192709491969668,1,Low volatility
1990-12-11,326.44000244140625,-0.0074772208136506,-0.6816516128847369,0.002489946338471022,0.5397018161198032,0.45780823754172595,1,Low volatility
1990-12-12,330.19000244140625,0.0114220816655024,0.9822711716465448,0.004121652307302529,0.41283739316462276,0.5830409545280748,2,Medium volatility
1990-12-13,329.3399963378906,-0.0025776130751147,-0.2502828382747524,0.002515551334931782,0.5475246795729503,0.4499597690921181,1,Low volatility
1990-12-14,326.82000732421875,-0.0076810576361161,-0.6995977108214689,0.002924163578722559,0.4995482587424044,0.497527577678873,1,Low volatility
1990-12-17,326.0199890136719,-0.0024508875543789,-0.2391257343781148,0.0018501206786580228,0.6310504413590718,0.3670994379622701,1,Low volatility
1990-12-18,330.04998779296875,0.0122854256695621,1.0582812657136662,0.00392984451442248,0.450759323733666,0.5453108317519114,2,Medium volatility
1990-12-19,330.20001220703125,0.0004544473052465,0.0166642808860013,0.002077587306430541,0.6193966750136953,0.3785257376798741,1,Low volatility
1990-12-20,330.1199951171875,-0.0002423585211657,-0.0446835435768499,0.0011456345128332426,0.7553473614292981,0.24350700405786854,1,Low volatility
1990-12-21,331.75,0.0049254632788571,0.4102991971322541,0.000768593941723748,0.8310775717180914,0.16815383434018483,1,Low volatility
1990-12-24,329.8999938964844,-0.0055921134788903,-0.51568395090067,0.0007113259380450712,0.843126410814965,0.15616226324699006,1,Low volatility
1990-12-26,330.8500061035156,0.0028755591726259,0.2298225815415611,0.000398117505785492,0.9029861504706637,0.0966157320235508,1,Low volatility
1990-12-27,328.2900085449219,-0.0077677287790134,-0.7072283675394753,0.0005971759120426527,0.865620688290296,0.13378213579766135,1,Low volatility
1990-12-28,328.7200012207031,0.0013089381616193,0.0918949306235079,0.0003182190568203423,0.9188344290986502,0.08084735184452928,1,Low volatility
1990-12-31,330.2200012207031,0.004552774411664,0.3774871132816577,0.0002127224101235735,0.9414028003402859,0.058384477249590526,1,Low volatility
1991-01-02,326.45001220703125,-0.0114822676744159,-1.0342619132962856,0.0009494633276743421,0.8037707505141151,0.19527978615821065,1,Low volatility
1991-01-03,321.9100036621094,-0.0140048202791716,-1.2563512078012884,0.005171501696298795,0.3682690223557212,0.6265594759479801,2,Medium volatility
1991-01-04,321.0,-0.0028308916167194,-0.2725818589224076,0.0030670927692404044,0.49758537435545913,0.4993475328753004,2,Medium volatility
1991-01-07,315.44000244140625,-0.0174726258209592,-1.561661981025276,0.013301759790868485,0.039344561111830156,0.9473536790973014,2,Medium volatility
1991-01-08,314.8999938964844,-0.0017133885844708,-0.1741952248552346,0.007646191752450438,0.10000186622105961,0.8923519420264899,2,Medium volatility
1991-01-09,311.489990234375,-0.0108879050924413,-0.9819333449001092,0.008683949538946228,0.049215220646594476,0.9421008298144593,2,Medium volatility
1991-01-10,314.5299987792969,0.0097122535851763,0.8317353567071205,0.008000537234204753,0.058856885962537804,0.9331425768032575,2,Medium volatility
1991-01-11,315.2300109863281,0.0022231087540554,0.1723798733551646,0.0053228017141368125,0.1392426495567323,0.8554345487291308,2,Medium volatility
1991-01-14,312.489990234375,-0.0087301285579313,-0.7919594797980231,0.005937905485890811,0.10816683661050262,0.8858952579036066,2,Medium volatility
1991-01-15,313.7300109863281,0.003960340999245,0.3253283918511211,0.0044290752347987674,0.203421831297249,0.7921490934679523,2,Medium volatility
1991-01-16,316.1700134277344,0.0077473076712468,0.6587385871085915,0.004357395215111176,0.24912112280945267,0.7465214819754362,2,Medium volatility
1991-01-17,327.9700012207031,0.0366420584245359,3.202675549056451,0.2685765230538815,3.9092506430572813e-07,0.7314230860210542,2,Medium volatility
1991-01-18,332.2300109863281,0.0129053887056755,1.1128637362833689,0.20621606665964445,0.006745633359670763,0.7870382999806848,2,Medium volatility
1991-01-21,331.0599975585937,-0.0035279127566418,-0.3339486399079048,0.10134293426259036,0.03866878864444217,0.8599882770929674,2,Medium volatility
1991-01-22,328.3099975585937,-0.0083413439049655,-0.7577302989560603,0.059634016476112606,0.04260295083253294,0.8977630326913545,2,Medium volatility
1991-01-23,330.2099914550781,0.0057705132736334,0.484698659330784,0.029564454706478078,0.09246105655182958,0.8779744887416924,2,Medium volatility
1991-01-24,334.7799987792969,0.0137448062020153,1.1867673049169027,0.028129204872041565,0.03906699978748357,0.9328037953404748,2,Medium volatility
1991-01-25,336.07000732421875,0.0038458973637025,0.3152526034492047,0.014079057383667007,0.10043827793371515,0.8854826646826178,2,Medium volatility
1991-01-28,336.0299987792969,-0.0001190553328553,-0.0338277469324321,0.007279412675368084,0.20443826197834086,0.7882823253462912,2,Medium volatility
1991-01-29,335.8399963378906,-0.0005655928910419,-0.0731415797066957,0.004170060630400151,0.3459221178825846,0.6499078214870152,2,Medium volatility
1991-01-30,340.9100036621094,0.014983678403361,1.2958394616917552,0.009220465509054357,0.11126638669495449,0.8795131477959912,2,Medium volatility
1991-01-31,343.92999267578125,0.0088196034277148,0.7531451051751394,0.0075994456156421655,0.12906938933586468,0.8633311650484933,2,Medium volatility
1991-02-01,343.04998779296875,-0.0025619534459968,-0.2489041411659397,0.004945557900745453,0.22226416872569857,0.7727902733735559,2,Medium volatility
1991-02-04,348.3399963378906,0.0153028302375339,1.3239380652878938,0.010092134820381876,0.05966167157305114,0.930246193606567,2,Medium volatility
1991-02-05,351.260009765625,0.0083477140046808,0.7115992563994136,0.007968305274783084,0.0846643178578543,0.9073673768673626,2,Medium volatility
1991-02-06,358.07000732421875,0.0192018006727394,1.667209238946734,0.019472349908755335,0.005702268520267775,0.9748253815709769,2,Medium volatility
1991-02-07,356.5199890136719,-0.0043382100209727,-0.4052884198733704,0.011208797086488993,0.03574840687064331,0.9530427960428677,2,Medium volatility
1991-02-08,359.3500061035156,0.0079065524522734,0.6727587351939578,0.008403218145057543,0.06367821248733678,0.9279185693676058,2,Medium volatility
1991-02-11,368.5799865722656,0.025360887073571,2.209464393894641,0.0468645417312976,0.00023844451212673532,0.9528970137565758,2,Medium volatility
1991-02-12,365.5,-0.0083914687830661,-0.7621433680010921,0.02849020917005633,0.01437900397732206,0.9571307868526217,2,Medium volatility
1991-02-13,369.0199890136719,0.0095845341522693,0.8204907473001972,0.01902767477197998,0.030095170869022886,0.9508771543589972,2,Medium volatility
1991-02-14,364.2200012207031,-0.0130927293228753,-1.1760493593378123,0.019082325652646313,0.010497196778850804,0.9704204775685029,2,Medium volatility
1991-02-15,369.05999755859375,0.0132011418139024,1.1389022811406466,0.018096641107417107,0.01182921412791535,0.9700741447646676,2,Medium volatility
1991-02-19,369.3900146484375,0.0008938102955093,0.0553464539971241,0.009694725131322718,0.06024959936471745,0.9300556755039598,2,Medium volatility
1991-02-20,365.1400146484375,-0.0115721543259583,-1.042175668192351,0.01054037579094308,0.02683400761523784,0.9626256165938192,2,Medium volatility
1991-02-21,364.9700012207031,-0.0004657200342741,-0.0643486244050131,0.006514710748566149,0.08458547026102954,0.9088998189904043,2,Medium volatility
1991-02-22,365.6499938964844,0.0018614132563188,0.1405356621515941,0.004555549125831103,0.18122609669248152,0.8142183541816874,2,Medium volatility
1991-02-25,367.260009765625,0.0043934956568021,0.363463974089149,0.003603190997189183,0.29665858193543626,0.6997382270673747,2,Medium volatility
1991-02-26,362.80999755859375,-0.0121907961537583,-1.0966418176111434,0.006869358854710924,0.10669437098859558,0.8864362701566936,2,Medium volatility
1991-02-27,367.739990234375,0.0134968656421392,1.1649382481439157,0.009641121331833305,0.04740047819966127,0.9429584004685054,2,Medium volatility
1991-02-28,367.0700073242188,-0.0018235546550622,-0.1838944100575198,0.006125315667185972,0.11191164154150726,0.8819630427913068,2,Medium volatility
1991-03-01,370.4700012207031,0.0092198875780065,0.7883867189167993,0.006165625218627488,0.12181516363276342,0.8720192111486091,2,Medium volatility
1991-03-04,369.3299865722656,-0.0030819561222301,-0.2946859525294144,0.004515769326766795,0.20477354740706433,0.7907106832661688,2,Medium volatility
1991-03-05,376.7200012207031,0.0198116922050219,1.7209049992943417,0.016555688565851493,0.010833595103062936,0.9726107163310855,2,Medium volatility
1991-03-06,376.1700134277344,-0.0014610046091689,-0.1519749631594055,0.009193256579306855,0.05452837901018746,0.9362783644105057,2,Medium volatility
1991-03-07,375.9100036621094,-0.0006914417883088,-0.0842215043653711,0.005787654534444465,0.1295822241115757,0.8646301213539799,2,Medium volatility
1991-03-08,374.9500122070313,-0.0025570464743447,-0.248472124061394,0.004240506060112298,0.2228756439427576,0.7728838499971301,2,Medium volatility
1991-03-11,372.9599914550781,-0.0053215639274704,-0.4918643647837296,0.003852420278553207,0.27501211108483575,0.721135468636611,2,Medium volatility
1991-03-12,370.0299987792969,-0.0078870722428243,-0.71773554413178,0.00446175731790831,0.24029961873361513,0.7552386239484766,2,Medium volatility
1991-03-13,374.5700073242188,0.0121946407986701,1.0502884302460846,0.006735818111034687,0.14369596426396797,0.8495682176249973,2,Medium volatility
1991-03-14,373.5,-0.0028607163593257,-0.2752076737544705,0.004591337076119797,0.23705566273966971,0.7583530001842105,2,Medium volatility
1991-03-15,373.5899963378906,0.0002409250258121,-0.0021345391311845,0.003060756230978154,0.39188475340761636,0.6050544903614055,2,Medium volatility
1991-03-18,372.1099853515625,-0.0039694594769974,-0.3728230718741195,0.0024703060519133437,0.49238701416752934,0.5051426797805573,2,Medium volatility
1991-03-19,366.5899963378906,-0.0149454227646366,-1.339163253826709,0.008591275332154973,0.096690716085877,0.894718008581968,2,Medium volatility
1991-03-20,367.9200134277344,0.0036215123709606,0.2954974139472657,0.0054842394031969,0.19010414436210896,0.8044116162346941,2,Medium volatility
1991-03-21,366.5799865722656,-0.003648817814061,-0.3445933015310933,0.004055584916653572,0.2801436484211048,0.7158007666622416,2,Medium volatility
1991-03-22,367.4800109863281,0.0024521833857127,0.1925479456632901,0.0027638453498238483,0.44036371637406263,0.5568724382761135,2,Medium volatility
1991-03-25,369.8299865722656,0.0063744789874515,0.5378727017805599,0.002376702447248049,0.5354656279675855,0.4621576695851666,1,Low volatility
1991-03-26,376.2999877929688,0.0173432608726509,1.5035806223490242,0.010473589932798575,0.10661548928295793,0.8829109207842434,2,Medium volatility
1991-03-27,375.3500061035156,-0.0025277248798891,-0.2458906071431227,0.006190604335133068,0.19222983106916677,0.8015795645957002,2,Medium volatility
1991-03-28,375.2200012207031,-0.0003464164111113,-0.0538449554428021,0.0038375113880646772,0.3316948548926227,0.6644676337193126,2,Medium volatility
1991-04-01,371.2999877929688,-0.0105021955621946,-0.947974902449851,0.005837612217729353,0.1824715622255884,0.8116908255566821,2,Medium volatility
1991-04-02,379.5,0.0218442685291151,1.8998560510957565,0.02447096391081731,0.0038889365485760626,0.9716400995406067,2,Medium volatility
1991-04-03,378.9400024414063,-0.0014767091887435,-0.1533576177734838,0.012569715140091949,0.042644324740027204,0.9447859601198808,2,Medium volatility
1991-04-04,379.7699890136719,0.0021878897410054,0.1692791389059837,0.007254045406157988,0.1126933162874992,0.8800526383063427,2,Medium volatility
1991-04-05,375.3599853515625,-0.0116802509478732,-1.0516926560459223,0.009050814717691601,0.04447241464939115,0.9464767706329172,2,Medium volatility
1991-04-08,378.6600036621094,0.0087531880553628,0.7472977967138076,0.0076931561147474455,0.06459861974218625,0.9277082241430663,2,Medium volatility
1991-04-09,373.55999755859375,-0.0135600867894325,-1.2171962079044794,0.010952259402245259,0.015622937049574544,0.9734248035481802,2,Medium volatility
1991-04-10,373.1499938964844,-0.0010981604853421,-0.1200296252013159,0.00681225304424669,0.06371599132316536,0.9294717556325879,2,Medium volatility
1991-04-11,377.6300048828125,0.0119344259774596,1.0273787291942873,0.00827585648687617,0.04514670139225472,0.946577442120869,2,Medium volatility
1991-04-12,380.3999938964844,0.00730842142812,0.6200983875265408,0.006668444421298825,0.08027173997973591,0.9130598155989652,2,Medium volatility
1991-04-15,381.1900024414063,0.0020746302658292,0.1593076057492648,0.004654838782615026,0.1738798760998508,0.8214652851175342,2,Medium volatility
1991-04-16,387.6199951171875,0.0167275207836254,1.449369946340797,0.011351124715785048,0.028936209709248508,0.9597126655749664,2,Medium volatility
1991-04-17,390.4500122070313,0.0072744856969935,0.6171106351323243,0.008210277658996892,0.061129418408220795,0.9306603039327823,2,Medium volatility
1991-04-18,388.4599914550781,-0.0051097689656192,-0.4732176203834072,0.006151995184203888,0.09872178424001002,0.8951262205757861,2,Medium volatility
1991-04-19,384.2000122070313,-0.0110269003000187,-0.9941706903303866,0.007777171522630949,0.04693305242135525,0.9452897760560138,2,Medium volatility
1991-04-22,380.9500122070313,-0.0084951171443758,-0.7712687243549985,0.007298241924887998,0.04670476384369814,0.9459969942314139,2,Medium volatility
1991-04-23,381.760009765625,0.0021239995274102,0.1636541491886707,0.0051207745607179025,0.11949358342316939,0.8753856420161127,2,Medium volatility
1991-04-24,382.760009765625,0.0026160219346786,0.2069725359310851,0.00388666616301806,0.23081623727024164,0.7652970965667403,2,Medium volatility
1991-04-25,379.25,-0.0092125681961228,-0.8344341852551865,0.00520576766306444,0.16016049875872715,0.8346337335782082,2,Medium volatility
1991-04-26,379.0199890136719,-0.0006066730761222,-0.0767583404852097,0.0036623654605133157,0.2866907755927283,0.7096468589467584,2,Medium volatility
1991-04-29,373.6600036621094,-0.0142426423201822,-1.2772894150783964,0.008695233913988371,0.05579629589567431,0.9355084701903373,2,Medium volatility
1991-04-30,375.3399963378906,0.0044859692740102,0.3716054893016976,0.005960796415521897,0.12167227230413208,0.8723669312803459,2,Medium volatility
1991-05-01,380.2900085449219,0.0131018699213951,1.130162235628986,0.008599027085754976,0.05921595781586221,0.9321850150983829,2,Medium volatility
1991-05-02,380.5199890136719,0.0006045674386321,0.0298810813807659,0.005481809266657692,0.14112864436863823,0.853389546364704,2,Medium volatility
1991-05-03,380.7999877929688,0.0007355613945554,0.0414139846790274,0.0038179266845329634,0.26646807631521885,0.7297139970002481,2,Medium volatility
1991-05-06,380.0799865722656,-0.0018925493109707,-0.1899688024909803,0.0028335156101259307,0.4045839221330944,0.5925825622567796,2,Medium volatility
1991-05-07,377.3200073242188,-0.0072880683571474,-0.664998348433686,0.0033271321942793825,0.38213231837203493,0.6145405494336857,2,Medium volatility
1991-05-08,378.510009765625,0.0031488652151239,0.2538848532451927,0.002221794350490657,0.5434075676924843,0.4543706379570251,1,Low volatility
1991-05-09,383.25,0.0124449993439874,1.0723303700645022,0.004635900045985332,0.3576890652558355,0.6376750346981792,2,Medium volatility
1991-05-10,375.739990234375,-0.0197901289031499,-1.7656984096676624,0.02000411654105178,0.008376124380606163,0.971619759078342,2,Medium volatility
1991-05-13,376.760009765625,0.0027110170258577,0.2153360454736138,0.010720657764137727,0.05261456345738334,0.9366647787784789,2,Medium volatility
1991-05-14,371.6199951171875,-0.0137365922092849,-1.2327360083817525,0.013595604218655254,0.012550927239290405,0.9738534685420545,2,Medium volatility
1991-05-15,368.5700073242188,-0.0082411409095124,-0.748908277752018,0.010313066671353477,0.024030462765990378,0.9656564705626561,2,Medium volatility
1991-05-16,372.1900024414063,0.0097738103752957,0.8371549083405875,0.009003054894821758,0.037172266769632964,0.9538246783355453,2,Medium volatility
1991-05-17,372.3900146484375,0.0005372484011161,0.023954212890294,0.005799348817999143,0.10423317933688535,0.8899674718451155,2,Medium volatility
1991-05-20,372.2799987792969,-0.0002954754937283,-0.0493600410819681,0.00415486746327164,0.20871243735292302,0.7871326951838054,2,Medium volatility
1991-05-21,375.3500061035156,0.0082126842413581,0.6997110345970301,0.004383666714526553,0.2414082506653163,0.7542080826201573,2,Medium volatility
1991-05-22,376.1900024414063,0.0022354011180505,0.1734621114192286,0.003015978810909603,0.3959389257300053,0.6010450954590851,2,Medium volatility
1991-05-23,374.9599914550781,-0.0032750105723646,-0.3116827543208183,0.002310850641217459,0.51484342880744,0.4828457205513425,1,Low volatility
1991-05-24,377.489990234375,0.0067247215765338,0.5687085818205827,0.002054556885612504,0.5954992153090787,0.4024462278053088,1,Low volatility
1991-05-28,381.9400024414063,0.0117194821972921,1.008454758131943,0.0038141116400516976,0.4493151494392648,0.5468707389206834,2,Medium volatility
1991-05-29,382.7900085449219,0.0022230236589475,0.1723723814549189,0.0020845309352860667,0.6160165256625405,0.3818989434021735,1,Low volatility
1991-05-30,386.9599914550781,0.0108347481742088,0.9305614548800284,0.0032128268326179505,0.5199623365445962,0.47682483662278585,1,Low volatility
1991-05-31,389.8299865722656,0.0073894057792429,0.6272283706130867,0.0025963018194204396,0.57910985691774,0.4182938412628395,1,Low volatility
1991-06-03,388.05999755859375,-0.0045507516599716,-0.4240009028436806,0.0018741640355452705,0.652066515684175,0.34605932028027964,1,Low volatility
1991-06-04,387.739990234375,-0.0008249738267682,-0.0959778642364609,0.0010422109318137887,0.7756692447164687,0.22328854435171758,1,Low volatility
1991-06-05,385.0899963378906,-0.0068579230323146,-0.6271277123380737,0.0011923664920017321,0.7593851944448942,0.2394224390631042,1,Low volatility
1991-06-06,383.6300048828125,-0.0037985045484258,-0.3577719449295155,0.0008334405718105503,0.8183494769549694,0.18081708247322006,1,Low volatility
1991-06-07,379.4299926757813,-0.0110084518533568,-0.9925464615646,0.002396595855598852,0.613208203471118,0.38439520067328314,1,Low volatility
1991-06-10,378.5700073242188,-0.0022690916109544,-0.2231201483130707,0.0013743375074549283,0.730075246766906,0.2685504157256391,1,Low volatility
1991-06-11,381.0499877929688,0.0065295523968833,0.5515255960878044,0.0010749481306514023,0.7865106589214241,0.21241439294792458,1,Low volatility
1991-06-12,376.6499938964844,-0.0116142100099159,-1.0458783133472866,0.003245895651606742,0.5267672687773205,0.4699868355710726,1,Low volatility
1991-06-13,377.6300048828125,0.0025985351311588,0.2054329716621227,0.0017197195176828853,0.6813876215727467,0.3168926589095705,1,Low volatility
1991-06-14,382.2900085449219,0.0122646120461125,1.0564488032550838,0.003628649597513074,0.5051795540275129,0.491191796374974,1,Low volatility
1991-06-17,380.1300048828125,-0.0056661929201951,-0.522206015425981,0.0028026534782178694,0.5465703772153001,0.45062696930648205,1,Low volatility
1991-06-18,378.5899963378906,-0.0040594966715685,-0.3807500808030143,0.0019371994761143943,0.6366257440360766,0.36143705648780894,1,Low volatility
1991-06-19,375.0899963378906,-0.0092878282407342,-0.8410601918568524,0.003093119520063844,0.5019267989169622,0.49498008156297396,1,Low volatility
1991-06-20,375.4200134277344,0.0008794475938227,0.0540819403141392,0.0016896825825534862,0.6655214198125575,0.33278889760488906,1,Low volatility
1991-06-21,377.75,0.0061871661472903,0.5213813998966262,0.0012973454719214846,0.7413685432875043,0.25733411124057426,1,Low volatility
1991-06-24,370.9400024414063,-0.0181922701100338,-1.625020537811691,0.01222012443029496,0.07683635693058502,0.9109435186391199,2,Medium volatility
1991-06-25,370.6499938964844,-0.0007821264071461,-0.0922055134924995,0.006809060444536869,0.16454442524579224,0.8286465143096708,2,Medium volatility
1991-06-26,371.5899963378906,0.0025328814300538,0.1996527218736495,0.004259309141636628,0.29514671954077953,0.7005939713175838,2,Medium volatility
1991-06-27,374.3999938964844,0.0075336422355887,0.6399271634039083,0.003865975609902227,0.35203065681093626,0.6441033675791615,2,Medium volatility
1991-06-28,371.1600036621094,-0.0086914819496737,-0.7885569747534263,0.004708355143982362,0.2729680142202448,0.722323630635773,2,Medium volatility
1991-07-01,377.9200134277344,0.0180493221879851,1.5657433138640475,0.014005743782246354,0.030487017887273947,0.9555072383304797,2,Medium volatility
1991-07-02,377.4700012207031,-0.0011914699732349,-0.1282447317159101,0.007937404347252422,0.0882423036944989,0.9038202919582486,2,Medium volatility
1991-07-03,373.3299865722656,-0.0110283875241137,-0.9943016277583738,0.00896540206664538,0.04253310213337226,0.9485014957999823,2,Medium volatility
1991-07-05,374.0799865722656,0.0020069313460737,0.1533472918597133,0.005802184612479246,0.1128169263363258,0.881380889051195,2,Medium volatility
1991-07-08,377.9400024414063,0.0102658169333169,0.8804718996916342,0.006530184477687821,0.10253905607181076,0.8909307594505015,2,Medium volatility
1991-07-09,376.1099853515625,-0.0048538444728389,-0.4506856462469821,0.005162690341980576,0.1512978962281695,0.84353941342985,2,Medium volatility
1991-07-10,375.739990234375,-0.0009842260000523,-0.1099986631472053,0.0037166090583297838,0.2712774160605536,0.7250059748811165,2,Medium volatility
1991-07-11,376.9700012207031,0.0032682230743112,0.2643932972279109,0.00275991539747935,0.42227277626809306,0.5749673083344277,2,Medium volatility
1991-07-12,380.25,0.0086633192163168,0.739385610056498,0.003166069751690323,0.43634793952373324,0.5604859907245765,2,Medium volatility
1991-07-15,382.3900146484375,0.0056121373758806,0.4707550090250564,0.002366431714723885,0.552253583220179,0.445379985065097,1,Low volatility
1991-07-16,381.5400085449219,-0.0022253516120374,-0.2192692135564229,0.0015126145735838245,0.6807282842094934,0.3177591012169227,1,Low volatility
1991-07-17,381.1799926757813,-0.0009440316113416,-0.1064598892025154,0.0008926492470409877,0.7953961837407284,0.20371116701223074,1,Low volatility
1991-07-18,385.3699951171875,0.0109322137841818,0.9391424725827294,0.0017002141436385741,0.7096597587898277,0.28864002706653363,1,Low volatility
1991-07-19,384.2200012207031,-0.0029885906986946,-0.2864659213573913,0.0010188273649909296,0.7936098943260094,0.20537127830899982,1,Low volatility
1991-07-22,382.8800048828125,-0.0034936714644739,-0.3309339854637629,0.0006807470008817797,0.8483158794726257,0.15100337352649262,1,Low volatility
1991-07-23,379.4200134277344,-0.0090778305983585,-0.8225716861444217,0.0012834039846989116,0.757440732659404,0.241275863355897,1,Low volatility
1991-07-24,378.6400146484375,-0.0020578820295877,-0.2045249416838832,0.0007334242602520689,0.8392899611872056,0.15997661455254245,1,Low volatility
1991-07-25,380.9599914550781,0.0061084360236103,0.5144498823570441,0.0005556875402216014,0.8766926073276243,0.1227517051321541,1,Low volatility
1991-07-26,380.9299926757813,-7.87483230837438e-05,-0.0302790576615346,0.0002954927686800768,0.9239901246935674,0.07571438253775256,1,Low volatility
1991-07-29,383.1499938964844,0.0058109295010826,0.4882569642889539,0.00022958048910336288,0.9382201649068315,0.06155025460406522,1,Low volatility
1991-07-30,386.6900024414063,0.0091968032662324,0.7863543416706805,0.00033558982703285953,0.9178293237016116,0.0818350864713555,1,Low volatility
1991-07-31,387.80999755859375,0.0028921779157871,0.2312857204815668,0.00019267221244873193,0.9459492049389776,0.05385812284857372,1,Low volatility
1991-08-01,387.1199951171875,-0.0017808127967118,-0.1801313530853967,0.00012452802821142926,0.9591009546154738,0.04077451735631479,1,Low volatility
1991-08-02,387.1799926757813,0.0001549723870848,-0.0097019376701887,8.059142865232425e-05,0.9691658935078811,0.030753515063466696,1,Low volatility
1991-08-05,385.05999755859375,-0.0054905222981096,-0.5067397117894697,0.00010188897214790094,0.9593491050014733,0.040549006026378724,1,Low volatility
1991-08-06,390.6199951171875,0.0143360479477223,1.2388211102323683,0.0008407199027075682,0.8193659838260506,0.17979329627124177,1,Low volatility
1991-08-07,390.55999755859375,-0.0001536075149752,-0.0368697725917385,0.00045278269369046026,0.8902303197177275,0.10931689758858201,1,Low volatility
1991-08-08,389.3200073242188,-0.0031799540224666,-0.3033138338609927,0.00031216826442697005,0.9184413325097798,0.08124649922579331,1,Low volatility
1991-08-09,387.1199951171875,-0.0056669364992556,-0.52227148123575,0.00031977965636491946,0.9159892174001479,0.08369100294348707,1,Low volatility
1991-08-12,388.0199890136719,0.0023221465008491,0.1810993043288977,0.0001867308645785648,0.9458958011467739,0.05391746798864749,1,Low volatility
1991-08-13,389.6199951171875,0.0041150362480788,0.3389479923351721,0.0001281349385324541,0.9588340581865656,0.041037806874901946,1,Low volatility
1991-08-14,389.8999938964844,0.0007183877136824,0.0399019881950104,8.110008231667077e-05,0.969284969057261,0.030633930860422216,1,Low volatility
1991-08-15,389.3299865722656,-0.0014630017842618,-0.1521507974340006,6.185876455467711e-05,0.9728098887238255,0.02712825251161987,1,Low volatility
1991-08-16,385.5799865722656,-0.0096786192036821,-0.875466011222683,0.0002303422225081959,0.9187216342865934,0.08104802349089836,1,Low volatility
1991-08-19,376.4700012207031,-0.0239102933137296,-2.128443830898981,0.019819412947389668,0.016254711807109294,0.9639258752455011,2,Medium volatility
1991-08-20,379.4299926757813,0.0078317412581254,0.6661722460566915,0.012755987645452571,0.0423211721427889,0.9449228402117587,2,Medium volatility
1991-08-21,390.5899963378906,0.0289882998095567,2.5288272226002677,0.10736724597458498,1.9880992588770724e-05,0.8926128730328263,2,Medium volatility
1991-08-22,391.3299865722656,0.0018927523825125,0.1432948055738722,0.049036143554830366,0.036960017483416936,0.9140038389617526,2,Medium volatility
1991-08-23,394.1700134277344,0.0072311629046666,0.613296431866264,0.026549399861708397,0.07153993628027305,0.9019106638580185,2,Medium volatility
1991-08-26,393.8500061035156,-0.0008121807412964,-0.0948515419066043,0.012462708165471983,0.1567974982399187,0.8307397935946093,2,Medium volatility
1991-08-27,393.05999755859375,-0.0020078758858304,-0.2001223261875653,0.006525532123820483,0.26767808104589247,0.725796386830287,2,Medium volatility
1991-08-28,396.6400146484375,0.0090668394576374,0.7749121340799919,0.0058324381763099585,0.27224988967075275,0.7219176721529372,2,Medium volatility
1991-08-29,396.4700012207031,-0.0004287259697557,-0.0610916117765055,0.0033511792544077927,0.4297786419326101,0.5668701788129821,2,Medium volatility
1991-08-30,395.4299926757813,-0.0026266173781186,-0.2545972502165797,0.0022159930960715074,0.5628249934992456,0.4349590134046828,1,Low volatility
1991-09-03,392.1499938964844,-0.0083293577758833,-0.7566750222705738,0.0029999848728008674,0.4813124295797243,0.5156875855474748,2,Medium volatility
1991-09-04,389.9700012207031,-0.0055745878761523,-0.514140970690656,0.002577819627041464,0.5270123528358385,0.47040982753712013,1,Low volatility
1991-09-05,389.1400146484375,-0.0021306025319525,-0.2109273631976307,0.0016321425310304647,0.66073919736664,0.3376286601023295,1,Low volatility
1991-09-06,389.1000061035156,-0.0001028180095863,-0.0323981887687437,0.0009379719783685306,0.7862647374460365,0.21279729057559485,1,Low volatility
1991-09-09,388.5700073242188,-0.001363043070202,-0.1433502831282471,0.0005598976481264532,0.8640304812947897,0.13540962105708398,1,Low volatility
1991-09-10,384.55999755859375,-0.0103735353694105,-0.936647467139908,0.0015405336749079797,0.7187864696832462,0.2796729966418459,1,Low volatility
1991-09-11,385.0899963378906,0.0013772464555978,0.0979088947287261,0.0007916855448657992,0.8287685972654104,0.17043971718972395,1,Low volatility
1991-09-12,387.3399963378906,0.0058257871523448,0.4895650540709479,0.000575792573011748,0.872491351009977,0.1269328564170113,1,Low volatility
1991-09-13,383.5899963378906,-0.0097285865442175,-0.8798652104254575,0.0012857505448680656,0.7622377477731556,0.23647650168197643,1,Low volatility
1991-09-16,385.7799987792969,0.0056929913309877,0.4778735118518444,0.0008655167349375915,0.8259266788624432,0.17320780440261913,1,Low volatility
1991-09-17,385.5,-0.0007260626284635,-0.0872695747804863,0.000457129988300905,0.8922879359592003,0.1072549340524987,1,Low volatility
1991-09-18,386.9400024414063,0.0037284555564784,0.3049128515397222,0.0002742648187326629,0.9289358641824788,0.07078987099878843,1,Low volatility
1991-09-19,387.55999755859375,0.0016010206575129,0.1176103092950866,0.00015456951588695025,0.9535413120388979,0.046304118445215155,1,Low volatility
1991-09-20,387.9200134277344,0.0009284981944208,0.0584004283652273,9.386006250062546e-05,0.966582588730681,0.03332355120681836,1,Low volatility
1991-09-23,385.9200134277344,-0.0051690385189431,-0.4784358002772638,0.00010680512508328637,0.9591163012578521,0.04077689361706464,1,Low volatility
1991-09-24,387.7099914550781,0.0046274865509507,0.3840648814811636,9.219366991368125e-05,0.9651470610147171,0.03476074531536923,1,Low volatility
1991-09-25,386.8800048828125,-0.0021430353963758,-0.2120219711289941,7.413938218433983e-05,0.9692330583846803,0.03069280223313529,1,Low volatility
1991-09-26,386.489990234375,-0.0010086108433569,-0.1121455411294222,5.866130495557446e-05,0.9734056987920392,0.026535639903005236,1,Low volatility
1991-09-27,385.8999938964844,-0.0015277164768123,-0.1578483755085084,5.100349892261867e-05,0.9749761498097929,0.0249728466912844,1,Low volatility
1991-09-30,387.8599853515625,0.005066159273503,0.4226862823933022,5.493587894760005e-05,0.9734867283261182,0.02645833579493429,1,Low volatility
1991-10-01,389.2000122070313,0.0034489696755048,0.2803064976375219,5.0235612607944166e-05,0.9754530472302018,0.024496717157190394,1,Low volatility
1991-10-02,388.260009765625,-0.0024181382267549,-0.2362424347181532,4.96208609036672e-05,0.974621548180156,0.02532883095894045,1,Low volatility
1991-10-03,384.4700012207031,-0.0098094777797914,-0.8869869954801582,0.00021496844678542268,0.9194133240724068,0.08037170748080777,1,Low volatility
1991-10-04,381.25,-0.0084104377480986,-0.7638134239807436,0.0004967071773834987,0.8697918898774869,0.12971140294512964,1,Low volatility
1991-10-07,379.5,-0.0046007310859366,-0.4284011660657064,0.00043367290149358135,0.8902235556455099,0.10934277145299649,1,Low volatility
1991-10-08,380.6700134277344,0.0030782965151967,0.247671879628143,0.0002601003014741714,0.929899639506543,0.06984026019198272,1,Low volatility
1991-10-09,376.7999877929688,-0.0102183830452542,-0.9229876250625924,0.0007809470541420668,0.8319163070597562,0.16730274588610175,1,Low volatility
1991-10-10,380.5499877929688,0.0099030323304338,0.8485318020462221,0.0011549400970733256,0.790684289768319,0.2081607701346077,1,Low volatility
1991-10-11,381.4500122070313,0.0023622699018313,0.1846318284080699,0.0005828576613876658,0.8728139715748773,0.12660317076373512,1,Low volatility
1991-10-14,386.4700012207031,0.0130744359719709,1.1277469097952968,0.00194866464916927,0.7081208559095993,0.28993047944123146,1,Low volatility
1991-10-15,391.010009765625,0.0116789115714102,1.0048828597054242,0.0033362823288596633,0.5702492420162965,0.426414475654844,1,Low volatility
1991-10-16,392.7999877929688,0.0045673853220735,0.3787734796308883,0.0018342372316617517,0.6944418652267473,0.3037238975415909,1,Low volatility
1991-10-17,391.9200134277344,-0.0022427738116119,-0.220803089997664,0.0010257455063603109,0.7925308862662077,0.20644336822743198,1,Low volatility
1991-10-18,392.5,0.0014787656307273,0.1068467943549755,0.0005358808418733369,0.8756558702562004,0.12380824890192639,1,Low volatility
1991-10-21,390.0199890136719,-0.0063385455309958,-0.5814009423067171,0.0005807476658393702,0.8680399561009219,0.1313792962332386,1,Low volatility
1991-10-22,387.8299865722656,-0.0056309270340966,-0.5191011542036842,0.0005482464833489725,0.8739274415551553,0.1255243119614957,1,Low volatility
1991-10-23,387.9400024414063,0.0002836301260327,0.0016252816003545,0.00029560796862817325,0.9229982949418482,0.07670609708952363,1,Low volatility
1991-10-24,385.0700073242188,-0.007425539820236,-0.677101541126024,0.00042924781160597514,0.8945996044414434,0.10497114774695072,1,Low volatility
1991-10-25,384.2000122070313,-0.0022618728561152,-0.2224845983679793,0.00027187943525791873,0.9268456706720298,0.07288244989271216,1,Low volatility
1991-10-28,389.5199890136719,0.0137519015626077,1.1873919910484243,0.0013492872909874232,0.7715110467127236,0.22713966599628904,1,Low volatility
1991-10-29,391.4800109863281,0.0050192729515332,0.4185583406613533,0.00080207040436588,0.8415031326646891,0.1576947969309449,1,Low volatility
1991-10-30,392.9599914550781,0.0037733471525127,0.3088651746245472,0.00044764199708255013,0.8980637544454905,0.10148860355742706,1,Low volatility
1991-10-31,392.4500122070313,-0.001298632096204,-0.1376794448881933,0.00025227814589516334,0.9329949165825461,0.06675280527155883,1,Low volatility
1991-11-01,391.3200073242188,-0.0028835133715743,-0.2772147567217666,0.00017509102792486665,0.9475938662022195,0.052231042769855504,1,Low volatility
1991-11-04,390.2799987792969,-0.0026612311939402,-0.2576447021989298,0.0001273125542984377,0.9574367375406323,0.042435949905069346,1,Low volatility
1991-11-05,388.7099914550781,-0.0040308847859265,-0.3782310477074469,0.00011676977570153952,0.9582340612214726,0.04164916900282599,1,Low volatility
1991-11-06,389.9700012207031,0.0032362738922255,0.2615804435748105,8.557140455451899e-05,0.9674910457532679,0.03242338284217768,1,Low volatility
1991-11-07,393.7200012207031,0.0095701836431594,0.8192273070698541,0.00017146964883605343,0.9436551881509293,0.05617334220023471,1,Low volatility
1991-11-08,392.8900146484375,-0.0021102881060182,-0.2091388508330056,0.0001261558542401078,0.956858142371307,0.04301570177445301,1,Low volatility
1991-11-11,393.1199951171875,0.0005851845967752,0.0281745870680664,8.340477523545866e-05,0.9682146244967087,0.03170197072805575,1,Low volatility
1991-11-12,396.739990234375,0.0091662333330875,0.7836629191519126,0.000152444959814807,0.9482073884597912,0.05164016658039374,1,Low volatility
1991-11-13,397.4100036621094,0.0016873728939303,0.1252128890108531,0.00010141651128235893,0.9636848369818607,0.036213746506856874,1,Low volatility
1991-11-14,397.1499938964844,-0.0006544748683676,-0.0809668815859349,7.130737042992961e-05,0.9708593528705607,0.029069339759009303,1,Low volatility
1991-11-15,382.6199951171875,-0.0372717109171363,-3.3048029694687417,0.17586566329418812,2.3655844308091184e-06,0.8241319711213811,2,Medium volatility
1991-11-18,385.239990234375,0.0068241745494894,0.5774645699250501,0.09339406299948176,0.0248754885495345,0.8817304484509838,2,Medium volatility
1991-11-19,379.4200134277344,-0.0152226850286476,-1.3635738371742965,0.093103169808291,0.004400103457010435,0.9024967267346985,2,Medium volatility
1991-11-20,378.5299987792969,-0.0023484795650521,-0.2301095822239886,0.04313327025742956,0.040277103781790606,0.9165896259607799,2,Medium volatility
1991-11-21,380.05999755859375,0.0040338018199665,0.3317959920974108,0.02056630552516957,0.10158529198818052,0.8778484024866499,2,Medium volatility
1991-11-22,376.1400146484375,-0.0103676751114312,-0.9361315212849884,0.01662513470502556,0.056965134438466895,0.9264097308565076,2,Medium volatility
1991-11-25,375.3399963378906,-0.0021291813516937,-0.2108022403675077,0.008920965622429205,0.12461204890766928,0.8664669854699015,2,Medium volatility
1991-11-26,377.9599914550781,0.0069560752000716,0.5890772999737021,0.0064533522842472124,0.18002538627908776,0.8135212614366649,2,Medium volatility
1991-11-27,376.5499877929688,-0.0037375391771474,-0.3524044626930977,0.004503287117030873,0.26623409115040375,0.7292626217325653,2,Medium volatility
1991-11-29,375.2200012207031,-0.0035382842605073,-0.3348617625805906,0.0033494947261072214,0.37093675229886375,0.6257137529750291,2,Medium volatility
1991-12-02,381.3999938964844,0.0163361532946293,1.4149133687616129,0.009952723895705283,0.08208756709715377,0.907959709007141,2,Medium volatility
1991-12-03,380.9599914550781,-0.0011543168548131,-0.1249737157444682,0.005932211794581751,0.1700748539879514,0.8239929342174668,2,Medium volatility
1991-12-04,380.0700073242188,-0.0023388947557991,-0.2292657213185904,0.004066849817447759,0.27956146047683633,0.716371689705716,2,Medium volatility
1991-12-05,377.3900146484375,-0.0070762912395885,-0.646353175071478,0.004212128844941544,0.27416229181718926,0.7216255793378692,2,Medium volatility
1991-12-06,379.1000061035156,0.0045208643091108,0.374677700248898,0.0031032142415729253,0.4068338872811122,0.5900628984773149,2,Medium volatility
1991-12-09,378.260009765625,-0.0022182229447667,-0.2186415950552563,0.0021514377408698316,0.5484150069587338,0.44943355530039647,1,Low volatility
1991-12-10,377.8999938964844,-0.0009522214732333,-0.1071809368612211,0.0013616237828786959,0.6940378702559641,0.3046005059611573,1,Low volatility
1991-12-11,377.7000122070313,-0.0005293321665087,-0.0699491314244929,0.0008130825257791349,0.8074709653500959,0.19171595212412482,1,Low volatility
1991-12-12,381.5499877929688,0.0101416097045792,0.8695365099793356,0.0013309388690095178,0.7558509597143098,0.2428181014166806,1,Low volatility
1991-12-13,384.4700012207031,0.007623893927346,0.6478730569850664,0.0011733256160778274,0.7833703604007425,0.21545631398317971,1,Low volatility
1991-12-16,384.4599914550781,-2.6035570781957063e-05,-0.0256381483112003,0.0005907802703996248,0.8685323440370349,0.13087687569256543,1,Low volatility
1991-12-17,382.739990234375,-0.0044838481320557,-0.4181106164382651,0.000460471812071653,0.8907428496731233,0.10879667851480501,1,Low volatility
1991-12-18,383.4800109863281,0.001931614890938,0.1467163187913339,0.00025283159977669935,0.9324715785211941,0.06727558987902926,1,Low volatility
1991-12-19,382.5199890136719,-0.0025065860974038,-0.24402951719796,0.0001695897988858436,0.9488493370593842,0.05098107314172991,1,Low volatility
1991-12-20,387.0400085449219,0.0117471581789194,1.0108913928418606,0.000511705651293127,0.8839981567408032,0.11549013760790378,1,Low volatility
1991-12-23,396.8200073242188,0.0249547268842702,2.173705444912655,0.026438698246056547,0.022168962402138857,0.9513923393518045,2,Medium volatility
1991-12-24,399.3299865722656,0.006305313277771,0.5317832495178318,0.014857756076227581,0.059450458806080776,0.9256917851176917,2,Medium volatility
1991-12-26,404.8399963378906,0.0137038091735037,1.1831578653667512,0.01599206256081511,0.027351126558018024,0.9566568108811668,2,Medium volatility
1991-12-27,406.4599914550781,0.0039935838644931,0.3282551432997754,0.009128511507559637,0.08062634165059131,0.9102451468418491,2,Medium volatility
1991-12-30,415.1400146484375,0.0211303458849361,1.8370012364615869,0.026989651424183494,0.002397948458552074,0.9706124001172644,2,Medium volatility
1991-12-31,417.0899963378906,0.0046861690451089,0.3892313758102881,0.014416173790279888,0.0375591194902271,0.948024706719493,2,Medium volatility
1992-01-02,417.260009765625,0.0004075350364809,0.0125340547594424,0.007941308611342731,0.1048212286282263,0.8872374627604309,2,Medium volatility
1992-01-03,419.3399963378906,0.0049724858781603,0.4144391369239361,0.005464041011246834,0.1869691871241327,0.8075667718646204,2,Medium volatility
1992-01-06,417.9599914550781,-0.0032963242625045,-0.313559243396822,0.003985542800725471,0.28367387975194963,0.7123405774473249,2,Medium volatility
1992-01-07,417.3999938964844,-0.0013407337011575,-0.1413861329961135,0.002766443765206536,0.4326046778779542,0.5646288783568393,2,Medium volatility
1992-01-08,418.1000061035156,0.0016756729403404,0.1241828076426297,0.0018043442841279742,0.6026963293794259,0.39549932633644624,1,Low volatility
1992-01-09,417.6099853515625,-0.0011727053957031,-0.1265926703167285,0.001149233192642641,0.7352767180001345,0.2635740488072229,1,Low volatility
1992-01-10,415.1000061035156,-0.0060284778023191,-0.5541021169102707,0.0011878244191881665,0.7473036561370872,0.25150851944372477,1,Low volatility
1992-01-13,414.3399963378906,-0.00183258578339,-0.1846895240682738,0.0007159342453542966,0.8343931284814944,0.1648909372731512,1,Low volatility
1992-01-14,420.4400024414063,0.0146149037826157,1.2633719939377557,0.003517619190897569,0.5428306435070461,0.4536517373020563,1,Low volatility
1992-01-15,420.7699890136719,0.0007845522343856,0.0457272113029576,0.001696288587837929,0.6996708059194393,0.2986329054927227,1,Low volatility
1992-01-16,418.2099914550781,-0.0061026617159889,-0.5606333793384497,0.0015410220104765718,0.7123561358142912,0.2861028421752321,1,Low volatility
1992-01-17,418.8599853515625,0.0015530219578687,0.1133844321732217,0.0008061007910359719,0.8242847688808742,0.1749091303280898,1,Low volatility
1992-01-20,416.3599853515625,-0.0059864647730849,-0.5504032271408162,0.0007942891859176318,0.8288416585888225,0.17036405222525985,1,Low volatility
1992-01-21,412.6400146484375,-0.0089746578327734,-0.8134882019476097,0.0014202276138026689,0.7372952441677709,0.2612845282184264,1,Low volatility
1992-01-22,418.1300048828125,0.0132168230028701,1.140282876410799,0.003853469976883093,0.5076004589424543,0.48854607108066256,1,Low volatility
1992-01-23,414.9599914550781,-0.0076102911842337,-0.6933673268272741,0.003742198966226156,0.4648256220154838,0.5314321790182902,2,Medium volatility
1992-01-24,415.4800109863281,0.0012523953511198,0.0869168172357079,0.00198119151768719,0.6332279168168836,0.3647908916654293,1,Low volatility
1992-01-27,414.989990234375,-0.0011801047794666,-0.1272441231017802,0.0011291381161391317,0.7586731529780164,0.24019770890584444,1,Low volatility
1992-01-28,414.9599914550781,-7.229057165325514e-05,-0.0297105075918226,0.000624424606219457,0.8527015321878842,0.1466740432058961,1,Low volatility
1992-01-29,410.3399963378906,-0.0111960340374999,-1.0090614768945114,0.002055020373338358,0.653963869828794,0.3439811097978677,1,Low volatility
1992-01-30,411.6199951171875,0.0031145063683997,0.2508598491225445,0.0011115177377177007,0.7767488044594186,0.22213967780286364,1,Low volatility
1992-01-31,408.7799987792969,-0.0069234707544643,-0.6328986315812214,0.001238489926792062,0.7583224981905778,0.24043901188263025,1,Low volatility
1992-02-03,409.5299987792969,0.0018330466748324,0.1380382259998341,0.0006506121109088988,0.8537911943098191,0.14555819357927213,1,Low volatility
1992-02-04,413.8500061035156,0.0104934463772856,0.9005127355197023,0.0011325270903817218,0.795480066587123,0.20338740632249527,1,Low volatility
1992-02-05,413.8399963378906,-2.41872333752724e-05,-0.025475417928538,0.0005600947425039504,0.8760619341337598,0.12337797112373623,1,Low volatility
1992-02-06,413.8200073242188,-4.830247586440351e-05,-0.0275985598527663,0.0002972122314225201,0.9236885713548466,0.0760142164137308,1,Low volatility
1992-02-07,411.0899963378906,-0.0066189546523718,-0.6060885796712487,0.0003607439909646579,0.9083185014982422,0.09132075451079322,1,Low volatility
1992-02-10,413.7699890136719,0.0064980776218872,0.5487545099426001,0.00030845358388625313,0.9223721003881815,0.07731944602793227,1,Low volatility
1992-02-11,413.760009765625,-2.4118154174246342e-05,-0.0254693360926262,0.00017241572052141657,0.9494505718706646,0.050377012408813954,1,Low volatility
1992-02-12,417.1300048828125,0.008111816334293,0.6908304735827421,0.00021153063493419593,0.9402164357378148,0.05957203362725122,1,Low volatility
1992-02-13,413.6900024414063,-0.0082810285485734,-0.7524200449999345,0.00039581320333480945,0.8985131765293536,0.1010910102673116,1,Low volatility
1992-02-14,412.4800109863281,-0.0029291605857242,-0.2812336055527316,0.0002738196929489137,0.9255135101544861,0.07421267015256489,1,Low volatility
1992-02-18,407.3800048828125,-0.0124413236137508,-1.1186986289295553,0.0015705167757850392,0.716754687497059,0.2816747957271559,1,Low volatility
1992-02-19,408.260009765625,0.0021578274936642,0.166632413802747,0.0008165402377757389,0.8258094164164794,0.17337404334574477,1,Low volatility
1992-02-20,413.8999938964844,0.0137201337427832,1.184595104799359,0.0030058627190591037,0.5932807427012389,0.40371339457970207,1,Low volatility
1992-02-21,411.4299926757813,-0.0059855055193196,-0.5503187730082899,0.0023833915558714586,0.6177038447629581,0.37991276368117055,1,Low volatility
1992-02-24,412.2699890136719,0.0020395693765964,0.1562207927568417,0.001230426221900982,0.7562513823264255,0.24251819145167341,1,Low volatility
1992-02-25,410.4500122070313,-0.0044242993307301,-0.4128678511337525,0.0009207047117724501,0.8047245627185431,0.19435473256968444,1,Low volatility
1992-02-26,415.3500061035156,0.0118674044450735,1.021478053499275,0.002093391995782368,0.675409916132645,0.3224966918715727,1,Low volatility
1992-02-27,413.8599853515625,-0.0035938359909399,-0.3397526198007924,0.001287939620456452,0.7567046797859726,0.24200738059357096,1,Low volatility
1992-02-28,412.7000122070313,-0.0028067506520157,-0.2704564523760358,0.0007838084009703048,0.8305793749788409,0.1686368166201888,1,Low volatility
1992-03-02,412.4500122070313,-0.0006059504338669,-0.0766947179830044,0.0004277491217547438,0.8955485820286234,0.10402366884962173,1,Low volatility
1992-03-03,412.8500061035156,0.0009693297441639,0.0619952989177363,0.00023503203574775755,0.9355647091146635,0.06420025884958884,1,Low volatility
1992-03-04,409.3299865722656,-0.0085627017681284,-0.7772189754539462,0.00046174846880284664,0.8868694525798281,0.11266879895136918,1,Low volatility
1992-03-05,406.510009765625,-0.0069130909247929,-0.6319847758921636,0.0005779165332058559,0.8673318382606834,0.1320902452061107,1,Low volatility
1992-03-06,404.4400024414063,-0.0051051526946643,-0.4728111970019147,0.0005035578667500237,0.881520580690734,0.11797586144251594,1,Low volatility
1992-03-09,405.2099914550781,0.0019020298934355,0.1441116114758649,0.000276179862058489,0.9273499796893324,0.07237384044860902,1,Low volatility
1992-03-10,406.8900146484375,0.004137484490565,0.3409243690922864,0.00018023120199881786,0.9480250682124718,0.05179470058552938,1,Low volatility
1992-03-11,404.0299987792969,-0.0070537850350813,-0.6443716952515662,0.0002576926199348718,0.9264279605551796,0.07331434682488551,1,Low volatility
1992-03-12,403.8900146484375,-0.0003465296809919,-0.0538549278920679,0.00015694860619195974,0.9512047245721891,0.04863832682161897,1,Low volatility
1992-03-13,405.8399963378906,0.0048163843072686,0.4006957217479351,0.00012051125128201662,0.9599058598350281,0.039973628913689885,1,Low volatility
1992-03-16,406.3900146484375,0.0013543414726848,0.0958923058630639,7.817258102327459e-05,0.969874586025155,0.030047241393821745,1,Low volatility
1992-03-17,409.5799865722656,0.0078188859164205,0.6650404425951979,0.00010845045263722633,0.9594367294230717,0.040454820124291246,1,Low volatility
1992-03-18,409.1499938964844,-0.0010503895681699,-0.1158238023880953,8.030529668322615e-05,0.9680560312192604,0.03186366348405647,1,Low volatility
1992-03-19,409.7999877929688,0.0015873839611808,0.1164097142065777,5.886396655752841e-05,0.9740231606614731,0.025917975371969403,1,Low volatility
1992-03-20,411.2999877929688,0.0036536395402144,0.2983259378561696,5.115800643062565e-05,0.9754802787772069,0.024468563216362472,1,Low volatility
1992-03-23,409.9100036621094,-0.0033852132163971,-0.3213851595034188,5.5304163776173285e-05,0.9723989617442158,0.027545734092008126,1,Low volatility
1992-03-24,408.8800048828125,-0.0025159059388935,-0.2448500499461943,5.609041954943701e-05,0.9726334046253491,0.0273105049551016,1,Low volatility
1992-03-25,407.5199890136719,-0.0033317421297898,-0.3166774852695324,6.111076965810838e-05,0.9707498271704874,0.029189062059854443,1,Low volatility
1992-03-26,407.8599853515625,0.0008339580766882,0.0500769753636649,5.0844856763250084e-05,0.9754387482890766,0.024510406854160064,1,Low volatility
1992-03-27,403.5,-0.0107474546388397,-0.9695678774389034,0.0002800059282538302,0.9015593633854122,0.09816063068633382,1,Low volatility
1992-03-30,403.0,-0.0012399257633211,-0.1325108517621832,0.00020634082150393224,0.9351707205694468,0.06462293860904937,1,Low volatility
1992-03-31,403.6900024414063,0.0017107007836774,0.1272667112250882,0.00013123636782548656,0.9567937915408982,0.043074972091276365,1,Low volatility
1992-04-01,404.2300109863281,0.0013367873461804,0.0943468143781039,8.464727017686796e-05,0.9682656182704124,0.03164973445941087,1,Low volatility
1992-04-02,400.5,-0.0092702835681262,-0.8395155327070349,0.000250234447006926,0.9187121758964713,0.08103758965652186,1,Low volatility
1992-04-03,401.5499877929688,0.0026182617262779,0.2071697305248426,0.0001691883398486337,0.9469216559776601,0.05290915568249134,1,Low volatility
1992-04-06,405.5899963378906,0.0100107598769065,0.8580162959472697,0.0003302764747967659,0.9153341876630001,0.08433553586220302,1,Low volatility
1992-04-07,398.05999755859375,-0.0187400465537868,-1.6732475931009283,0.009142346031433041,0.176613447008939,0.814244206959628,2,Medium volatility
1992-04-08,394.5,-0.0089836012718826,-0.8142755956687422,0.00827051907685848,0.12880367497097986,0.8629258059521616,2,Medium volatility
1992-04-09,400.6400146484375,0.0154441647483425,1.336381366464454,0.013234075306002301,0.03234416869547844,0.9544217559985193,2,Medium volatility
1992-04-10,404.2900085449219,0.0090691583338493,0.7751162914010223,0.010131622693166049,0.04996656395334559,0.9399018133534883,2,Medium volatility
1992-04-13,406.0799865722656,0.0044176880911797,0.3655939121023942,0.006585706067333592,0.11341721162801235,0.879997082304654,2,Medium volatility
1992-04-14,412.3900146484375,0.015419387607725,1.3341999500415744,0.011488069752688877,0.028862266058144403,0.9596496641891668,2,Medium volatility
1992-04-15,416.2799987792969,0.0093885687702242,0.8032376627208117,0.009402337353296542,0.044176913382695485,0.946420749264008,2,Medium volatility
1992-04-16,416.0400085449219,-0.0005766778136155,-0.0741175128267314,0.005936655271736232,0.1132100649677538,0.88085327976051,2,Medium volatility
1992-04-20,410.1799926757813,-0.0141853601341566,-1.2722462059662671,0.010280541651394087,0.02081608570287685,0.9689033726457291,2,Medium volatility
1992-04-21,410.260009765625,0.000195058968015,-0.0061726552833233,0.00643716739900223,0.07558672281082822,0.9179761097901695,2,Medium volatility
1992-04-22,409.80999755859375,-0.0010974971604422,-0.1199712250875706,0.004609342290274651,0.16034199867772686,0.8350486590319985,2,Medium volatility
1992-04-23,411.6000061035156,0.0043583870915986,0.3603729636331418,0.0037140593130119,0.2700574237485395,0.7262285169384486,2,Medium volatility
1992-04-24,409.0199890136719,-0.0062879910460251,-0.5769500500319478,0.0037711284898041173,0.292923349510571,0.7033055219996249,2,Medium volatility
1992-04-27,408.4500122070313,-0.0013944900685149,-0.1461189237728248,0.0026652674805618904,0.4423114796729668,0.5550232528464714,2,Medium volatility
1992-04-28,409.1099853515625,0.0016144950581216,0.1187966156259921,0.001744955812620491,0.6118792025998252,0.3863758415875542,1,Low volatility
1992-04-29,412.0199890136719,0.0070878324638581,0.6006774060349539,0.0016314756133995777,0.6724931379511839,0.3258753864354165,1,Low volatility
1992-04-30,414.9500122070313,0.0070861952664449,0.6005332647322998,0.0014177128121571558,0.7255616656038053,0.27302062158403756,1,Low volatility
1992-05-01,412.5299987792969,-0.0058491330186356,-0.5383123346055015,0.0012938676088011024,0.7439233612225682,0.25478277116863074,1,Low volatility
1992-05-04,416.9100036621094,0.0105614525066348,0.9065000966001832,0.002054918805307853,0.6686629172172562,0.32928216397743587,1,Low volatility
1992-05-05,416.8399963378906,-0.0001679336117144,-0.0381310635205465,0.0010310434884188522,0.7917178382487682,0.20725111826281292,1,Low volatility
1992-05-06,416.7900085449219,-0.0001199280081953,-0.0339045785712361,0.0005437790112372181,0.8734219625678458,0.1260342584209171,1,Low volatility
1992-05-07,415.8500061035156,-0.0022578853387225,-0.222133531388087,0.0003366810060866782,0.9137268799961259,0.0859364389977875,1,Low volatility
1992-05-08,416.0499877929688,0.0004807830142388,0.0189829159936943,0.00018921471580327228,0.9452568657505755,0.05455391953362121,1,Low volatility
1992-05-11,418.489990234375,0.0058475554399146,0.4914815665828553,0.00015776893438245403,0.9520968987287814,0.047745332336836144,1,Low volatility
1992-05-12,416.2900085449219,-0.0052708181458704,-0.4873966304683375,0.00016481814558662336,0.9471338220766292,0.0527013597777842,1,Low volatility
1992-05-13,416.4500122070313,0.0003842823932824,0.0104868573636,0.00010517327800092864,0.9630347561900436,0.036860070531955336,1,Low volatility
1992-05-14,413.1400146484375,-0.0079798816670075,-0.7259066242913783,0.00021238189963042125,0.9311201452143874,0.06866747288598217,1,Low volatility
1992-05-15,410.0899963378906,-0.0074099151522739,-0.6757259220495236,0.00035369931919813083,0.9035649322954566,0.09608136838534502,1,Low volatility
1992-05-18,412.80999755859375,0.0066107938918378,0.5586782185008954,0.0003216525894053624,0.917916110288119,0.08176223712247555,1,Low volatility
1992-05-19,416.3699951171875,0.0085868435427354,0.7326525776668195,0.00039943658713562807,0.9068377603638096,0.09276280304905471,1,Low volatility
1992-05-20,415.3900146484375,-0.0023564030746854,-0.2308071798325164,0.00024620373954205483,0.933897186713769,0.06585660954668905,1,Low volatility
1992-05-21,412.6000061035156,-0.0067392578041056,-0.6166802486199626,0.00031476258664948724,0.9164627823227393,0.08322245509061114,1,Low volatility
1992-05-22,414.0199890136719,0.0034356398714976,0.2791329218071238,0.00019634987261371332,0.9438834336728642,0.05592021645452225,1,Low volatility
1992-05-26,411.4100036621094,-0.006323962233103,-0.5801170070046496,0.00023994853725330657,0.9308660911565219,0.06889396030622486,1,Low volatility
1992-05-27,412.1700134277344,0.0018456251137504,0.1391456505268812,0.0001450998470133715,0.9544208109379944,0.04543408921499237,1,Low volatility
1992-05-28,416.739990234375,0.011026584526566,0.947451013525942,0.00036928025153870446,0.9075081134141079,0.09212260633435336,1,Low volatility
1992-05-29,415.3500061035156,-0.0033409497287246,-0.3174881360157883,0.00026268994499108547,0.9287315646071302,0.0710057454478786,1,Low volatility
1992-06-01,417.2999877929688,0.0046838053651416,0.3890232738997933,0.00018405921198713573,0.9468457138078833,0.052970226980129584,1,Low volatility
1992-06-02,413.5,-0.0091478438813492,-0.8287357600258024,0.0004367835139212093,0.8893496132287485,0.11021360325733036,1,Low volatility
1992-06-03,414.5899963378906,0.0026325567805818,0.2084282884313372,0.00025611344505798133,0.9305218405586725,0.06922204599626951,1,Low volatility
1992-06-04,413.260009765625,-0.0032131127781642,-0.3062331801793451,0.00018690053021302487,0.9444593155433295,0.055353783926457505,1,Low volatility
1992-06-05,413.4800109863281,0.0005322138045178,0.023510959495092,0.00011341512105414735,0.9617098393003294,0.03817674557861639,1,Low volatility
1992-06-08,413.3599853515625,-0.0002903237292342,-0.048906472050427,7.560699218200036e-05,0.9701859006943816,0.029738492313436407,1,Low volatility
1992-06-09,410.05999755859375,-0.0080153640403244,-0.7290305453713419,0.00016707975839341877,0.9392623161541029,0.06057060408750362,1,Low volatility
1992-06-10,407.25,-0.0068762370189681,-0.6287401030441315,0.00026788065971400545,0.9198767581572345,0.0798553611830515,1,Low volatility
1992-06-11,409.0499877929688,0.0044101206351587,0.3649276619850594,0.00019495923094040764,0.9426014915542883,0.05720354921477134,1,Low volatility
1992-06-12,409.760009765625,0.0017342781664497,0.1293424991774594,0.00011852466693662978,0.9607196610504577,0.039161814282605505,1,Low volatility
1992-06-15,410.2900085449219,0.0012926012834757,0.0904566075001422,7.660232645072212e-05,0.9703034569412836,0.02961994073226571,1,Low volatility
1992-06-16,408.3200073242188,-0.0048130489134203,-0.447093944336333,8.708530063282031e-05,0.9637361377011562,0.03617677699821099,1,Low volatility
1992-06-17,402.260009765625,-0.0149525286518459,-1.3397888667372864,0.0016908515641033777,0.658392680638138,0.3399164677977586,1,Low volatility
1992-06-18,400.9599914550781,-0.0032370196054269,-0.3083379729161214,0.0011580035283229766,0.7497291044218137,0.24911289204986312,1,Low volatility
1992-06-19,403.6700134277344,0.0067360953567954,0.5697099464023921,0.0009769443812201713,0.7980950300216306,0.20092802559714926,1,Low volatility
1992-06-22,403.3999938964844,-0.0006691353634122,-0.0822576134404108,0.0005298686109748286,0.8753445889019615,0.12412554248706378,1,Low volatility
1992-06-23,404.0400085449219,0.0015852937197573,0.1162256862333988,0.000289443352591232,0.9241794908324759,0.07553106581493288,1,Low volatility
1992-06-24,403.8399963378906,-0.0004951532651107,-0.0669399699568085,0.0001682083601907885,0.9497388903011866,0.05009290133862251,1,Low volatility
1992-06-25,403.1199951171875,-0.0017844785847858,-0.18045409453611,0.00011300602937404764,0.9612504634019204,0.038636530568705536,1,Low volatility
1992-06-26,403.4500122070313,0.0008183222913409,0.0487003774959864,7.457638286184119e-05,0.9705564436844624,0.029368979932675714,1,Low volatility
1992-06-29,408.9400024414063,0.0135158574338625,1.1666103138194786,0.0004753661495607906,0.8768784975825566,0.12264613626788247,1,Low volatility
1992-06-30,408.1400146484375,-0.0019581632933363,-0.1957455553823837,0.00030562422666769546,0.9175245554607587,0.08216982031257355,1,Low volatility
1992-07-01,412.8800048828125,0.011546716975042,0.9932442502312602,0.0007960784894040488,0.8428560878209891,0.1563478336896068,1,Low volatility
1992-07-02,411.7699890136719,-0.0026920913059997,-0.2603616725022323,0.00047329071938590915,0.8910154086190778,0.10851130066153639,1,Low volatility
1992-07-06,413.8399963378906,0.0050145024854657,0.4181383417121168,0.00031622539874326134,0.9217095810710024,0.0779741935302543,1,Low volatility
1992-07-07,409.1600036621094,-0.0113731303070467,-1.024653296660318,0.0012403632037020086,0.7678111353480751,0.23094850144822285,1,Low volatility
1992-07-08,410.2799987792969,0.0027335639247993,0.2173211080922387,0.0006544923778104575,0.8569807990315234,0.14236470859066622,1,Low volatility
1992-07-09,414.2300109863281,0.0095815511753869,0.8202281215654205,0.000913975201189988,0.8267964375096586,0.17228958728915147,1,Low volatility
1992-07-10,414.6199951171875,0.0009410246890659,0.059503279640997,0.0004508686970634728,0.8963929264376468,0.10315620486528966,1,Low volatility
1992-07-13,414.8699951171875,0.0006027800468064,0.029723716737973,0.00023927759166376348,0.9358718902449613,0.0638888321633749,1,Low volatility
1992-07-14,417.6799926757813,0.0067503651916416,0.570966283950208,0.0002180870258272641,0.9403020970216617,0.05947981595251104,1,Low volatility
1992-07-15,417.1000061035156,-0.0013895557306993,-0.1456844973104192,0.00013539601429617322,0.9568554108468812,0.04300919313882248,1,Low volatility
1992-07-16,417.5400085449219,0.0010543527136128,0.0694808479865753,8.528382470922324e-05,0.9683130090881309,0.03160170708715981,1,Low volatility
1992-07-17,415.6199951171875,-0.0046089990354243,-0.4291290886728562,9.119209893418173e-05,0.9632156815352974,0.03669312636576839,1,Low volatility
1992-07-20,413.75,-0.0045094428230347,-0.4203640112146052,0.00010185114290221128,0.9600081783218516,0.03988997053524614,1,Low volatility
1992-07-21,413.760009765625,2.4192494368691086e-05,-0.0212159945243463,7.467060156739032e-05,0.9695452641646323,0.030380065233800473,1,Low volatility
1992-07-22,410.9299926757813,-0.0068632533200974,-0.6275969988262757,0.00012951816105221867,0.9500420514672127,0.049828430371735136,1,Low volatility
1992-07-23,412.0799865722656,0.0027946068065247,0.2226954144640416,9.78140353830314e-05,0.9636856340962534,0.036216551868363596,1,Low volatility
1992-07-24,411.6000061035156,-0.0011654538834191,-0.1259542363573289,7.239458459188976e-05,0.970195548363791,0.02973205705161713,1,Low volatility
1992-07-27,411.5400085449219,-0.0001457772860806,-0.0361803875586034,5.487751340493205e-05,0.9747418383708139,0.02520328411578128,1,Low volatility
1992-07-28,417.5199890136719,0.0144261795192903,1.2467564282528634,0.0005355654783175684,0.8575272871277636,0.14193714739391874,1,Low volatility
1992-07-29,422.2300109863281,0.011217794259136,0.9642854036309896,0.0012275578143463122,0.7733764505002872,0.2253959916853664,1,Low volatility
1992-07-30,423.9200134277344,0.0039945745786722,0.3283423672540659,0.0006940681647472418,0.8527879052795765,0.14651802655567622,1,Low volatility
1992-07-31,424.2099914550781,0.000683805635866,0.0368573304739853,0.0003595305137330877,0.9113718052687456,0.08826866421752132,1,Low volatility
1992-08-03,425.0899963378906,0.0020723071008816,0.1591030708415453,0.00020070344015570037,0.9436886874847765,0.05611060907506771,1,Low volatility
1992-08-04,424.3599853515625,-0.0017187855242379,-0.1746703794835669,0.00012925838268144492,0.9579686508052081,0.04190209081211047,1,Low volatility
1992-08-05,422.1900024414063,-0.0051266616128717,-0.4747048742482253,0.000137649798648852,0.9526926559252723,0.0471696942760788,1,Low volatility
1992-08-06,420.5899963378906,-0.0037969767391512,-0.3576374343217706,0.00012480448241502476,0.956108980099868,0.043766215417716955,1,Low volatility
1992-08-07,418.8800048828125,-0.0040739843417902,-0.3820255969022595,0.00011919836636596693,0.9571217563148124,0.04275904531882154,1,Low volatility
1992-08-10,419.4200134277344,0.0012883421396159,0.0900816261208699,8.155955336139048e-05,0.9684390320526387,0.03147940839399996,1,Low volatility
1992-08-11,418.8999938964844,-0.001240623135331,-0.132572249434285,6.22756533283677e-05,0.9726724936739785,0.027265230672693163,1,Low volatility
1992-08-12,417.7799987792969,-0.0026772381220183,-0.2590539760263043,5.836299388893604e-05,0.9724397247239547,0.02750191228215629,1,Low volatility
1992-08-13,417.7300109863281,-0.000119658154766,-0.033880820272749,4.8784326956244724e-05,0.9759240554550046,0.02402716021803909,1,Low volatility
1992-08-14,419.9100036621094,0.0052050942159764,0.4349183219939189,5.363529418395699e-05,0.9737398952018451,0.02620646950397097,1,Low volatility
1992-08-17,420.739990234375,0.0019746311734492,0.1505035364759639,4.601760317906083e-05,0.9768054550399657,0.02314852735685514,1,Low volatility
1992-08-18,421.3399963378906,0.0014250575114562,0.1021182514117593,3.981142513082469e-05,0.9785287141303296,0.02143147444453968,1,Low volatility
1992-08-19,418.1900024414063,-0.0075042194639038,-0.6840286143300254,9.812365898833047e-05,0.9540048219834146,0.04589705435759696,1,Low volatility
1992-08-20,418.260009765625,0.0001673915317361,-0.0086085376480195,8.169477354655534e-05,0.966494263804237,0.03342404142221645,1,Low volatility
1992-08-21,414.8500061035156,-0.0081862482517003,-0.7440754462685395,0.0001934207484472978,0.9326319165373786,0.06717466271417404,1,Low volatility
1992-08-24,410.7200012207031,-0.0100053037279428,-0.9042278040915328,0.0006480035605224416,0.8437285317886977,0.15562346465077997,1,Low volatility
1992-08-25,411.6099853515625,0.0021645434141399,0.1672236934603399,0.0003704622111479907,0.9052517257849709,0.09437781200388107,1,Low volatility
1992-08-26,413.510009765625,0.0046054580755212,0.382125461641936,0.000250799553983481,0.9328866242897988,0.06686257615621759,1,Low volatility
1992-08-27,413.5299987792969,4.833868608322689e-05,-0.0190901277841429,0.0001445228526047957,0.9552052790723661,0.04465019807502914,1,Low volatility
1992-08-28,414.8399963378906,0.0031628346230903,0.2551147407623297,9.594527903423119e-05,0.9659628709076097,0.033941183813356236,1,Low volatility
1992-08-31,414.0299987792969,-0.0019544628740568,-0.1954197649486749,7.267199104226142e-05,0.9700939299424916,0.02983339806646621,1,Low volatility
1992-09-01,416.0700073242188,0.0049151009199732,0.4093868795973911,6.77959097408494e-05,0.9709197618857414,0.02901244220451782,1,Low volatility
1992-09-02,417.9800109863281,0.0045800778347571,0.3798909473824358,6.28249439770152e-05,0.9721547323419003,0.027782442714122533,1,Low volatility
1992-09-03,417.9800109863281,0.0,-0.0233459378192967,4.9967555766561574e-05,0.9758516189147242,0.0240984135295093,1,Low volatility
1992-09-04,417.0799865722656,-0.0021555930476768,-0.2131275654832292,4.778974313726591e-05,0.9753389658772923,0.024613244379570385,1,Low volatility
1992-09-08,414.4400024414063,-0.0063498004523596,-0.5823918423738488,8.84585100244916e-05,0.9593807559313274,0.04053078555864819,1,Low volatility
1992-09-09,416.3599853515625,0.0046220181907159,0.3835834388883089,8.692415084932227e-05,0.9653117642303582,0.034601311618792444,1,Low volatility
1992-09-10,419.9500122070313,0.0085854501743334,0.7325299034340592,0.0001443980253573293,0.9502737289248316,0.04958187304981097,1,Low volatility
1992-09-11,419.5799865722656,-0.0008815066984251,-0.1009551025937315,0.00010057574074298584,0.9633378285811809,0.03656159567807614,1,Low volatility
1992-09-14,425.2699890136719,0.0134700565533796,1.1625779359753143,0.000590665804349538,0.8619712575339467,0.13743807666170382,1,Low volatility
1992-09-15,419.7699890136719,-0.0130173194349474,-1.1694101603070233,0.003139898466784515,0.5412843673537234,0.45557573417949204,1,Low volatility
1992-09-16,419.9200134277344,0.0003573328614674,0.0081141803788863,0.0016024703361175328,0.6972111897106079,0.30118633995327443,1,Low volatility
1992-09-17,419.9299926757813,2.3764357861111307e-05,-0.0212536883011742,0.0008544520090583212,0.8123409478432577,0.18680460014768407,1,Low volatility
1992-09-18,422.9299926757813,0.0071186501220195,0.6033906386337343,0.0007575240498119262,0.8411161593912494,0.15812631655893883,1,Low volatility
1992-09-21,422.1400146484375,-0.001869616127915,-0.1879497308426855,0.00043469383491517535,0.8958313053107956,0.10373400085428927,1,Low volatility
1992-09-22,417.1400146484375,-0.0119151152880503,-1.072370462929306,0.0018687140219024144,0.6855562321259863,0.3125750538521114,1,Low volatility
1992-09-23,417.4400024414063,0.000718895252092,0.0399466726337451,0.0009360402630877215,0.8061893382305539,0.19287462150635848,1,Low volatility
1992-09-24,418.4700012207031,0.0024643784523776,0.1936216175252536,0.0005054284779891521,0.8820255630364462,0.11746900848556467,1,Low volatility
1992-09-25,414.3500061035156,-0.009894163663926,-0.8944428670550574,0.001222311828812342,0.7688737584989065,0.22990392967228127,1,Low volatility
1992-09-28,416.6199951171875,0.0054634816103158,0.4576671336578012,0.000808442606803762,0.83401655527437,0.16517500211882635,1,Low volatility
1992-09-29,416.7999877929688,0.0004319375159482,0.0146824854557332,0.00041626440945662416,0.9001790263380813,0.09940470925246207,1,Low volatility
1992-09-30,417.7999877929688,0.0023963587534074,0.1876330617550966,0.00023255893394934956,0.9370640127207308,0.06270342834531983,1,Low volatility
1992-10-01,416.2900085449219,-0.0036206666048776,-0.3421148270781851,0.00017752798059726002,0.9466010998815527,0.05322137213785001,1,Low volatility
1992-10-02,410.4700012207031,-0.0140793057121717,-1.262909016441118,0.0019193473050677452,0.6630767444013279,0.3350039082936044,1,Low volatility
1992-10-05,407.5700073242188,-0.0070901325478818,-0.6475717845022942,0.0020365093529054754,0.6401939026289776,0.3577695880181168,1,Low volatility
1992-10-06,407.1799926757813,-0.0009573849112678,-0.1076355336486738,0.0011170243677137833,0.7658858969527289,0.23299707867955727,1,Low volatility
1992-10-07,404.25,-0.0072218316716465,-0.6591667718292927,0.0013453363899535644,0.7371777292384429,0.2614769343716036,1,Low volatility
1992-10-08,407.75,0.0086207430439069,0.7356371403217494,0.001455906104899526,0.7381955176974878,0.26034857619761276,1,Low volatility
1992-10-09,402.6600036621094,-0.0125616990081267,-1.129296658228252,0.004757450998616069,0.3959197352185347,0.5993228137828492,2,Medium volatility
1992-10-12,407.4400024414063,0.0118011460754168,1.015644567789456,0.006481419838205379,0.2691939735054424,0.7243246066563523,2,Medium volatility
1992-10-13,409.2999877929688,0.0045546651057781,0.3776535728120293,0.003958073130093169,0.4008705484822152,0.5951713783876916,2,Medium volatility
1992-10-14,409.3699951171875,0.0001710269726524,-0.0082884680063425,0.0022501850453774787,0.570963531957852,0.42678628299677057,1,Low volatility
1992-10-15,409.6000061035156,0.0005617079796156,0.0261076706705609,0.0012862343024873872,0.7214573599129849,0.27725640578452776,1,Low volatility
1992-10-16,411.7300109863281,0.0051867327715804,0.4333017530374132,0.0009064231052353434,0.8029909241350234,0.1961026527597412,1,Low volatility
1992-10-19,414.9800109863281,0.007862531374621,0.6688830538461278,0.0009047506105196353,0.8183694564456472,0.18072579294383312,1,Low volatility
1992-10-20,415.4800109863281,0.0012041520294454,0.0826694032253733,0.00046295264174750137,0.8914080103703957,0.10812903698785682,1,Low volatility
1992-10-21,415.6700134277344,0.0004572037276906,0.0169069604300528,0.0002496616652735559,0.932993097836947,0.06675724049777945,1,Low volatility
1992-10-22,414.8999938964844,-0.0018541959017861,-0.1865921111301695,0.0001587576965955097,0.9514374732587165,0.04840376904468794,1,Low volatility
1992-10-23,414.1000061035156,-0.0019300073372576,-0.1932666630057319,0.00010943619434176948,0.9618625704449283,0.03802799336072994,1,Low volatility
1992-10-26,418.1600036621094,0.0097566378715887,0.8356430154960213,0.00021596930236013817,0.935528849773772,0.06425518092386785,1,Low volatility
1992-10-27,418.489990234375,0.0007888282837127,0.0461036810647908,0.00013176134497457472,0.9570952690005808,0.042772969654444645,1,Low volatility
1992-10-28,420.1300048828125,0.003911227370418,0.3210043547007342,9.535963703845566e-05,0.9656717308321452,0.03423290953081638,1,Low volatility
1992-10-29,420.8599853515625,0.0017360031880411,0.1294943726517797,6.549089609017366e-05,0.9727508649500449,0.02718364415386485,1,Low volatility
1992-10-30,418.6799926757813,-0.0051933145114269,-0.480573094870832,8.33321955101141e-05,0.9637734939921386,0.03614317381235125,1,Low volatility
1992-11-02,422.75,0.0096741002856033,0.8283762832950414,0.00018827712019244924,0.9385466107040616,0.061265112175745796,1,Low volatility
1992-11-03,419.9200134277344,-0.0067167388577589,-0.6146976469894927,0.0002715140241883369,0.9212468667616567,0.07848161921415504,1,Low volatility
1992-11-04,417.1099853515625,-0.0067143080583811,-0.6144836357859678,0.00036242992066196436,0.9045510106058626,0.09508655947347558,1,Low volatility
1992-11-05,418.3399963378906,0.0029445494093174,0.2358965849005644,0.00021946361644421174,0.9383960814263415,0.06138445495721438,1,Low volatility
1992-11-06,417.5799865722656,-0.001818379726715,-0.1834388016457955,0.0001427754178085107,0.9546652748316827,0.04519194975050886,1,Low volatility
1992-11-09,418.5899963378906,0.0024158012783939,0.1893448106595623,9.263122032591019e-05,0.9665794251943778,0.033327943585296366,1,Low volatility
1992-11-10,418.6199951171875,7.166369158539965e-05,-0.0170365595031339,6.376353470692039e-05,0.973006926221998,0.02692931024329499,1,Low volatility
1992-11-11,422.2000122070313,0.008515588812,0.7263792048739847,0.00010879993629940228,0.957779548383385,0.042111651680315686,1,Low volatility
1992-11-12,422.8699951171875,0.0015856273319911,0.1162550579521504,7.876389057026329e-05,0.9687143718683187,0.03120686424111108,1,Low volatility
1992-11-13,422.4299926757813,-0.0010410564000942,-0.1150020963473487,6.0536483810247024e-05,0.9730870125763973,0.0268524509397924,1,Low volatility
1992-11-16,420.6799926757813,-0.004151303017629,-0.388832848468283,6.85825177044077e-05,0.9684263577669409,0.03150505971535485,1,Low volatility
1992-11-17,419.2699890136719,-0.00335735464561,-0.3189324493714832,7.190520997719807e-05,0.9680171299182594,0.031910964871763425,1,Low volatility
1992-11-18,422.8500061035156,0.0085024430666749,0.7252218338445402,0.0001268457030726847,0.953360466524807,0.04651268777212026,1,Low volatility
1992-11-19,423.6099853515625,0.0017956653827138,0.1347471212757329,8.904285564401786e-05,0.9663298455246935,0.0335811116196625,1,Low volatility
1992-11-20,426.6499938964844,0.0071508046317418,0.6062215696382719,0.00010794405570142807,0.9603155231000623,0.03957653284423632,1,Low volatility
1992-11-23,425.1199951171875,-0.0035925201511446,-0.3396367713022243,9.954730829492334e-05,0.9619982527077016,0.03790219998400344,1,Low volatility
1992-11-24,427.5899963378906,0.0057933134447392,0.4867060204085804,9.853905463183889e-05,0.9632528391584135,0.0366486217869546,1,Low volatility
1992-11-25,429.1900024414063,0.0037349330417733,0.3054831390082962,7.685048069062481e-05,0.9694365245319599,0.03048662498734947,1,Low volatility
1992-11-27,430.1600036621094,0.0022575240025002,0.1754098431694354,5.735405437391704e-05,0.9744357963292084,0.02550684961641764,1,Low volatility
1992-11-30,431.3500061035156,0.0027625986575978,0.2198773692822742,4.73974178756056e-05,0.9766700628905276,0.02328253969159671,1,Low volatility
1992-12-01,430.7799987792969,-0.0013223235568817,-0.1397652764295391,4.3137293195038185e-05,0.9770312643787848,0.02292559832802003,1,Low volatility
1992-12-02,429.8900146484375,-0.0020681200325052,-0.2054263107339482,4.402631346137923e-05,0.9761582891950262,0.023797684491512344,1,Low volatility
1992-12-03,429.9100036621094,4.649689055558071e-05,-0.0192522822100154,4.053905113522904e-05,0.9779430411535232,0.022016419795341587,1,Low volatility
1992-12-04,432.05999755859375,0.0049885688646567,0.4158551070479228,4.674238155941072e-05,0.9754300188236885,0.02452323879475205,1,Low volatility
1992-12-07,435.30999755859375,0.0074939535102727,0.6364329088188442,7.643506047806016e-05,0.965583578455119,0.034339986484402944,1,Low volatility
1992-12-08,436.989990234375,0.0038518738426054,0.3157787815676181,6.873896509129207e-05,0.9705222665279692,0.029408994506939477,1,Low volatility
1992-12-09,435.6499938964844,-0.00307113452393,-0.2937332028712488,6.614511932646952e-05,0.9701583462657569,0.029775508614916558,1,Low volatility
1992-12-10,434.6400146484375,-0.0023210187214317,-0.2276918885851447,6.11737148286187e-05,0.9717430668463687,0.028195759438802554,1,Low volatility
1992-12-11,433.7300109863281,-0.0020958899279435,-0.2078712137558882,5.6388809796250106e-05,0.9731034990629649,0.026840112127238854,1,Low volatility
1992-12-14,432.8399963378906,-0.0020541097749902,-0.2041928267616126,5.300647000841931e-05,0.9739544678795474,0.02599252565044428,1,Low volatility
1992-12-15,432.5700073242188,-0.0006239563242598,-0.0782799834346563,4.64580357764778e-05,0.9763238287784168,0.023629713185806627,1,Low volatility
1992-12-16,431.5199890136719,-0.0024303459867187,-0.237317224117088,4.739838636692176e-05,0.9751041877711987,0.024848413842434514,1,Low volatility
1992-12-17,435.4299926757813,0.009020197833264,0.7708057358894738,0.00010590911516095008,0.9562018193574554,0.04369227152738365,1,Low volatility
1992-12-18,441.2799987792969,0.0133455600735796,1.151617080167982,0.0006458279851182255,0.8506333354123635,0.14872083660251836,1,Low volatility
1992-12-21,440.7000122070313,-0.0013151922915319,-0.1391374291896127,0.0003759114383409067,0.9047225432077903,0.09490154535386856,1,Low volatility
1992-12-22,440.30999755859375,-0.0008853808006543,-0.1012961843334348,0.00021991213162221349,0.9380400171800186,0.061740070688359086,1,Low volatility
1992-12-23,439.0299987792969,-0.0029112736567915,-0.2796588136455042,0.0001584899192854916,0.9506136613657585,0.04922784871495598,1,Low volatility
1992-12-24,439.7699890136719,0.0016840928983814,0.1249241133095807,9.945043238839116e-05,0.9649506454118038,0.03494990415580791,1,Low volatility
1992-12-28,439.1499938964844,-0.0014108115234119,-0.1475558890105511,7.208283488324977e-05,0.9705094530793937,0.02941846408572301,1,Low volatility
1992-12-29,437.9800109863281,-0.0026677541471205,-0.2582189927279641,6.423144660952841e-05,0.9711752393277153,0.028760529225675104,1,Low volatility
1992-12-30,438.8200073242188,0.0019160505869866,0.1453460142523875,5.165351465834681e-05,0.9755121292639056,0.024436217221436164,1,Low volatility
1992-12-31,435.7099914550781,-0.0071124580838102,-0.6495373579910044,0.00010558864887576347,0.9540174843680532,0.0458769269830711,1,Low volatility
1993-01-04,435.3800048828125,-0.0007576406328571,-0.0900497493958457,8.599391036378936e-05,0.9655421312803871,0.03437187480924908,1,Low volatility
1993-01-05,434.3399963378906,-0.0023915950861796,-0.2339055370244434,7.364924500997917e-05,0.9688968376316572,0.031029513123332787,1,Low volatility
1993-01-06,434.5199890136719,0.000414319180054,0.0131313408803066,5.617797521994172e-05,0.9743748977302166,0.025568924294563578,1,Low volatility
1993-01-07,430.7300109863281,-0.0087604790895472,-0.7946315858788711,0.0001669892170131331,0.9353888054052374,0.06444420537774953,1,Low volatility
1993-01-08,429.0499877929688,-0.0039080353903493,-0.3674152036522349,0.00016761763085347862,0.9438260504440235,0.056006331925122964,1,Low volatility
1993-01-11,430.9500122070313,0.0044186686174452,0.3656802390975727,0.0001302105344585619,0.9567625449586186,0.043107244506923006,1,Low volatility
1993-01-12,431.0400085449219,0.0002088106266908,-0.0049619387385724,8.488625621328797e-05,0.9679775831773463,0.03193753056644054,1,Low volatility
1993-01-13,433.0299987792969,0.004606093802181,0.3821814319654515,7.210944576268665e-05,0.9703893559393209,0.029538534614916557,1,Low volatility
1993-01-14,435.9400024414063,0.0066976179525486,0.5663223383313275,8.576078765360016e-05,0.9653760921734688,0.03453814703887762,1,Low volatility
1993-01-15,437.1499938964844,0.0027717468641439,0.2206827910340265,6.632062468260981e-05,0.9718889631570307,0.028044716218286685,1,Low volatility
1993-01-18,436.8399963378906,-0.0007093847184922,-0.0858012267062535,5.2412625752872864e-05,0.9751542405314625,0.024793346842784603,1,Low volatility
1993-01-19,435.1300048828125,-0.0039221387083836,-0.3686568808115189,6.0243100362974624e-05,0.9706026057153554,0.029337151184281623,1,Low volatility
1993-01-20,433.3699951171875,-0.0040529929185826,-0.3801774806877381,7.214520558306139e-05,0.9670886999524182,0.03283915484199876,1,Low volatility
1993-01-21,435.489990234375,0.0048799561725783,0.4062926836072759,7.230897091191048e-05,0.9692124685954854,0.030715222433602807,1,Low volatility
1993-01-22,436.1099853515625,0.0014226600255264,0.1019071731738938,5.5453823392302554e-05,0.9746508631944775,0.025293682982130212,1,Low volatility
1993-01-25,440.010009765625,0.0089030046033879,0.7604878691005404,0.00010880889504310345,0.9566205758011703,0.04327061530378656,1,Low volatility
1993-01-26,439.9500122070313,-0.0001363642828957,-0.0353516527157436,8.11224991817364e-05,0.967636267262028,0.03228261023879018,1,Low volatility
1993-01-27,438.1099853515625,-0.0041911248753034,-0.3923388242247896,8.566460792824235e-05,0.9645297039931652,0.035384631398906456,1,Low volatility
1993-01-28,438.6600036621094,0.0012546469190075,0.0871150486314642,6.441705550511899e-05,0.9722660077028747,0.027669575241620132,1,Low volatility
1993-01-29,438.7799987792969,0.0002735118471957,0.0007344532369429,4.9858056597444555e-05,0.9760508274435074,0.023899314499895276,1,Low volatility
1993-02-01,442.5199890136719,0.0084874906110963,0.7239053973490999,9.272976145350856e-05,0.9607045165455128,0.03920275369303366,1,Low volatility
1993-02-02,442.5499877929688,6.778849151967137e-05,-0.017377737898003,7.166649164441435e-05,0.9699382639528348,0.029990069555520724,1,Low volatility
1993-02-03,447.2000122070313,0.0104525243059789,0.8969098953136926,0.00019209310505507576,0.9366352656350383,0.06317264125990664,1,Low volatility
1993-02-04,449.55999755859375,0.0052633720819388,0.4400491922530546,0.00016233079899306783,0.9492534410628718,0.05058422813813512,1,Low volatility
1993-02-05,448.9299926757813,-0.001402363950425,-0.1468121520825667,0.00010933390816044441,0.961831598126283,0.03805906796555645,1,Low volatility
1993-02-08,447.8500061035156,-0.0024085887192981,-0.2354016818355562,8.538073841072657e-05,0.9666821403182612,0.03323247894332811,1,Low volatility
1993-02-09,445.3299865722656,-0.0056428183314825,-0.520148081765157,0.00011254890085776627,0.9563993329779334,0.04348811812120876,1,Low volatility
1993-02-10,446.2300109863281,0.0020189885644468,0.1544088273524226,8.230623377981705e-05,0.9677926343460573,0.03212505942016286,1,Low volatility
1993-02-11,447.6600036621094,0.0031994851093877,0.2583415042517052,6.375516265544681e-05,0.9726985443245272,0.027237700512817438,1,Low volatility
1993-02-12,444.5799865722656,-0.0069040378324656,-0.6311877281381274,0.00011553894726671372,0.9528417299857825,0.04704273106695076,1,Low volatility
1993-02-16,433.9100036621094,-0.0242928382960769,-2.162123661831256,0.017594569415287836,0.020442397928163727,0.9619630326565484,2,Medium volatility
1993-02-17,433.2999877929688,-0.0014068471898713,-0.1472068631715837,0.009520377273486171,0.07077984649812122,0.9196997762283926,2,Medium volatility
1993-02-18,431.8999938964844,-0.0032362347387486,-0.3082688720828878,0.006174772089760034,0.1337761874204825,0.8600490404897574,2,Medium volatility
1993-02-19,434.2200012207031,0.0053572550824707,0.4483147916759701,0.004677660100922206,0.21995348693287084,0.775368852966207,2,Medium volatility
1993-02-22,435.239990234375,0.0023462597281316,0.1832222688313279,0.0032173591080891187,0.36872442033493374,0.6280582205569771,2,Medium volatility
1993-02-23,434.7999877929688,-0.0010114534734722,-0.112395810525452,0.0021904256253150655,0.5285666712241951,0.46924290315048983,1,Low volatility
1993-02-24,440.8699951171875,0.0138639091614241,1.1972533071428584,0.005863115873768583,0.2641198708231809,0.7300170133030505,2,Medium volatility
1993-02-25,442.3399963378906,0.0033287725281985,0.2697241614767442,0.0035346855080427677,0.41354333011909916,0.5829219843728581,2,Medium volatility
1993-02-26,443.3800048828125,0.0023483923168825,0.1834100251263855,0.0021209166343439012,0.5815253112788413,0.4163537720868147,1,Low volatility
1993-03-01,442.010009765625,-0.003094672828678,-0.2958055503360634,0.001462234182629312,0.689544892850394,0.3089928729669767,1,Low volatility
1993-03-02,447.8999938964844,0.0132374512364608,1.1420990168696366,0.004084758495951058,0.45102181627939353,0.5448934252246554,2,Medium volatility
1993-03-03,449.260009765625,0.0030318268878648,0.2435806243137463,0.002222081086871357,0.6111915438514173,0.3865863750617114,1,Low volatility
1993-03-04,447.3399963378906,-0.0042828827784457,-0.4004173269032721,0.0016008694526966852,0.687556723801501,0.3108424067458022,1,Low volatility
1993-03-05,446.1099853515625,-0.002753398150129,-0.2657592185178576,0.001016608538845011,0.7803823482748229,0.21860104318633208,1,Low volatility
1993-03-08,454.7099914550781,0.0190943087740658,1.657745491829462,0.011143031112669318,0.15100065011374256,0.8378563187735881,2,Medium volatility
1993-03-09,454.3999938964844,-0.0006819803447406,-0.0833885047589014,0.005866558078109662,0.2741021947455711,0.7200312471763193,2,Medium volatility
1993-03-10,456.3299865722656,0.004238348591361,0.3498045949969646,0.0036461909582038558,0.4119988214144162,0.5843549876273799,2,Medium volatility
1993-03-11,453.7200012207031,-0.0057359321849954,-0.5283459643370945,0.0031158964171729194,0.4537212193964436,0.5431628841863835,2,Medium volatility
1993-03-12,449.8299865722656,-0.0086105666213747,-0.781433068539266,0.003984018140309402,0.3645248236063486,0.6314911582533421,2,Medium volatility
1993-03-15,451.4299926757813,0.0035506020932158,0.2892543673095836,0.0025370362511925168,0.5206396311058067,0.4768233326430009,1,Low volatility
1993-03-16,451.3699951171875,-0.0001329143985229,-0.0350479197489724,0.0015027931085406362,0.6775539677882746,0.32094323910318473,1,Low volatility
1993-03-17,448.30999755859375,-0.006802439496595,-0.6222428590821384,0.0016953125893237671,0.6659648489204039,0.33233983849027243,1,Low volatility
1993-03-18,451.8900146484375,0.0079538678407722,0.6769244525832078,0.0016609177276084514,0.6942560942223422,0.30408298805004924,1,Low volatility
1993-03-19,450.1799926757813,-0.0037913332826109,-0.3571405759889683,0.0011301033656433675,0.7677968425064181,0.23107305412793847,1,Low volatility
1993-03-22,448.8800048828125,-0.0028918841956739,-0.277951736563218,0.0007222415122754331,0.8374257825309112,0.1618519759568133,1,Low volatility
1993-03-23,448.760009765625,-0.0002673568823672,-0.0468844365899651,0.0003971189692450549,0.9007207723964911,0.09888210863426382,1,Low volatility
1993-03-24,448.0700073242188,-0.0015387588827433,-0.1588205653999026,0.00023983022264273458,0.9336876801240497,0.06607248965330756,1,Low volatility
1993-03-25,450.8800048828125,0.0062517529844576,0.5270677213924606,0.00020658265584525223,0.9420684942727752,0.05772492307137956,1,Low volatility
1993-03-26,447.7799987792969,-0.006899201894603,-0.6307619649543785,0.0002806547095943542,0.9223864708853173,0.07733287440508832,1,Low volatility
1993-03-29,450.7699890136719,0.0066551695751195,0.562585119857335,0.000257887216962923,0.9312215004157722,0.06852061236726482,1,Low volatility
1993-03-30,451.9700012207031,0.0026586014286191,0.2107212980983429,0.00015308868669877131,0.95371830721563,0.046128604097671354,1,Low volatility
1993-03-31,451.6700134277344,-0.0006639542276261,-0.0818014585165054,9.668227397733606e-05,0.9655216965513616,0.034381621174661085,1,Low volatility
1993-04-01,450.2999877929688,-0.0030378542224793,-0.2908031554834697,8.159114846998262e-05,0.9671748930902073,0.032743515761322714,1,Low volatility
1993-04-02,441.3900146484375,-0.0199851286338352,-1.782866476860758,0.006850753047008712,0.20281509578338414,0.7903341511696071,2,Medium volatility
1993-04-05,442.2900085449219,0.0020369232845371,0.1559878268644606,0.00402845395779028,0.3488574239660229,0.6471141220761868,2,Medium volatility
1993-04-06,441.1600036621094,-0.0025581651105266,-0.2485706104596469,0.002697004464092361,0.4830324591985544,0.5142705363373532,2,Medium volatility
1993-04-07,442.7300109863281,0.0035524984994861,0.2894213297467085,0.0017579519265579922,0.6340137967278713,0.36422825134557074,1,Low volatility
1993-04-08,441.8399963378906,-0.0020123109339067,-0.2005127944364749,0.001119931952088145,0.749849094426222,0.24903097362168983,1,Low volatility
1993-04-12,448.3699951171875,0.0146709562155287,1.2683069337512871,0.004727547269555822,0.4194637990904389,0.5758086536400052,2,Medium volatility
1993-04-13,449.2200012207031,0.0018939746678867,0.1434024174016407,0.0024323717486525926,0.5899151613180471,0.4076524669333004,1,Low volatility
1993-04-14,448.6600036621094,-0.0012473774405465,-0.1331669085416328,0.0013568564821152846,0.7246220720183841,0.27402107149950045,1,Low volatility
1993-04-15,448.3999938964844,-0.0005796931612467,-0.0743829885305237,0.0007541769970120816,0.8281351806033249,0.1711106423996632,1,Low volatility
1993-04-16,448.9400024414063,0.0012035763753175,0.0826187217771834,0.0004123169880560207,0.8971690196349018,0.10241866337704209,1,Low volatility
1993-04-19,447.4599914550781,-0.003302124813131,-0.3140699325273286,0.0002923565920810348,0.9221551059588551,0.07755253744906399,1,Low volatility
1993-04-20,445.1000061035156,-0.005288139413933,-0.4889216207486997,0.00028359448528779104,0.9231638360355406,0.07655256947917163,1,Low volatility
1993-04-21,443.6300048828125,-0.0033080970443473,-0.3145957366730769,0.00020963601477427886,0.9391913531186065,0.06059901086661917,1,Low volatility
1993-04-22,439.4599914550781,-0.0094442116651647,-0.8548284218388829,0.0005372917629008028,0.8707324699240538,0.12873023831304523,1,Low volatility
1993-04-23,437.0299987792969,-0.0055448411932816,-0.511522028354166,0.000516636773045919,0.8775957771391167,0.12188758608783741,1,Low volatility
1993-04-26,433.5400085449219,-0.0080177559552705,-0.7292411331314915,0.0008011455893160127,0.8303316190216726,0.1688672353890115,1,Low volatility
1993-04-27,438.010009765625,0.0102576795850604,0.8797554754117122,0.0012691066738646833,0.7769193750250654,0.22181151830106988,1,Low volatility
1993-04-28,438.0199890136719,2.2782891136330363e-05,-0.0213400980957909,0.0006242919442591274,0.8646480894641414,0.1347276185915996,1,Low volatility
1993-04-29,438.8900146484375,0.00198429922479,0.1513547261389538,0.00033018652840134845,0.917691820405436,0.08197799306616271,1,Low volatility
1993-04-30,440.1900024414063,0.0029576118563259,0.2370466222219497,0.00019231583221794858,0.9457360672034342,0.054071616964347854,1,Low volatility
1993-05-03,442.4599914550781,0.0051435881357955,0.4295032349390872,0.00014431194231136264,0.9554358173756156,0.04441987068207295,1,Low volatility
1993-05-04,444.0499877929688,0.0035870956447583,0.29246731402902,9.838929066372017e-05,0.9653815795889816,0.0345200311203546,1,Low volatility
1993-05-05,444.5199890136719,0.0010578823881139,0.0697916057952742,6.594374462403309e-05,0.9727124152402086,0.027221641015167473,1,Low volatility
1993-05-06,443.260009765625,-0.0028384962395113,-0.2732513812576983,6.024674862705241e-05,0.972088054842821,0.027851698408551867,1,Low volatility
1993-05-07,442.30999755859375,-0.0021455391750162,-0.21224240753567,5.588677809491826e-05,0.9732066637638148,0.02673744945809035,1,Low volatility
1993-05-10,442.7999877929688,0.0011071850787791,0.0741322882319416,4.6514018886097034e-05,0.976716668037253,0.02323681794386096,1,Low volatility
1993-05-11,444.3599853515625,0.0035168384816133,0.2862817685750305,4.386166692789549e-05,0.977116509824116,0.02283962850895617,1,Low volatility
1993-05-12,444.7999877929688,0.0009897037442332,0.0637890562780804,3.880866313079431e-05,0.9787039662531475,0.021257225083721666,1,Low volatility
1993-05-13,439.2300109863281,-0.0126014966063063,-1.1328004981426458,0.00043579774075710575,0.8537678635231033,0.1457963387361395,1,Low volatility
1993-05-14,439.55999755859375,0.0007510021383181,0.0427734107946317,0.000299127880357401,0.9119166567470823,0.08778421537256037,1,Low volatility
1993-05-17,440.3699951171875,0.0018410505247556,0.1387428968873376,0.0001851122222063658,0.9441984935741531,0.05561639420364056,1,Low volatility
1993-05-18,440.3200073242188,-0.0001135196104957,-0.0333403736776182,0.00011486229247670929,0.9610824678229556,0.03880266988456768,1,Low volatility
1993-05-19,447.5700073242188,0.0163312144884972,1.414478548901957,0.0016837233749617726,0.7128364121256774,0.28547986449936086,1,Low volatility
1993-05-20,450.5899963378906,0.006724860565197,0.5687208185898361,0.0012628132892164921,0.7684061352983073,0.23033105141247628,1,Low volatility
1993-05-21,445.8399963378906,-0.0105976919451462,-0.9563825464678652,0.002849597547404971,0.5714568984193819,0.4256935040332133,1,Low volatility
1993-05-24,448.0,0.0048330973676584,0.4021671645174505,0.0017178600005699266,0.6908064053950418,0.3074757346043883,1,Low volatility
1993-05-25,448.8500061035156,0.0018955373858311,0.143540001420752,0.0008984634831274973,0.8090091429009575,0.19009239361591512,1,Low volatility
1993-05-26,453.4400024414063,0.0101741920856879,0.8724051114190369,0.001392701197761668,0.7563514664090554,0.24225583239318296,1,Low volatility
1993-05-27,452.4100036621094,-0.0022741054617174,-0.223561575213984,0.0007777293030403227,0.836408015629589,0.16281425506737077,1,Low volatility
1993-05-28,450.1900024414063,-0.0049191351258617,-0.4564339327406977,0.0006310087271226298,0.8596694580742882,0.1396995331985892,1,Low volatility
1993-06-01,453.8299865722656,0.0080529276919696,0.6856458296616181,0.0006548364303223803,0.8636189051528316,0.135726258416846,1,Low volatility
1993-06-02,453.8500061035156,4.4111430051785305e-05,-0.0194623017114358,0.0003371428045885945,0.9167551967801378,0.08290766041527342,1,Low volatility
1993-06-03,452.489990234375,-0.0030011185546445,-0.2875688924844664,0.0002281190068709964,0.9367773122018878,0.06299456879124112,1,Low volatility
1993-06-04,450.05999755859375,-0.0053847400813253,-0.4974264876162614,0.00022998696666656765,0.9339898339472836,0.06578017908604976,1,Low volatility
1993-06-07,447.6900024414063,-0.0052798677201488,-0.4881933684881002,0.00023293870225620352,0.9326927973509348,0.06707426394680897,1,Low volatility
1993-06-08,444.7099914550781,-0.0066786689456659,-0.6113459151355516,0.00030795365871719155,0.9161040303367675,0.08358801600451526,1,Low volatility
1993-06-09,445.7799987792969,0.0024031889205318,0.1882343998580759,0.00018448024421729628,0.9458405896772558,0.05397493007852693,1,Low volatility
1993-06-10,445.3800048828125,-0.0008976927189321,-0.1023801439857191,0.0001160466310004041,0.9609016011207547,0.038982352248244964,1,Low volatility
1993-06-11,447.260009765625,0.0042122415121452,0.347506088795868,8.807492746930447e-05,0.9671852959512096,0.032726629121321085,1,Low volatility
1993-06-14,447.7099914550781,0.0010055794646914,0.0651867783908613,6.132933003067496e-05,0.9736350343195233,0.026303636350446063,1,Low volatility
1993-06-15,446.2699890136719,-0.0032215568989908,-0.3069766131739867,6.0080981260991035e-05,0.9716824333718598,0.028257485646879306,1,Low volatility
1993-06-16,447.4299926757813,0.0025959591301667,0.2052061766918608,5.136926205477209e-05,0.9753620975306475,0.024586533207297763,1,Low volatility
1993-06-17,448.5400085449219,0.0024777982198926,0.1948031138770874,4.41774272119539e-05,0.9773665407927182,0.02258928178006985,1,Low volatility
1993-06-18,443.6799926757813,-0.0108943173890843,-0.9824978930625208,0.00026689981200691106,0.9021931346420722,0.09753996554592095,1,Low volatility
1993-06-21,446.2200012207031,0.0057085413193345,0.4792425560236056,0.0002593317450212138,0.9243032349625818,0.07543743329239708,1,Low volatility
1993-06-22,445.9299926757813,-0.0006501340741369,-0.0805847115862012,0.00016227720173438476,0.9495182299830393,0.05031949281522621,1,Low volatility
1993-06-23,443.1900024414063,-0.0061633950944406,-0.5659804365803143,0.0002028357891405015,0.9375724557154853,0.06222470849537416,1,Low volatility
1993-06-24,446.6199951171875,0.0077095327635898,0.6554128278852879,0.00023812072397622568,0.9338924664024998,0.065869412873524,1,Low volatility
1993-06-25,447.6000061035156,0.0021918797999349,0.1696304296465674,0.00014194547332960631,0.9557460225050499,0.04411203202162053,1,Low volatility
1993-06-28,451.8500061035156,0.0094502897819364,0.808671672668297,0.00024170024405739736,0.9325457476286418,0.06721255212730087,1,Low volatility
1993-06-29,450.6900024414063,-0.0025705326963167,-0.2496594711627597,0.00016763018096172523,0.9486368595364889,0.051195510282549386,1,Low volatility
1993-06-30,450.5299987792969,-0.0003550823629616,-0.0546079187717012,0.0001057220469810019,0.9631843582872575,0.03670991966576157,1,Low volatility
1993-07-01,449.0199890136719,-0.0033572590838,-0.3189240359671702,9.11753933437161e-05,0.9646987785276272,0.03521004607902901,1,Low volatility
1993-07-02,445.8399963378906,-0.0071072706653954,-0.6490806499350957,0.00016075939214914834,0.9429057200348974,0.05693352057295362,1,Low volatility
1993-07-06,441.4299926757813,-0.0099406945621582,-0.8985395167509214,0.0005410113829535521,0.8627512445944642,0.13670774402258226,1,Low volatility
1993-07-07,442.8299865722656,0.0031664784092972,0.2554355451358408,0.0003309723321467028,0.9135983682461346,0.08607065942171878,1,Low volatility
1993-07-08,448.6400146484375,0.0130348981624655,1.1242659420633363,0.0012779780508451538,0.7801041211728689,0.21861790077628587,1,Low volatility
1993-07-09,448.1099853515625,-0.0011821117559991,-0.1274208203097396,0.0006502360078318957,0.8612703725916595,0.13807939140050868,1,Low volatility
1993-07-12,448.9800109863281,0.0019396624889171,0.1474248413229428,0.00034096222377428826,0.9158241672064544,0.08383487056977121,1,Low volatility
1993-07-13,448.0899963378906,-0.0019842708666981,-0.1980441050888313,0.00020977023520323449,0.940916585193338,0.05887364457145874,1,Low volatility
1993-07-14,450.0799865722656,0.0044312179842895,0.3667851040758811,0.00014593367051601538,0.9550223476768543,0.044831718652629776,1,Low volatility
1993-07-15,449.2200012207031,-0.0019125667194082,-0.1917311649920919,0.0001007929096824089,0.9639576859710327,0.035941521119284774,1,Low volatility
1993-07-16,445.75,-0.007754491444782,-0.7060629328860865,0.00019512863007354112,0.9350258712440369,0.06477900012588955,1,Low volatility
1993-07-19,446.0299987792969,0.0006279548518266,0.0319401441281081,0.00012803055951441966,0.9567611538409361,0.043110815599549435,1,Low volatility
1993-07-20,447.30999755859375,0.0028656494962362,0.2289501188488062,8.833769755553019e-05,0.9672035592786054,0.03270810302383915,1,Low volatility
1993-07-21,447.1799926757813,-0.0002906793483372,-0.0489377812867731,6.266010784465737e-05,0.9730705630433323,0.026866776848823097,1,Low volatility
1993-07-22,444.510009765625,-0.0059886078848077,-0.5505919098940182,9.433678260829501e-05,0.9596491770781882,0.04025648613920361,1,Low volatility
1993-07-23,447.1000061035156,0.00580972303311,0.4881507450488189,0.00010152666959405722,0.9616626894157382,0.03823578391466778,1,Low volatility
1993-07-26,449.0899963378906,0.0044410080442611,0.367647035560741,8.509748680694328e-05,0.967099043103559,0.03281585940963411,1,Low volatility
1993-07-27,448.239990234375,-0.0018945234651095,-0.1901426099664334,6.803666934912267e-05,0.9708521025735638,0.029079860757087017,1,Low volatility
1993-07-28,447.1900024414063,-0.002345215779691,-0.2298222336918327,6.0723216930914524e-05,0.9720960484376721,0.027843228345397132,1,Low volatility
1993-07-29,450.239990234375,0.0067971865454641,0.5750885057895482,7.958761708075198e-05,0.9661780493239008,0.03374236305901836,1,Low volatility
1993-07-30,448.1300048828125,-0.0046973724474748,-0.4369096157065814,9.49063903171229e-05,0.9612438289699233,0.03866126463975954,1,Low volatility
1993-08-02,450.1499938964844,0.0044974672069093,0.3726177844669254,8.453497058925999e-05,0.9667185899751526,0.033196875054258265,1,Low volatility
1993-08-03,449.2699890136719,-0.0019568281344453,-0.1956280060018098,6.880675364757317e-05,0.9705154986990562,0.029415694547296256,1,Low volatility
1993-08-04,448.5400085449219,-0.0016261361125256,-0.1665133870606156,5.790110926176623e-05,0.9732316243878723,0.02671047450286609,1,Low volatility
1993-08-05,448.1300048828125,-0.0009145029599384,-0.1038601426816868,4.920456917984196e-05,0.9756539412792815,0.024296854151538705,1,Low volatility
1993-08-06,448.6799926757813,0.0012265426643693,0.0846407081267629,4.191146005899869e-05,0.9779616338049371,0.02199645473500401,1,Low volatility
1993-08-09,450.7200012207031,0.0045363843833055,0.376044110734082,4.4829645409742205e-05,0.9763067866023626,0.023648383752227678,1,Low volatility
1993-08-10,449.4500122070313,-0.0028216666570637,-0.2717696797123847,4.8901660956324826e-05,0.9742859042242082,0.025665194114835477,1,Low volatility
1993-08-11,450.4599914550781,0.0022446237245681,0.1742740834554627,4.466328107097068e-05,0.9769515191431294,0.02300381757579963,1,Low volatility
1993-08-12,448.9599914550781,-0.0033354860225136,-0.3170071031701318,5.069952882610132e-05,0.973456125236228,0.026493175234945827,1,Low volatility
1993-08-13,450.1400146484375,0.002624900151015,0.2077541873419998,4.6924728961684174e-05,0.9762655529936,0.02368752227743845,1,Low volatility
1993-08-16,452.3800048828125,0.0049638673610346,0.4136803498189546,5.107737195371402e-05,0.9744832576825674,0.02546566494547887,1,Low volatility
1993-08-17,453.1300048828125,0.001656525413118,0.1224970307813975,4.4119756769729756e-05,0.9772968606990657,0.02265901954416451,1,Low volatility
1993-08-18,456.0400085449219,0.0064014728961776,0.540249285774729,5.897893624769762e-05,0.9712837860590962,0.02865723500465602,1,Low volatility
1993-08-19,456.4299926757813,0.0008547878923872,0.0519108634120404,4.968341867230905e-05,0.9757149588346746,0.024235357746653082,1,Low volatility
1993-08-20,456.1600036621094,-0.0005916984026397,-0.075439947892365,4.327901712673753e-05,0.977278631676484,0.022678089306389208,1,Low volatility
1993-08-23,455.2300109863281,-0.0020408233217734,-0.2030230675994726,4.359420318455356e-05,0.9763434791780166,0.0236129266187989,1,Low volatility
1993-08-24,459.7699890136719,0.0099235306754756,0.850336506923445,0.00012376275282937604,0.9499920226777859,0.04988421456938469,1,Low volatility
1993-08-25,460.1300048828125,0.0007827283180992,0.0455666309921569,9.200183184718535e-05,0.9646918148063538,0.035216183361799075,1,Low volatility
1993-08-26,461.0400085449219,0.0019757567981368,0.1506026381526842,6.648786257100741e-05,0.9721369705427287,0.027796541594700214,1,Low volatility
1993-08-27,460.5400085449219,-0.0010850930788155,-0.1188791512365585,5.3132936486874795e-05,0.9748741502520216,0.02507271681149159,1,Low volatility
1993-08-30,461.8999938964844,0.0029486716390172,0.2362595121529397,4.631594610194205e-05,0.976736045141144,0.02321763891275409,1,Low volatility
1993-08-31,463.55999755859375,0.0035874169769183,0.2924956045917546,4.4017367357455865e-05,0.977041202734437,0.02291477989820553,1,Low volatility
1993-09-01,463.1499938964844,-0.0008848586777778,-0.1012502158564769,4.079949600157469e-05,0.9777104996899965,0.022248700814002,1,Low volatility
1993-09-02,461.2999877929688,-0.0040023984202326,-0.3757230655753627,5.272728259197959e-05,0.9720583271528564,0.02788894556455149,1,Low volatility
1993-09-03,461.3399963378906,8.672623262651058e-05,-0.0157104309193469,4.780105950286708e-05,0.9758481356110094,0.02410406332948785,1,Low volatility
1993-09-07,458.5199890136719,-0.0061314030477639,-0.5631638090646762,8.335231441472975e-05,0.9612083349687895,0.03870831271679571,1,Low volatility
1993-09-08,456.6499938964844,-0.0040866675145592,-0.3831422423537921,9.710808385695761e-05,0.9605490496538674,0.03935384226227562,1,Low volatility
1993-09-09,457.5,0.0018596649437379,0.1403817381038124,7.295623430786426e-05,0.970042699322935,0.029884344442757185,1,Low volatility
1993-09-10,461.7200012207031,0.0091817646749525,0.7850303216595991,0.00014105142378625202,0.9499027738369116,0.04995617473930213,1,Low volatility
1993-09-13,462.05999755859375,0.0007360981049426,0.0414612374621892,9.588969089617148e-05,0.9646369120204593,0.0352671982886444,1,Low volatility
1993-09-14,459.8999938964844,-0.0046856862209905,-0.4358807428932132,0.00010333137887364404,0.9601778762443351,0.039718792376791205,1,Low volatility
1993-09-15,461.6000061035156,0.0036896671419306,0.3014978616577876,8.227190819323409e-05,0.9678123450458247,0.032105383045982115,1,Low volatility
1993-09-16,459.4299926757813,-0.0047121536669338,-0.4382109763185995,9.268768231752408e-05,0.9623724517870004,0.03753486053068211,1,Low volatility
1993-09-17,458.8299865722656,-0.0013068329285106,-0.1384014583985926,7.370530100791782e-05,0.9692568664620638,0.030669428236928344,1,Low volatility
1993-09-20,455.0499877929688,-0.0082724656232944,-0.7516661522840693,0.00018063474273401453,0.9349785883000352,0.0648407769572307,1,Low volatility
1993-09-21,452.9500122070313,-0.0046255051323118,-0.4305823100668778,0.00019111698283172705,0.9387702297380633,0.06103865327910489,1,Low volatility
1993-09-22,456.2000122070313,0.0071495655429965,0.6061124784166443,0.00020838725284254742,0.9395084490034918,0.060283163743665644,1,Low volatility
1993-09-23,457.739990234375,0.0033699793873998,0.2733520748338455,0.0001354177933436988,0.9569854516863305,0.04287913052032585,1,Low volatility
1993-09-24,457.6300048828125,-0.0002403079687525,-0.0445030098833465,8.674623043814805e-05,0.9677414158320164,0.032171837937545474,1,Low volatility
1993-09-27,461.7999877929688,0.0090708624598017,0.7752663251921126,0.00015254293216814614,0.9485718311378064,0.0512756259300255,1,Low volatility
1993-09-28,461.5299987792969,-0.0005848158844461,-0.0748340007231552,0.00010339088980651934,0.9628543393100082,0.03704226980018528,1,Low volatility
1993-09-29,460.1099853515625,-0.0030814951083781,-0.2946453641821368,8.821419295470494e-05,0.9653923866339401,0.034519399173105286,1,Low volatility
1993-09-30,458.9299926757813,-0.0025678824695347,-0.2494261412432238,7.570634477013175e-05,0.9683783878765941,0.031545905778635794,1,Low volatility
1993-10-01,461.2799987792969,0.0051075542193066,0.4263307551754603,7.302619731593974e-05,0.9694042191016239,0.03052275470106031,1,Low volatility
1993-10-04,461.3399963378906,0.0001300590904076,-0.011895341475684,5.566593191200227e-05,0.9745027561965774,0.025441577871510572,1,Low volatility
1993-10-05,461.2000122070313,-0.0003034754712798,-0.0500643710400902,4.572276519211429e-05,0.9768715569731511,0.023082720261656753,1,Low volatility
1993-10-06,460.739990234375,-0.0009979434878966,-0.1112063712409743,4.166238248584337e-05,0.9775065112964819,0.022451826321032195,1,Low volatility
1993-10-07,459.1799926757813,-0.0033915972757476,-0.3219472216124736,4.9270620866431455e-05,0.973660467038944,0.026290262340189476,1,Low volatility
1993-10-08,460.30999755859375,0.0024578961461259,0.193050905612451,4.597591996035101e-05,0.9764938946606222,0.023460129419417424,1,Low volatility
1993-10-11,460.8800048828125,0.0012375457733071,0.085609438252252,4.0125075052412527e-05,0.978388357918402,0.021571517006545665,1,Low volatility
1993-10-12,461.1199951171875,0.0005205862034598,0.0224872481517137,3.643670715050243e-05,0.979272391931499,0.02069117136135052,1,Low volatility
1993-10-13,461.489990234375,0.0008020618525632,0.047268784208428,3.4419147473408455e-05,0.9797799828380662,0.020185598014460356,1,Low volatility
1993-10-14,466.8299865722656,0.0115047728611861,0.9895514278745202,0.00015940630823247712,0.9365127062411482,0.0633278874506193,1,Low volatility
1993-10-15,469.5,0.0057031617124385,0.4787689274071025,0.00016203177477062104,0.9470590090245251,0.052778959200704266,1,Low volatility
1993-10-18,468.4500122070313,-0.0022389001927765,-0.2204620508166719,0.00011991804826727607,0.958470046490662,0.04141003546107068,1,Low volatility
1993-10-19,466.2099914550781,-0.0047932403909651,-0.4453499724687224,0.00012611159889871774,0.9550623401515984,0.044811548249502814,1,Low volatility
1993-10-20,466.0700073242188,-0.0003003049128906,-0.0497852303496179,8.750070771871164e-05,0.9666598012655497,0.03325269802673152,1,Low volatility
1993-10-21,465.3599853515625,-0.0015245850268259,-0.1575726779801611,6.738335768041236e-05,0.9712643182735137,0.028668298368806033,1,Low volatility
1993-10-22,463.2699890136719,-0.0045012543734728,-0.419643087899522,7.804215601222179e-05,0.9657996208684344,0.034122336975553294,1,Low volatility
1993-10-25,464.2000122070313,0.0020055063858723,0.1532218362378047,6.200549086154607e-05,0.9726928462874226,0.027245148221716003,1,Low volatility
1993-10-26,464.2999877929688,0.0002153485973588,-0.0043863260475177,4.8829650523130056e-05,0.9762437370710485,0.023707433278428308,1,Low volatility
1993-10-27,464.6099853515625,0.0006674437331151,0.0354168041468609,4.1048649539143985e-05,0.978215673703377,0.021743277647083756,1,Low volatility
1993-10-28,467.7300109863281,0.0066929173774479,0.5659084926870724,5.880973761807675e-05,0.9709313611230078,0.02900982913937412,1,Low volatility
1993-10-29,467.8299865722656,0.0002137235165653,-0.0045294005848977,5.047099410133365e-05,0.9753326411378187,0.02461688786807989,1,Low volatility
1993-11-01,469.1000061035156,0.0027110249837845,0.215336746101361,4.450496376451848e-05,0.9771806300936999,0.0227748649425356,1,Low volatility
1993-11-02,468.4400024414063,-0.0014079479598141,-0.1473037765994931,4.199055402326406e-05,0.977201873568012,0.022756135877964646,1,Low volatility
1993-11-03,463.0199890136719,-0.0116378044156952,-1.0479556000305894,0.0003367328835105231,0.8820586969698486,0.11760457014664089,1,Low volatility
1993-11-04,457.489990234375,-0.0120152207629251,-1.081183898276152,0.0018471040859292557,0.6523409061288844,0.34581198978518635,1,Low volatility
1993-11-05,459.5700073242188,0.0045362804227311,0.3760349578900219,0.0011688600479405546,0.7601964526313644,0.23863468732069512,1,Low volatility
1993-11-08,460.2099914550781,0.0013916028506582,0.099172853166932,0.0006254330191766469,0.855568072468488,0.14380649451233546,1,Low volatility
1993-11-09,460.3299865722656,0.0002607059350623,-0.0003929983713359,0.0003413472815657162,0.912466623575691,0.08719202914274328,1,Low volatility
1993-11-10,463.7200012207031,0.0073373300190668,0.6226435429997723,0.0003358781950499257,0.9174870279199865,0.08217709388496365,1,Low volatility
1993-11-11,462.6400146484375,-0.0023316789219389,-0.2286304285408477,0.00021204262571669616,0.9404949942497306,0.05929296312455268,1,Low volatility
1993-11-12,465.3900146484375,0.0059265497072908,0.4984363397275045,0.00017560927222425813,0.9485484510195206,0.05127593970825524,1,Low volatility
1993-11-15,463.75,-0.0035301812983217,-0.3341483657016482,0.0001387830435941644,0.9545975124740086,0.04526370448239719,1,Low volatility
1993-11-16,466.739990234375,0.0064267226020415,0.5424723075468817,0.00013588596017981722,0.9555481368364627,0.04431597720335753,1,Low volatility
1993-11-17,464.80999755859375,-0.0041436218399546,-0.3881565861269312,0.00012486491338179232,0.9564022576670954,0.043472877419522715,1,Low volatility
1993-11-18,463.6199951171875,-0.0025634740421125,-0.2490380167164144,9.919591804905956e-05,0.9630412603131022,0.03685954376884884,1,Low volatility
1993-11-19,462.6000061035156,-0.0022024776503428,-0.2172553558451067,7.945121994236424e-05,0.9678850004659694,0.03203554831408822,1,Low volatility
1993-11-22,459.1300048828125,-0.007529357995395,-0.6862418481445539,0.00015898195970096772,0.94199240178895,0.057848616251348954,1,Low volatility
1993-11-23,461.0299987792969,0.0041297091575565,0.3402398171748581,0.00012744932528452416,0.9565349354982771,0.04333761517643845,1,Low volatility
1993-11-24,462.3599853515625,0.0028806625907407,0.2302718940857449,8.859715742897886e-05,0.9670634195488244,0.03284798329374657,1,Low volatility
1993-11-26,463.05999755859375,0.0015128533065418,0.1098479241861969,6.189414660295105e-05,0.9735324949677062,0.0264056108856909,1,Low volatility
1993-11-29,461.8999938964844,-0.0025082258280937,-0.2441738815340739,5.596496011607127e-05,0.9733184101208742,0.02662562491900968,1,Low volatility
1993-11-30,461.7900085449219,-0.0002381434286213,-0.0443124405411018,4.7267855621502983e-05,0.9763005547258186,0.02365217741855991,1,Low volatility
1993-12-01,461.8900146484375,0.0002165384145929,-0.0042815727632401,4.0894449428292384e-05,0.9780980516826971,0.021861053867874545,1,Low volatility
1993-12-02,463.1099853515625,0.0026377760226816,0.2088877982919483,3.844930698666617e-05,0.9786781871846756,0.021283363508337788,1,Low volatility
1993-12-03,464.8900146484375,0.0038362747412348,0.314405413411974,4.014301311717808e-05,0.9777831865367999,0.022176670450082883,1,Low volatility
1993-12-06,466.4299926757813,0.0033070897624316,0.2678151784319469,4.0238413805480926e-05,0.9779246893098552,0.02203507227633929,1,Low volatility
1993-12-07,466.760009765625,0.0007072881251151,0.0389247638590104,3.700452719785954e-05,0.9790790927165894,0.020883902756212692,1,Low volatility
1993-12-08,466.2900085449219,-0.001007451371807,-0.1120434595244517,3.668679583431036e-05,0.9786730031876346,0.021290310016530964,1,Low volatility
1993-12-09,464.1799926757813,-0.0045353842321391,-0.4226479315719449,5.376771610391253e-05,0.9709480909314636,0.02899814135243241,1,Low volatility
1993-12-10,463.9299926757813,-0.0005387292669878,-0.0707764661694101,5.052039527978511e-05,0.9748154154450636,0.02513406415965667,1,Low volatility
1993-12-13,465.7000122070313,0.003808013211425,0.3119172261665396,4.8614725480057247e-05,0.9756986225151004,0.024252762759419445,1,Low volatility
1993-12-14,463.05999755859375,-0.0056850461498321,-0.5238658818887569,7.720946439893502e-05,0.9636144655304679,0.03630832500513321,1,Low volatility
1993-12-15,461.8399963378906,-0.0026381272274322,-0.2556105945207171,7.621071729471702e-05,0.9671325792774987,0.03279121000520653,1,Low volatility
1993-12-16,463.3399963378906,0.0032426151153153,0.2621387343155694,6.346036229812671e-05,0.9722873645435323,0.02764917509416954,1,Low volatility
1993-12-17,466.3800048828125,0.0065396450011805,0.5524141640264304,7.687677372376138e-05,0.9673393489280261,0.03258377429825005,1,Low volatility
1993-12-20,465.8500061035156,-0.0011370559414594,-0.1234540391827156,6.236317981478651e-05,0.972216603160212,0.027721033659973186,1,Low volatility
1993-12-21,465.2999877929688,-0.001181374382476,-0.1273559008447409,5.2379488977284425e-05,0.9747970309497184,0.025150589561304323,1,Low volatility
1993-12-22,467.3200073242188,0.0043319309059119,0.3580437215775448,5.142649832994582e-05,0.9748574474753345,0.02509112602633553,1,Low volatility
1993-12-23,467.3800048828125,0.0001283782131,-0.0120433284214034,4.377325727486277e-05,0.9773154211047441,0.02264080563798101,1,Low volatility
1993-12-27,470.5400085449219,0.0067383477772322,0.5699082528578431,6.206438217227716e-05,0.9701315333666379,0.029806402251189853,1,Low volatility
1993-12-28,470.9400024414063,0.0008497130387974,0.0514640657312507,5.186055904556324e-05,0.9751242610553084,0.024823878385645905,1,Low volatility
1993-12-29,470.5799865722656,-0.0007647546326952,-0.0906760765543651,4.491061172722675e-05,0.9768113349546599,0.02314375443361279,1,Low volatility
1993-12-30,468.6400146484375,-0.0041310335814372,-0.387048297067704,5.662957644909023e-05,0.9710385469731228,0.0289048234504282,1,Low volatility
1993-12-31,466.4500122070313,-0.0046840547597133,-0.4357371066085299,7.714829045001339e-05,0.9648519742842157,0.035070877425334344,1,Low volatility
1994-01-03,465.4400024414063,-0.0021676595847797,-0.214189921410812,7.104060942339715e-05,0.9690044224594859,0.030924536931090593,1,Low volatility
1994-01-04,466.8900146484375,0.0031105152672568,0.2505084666239382,5.9105480295959245e-05,0.9734512981219788,0.026489596397725024,1,Low volatility
1994-01-05,467.5499877929688,0.0014125535134299,0.1010173807718696,4.701661977743119e-05,0.976821301419158,0.02313168196106455,1,Low volatility
1994-01-06,467.1199951171875,-0.0009200952506844,-0.1043524963016289,4.1848360797564036e-05,0.9775595187567314,0.022398632882471098,1,Low volatility
1994-01-07,469.8999938964844,0.0059337195975359,0.4990675875608343,5.386318093784074e-05,0.9728879679240071,0.027058168895054965,1,Low volatility
1994-01-10,475.2699890136719,0.0113631473614441,0.9770825075981616,0.00021187372210524348,0.9281225550077499,0.07166557127014483,1,Low volatility
1994-01-11,474.1300048828125,-0.0024014844871658,-0.234776214640427,0.0001644549538424024,0.9466162492051357,0.05321929584102206,1,Low volatility
1994-01-12,474.1700134277344,8.437950895956448e-05,-0.0159170399718628,0.00010641690288396431,0.9625480072893511,0.03734557580776504,1,Low volatility
1994-01-13,472.4700012207031,-0.0035916800647788,-0.3395628088453257,9.516962277764931e-05,0.96345596196881,0.03644886840841226,1,Low volatility
1994-01-14,474.9100036621094,0.0051510646709278,0.4301614802457437,8.711260316234857e-05,0.9662895093972278,0.03362337799960981,1,Low volatility
1994-01-17,473.2999877929688,-0.0033959089883062,-0.322326831218411,8.107296242601264e-05,0.9665418753131227,0.03337705172445122,1,Low volatility
1994-01-18,474.25,0.0020051976942401,0.153194658565995,6.166948019203306e-05,0.9730789509912846,0.026859379528523377,1,Low volatility
1994-01-19,474.2999877929688,0.0001053983314704,-0.01406651148181,4.8362691819054716e-05,0.9763884072771072,0.02356323003107382,1,Low volatility
1994-01-20,474.9800109863281,0.0014327138685228,0.1027923285097726,4.086548864977985e-05,0.9783155684498825,0.02164356606146775,1,Low volatility
1994-01-21,474.7200012207031,-0.0005475619011878,-0.0715541044610361,3.7754563997551866e-05,0.9786775022762347,0.02128474315976772,1,Low volatility
1994-01-24,471.9700012207031,-0.0058097322839874,-0.5348434351484593,6.732941749581071e-05,0.9654506183314991,0.03448205225100518,1,Low volatility
1994-01-25,470.9200134277344,-0.0022271701061127,-0.2194293164876694,6.807561318801068e-05,0.9692156709566262,0.03071625343018568,1,Low volatility
1994-01-26,473.2000122070313,0.0048299011771719,0.4018857671388935,6.736341553841813e-05,0.9705983711250674,0.0293342654593942,1,Low volatility
1994-01-27,477.0499877929688,0.0081031237082758,0.6900651618203961,0.00010795962933994762,0.9583259733810039,0.041566066989656196,1,Low volatility
1994-01-28,478.7000122070313,0.0034528402895652,0.2806472722736404,8.462579937082361e-05,0.9671992172128391,0.0327161569877901,1,Low volatility
1994-01-31,481.6099853515625,0.006060505584239,0.510230014971437,8.77404356050468e-05,0.9656789084064682,0.034233351157926716,1,Low volatility
1994-02-01,479.6199951171875,-0.0041405139619392,-0.3878829639100758,9.077240014034381e-05,0.9633903607626257,0.036518866837233835,1,Low volatility
1994-02-02,482.0,0.0049500005294582,0.4124594932802183,8.402941819751147e-05,0.9668186520032412,0.03309731857856147,1,Low volatility
1994-02-03,480.7099914550781,-0.0026799541470605,-0.259293098922827,7.322037363420298e-05,0.968943235780627,0.030983543845738717,1,Low volatility
1994-02-04,469.80999755859375,-0.022935807448376,-2.042648641560427,0.011830510749572518,0.05604095961606075,0.9321285296343668,2,Medium volatility
1994-02-07,471.760009765625,0.004142049937494,0.3413263178507186,0.00718424561617226,0.1247930244444339,0.8680227299393939,2,Medium volatility
1994-02-08,471.0499877929688,-0.001506182812494,-0.1559525195776776,0.004653468353762132,0.22935241381394686,0.765994117832291,2,Medium volatility
1994-02-09,472.7699890136719,0.0036447694837162,0.297545004849583,0.0033072598476791963,0.3677272354391182,0.6289655047132026,2,Medium volatility
1994-02-10,468.9299926757813,-0.0081555011073923,-0.7413684218146062,0.004065683628749764,0.30991167040585155,0.6860226459653985,2,Medium volatility
1994-02-11,470.1799926757813,0.0026620965759107,0.2110290160800092,0.002669333723489137,0.47228850432047204,0.5250421619560388,2,Medium volatility
1994-02-14,470.2300109863281,0.0001063755391772,-0.01398047665749,0.001661646964259595,0.6370432337860173,0.3612951192497231,1,Low volatility
1994-02-15,472.5199890136719,0.0048580907582396,0.4043676199097393,0.0011824915533448347,0.7434389949520046,0.25537851349465057,1,Low volatility
1994-02-16,472.7900085449219,0.0005712825195773,0.0269506274522332,0.0006577699910460103,0.8444914623477348,0.15485076766121927,1,Low volatility
1994-02-17,470.3399963378906,-0.0051955037067958,-0.4807658348969849,0.0005942655144307692,0.8615947583357065,0.1378109761498627,1,Low volatility
1994-02-18,467.6900024414063,-0.0056501411464822,-0.5207927933220172,0.0005715186484423692,0.868108340046693,0.13132014130486472,1,Low volatility
1994-02-22,471.4599914550781,0.0080285562233033,0.6835001292025099,0.000602507787345755,0.8713604051502697,0.12803708706238454,1,Low volatility
1994-02-23,470.6900024414063,-0.0016345363054552,-0.1672529525776731,0.00033866917760421453,0.9158025193764939,0.08385881144590175,1,Low volatility
1994-02-24,464.260009765625,-0.0137549472598426,-1.2343520144151956,0.00264258499643069,0.5993019704893505,0.3980554445142188,1,Low volatility
1994-02-25,466.0700073242188,0.0038910919975654,0.3192316064365361,0.0014657182247964794,0.7275321893239082,0.27100209245129536,1,Low volatility
1994-02-28,467.1400146484375,0.002293176815348,0.1785487699999638,0.0007731676605575768,0.8325064242596847,0.16672040807975774,1,Low volatility
1994-03-01,464.4400024414063,-0.0057966459515608,-0.5336912949192318,0.0007342281151680991,0.8402148881345547,0.15905088375027726,1,Low volatility
1994-03-02,464.80999755859375,0.0007963306682592,0.046764202192436,0.0003881784428142589,0.904162379434588,0.09544944212259777,1,Low volatility
1994-03-03,463.010009765625,-0.0038800414669921,-0.3649505768781066,0.0002928946762543632,0.9225453953389435,0.077161709984802,1,Low volatility
1994-03-04,464.739990234375,0.0037294151956341,0.3049973396025943,0.00018575743923987046,0.9465221887768864,0.0532920537838736,1,Low volatility
1994-03-07,466.9100036621094,0.0046584390409432,0.3867899848754982,0.0001337478961963333,0.9576145664227402,0.04225168568106353,1,Low volatility
1994-03-08,465.8800048828125,-0.0022084267380284,-0.2177791223998863,9.632485203284412e-05,0.9647278154186811,0.03517585972928591,1,Low volatility
1994-03-09,467.05999755859375,0.0025296231310134,0.1993658563653526,6.879086809954957e-05,0.9717757774287215,0.028155431703178975,1,Low volatility
1994-03-10,463.8999938964844,-0.0067887252455678,-0.6210354359625756,0.00011792783402708945,0.9528520680370766,0.047030004128896415,1,Low volatility
1994-03-11,466.4400024414063,0.005460401285525,0.4573959372679438,0.00011579671547364231,0.9586539616380698,0.04123024164645644,1,Low volatility
1994-03-14,467.3900146484375,0.0020346583797614,0.1557884212691886,7.999292477107079e-05,0.9689638769445565,0.030956130130672437,1,Low volatility
1994-03-15,467.010009765625,-0.000813366639198,-0.0949559501270017,5.975044242904503e-05,0.9734921310351047,0.026448118522466237,1,Low volatility
1994-03-16,469.4200134277344,0.0051472270715198,0.4298236122688743,6.036172285925553e-05,0.9724026843377018,0.027536953939438873,1,Low volatility
1994-03-17,470.8999938964844,0.0031478255897825,0.253793323079207,5.2001204619042866e-05,0.9752236142255506,0.0247243845698304,1,Low volatility
1994-03-18,471.05999755859375,0.0003397249673016,0.0065639551088051,4.3233462697001255e-05,0.9775963479409958,0.022360418596307094,1,Low volatility
1994-03-21,468.5400085449219,-0.0053639741154505,-0.4955982210016606,6.65481611235663e-05,0.9667539621470947,0.03317948969178168,1,Low volatility
1994-03-22,468.7999877929688,0.0005547170839372,0.0254921817859102,5.738340790520659e-05,0.9733181226219174,0.0266244939701775,1,Low volatility
1994-03-23,468.5400085449219,-0.0005547170839372,-0.0721840574245036,4.814665275088538e-05,0.9760511575806926,0.023900695766556505,1,Low volatility
1994-03-24,464.3500061035156,-0.0089829037737452,-0.8142141868921872,0.00016212713431733774,0.934756364260642,0.06508150860504057,1,Low volatility
1994-03-25,460.5799865722656,-0.0081520557003287,-0.7410650830368161,0.00037185444686203936,0.8942904698376559,0.10533767571548204,1,Low volatility
1994-03-28,460.0,-0.0012600461827609,-0.1342822835056107,0.00023951357971975986,0.9309048199373164,0.06885566648296379,1,Low volatility
1994-03-29,452.4800109863281,-0.0164829019347365,-1.4745252135970954,0.0047272460887441935,0.39766359734337575,0.59760915656788,2,Medium volatility
1994-03-30,445.5499877929688,-0.0154341408873444,-1.3821907264270266,0.01205242292883824,0.058300103722183305,0.9296474733489785,2,Medium volatility
1994-03-31,445.7699890136719,0.0004936526295731,0.0201159761268138,0.006829662821623121,0.13958722895547185,0.853583108222905,2,Medium volatility
1994-04-04,438.9200134277344,-0.0154859045753656,-1.3867480787422692,0.012861675415864906,0.016195088041152356,0.9709432365429826,2,Medium volatility
1994-04-05,448.2900085449219,0.021123168767291,1.8363693523171791,0.032300393421921536,0.0008206856553540274,0.9668789209227244,2,Medium volatility
1994-04-06,448.0499877929688,-0.0005355573971268,-0.070497210015004,0.01576608773914545,0.03891362561527165,0.9453202866455829,2,Medium volatility
1994-04-07,450.8800048828125,0.0062964334544002,0.5310014566212112,0.009776693377265153,0.08208822297689179,0.9081350836458429,2,Medium volatility
1994-04-08,447.1000061035156,-0.0084189426485536,-0.7645622081045416,0.008312580632673702,0.07275867563292672,0.9189287437343996,2,Medium volatility
1994-04-11,449.8699951171875,0.0061763443939346,0.5204286365871343,0.006149732307694529,0.12803735921399495,0.8658129084783106,2,Medium volatility
1994-04-12,447.5700073242188,-0.0051256748579371,-0.474617998871727,0.004972233899603497,0.17569188546638875,0.8193358806340078,2,Medium volatility
1994-04-13,446.260009765625,-0.0029312027376553,-0.2814133996552589,0.0037765480718008346,0.27662672929331256,0.7195967226348866,2,Medium volatility
1994-04-14,446.3800048828125,0.0002688544451086,0.0003244086092114,0.0026311783134028897,0.4391253520539796,0.5582434696326175,2,Medium volatility
1994-04-15,446.1799926757813,-0.000448176505615,-0.0628040659701633,0.00176360111235466,0.6029946256201185,0.3952417732675269,1,Low volatility
1994-04-18,442.4599914550781,-0.0083723960595776,-0.7604641769721857,0.0026211206368682433,0.5185879397492706,0.47879093961386116,1,Low volatility
1994-04-19,442.5400085449219,0.0001808295820611,-0.0074254316503188,0.00152270348949126,0.6775271361555162,0.3209501603549926,1,Low volatility
1994-04-20,441.9599914550781,-0.0013115142407755,-0.1388136081140472,0.0009181769685110247,0.7900655083742935,0.20901631465719553,1,Low volatility
1994-04-21,448.7300109863281,0.0152020341365064,1.3150638261842773,0.004755823584370817,0.43120537465181097,0.5640388017638183,2,Medium volatility
1994-04-22,447.6300048828125,-0.0024543858187442,-0.2394337267915998,0.002642259079623168,0.5679671179528096,0.4293906229675672,1,Low volatility
1994-04-25,452.7099914550781,0.0112847157784274,0.970177274023944,0.004067740296798053,0.4475100554716982,0.5484222042315037,2,Medium volatility
1994-04-26,451.8699951171875,-0.0018572079679062,-0.1868572979248291,0.0022856627961016797,0.5939486848183603,0.40376565238553797,1,Low volatility
1994-04-28,449.1000061035156,-0.0061489233548641,-0.5647063230388382,0.0021138039405962533,0.6119212451699566,0.3859649508894471,1,Low volatility
1994-04-29,450.9100036621094,0.0040221774849582,0.3307725683019204,0.0012935129586860257,0.7357238868183897,0.26298260022292436,1,Low volatility
1994-05-02,453.0199890136719,0.0046684791983127,0.3876739353083684,0.0008330251344735046,0.8201447315974074,0.17902224326811902,1,Low volatility
1994-05-03,453.0299987792969,2.20953937652979e-05,-0.0214006263899556,0.00044765169790370854,0.8911520950249585,0.10840025327713779,1,Low volatility
1994-05-04,451.7200012207031,-0.0028958242034633,-0.2782986207267602,0.00029980655587606036,0.9209919030805708,0.07870829036355324,1,Low volatility
1994-05-05,451.3800048828125,-0.0007529539401085,-0.0896371259745795,0.00017708651556128167,0.9474864255162453,0.05233648796819338,1,Low volatility
1994-05-06,447.8200073242188,-0.0079181852992391,-0.7204747840334692,0.000313692658464402,0.9136307258499232,0.08605558149161233,1,Low volatility
1994-05-09,442.3200073242188,-0.0123577637301464,-1.1113418921211196,0.0017231706935055314,0.6947317815422817,0.30354504776421287,1,Low volatility
1994-05-10,446.010009765625,0.0083077766005779,0.7080831077629678,0.0016834723791805744,0.7090322459620719,0.2892842816587475,1,Low volatility
1994-05-11,441.489990234375,-0.0101860475777222,-0.9201407622625332,0.003205108043577414,0.5258980243796835,0.47089686757673926,1,Low volatility
1994-05-12,443.75,0.00510599317845,0.4261933188096607,0.0020063374049342935,0.6465006437295415,0.35149301886552436,1,Low volatility
1994-05-13,444.1400146484375,0.0008785202380643,0.0540002945297263,0.0010514229038860914,0.778871670932741,0.22007690616337278,1,Low volatility
1994-05-16,444.489990234375,0.0007876745149477,0.0460021015415105,0.0005631485472521267,0.8672345483173126,0.1322023031354353,1,Low volatility
1994-05-17,449.3699951171875,0.0109190554401923,0.9379839923480762,0.0011210645698573676,0.796848242647462,0.20203069278268065,1,Low volatility
1994-05-18,453.6900024414063,0.0095675598291498,0.8189963025702033,0.0013995458533258324,0.7651079961181797,0.23349245802849453,1,Low volatility
1994-05-19,456.4800109863281,0.0061307607207004,0.5164153819931789,0.0009455968604540056,0.8213142393010436,0.17774016383850227,1,Low volatility
1994-05-20,454.9200134277344,-0.0034233026997432,-0.3247386144396795,0.0005975462360761155,0.8690841929821037,0.13031826078182013,1,Low volatility
1994-05-23,453.2000122070313,-0.0037880527438893,-0.3568517524659612,0.0004205168282330673,0.8988392154866084,0.10074026768515855,1,Low volatility
1994-05-24,454.80999755859375,0.0035461878645337,0.288865732031198,0.000251209468579842,0.9334247829046437,0.06632400762677651,1,Low volatility
1994-05-25,456.3399963378906,0.0033583937388845,0.2723320570549119,0.00015452334264942337,0.9536299880895394,0.046215488567811165,1,Low volatility
1994-05-26,457.05999755859375,0.0015765302707277,0.1154541391073864,9.428479635849263e-05,0.9665677607399763,0.03333795446366523,1,Low volatility
1994-05-27,457.3299865722656,0.0005905336370775,0.0286455245560605,6.357837308591896e-05,0.9732410202285002,0.02669540139841379,1,Low volatility
1994-05-31,456.5,-0.0018165015652478,-0.1832734455083534,5.350971146275254e-05,0.9744419693186284,0.025504520969908708,1,Low volatility
1994-06-01,457.6300048828125,0.0024723079919803,0.194319746021283,4.588532909309116e-05,0.9768920639954348,0.02306205067547213,1,Low volatility
1994-06-02,457.6499938964844,4.367846713915213e-05,-0.0195004204121646,3.997528561780777e-05,0.9783206003966575,0.021639424317724625,1,Low volatility
1994-06-03,460.1300048828125,0.0054043823701448,0.4524639483880018,4.833535453491605e-05,0.9747402481373713,0.025211416508093797,1,Low volatility
1994-06-06,458.8800048828125,-0.0027203202523695,-0.2628469910530007,5.1756938611745785e-05,0.9735721469570017,0.02637609610438671,1,Low volatility
1994-06-07,458.2099914550781,-0.0014611729483862,-0.1519897839952276,4.893212103143999e-05,0.9751601343483057,0.024790933530662678,1,Low volatility
1994-06-08,457.05999755859375,-0.0025129077003382,-0.2445860805509679,5.019608960978725e-05,0.9742607505258812,0.025689053384509032,1,Low volatility
1994-06-09,457.8599853515625,0.0017487605731352,0.1306175518671252,4.4312432688243117e-05,0.9771560060919865,0.022799681475325205,1,Low volatility
1994-06-10,458.6700134277344,0.0017675979796738,0.1322760252407129,3.9239465325670114e-05,0.9786312373145234,0.021329523220150925,1,Low volatility
1994-06-13,459.1000061035156,0.0009370380336966,0.0591522885549308,3.58444156296519e-05,0.979469813234953,0.020494342349417344,1,Low volatility
1994-06-14,462.3699951171875,0.0070973612506071,0.6015163346355248,5.826487055626988e-05,0.9703525495740243,0.02958918555541943,1,Low volatility
1994-06-15,460.6099853515625,-0.0038137596396712,-0.3591150259205374,6.969114791446484e-05,0.9677712206387011,0.03215908821338453,1,Low volatility
1994-06-16,461.9299926757813,0.0028616824343181,0.2286008527994134,5.966502754015807e-05,0.9730634527898863,0.02687688218257356,1,Low volatility
1994-06-17,458.4500122070313,-0.0075620874722988,-0.6891234001174955,0.00013038550146094385,0.9474128808133082,0.05245673368523082,1,Low volatility
1994-06-20,455.4800109863281,-0.0064994290599207,-0.5955653682017586,0.00020790857313534775,0.9322269414718368,0.06756514995502777,1,Low volatility
1994-06-21,451.3399963378906,-0.0091309044328298,-0.8272443857076277,0.0005267469224006288,0.8687641937339894,0.13070905934361,1,Low volatility
1994-06-22,453.0899963378906,0.0038698455339352,0.3173610360827359,0.0003338728933818106,0.9142419153383173,0.08542421176830077,1,Low volatility
1994-06-23,449.6300048828125,-0.0076657399721664,-0.6982491208362135,0.0005063645789442105,0.8804010603292408,0.11909257509181494,1,Low volatility
1994-06-24,442.7999877929688,-0.0153068599250127,-1.3709847206236696,0.005099167428040249,0.3840913248317437,0.6108095077402161,2,Medium volatility
1994-06-27,447.30999755859375,0.0101336878246529,0.8688390558526434,0.005401531572789684,0.336522822632832,0.6580756457943783,2,Medium volatility
1994-06-28,446.0700073242188,-0.0027759542946332,-0.2677450951296066,0.003252661388116304,0.46567631539093607,0.5310710232209476,2,Medium volatility
1994-06-29,447.6300048828125,0.0034911024319042,0.2840159283652114,0.00197133886447521,0.6192452846734784,0.37878337646204646,1,Low volatility
1994-06-30,444.2699890136719,-0.0075345482400068,-0.6866988050230626,0.0023536576059209465,0.5769127475225375,0.42073359487154155,1,Low volatility
1994-07-01,446.2000122070313,0.0043348483676117,0.3583005792579089,0.0014843469952444891,0.7033548340812193,0.29516081892353613,1,Low volatility
1994-07-05,446.3699951171875,0.0003808842125918,0.010187676466142,0.0008079704705115673,0.8176074910294465,0.18158453850004191,1,Low volatility
1994-07-06,446.1300048828125,-0.0005377932552592,-0.0706940583004677,0.000453727190372719,0.8879093888336544,0.11163688397597277,1,Low volatility
1994-07-07,448.3800048828125,0.0050306977466298,0.4195641966653409,0.000316941179022465,0.9196077916817655,0.080075267139212,1,Low volatility
1994-07-08,449.5499877929688,0.0026059572167405,0.2060864231491156,0.00018304023907841048,0.9474537479129655,0.05236321184795595,1,Low volatility
1994-07-11,448.05999755859375,-0.0033199087069464,-0.3156356530691195,0.00013925823277651975,0.9548144405140132,0.045046301253210394,1,Low volatility
1994-07-12,447.9500122070313,-0.0002455002754793,-0.0449601483135361,9.05746064223422e-05,0.9665869049143829,0.033322520479194616,1,Low volatility
1994-07-13,448.7300109863281,0.001739748752862,0.1298241377663022,6.323584216868453e-05,0.9732210676364287,0.026715696521402613,1,Low volatility
1994-07-14,453.4100036621094,0.010375406439758,0.8901203233259997,0.000167433313089628,0.9416282838631682,0.05820428282374207,1,Low volatility
1994-07-15,454.1600036621094,0.0016527654388625,0.1221659970387566,0.00011362563561645863,0.9602373128974312,0.03964906146695239,1,Low volatility
1994-07-18,455.2200012207031,0.0023312543336571,0.1819011715165174,7.818146952561351e-05,0.9695840260749888,0.03033779245548555,1,Low volatility
1994-07-19,453.8599853515625,-0.0029920730933641,-0.2867725165791833,6.960875585885122e-05,0.9697978027142079,0.030132588529933287,1,Low volatility
1994-07-20,451.6000061035156,-0.004991902375421,-0.4628404699471873,8.828812578700755e-05,0.962499568238232,0.03741214363598092,1,Low volatility
1994-07-21,452.6099853515625,0.0022339493649017,0.1733342969062609,6.92191174724893e-05,0.9708362919114679,0.02909448897105964,1,Low volatility
1994-07-22,453.1099853515625,0.0011040941283528,0.0738601563452834,5.2485683292826654e-05,0.9755073527486042,0.02444016156810279,1,Low volatility
1994-07-25,454.25,0.0025128179922049,0.1978863068744908,4.4296787229194224e-05,0.9774187073135588,0.022536995899212073,1,Low volatility
1994-07-26,453.3599853515625,-0.0019612277257463,-0.196015352583327,4.334684808689397e-05,0.9765505627666337,0.023406090385279476,1,Low volatility
1994-07-27,452.5700073242188,-0.001744016058554,-0.1768917133640508,4.3638586154754526e-05,0.9763958186369035,0.02356054277694186,1,Low volatility
1994-07-28,454.239990234375,0.0036832077338582,0.3009291657348504,4.419809615937338e-05,0.9767336649598793,0.02322213694396127,1,Low volatility
1994-07-29,458.260009765625,0.0088110587155858,0.752392815972171,9.442212374345763e-05,0.9592435775426847,0.04066200033357192,1,Low volatility
1994-08-01,461.010009765625,0.0059830259770352,0.503408594767959,0.00010479423140616973,0.9607070172418106,0.03918818852678324,1,Low volatility
1994-08-02,460.55999755859375,-0.0009766208518566,-0.1093290945545803,7.737344771349476e-05,0.9688522296441284,0.031070396908158097,1,Low volatility
1994-08-03,461.4500122070313,0.0019305970986209,0.1466267108373783,5.76354423216082e-05,0.9743102176655022,0.02563214689217615,1,Low volatility
1994-08-04,458.3999938964844,-0.0066315800795182,-0.6072001411120219,0.00010143651305196637,0.9564922704890902,0.043406292997857664,1,Low volatility
1994-08-05,457.0899963378906,-0.0028618520500769,-0.2753076616624469,9.592369437423524e-05,0.9621687485769893,0.03773532772863645,1,Low volatility
1994-08-08,457.8900146484375,0.0017487125506825,0.1306133238987489,7.032449546803936e-05,0.9709323071289029,0.028997368375629055,1,Low volatility
1994-08-09,457.9200134277344,6.551310509372854e-05,-0.017578066313399,5.3132313413975246e-05,0.9752579456022255,0.024688922084360555,1,Low volatility
1994-08-10,460.2999877929688,0.0051838986120618,0.4330522294053534,5.582121041983101e-05,0.9733856857298963,0.026558493059684028,1,Low volatility
1994-08-11,458.8800048828125,-0.0030896756915481,-0.2953655949283419,5.810217090382209e-05,0.9718715018540236,0.028070395975072684,1,Low volatility
1994-08-12,461.9400024414063,0.0066462691912105,0.5618015167802587,7.723090103883812e-05,0.9666300100045027,0.03329275909445858,1,Low volatility
1994-08-15,461.2300109863281,-0.0015381600024566,-0.1587678390860429,6.508517456616635e-05,0.9712223716333271,0.028712543192106744,1,Low volatility
1994-08-16,465.010009765625,0.0081620739326826,0.6952552275200115,0.00010654073664426084,0.9584913262814717,0.041402132981883936,1,Low volatility
1994-08-17,465.1700134277344,0.0003440273058936,0.0069427394167389,7.722027214622913e-05,0.9689529034369992,0.03096987629085458,1,Low volatility
1994-08-18,463.1700134277344,-0.0043087727263628,-0.4026967165409114,8.337331173730157e-05,0.9649635409057906,0.03495308578247208,1,Low volatility
1994-08-19,463.6799926757813,0.0011004570235835,0.073539940215506,6.327965884894906e-05,0.9724941000923941,0.02744262024875702,1,Low volatility
1994-08-22,462.3200073242188,-0.0029373354846322,-0.2819533358480303,6.053884120404945e-05,0.9717131409956156,0.028226320163180312,1,Low volatility
1994-08-23,464.510009765625,0.0047257997191145,0.3927205194713828,6.061276310485087e-05,0.97230597714996,0.027633410086935158,1,Low volatility
1994-08-24,469.0299987792969,0.0096836221118472,0.8292145990823594,0.0001425017886213593,0.9477472945083139,0.05211020370306483,1,Low volatility
1994-08-25,468.0799865722656,-0.0020275368896545,-0.2018533102948234,0.00011193777942288884,0.9594711787649685,0.04041688345560872,1,Low volatility
1994-08-26,473.7999877929688,0.0121460731674387,1.046012463538542,0.00043188806134519635,0.891609811664649,0.10795830027400567,1,Low volatility
1994-08-29,474.5899963378906,0.0016659997276793,0.1233311635693008,0.00024352590294733238,0.9331982328875505,0.06655824120950227,1,Low volatility
1994-08-30,476.0700073242188,0.0031136519393495,0.2507846239143146,0.00015065504811075488,0.9540109763505236,0.045838368601365656,1,Low volatility
1994-08-31,475.489990234375,-0.0012190868955519,-0.1306761667560432,9.855789462114371e-05,0.9648204748101618,0.035080967295217154,1,Low volatility
1994-09-01,473.1700134277344,-0.0048910703996511,-0.4539630723777315,0.00010731172306274592,0.959267076123811,0.04062561215312624,1,Low volatility
1994-09-02,470.989990234375,-0.0046179186981376,-0.4299143890846235,0.00011689402993602182,0.9566078786343617,0.04327522733570227,1,Low volatility
1994-09-06,471.8599853515625,0.001845458740262,0.1391310027567639,8.257133461778977e-05,0.9680004643607237,0.031916964304658416,1,Low volatility
1994-09-07,470.989990234375,-0.001845458740262,-0.1858228783953573,6.584476768738953e-05,0.971452344751754,0.02848181048055856,1,Low volatility
1994-09-08,473.1400146484375,0.004554517110038,0.3776405430462886,6.131620493090288e-05,0.9725163182727868,0.02742236552228237,1,Low volatility
1994-09-09,468.1799926757813,-0.0105385370316071,-0.9511744596316838,0.0002985626903712497,0.9005074461647837,0.09919399114484505,1,Low volatility
1994-09-12,466.2099914550781,-0.0042166636481262,-0.3945872958832384,0.0002852824830226893,0.9170590047046512,0.08265571281232623,1,Low volatility
1994-09-13,467.510009765625,0.002784601698317,0.2218145498116631,0.00018110176427424307,0.9457185895583037,0.05410030867742195,1,Low volatility
1994-09-14,468.7999877929688,0.0027554524610202,0.2192482074747777,0.0001154649479036418,0.9614221963460422,0.038462338706054165,1,Low volatility
1994-09-15,474.80999755859375,0.0127385066475289,1.0981711909269518,0.0005058616362763657,0.879991492799065,0.1195026455646586,1,Low volatility
1994-09-16,471.1900024414063,-0.0076533039887669,-0.6971542383055324,0.0007249198415886068,0.8429803663791463,0.15629471377926507,1,Low volatility
1994-09-19,470.8500061035156,-0.0007218299638429,-0.0868969246729353,0.00039556821829329935,0.9025867301408936,0.09701770164081301,1,Low volatility
1994-09-20,463.3599853515625,-0.0160353267750492,-1.4351200288388006,0.005386043133265112,0.36629701224950156,0.6283169446172333,2,Medium volatility
1994-09-21,461.4599914550781,-0.0041089003639109,-0.3850996555780183,0.0034578966492905872,0.46287302538997205,0.5336690779607374,2,Medium volatility
1994-09-22,461.2699890136719,-0.0004118267491319,-0.059603779182272,0.0019344782837824547,0.6253196261100784,0.3727458956061391,1,Low volatility
1994-09-23,459.6700134277344,-0.0034746610885409,-0.3292602836066539,0.0013429130895806765,0.7183003633665089,0.2803567235439104,1,Low volatility
1994-09-26,460.8200073242188,0.0024986571692693,0.1966395668979097,0.0007659917729767365,0.8254666944821534,0.17376731374486998,1,Low volatility
1994-09-27,462.0499877929688,0.0026655568032945,0.2113336596608987,0.00043616782066569285,0.8930837050675374,0.10648012711179683,1,Low volatility
1994-09-28,464.8399963378906,0.0060201685616956,0.5066786833313328,0.00034228538508317526,0.9157049902409166,0.08395272437400034,1,Low volatility
1994-09-29,462.239990234375,-0.005609036885275,-0.5171739128453738,0.0003350303747685859,0.9143821998715274,0.08528276975370405,1,Low volatility
1994-09-30,462.7099914550781,0.0010162738968793,0.0661283321548005,0.00018742628959882122,0.9458419394054546,0.05397063430494659,1,Low volatility
1994-10-03,461.739990234375,-0.0020985485335032,-0.2081052813555123,0.00012660496514969576,0.9581759180131588,0.04169747702169145,1,Low volatility
1994-10-04,454.5899963378906,-0.0156060351942297,-1.3973245576397475,0.0025122405005274756,0.5784232346602469,0.4190645248392256,1,Low volatility
1994-10-05,453.5199890136719,-0.0023565599688541,-0.2308209930291859,0.0015034118385313675,0.7005015847989747,0.29799500336249385,1,Low volatility
1994-10-06,452.3599853515625,-0.0025610551706058,-0.2488250556604552,0.0009441812285424595,0.7928057605000538,0.2062500582714037,1,Low volatility
1994-10-07,455.1000061035156,0.0060388978130987,0.5083276345654436,0.0007207434446316525,0.8435058247501154,0.15577343180525297,1,Low volatility
1994-10-10,459.0400085449219,0.0086201824138516,0.7355877816153242,0.0008226760331408931,0.8374794492206575,0.1616978747462017,1,Low volatility
1994-10-11,465.7900085449219,0.0145975362755885,1.2618429327099698,0.0037033180087888704,0.5492072076552731,0.44708947433593793,1,Low volatility
1994-10-12,465.4700012207031,-0.0006872566919202,-0.0838530422359283,0.0017769104720535367,0.6974989643579551,0.3007241251699913,1,Low volatility
1994-10-13,467.7900085449219,0.004971845099992,0.4143827218580763,0.0010882691125338661,0.7882952531633237,0.2106164777241425,1,Low volatility
1994-10-14,469.1000061035156,0.00279648281405,0.2228605809652255,0.0005817441269450441,0.8697126955396689,0.12970556033338598,1,Low volatility
1994-10-17,468.9599914550781,-0.0002985196039517,-0.0496280490872861,0.00031413956975530984,0.919530041079624,0.08015581935062073,1,Low volatility
1994-10-18,467.6600036621094,-0.0027759147456229,-0.2677416131757399,0.00021201910896639524,0.9396944518262588,0.06009352906477483,1,Low volatility
1994-10-19,470.2799987792969,0.0055867154078903,0.4685168210383121,0.0001692629471122798,0.9497213242840437,0.050109412768844015,1,Low volatility
1994-10-20,466.8500061035156,-0.0073202394000855,-0.667830735047207,0.0002615742299363952,0.9247866047548682,0.07495182101519553,1,Low volatility
1994-10-21,464.8900146484375,-0.004207170031246,-0.3937514636903836,0.00022513090892017419,0.9344927501217458,0.06528211896933409,1,Low volatility
1994-10-24,460.8299865722656,-0.0087716676815023,-0.7956166462059096,0.00048371838758057105,0.8807573733887095,0.11875890822370996,1,Low volatility
1994-10-25,461.5299987792969,0.0015178723113473,0.1102898048567007,0.00027058468640865624,0.927256238411235,0.07247317690235637,1,Low volatility
1994-10-26,462.6199951171875,0.0023589176011009,0.1843366868507523,0.00015961286736464986,0.9519813385102291,0.0478590486224061,1,Low volatility
1994-10-27,465.8500061035156,0.0069577347948639,0.5892234131750248,0.00016120051294611618,0.9507292754966311,0.049109523990422746,1,Low volatility
1994-10-28,473.7699890136719,0.0168582416769051,1.4608788087965572,0.0025216086494608612,0.6350010873421912,0.36247730400834793,1,Low volatility
1994-10-31,472.3500061035156,-0.0030016995384904,-0.2876200431689799,0.001441494691270549,0.7355011878862683,0.26305731742246125,1,Low volatility
1994-11-01,468.4200134277344,-0.0083548911104704,-0.7589230151386387,0.001993828560455343,0.6578218534678267,0.34018431797171794,1,Low volatility
1994-11-02,466.510009765625,-0.0040858808080317,-0.3830729795374902,0.001369695223077539,0.7319331575347541,0.26669714724216836,1,Low volatility
1994-11-03,467.9100036621094,0.0029965003401324,0.2404704223507051,0.0007639976807328737,0.8320810979569141,0.16715490436235297,1,Low volatility
1994-11-04,462.2799987792969,-0.0121052120917433,-1.0891068691157384,0.00293819486776167,0.5589124832345744,0.43814932189766387,1,Low volatility
1994-11-07,463.0700073242188,0.0017074809134918,0.1269832290504967,0.0015096992216118985,0.7119838592753838,0.2865064415030042,1,Low volatility
1994-11-08,465.6499938964844,0.0055560194800312,0.4658143057569454,0.0010369329781805615,0.7902154470178668,0.20874762000395258,1,Low volatility
1994-11-09,465.3999938964844,-0.0005370281065166,-0.0706266934637087,0.000555173219287701,0.8709774021715795,0.1284674246091328,1,Low volatility
1994-11-10,464.3699951171875,-0.0022156000146544,-0.2184106683752424,0.00034254614563137555,0.9124479386549088,0.08720951519945991,1,Low volatility
1994-11-11,462.3500061035156,-0.0043594445142582,-0.4071579363401656,0.0002810659035005149,0.9244549500416746,0.07526398405482486,1,Low volatility
1994-11-14,466.0400085449219,0.0079492924621886,0.6765216294270883,0.00031742150088239483,0.9206048843990631,0.07907769410005454,1,Low volatility
1994-11-15,465.0299987792969,-0.0021695686765941,-0.214358000702164,0.00019944726728421137,0.9430407186792102,0.056759834053505646,1,Low volatility
1994-11-16,465.6199951171875,0.0012679233241312,0.0882839231444977,0.0001180186265136648,0.9611009463895123,0.03878103498397414,1,Low volatility
1994-11-17,463.5700073242188,-0.0044124261208189,-0.4118225160205354,0.00011314460227531716,0.9589771305405611,0.04090972485716369,1,Low volatility
1994-11-18,461.4700012207031,-0.004540365155532,-0.423086459498073,0.00011800460894125664,0.9568086274967178,0.043073367894341005,1,Low volatility
1994-11-21,458.2999877929688,-0.0068930841784764,-0.6302233521000908,0.00019089649168225844,0.9371076826228272,0.0627014208854905,1,Low volatility
1994-11-22,450.0899963378906,-0.0180764102489803,-1.6148200628030391,0.006407902127305408,0.2704846100426624,0.7231074878300322,2,Medium volatility
1994-11-23,449.9299926757813,-0.0003555558004215,-0.054649600911952,0.0035439448567347546,0.4284205702348139,0.5680354849084513,2,Medium volatility
1994-11-25,452.2900085449219,0.0052315870821972,0.4372507934584585,0.0024477124391010176,0.5537066023578621,0.44384568520303697,1,Low volatility
1994-11-28,454.1600036621094,0.0041259810135354,0.3399115858135385,0.0015497503733856164,0.6872193083617055,0.31123094126490886,1,Low volatility
1994-11-29,455.1700134277344,0.0022214381181564,0.1722327880783366,0.0008713553762270851,0.8054260965733048,0.19370254805046802,1,Low volatility
1994-11-30,453.6900024414063,-0.0032568542321254,-0.3100842430402549,0.0005964859053530279,0.8597318692678334,0.13967164482681352,1,Low volatility
1994-12-01,448.9200134277344,-0.010569422752729,-0.9538936845950442,0.0016849561477354058,0.7017502236035003,0.29656482024876435,1,Low volatility
1994-12-02,453.2999877929688,0.0097094029582978,0.8314843832641288,0.0021103767362448977,0.6626506482950811,0.3352389749686739,1,Low volatility
1994-12-05,453.3200073242188,4.416300403953244e-05,-0.0194577610606157,0.0010527483423464097,0.7883851291348524,0.21056212252280118,1,Low volatility
1994-12-06,453.1099853515625,-0.0004634047375127,-0.0641447822241446,0.0005606655189922786,0.870130768940391,0.1293085655406169,1,Low volatility
1994-12-07,451.2300109863281,-0.0041576776013316,-0.3893940763271608,0.0004272741480323556,0.8957012436750823,0.10387148217688533,1,Low volatility
1994-12-08,445.4500122070313,-0.0128921771122723,-1.1583924435294888,0.002439269928043914,0.6184068402964362,0.3791538897755199,1,Low volatility
1994-12-09,446.9599914550781,0.0033840514625547,0.2745910013234184,0.0013165681293495018,0.7478872004185947,0.2507962314520559,1,Low volatility
1994-12-12,449.4700012207031,0.0056000275441165,0.4696888413709139,0.000897926966778646,0.8166247480216104,0.18247732501161099,1,Low volatility
1994-12-13,450.1499938964844,0.0015117334184946,0.1097493275718554,0.00046589229879429647,0.8902049241184562,0.10932918358274954,1,Low volatility
1994-12-14,454.9700012207031,0.0106506383986735,0.9143521555841392,0.0008764569939648655,0.833878430458271,0.16524511254776417,1,Low volatility
1994-12-15,455.3399963378906,0.0008128992069833,0.0482229210589036,0.00043087097162843046,0.9004971033375035,0.09907202569086812,1,Low volatility
1994-12-16,458.7999877929688,0.0075699740474881,0.6431258703238807,0.00041599161717588103,0.905282605688735,0.0943014026940891,1,Low volatility
1994-12-19,457.9100036621094,-0.0019416923973141,-0.1942954331250563,0.00024435038469005716,0.9348175987435237,0.06493805087178642,1,Low volatility
1994-12-20,457.1000061035156,-0.0017704675610774,-0.1792205431069644,0.00015369109659408976,0.9527435967759905,0.04710271212741532,1,Low volatility
1994-12-21,459.6099853515625,0.0054760732265339,0.4587757183340071,0.00012655432392252717,0.9585357931686486,0.041337652507428845,1,Low volatility
1994-12-22,459.6799926757813,0.0001523073807554,-0.009936568803126,8.179852034261987e-05,0.968868915674659,0.031049285804998387,1,Low volatility
1994-12-23,459.8299865722656,0.000326247460495,0.0053773753036026,5.805133793619794e-05,0.9743257547621818,0.025616193899882123,1,Low volatility
1994-12-27,462.4700012207031,0.0057248658651527,0.4806797933906455,6.295095895532495e-05,0.9714018407574778,0.028535208283566964,1,Low volatility
1994-12-28,460.8599853515625,-0.0034874151696886,-0.3303831719376295,6.633957277563424e-05,0.9695126537824945,0.03042100664473,1,Low volatility
1994-12-29,461.1700134277344,0.0006724902405919,0.0358611061935749,5.36377012511348e-05,0.9747727178462693,0.025173644452479504,1,Low volatility
1994-12-30,459.2699890136719,-0.0041285192034159,-0.3868269274757214,6.30915737174248e-05,0.9696579578417173,0.030278950584565457,1,Low volatility
1995-01-03,459.1099853515625,-0.0003484476321231,-0.0540237871708874,5.393026242224679e-05,0.9743042201197056,0.025641849617872078,1,Low volatility
1995-01-04,460.7099914550781,0.0034789583997287,0.2829467496558286,4.893497999469744e-05,0.97585815700622,0.024092908013785257,1,Low volatility
1995-01-05,460.3399963378906,-0.0008034203181006,-0.0940802611795136,4.334123319074739e-05,0.9771625672977113,0.022794091469097767,1,Low volatility
1995-01-06,460.6799926757813,0.0007383039616737,0.0416554443795258,3.8655611589091804e-05,0.9786970893427913,0.021264255045619528,1,Low volatility
1995-01-09,460.8299865722656,0.000325539389018,0.0053150356344557,3.581940919222044e-05,0.9793681560128267,0.020596024577981025,1,Low volatility
1995-01-10,461.6799926757813,0.0018428122474229,0.1388980015791313,3.456027857205113e-05,0.979736352863312,0.02022908685811591,1,Low volatility
1995-01-11,461.6600036621094,-4.329719010165434e-05,-0.0271578870272525,3.385948784205148e-05,0.9797389885987566,0.020227151913401412,1,Low volatility
1995-01-12,461.6400146484375,-4.329906482958279e-05,-0.0271580520810961,3.370437121289671e-05,0.979740152863191,0.020226142765596002,1,Low volatility
1995-01-13,465.9700012207031,0.0093358587071099,0.7985969901305555,8.988569396180445e-05,0.9585383456248725,0.041371768681165634,1,Low volatility
1995-01-16,469.3800048828125,0.0072914283371154,0.6186022904439443,0.00012896845069586683,0.953607565351532,0.046263466197772087,1,Low volatility
1995-01-17,470.0499877929688,0.0014263607271862,0.1022329884687855,8.854241008974942e-05,0.9665902688446092,0.03332118874530097,1,Low volatility
1995-01-18,469.7099914550781,-0.0007235812552845,-0.087051110984057,6.465747583905687e-05,0.9723278991717025,0.027607443352458544,1,Low volatility
1995-01-19,466.9500122070313,-0.0058932531018518,-0.5421967325508664,9.530028864731678e-05,0.959592539996459,0.04031215971489365,1,Low volatility
1995-01-20,464.7799987792969,-0.0046580389721704,-0.4334466378625057,0.00011295052331230071,0.9566270550274721,0.04325999444921552,1,Low volatility
1995-01-23,465.8200073242188,0.0022351364089336,0.1734388060336797,8.268439250494808e-05,0.9677610012179321,0.032156314389563005,1,Low volatility
1995-01-24,465.8599853515625,8.581922480388471e-05,-0.0157902852411389,6.0006295573405027e-05,0.9736272365580717,0.026312757146354875,1,Low volatility
1995-01-25,467.4400024414063,0.0033858751097648,0.2747515579443402,5.099527612897897e-05,0.9756075898877481,0.024341414836122965,1,Low volatility
1995-01-26,468.3200073242188,0.0018808351138108,0.142245591459012,4.2847998715841464e-05,0.9778020458358394,0.022155106165444746,1,Low volatility
1995-01-27,470.3900146484375,0.0044103304131759,0.3649461311546438,4.4750658990333124e-05,0.9764331364375335,0.023522112903476028,1,Low volatility
1995-01-30,468.510009765625,-0.0040047019842281,-0.3759258747860183,5.627554817194866e-05,0.9711927585796344,0.02875096587219358,1,Low volatility
1995-01-31,470.4200134277344,0.0040684742196672,0.3348486018918732,5.6569976669221416e-05,0.9732781157599809,0.026665314263349827,1,Low volatility
1995-02-01,470.3999938964844,-4.2557622280448015e-05,-0.027092774372975,4.7173463576077784e-05,0.976407064945537,0.023545761590886942,1,Low volatility
1995-02-02,472.7900085449219,0.0050679497401358,0.4228439177466992,5.152784062817716e-05,0.9743424449054545,0.02560602725391724,1,Low volatility
1995-02-03,478.6499938964844,0.0123182952914486,1.0611751562599552,0.00026693084473480594,0.9139215866372795,0.08581148251798576,1,Low volatility
1995-02-06,481.1400146484375,0.0051886898514217,0.4334740572662427,0.00022219164858475922,0.9352541781993088,0.06452363015210649,1,Low volatility
1995-02-07,480.80999755859375,-0.0006861418963639,-0.0837548939720827,0.0001383871350555591,0.9554745993292654,0.04438701353567906,1,Low volatility
1995-02-08,481.1900024414063,0.0007900309824897,0.0462095684593222,8.778677721007426e-05,0.9675593000075116,0.03235291321527833,1,Low volatility
1995-02-09,480.1900024414063,-0.0020803435802143,-0.2065024901095316,6.905063198366966e-05,0.9707491415341869,0.029181807833829437,1,Low volatility
1995-02-10,481.4599914550781,0.0026412723133217,0.2091956169357222,5.476269747990234e-05,0.9748383571901393,0.025106880112380853,1,Low volatility
1995-02-13,481.6499938964844,0.0003945602200392,0.0113917325638868,4.429506847126028e-05,0.9774196656840279,0.02253603924750083,1,Low volatility
1995-02-14,482.5499877929688,0.0018668205246843,0.1410117261251379,3.8985462313000904e-05,0.9787340345973895,0.021226979940297517,1,Low volatility
1995-02-15,484.5400085449219,0.0041154878414131,0.3389877512860176,4.11701335369933e-05,0.9774248111991275,0.022534018667335464,1,Low volatility
1995-02-16,485.2200012207031,0.0014023939539251,0.1001229179968817,3.794887697922806e-05,0.9788461318848454,0.021115919238175372,1,Low volatility
1995-02-17,481.9700012207031,-0.0067205248691522,-0.6150309730805882,8.048510908648319e-05,0.9602373008031899,0.03968221408772367,1,Low volatility
1995-02-21,482.7200012207031,0.0015549039571469,0.1135501261972695,6.928545813729101e-05,0.9699920961749819,0.029938618366880863,1,Low volatility
1995-02-22,485.0700073242188,0.0048564475795824,0.4042229520094405,6.661702954789883e-05,0.9709971253503017,0.02893625762015027,1,Low volatility
1995-02-23,486.9100036621094,0.0037860830779097,0.3099864644961461,5.801002569579667e-05,0.9736292405957494,0.026312749378554896,1,Low volatility
1995-02-24,488.1099853515625,0.002461451680662,0.1933639401772097,4.795979634901002e-05,0.976477585574217,0.02347445462943389,1,Low volatility
1995-02-27,483.80999755859375,-0.008848497663382,-0.8023808724267331,0.00015415412387260034,0.9371746891761258,0.06267115670000169,1,Low volatility
1995-02-28,487.3900146484375,0.0073723913920273,0.6257303985803038,0.00020609632998773417,0.9364873336674789,0.06330657000253327,1,Low volatility
1995-03-01,485.6499938964844,-0.0035764667257378,-0.3382234037806657,0.0001699403490844122,0.9464458837260494,0.05338417592486609,1,Low volatility
1995-03-02,485.1300048828125,-0.0010712809576958,-0.1176631114880479,0.00011292345708743045,0.9609232658332876,0.038963810709625075,1,Low volatility
1995-03-03,485.4200134277344,0.0005976169142893,0.0292691468487279,7.509781688054791e-05,0.9703283549323182,0.02959654725080133,1,Low volatility
1995-03-06,485.6300048828125,0.0004325038965902,0.0147323504523902,5.458288596273284e-05,0.9751202871897156,0.02482512992432174,1,Low volatility
1995-03-07,482.1199951171875,-0.0072539915414502,-0.661998174743393,0.00011190239443704482,0.9524382462835678,0.047449851321995175,1,Low volatility
1995-03-08,483.1400146484375,0.0021134614520619,0.1627263613141454,8.782839189003209e-05,0.965647317028764,0.03426485457934598,1,Low volatility
1995-03-09,483.1600036621094,4.137227216371997e-05,-0.0197034612582184,6.401450834701834e-05,0.9725010337823613,0.02743495170929163,1,Low volatility
1995-03-10,489.5700073242188,0.0131796004548929,1.1370057477577236,0.00038946163441355063,0.8906373929436107,0.10897314542197575,1,Low volatility
1995-03-13,490.0499877929688,0.0009799320339549,0.0629287403275929,0.00023366328580242066,0.9328398986419669,0.06692643807223075,1,Low volatility
1995-03-14,492.8900146484375,0.0057786533286989,0.4854153219222085,0.00019304873934012824,0.9442650542887795,0.055541896971880264,1,Low volatility
1995-03-15,491.8800048828125,-0.0020512609030376,-0.2039420078249152,0.00012990453560528028,0.9573940955005632,0.04247599996383145,1,Low volatility
1995-03-16,495.4100036621094,0.007150915721044,0.6062313501061624,0.00014326842486206816,0.9535972351947293,0.04625949638040862,1,Low volatility
1995-03-17,495.5199890136719,0.0002219841014543,-0.003802126368004,9.198352334220264e-05,0.9663291186660368,0.033578897810620977,1,Low volatility
1995-03-20,496.1400146484375,0.001250480433355,0.0867482250189915,6.33886418483848e-05,0.9731948404096891,0.02674177094846248,1,Low volatility
1995-03-21,495.0700073242188,-0.0021589929805596,-0.2134269006463025,5.506437447990391e-05,0.973816403713045,0.026128531912475054,1,Low volatility
1995-03-22,495.6700134277344,0.0012112283026874,0.083292408878091,4.556911167449683e-05,0.9770260620102281,0.02292836887809741,1,Low volatility
1995-03-23,495.9500122070313,0.0005647299963698,0.0263737335338912,3.93643224924142e-05,0.9785898955198322,0.02137074015767533,1,Low volatility
1995-03-24,500.9700012207031,0.0100710816836953,0.8633271178059438,0.00011623863917660927,0.9512158983951118,0.048667862965711704,1,Low volatility
1995-03-27,503.2000122070313,0.0044415081559074,0.3676910661361554,0.00010543366789399015,0.961015606312229,0.03887896001987687,1,Low volatility
1995-03-28,503.8999938964844,0.0013900939289621,0.099040005449775,7.346435359943004e-05,0.9704393410502089,0.029487194596191545,1,Low volatility
1995-03-29,503.1199951171875,-0.0015491230438167,-0.1597330416022178,5.878367896026978e-05,0.9733120168427919,0.026629199478247923,1,Low volatility
1995-03-30,502.2200012207031,-0.0017904273980606,-0.1809778369313535,5.215869086686249e-05,0.9745226530906187,0.02542518821851443,1,Low volatility
1995-03-31,500.7099914550781,-0.0030111990221266,-0.288456391879785,5.476804067466323e-05,0.9727655562838006,0.027179675675524893,1,Low volatility
1995-04-03,501.8500061035156,0.0022742083118458,0.1768787546541283,4.8044754194638764e-05,0.9761483179228736,0.023803637322931795,1,Low volatility
1995-04-04,505.239990234375,0.0067322621552481,0.5693724656197395,6.590802959092583e-05,0.9693252722241379,0.030608819746271134,1,Low volatility
1995-04-05,505.5700073242188,0.0006529755391557,0.0341430027668037,5.379991551820653e-05,0.9746713304785772,0.025274869605904676,1,Low volatility
1995-04-06,506.0799865722656,0.001008212908264,0.0654186306916042,4.413176924591176e-05,0.9774610388652252,0.02249482936552898,1,Low volatility
1995-04-07,506.4200134277344,0.0006716580113614,0.0357878354905895,3.845149285985477e-05,0.9788366355692625,0.021124912937877705,1,Low volatility
1995-04-10,507.010009765625,0.0011643554878855,0.0791656563373542,3.543606454997386e-05,0.979581318220549,0.020383245714901195,1,Low volatility
1995-04-11,505.5299987792969,-0.002923365057895,-0.2807233586367922,4.171034674827831e-05,0.9760381207156527,0.023920168937599094,1,Low volatility
1995-04-12,507.1700134277344,0.0032388981186493,0.2618114843840227,4.2871644933113767e-05,0.9770634208791465,0.022893707475920323,1,Low volatility
1995-04-13,509.2300109863281,0.0040535228842406,0.3335322640162859,4.439316316709204e-05,0.9765844889259403,0.023371117910892726,1,Low volatility
1995-04-17,506.1300048828125,-0.0061062395354092,-0.5609483758976582,7.956852519601375e-05,0.9620082873046716,0.03791214417013243,1,Low volatility
1995-04-18,505.3699951171875,-0.0015027383265397,-0.1556492618957246,7.211397141715888e-05,0.968719728626733,0.031208157401849956,1,Low volatility
1995-04-19,504.9200134277344,-0.0008907971283553,-0.1017730459043908,5.854854998146458e-05,0.9732708769197097,0.026670574530308848,1,Low volatility
1995-04-20,505.2900085449219,0.0007325113108835,0.0411454507623922,4.7005257865087113e-05,0.9767117495121841,0.02324124522995093,1,Low volatility
1995-04-21,508.489990234375,0.0063129916173831,0.5324592619919448,6.025913170838627e-05,0.9711752087552905,0.028764532113001104,1,Low volatility
1995-04-24,512.8900146484375,0.0086158953810553,0.7352103448524774,0.00011485209277962128,0.9554147572519027,0.04447039065531774,1,Low volatility
1995-04-25,512.0999755859375,-0.0015415549936692,-0.1590667391770996,9.015923205067521e-05,0.9649797030379733,0.03493013772997616,1,Low volatility
1995-04-26,512.6599731445312,0.0010929342330969,0.0728776225184526,6.471576759841419e-05,0.9725041508495325,0.02743113338286915,1,Low volatility
1995-04-27,513.5499877929688,0.0017345668147186,0.1293679122016632,4.975986672948833e-05,0.9762630748907475,0.023687165242522915,1,Low volatility
1995-04-28,514.7100219726562,0.0022563061109188,0.1753026181777398,4.222094854688747e-05,0.9779675924188909,0.02199018663256227,1,Low volatility
1995-05-01,514.260009765625,-0.000874684824323,-0.1003544946208071,3.911163435452405e-05,0.9782119459667706,0.021748942398874854,1,Low volatility
1995-05-02,514.8599853515625,0.0011659974672708,0.0793102186519658,3.6391892568735635e-05,0.9792638085245164,0.020699799582914815,1,Low volatility
1995-05-03,520.47998046875,0.0108564346038022,0.9324707604935766,0.00013705385071615322,0.9439399813113672,0.05592296483791657,1,Low volatility
1995-05-04,520.5399780273438,0.0001152668748956,-0.0131976701966124,0.00010400017940310212,0.9611456630736797,0.038750336746917094,1,Low volatility
1995-05-05,520.1199951171875,-0.0008071472792181,-0.0944083883962356,7.591734614625106e-05,0.9693171086083756,0.030606974045478092,1,Low volatility
1995-05-08,523.9600219726562,0.0073558426699378,0.6242734243999091,9.992751406078287e-05,0.9615300636658842,0.03837000882005494,1,Low volatility
1995-05-09,523.5599975585938,-0.0007637552047681,-0.0905880854287015,7.431302617414655e-05,0.969577189708113,0.030348497265712857,1,Low volatility
1995-05-10,524.3599853515625,0.0015268111333366,0.1110767920797092,5.5492052728322776e-05,0.9748185576582223,0.0251259502890493,1,Low volatility
1995-05-11,524.3699951171875,1.908930956773247e-05,-0.0216652865272314,4.4821280763366634e-05,0.9772396459941488,0.02271553272508791,1,Low volatility
1995-05-12,525.5499877929688,0.0022477773388729,0.174551732363467,3.9818773257804186e-05,0.9784750919496,0.021485089277142256,1,Low volatility
1995-05-15,527.739990234375,0.004158409636382,0.3427666501464655,4.192762499690296e-05,0.9772159201737499,0.022742152201253134,1,Low volatility
1995-05-16,528.1900024414062,0.0008523524047943,0.0516964394510641,3.826691624497343e-05,0.9787412361461547,0.021220496937600225,1,Low volatility
1995-05-17,527.0700073242188,-0.0021226911422091,-0.2102308326422903,4.0505771692521414e-05,0.9770389143424663,0.022920579885841157,1,Low volatility
1995-05-18,519.5800170898438,-0.0143125551409202,-1.2834446441131786,0.0008483573391944037,0.7623930437606753,0.23675859890013035,1,Low volatility
1995-05-19,519.1900024414062,-0.0007509162941383,-0.0894577285835719,0.0005626976984490798,0.8521094448261074,0.1473278574754434,1,Low volatility
1995-05-22,523.6500244140625,0.0085536593359005,0.7297309905923708,0.0007092550205319317,0.8468750856078756,0.1524156593715924,1,Low volatility
1995-05-23,528.5900268554688,0.0093895660587532,0.803325465490675,0.000943178692502972,0.8215995326391111,0.1774572886683859,1,Low volatility
1995-05-24,528.6099853515625,3.775727556831754e-05,-0.0200217309513845,0.00047084586558188986,0.8920939649225715,0.10743518921184665,1,Low volatility
1995-05-25,528.5900268554688,-3.775727556831754e-05,-0.0266701446872088,0.00025284792473627177,0.9327469014196441,0.06700025065561963,1,Low volatility
1995-05-26,523.6500244140625,-0.0093895660587532,-0.8500173411292683,0.0006022872041179214,0.8625688729688316,0.13682883982705057,1,Low volatility
1995-05-30,523.5800170898438,-0.0001336999924532,-0.035117084610557,0.0003282601858181141,0.9157791377417321,0.08389260207244986,1,Low volatility
1995-05-31,533.4000244140625,0.0185817886689942,1.612622457193677,0.006400379195246206,0.36984647083638794,0.6237531499683657,2,Medium volatility
1995-06-01,533.489990234375,0.0001686505999503,-0.0084976874041443,0.003098843039545554,0.5404735832151891,0.4564275737452654,1,Low volatility
1995-06-02,532.510009765625,-0.0018386130296779,-0.1852201718229981,0.001721561885796374,0.6768818814899836,0.3213965566242199,1,Low volatility
1995-06-05,535.5999755859375,0.0057858731455446,0.4860509653679364,0.0012198582236875345,0.7587529550544626,0.2400271867218498,1,Low volatility
1995-06-06,535.5499877929688,-9.333481718520886e-05,-0.0315632743625811,0.0006465926067989394,0.8527057930613183,0.1466476143318826,1,Low volatility
1995-06-07,533.1300048828125,-0.0045289273929203,-0.4220794618147109,0.0005163529442992463,0.8781700011001198,0.12131364595558107,1,Low volatility
1995-06-08,532.3499755859375,-0.001464184124579,-0.1522548924393601,0.0003029591768399215,0.9206441114730853,0.07905292935007484,1,Low volatility
1995-06-09,527.9400024414062,-0.0083184763897659,-0.7557170088037808,0.0005420383143972368,0.8735428470273775,0.12591511465822527,1,Low volatility
1995-06-12,530.8800048828125,0.0055533706897366,0.4655811023079031,0.0003914059876183732,0.9062896149813728,0.09331897903100883,1,Low volatility
1995-06-13,536.0499877929688,0.0096914013303992,0.829899493088834,0.0005944264202547696,0.8762443529479409,0.1231612206318043,1,Low volatility
1995-06-14,536.469970703125,0.0007831703798064,0.0456055507643331,0.000300963578118208,0.9247822670204638,0.07491676940141795,1,Low volatility
1995-06-15,537.1199951171875,0.0012109362311285,0.0832666944623286,0.0001654332615354236,0.9514367416637685,0.04839782507469617,1,Low volatility
1995-06-16,539.8300170898438,0.0050327826957472,0.4197477586959955,0.00012538887858564216,0.9593368538383095,0.040537757283104964,1,Low volatility
1995-06-19,545.219970703125,0.0099350223645231,0.8513482523706631,0.00024619414903946895,0.930536580339234,0.06921722551172647,1,Low volatility
1995-06-20,544.97998046875,-0.0004402682975603,-0.0621078155354425,0.00014904974783780316,0.9533024869365001,0.046548463315662106,1,Low volatility
1995-06-21,543.97998046875,-0.001836615333838,-0.1850442917010603,0.0001035091611817252,0.9631541079006797,0.03674238293813864,1,Low volatility
1995-06-22,551.0700073242188,0.0129494105471188,1.116739484876489,0.0005065056256788079,0.8774990325540701,0.12199446182025106,1,Low volatility
1995-06-23,549.7100219726562,-0.0024709497035306,-0.2408920359184495,0.00032626860511850543,0.914988720613009,0.08468501078187253,1,Low volatility
1995-06-26,544.1300048828125,-0.010202708544587,-0.9216076186403938,0.0009414388087721066,0.8075312359499074,0.19152732524132057,1,Low volatility
1995-06-27,542.4299926757812,-0.0031291665403028,-0.298842428165754,0.0006045664446440911,0.86271018899861,0.13668524455674594,1,Low volatility
1995-06-28,544.72998046875,0.0042311918782331,0.3491745072966909,0.0003750741543273964,0.9086272638365531,0.09099766200911934,1,Low volatility
1995-06-29,543.8699951171875,-0.0015799844750166,-0.162450128044609,0.0002228653888434833,0.9381706636957934,0.06160647091536315,1,Low volatility
1995-06-30,544.75,0.0016167350929467,0.1189938316337119,0.00013045741474410446,0.9584380384914511,0.0414315040938047,1,Low volatility
1995-07-03,547.0900268554688,0.0042863979717315,0.3540349341255792,9.616750328280912e-05,0.9656081332585378,0.034295699238179364,1,Low volatility
1995-07-05,547.260009765625,0.0003106554682412,0.0040046330452071,6.550360050545718e-05,0.9726347238964113,0.027299772503083342,1,Low volatility
1995-07-06,553.989990234375,0.0122225911503521,1.0527492209049274,0.00028930976766441773,0.9127582876837862,0.08695240254854934,1,Low volatility
1995-07-07,556.3699951171875,0.0042869133598344,0.3540803096630223,0.00020986495205952096,0.9388379709166491,0.06095216413129147,1,Low volatility
1995-07-10,557.1900024414062,0.0014727674741115,0.1063187076983793,0.0001263701913817426,0.9588418937492866,0.041031736059331574,1,Low volatility
1995-07-11,554.780029296875,-0.0043346076766885,-0.4049712641085575,0.00011889712492667324,0.9577613684259487,0.04211973444912442,1,Low volatility
1995-07-12,560.8900146484375,0.0109531424095408,0.940985059980977,0.00032255885379095777,0.9133731321724858,0.08630430897372324,1,Low volatility
1995-07-13,561.0,0.0001960715408433,-0.0060835068609482,0.000187456926363248,0.9448013268588356,0.05501121621480128,1,Low volatility
1995-07-14,559.8900146484375,-0.0019805434964847,-0.1977159418546961,0.00012696801330063033,0.9579052766134689,0.04196775537323038,1,Low volatility
1995-07-17,562.719970703125,0.0050417546364887,0.4205376617433548,0.00010402877649426602,0.9632421736256312,0.03665379759787444,1,Low volatility
1995-07-18,558.4600219726562,-0.0075990817850417,-0.6923804346000583,0.00019255363380394255,0.9360570506056325,0.0637503957605637,1,Low volatility
1995-07-19,550.97998046875,-0.0134845594723742,-1.210546670237867,0.001775575840427746,0.6747083238081449,0.3235161003514273,1,Low volatility
1995-07-20,553.5399780273438,0.0046355018267911,0.3847705583234627,0.0011056458790017344,0.7758448125102992,0.22304954161069904,1,Low volatility
1995-07-21,553.6199951171875,0.0001445447666537,-0.0106200009290254,0.000585533553065457,0.8642590080149211,0.13515545843201346,1,Low volatility
1995-07-24,556.6300048828125,0.005422233083177,0.4540355517933216,0.00041602922427578495,0.9011442001237915,0.09843977065193286,1,Low volatility
1995-07-25,561.0999755859375,0.0079983441639477,0.6808402144260336,0.00044168036286397515,0.9002195899061461,0.0993387297309898,1,Low volatility
1995-07-26,561.6099853515625,0.0009085334920886,0.0566427061882541,0.00023133202170450752,0.9381255149825058,0.0616431529957898,1,Low volatility
1995-07-27,565.219970703125,0.0064073513178515,0.5407668307884179,0.0001995038879566827,0.944185038330373,0.055615457781670305,1,Low volatility
1995-07-28,562.9299926757812,-0.0040597105824931,-0.3807689138399317,0.00016436514845601382,0.9490067823888573,0.05082885246268676,1,Low volatility
1995-07-31,562.0599975585938,-0.001546672056059,-0.1595172529836091,0.00011124217414178808,0.961384866635044,0.03850389119081433,1,Low volatility
1995-08-01,559.6400146484375,-0.0043148553774061,-0.4032322422129547,0.00010882876797805274,0.9596420582278357,0.040249113004186376,1,Low volatility
1995-08-02,558.7999877929688,-0.0015021405021098,-0.1555966285410726,8.23770692132849e-05,0.9674136903762862,0.032503932554500514,1,Low volatility
1995-08-03,558.75,-8.945960994655167e-05,-0.0312220953361967,6.06819662640983e-05,0.9733326914269437,0.02660662660679208,1,Low volatility
1995-08-04,558.9400024414062,0.0003399913085404,0.006587404188801,4.758914007892579e-05,0.9766270461892211,0.02332536467070003,1,Low volatility
1995-08-07,560.030029296875,0.0019482687995937,0.1481825537539357,4.0837808825044676e-05,0.9782986000808628,0.021660562110312157,1,Low volatility
1995-08-08,560.3900146484375,0.0006425900105853,0.0332286453381763,3.6662263432440035e-05,0.9792566935769464,0.020706644159621156,1,Low volatility
1995-08-09,559.7100219726562,-0.0012141643372665,-0.1302427773810494,3.680373505854149e-05,0.9785524123890463,0.02141078387589511,1,Low volatility
1995-08-10,557.4500122070312,-0.0040459965976671,-0.3795615141571197,5.0288123649794075e-05,0.9724894030330873,0.027460308843263035,1,Low volatility
1995-08-11,555.1099853515625,-0.0042065691939514,-0.3936985650786289,6.707331673640409e-05,0.9678098471532142,0.03212307953004932,1,Low volatility
1995-08-14,559.739990234375,0.0083061068365948,0.7079360992509164,0.00012012317834218076,0.9545760505491363,0.045303826272521504,1,Low volatility
1995-08-15,558.5700073242188,-0.002092413265692,-0.2075651232247286,9.663096782894539e-05,0.9632528991893466,0.036650469842824385,1,Low volatility
1995-08-16,559.969970703125,0.0025031990584549,0.1970394415974692,7.080333333436974e-05,0.9710223920584241,0.028906804608241528,1,Low volatility
1995-08-17,559.0399780273438,-0.0016621709055453,-0.1696859439953218,5.779179534758348e-05,0.9734560716893967,0.02648613651525563,1,Low volatility
1995-08-18,559.2100219726562,0.0003041251001532,0.0034296896966372,4.6833494633929685e-05,0.976675125246471,0.023278041258895033,1,Low volatility
1995-08-21,558.1099853515625,-0.0019690634183682,-0.1967052186511644,4.507678369634623e-05,0.9761196831207962,0.023835240095507478,1,Low volatility
1995-08-22,559.52001953125,0.0025232588990071,0.1988055398852599,4.184550681355389e-05,0.9777282852991378,0.022229869194048648,1,Low volatility
1995-08-23,557.1400146484375,-0.0042627270858695,-0.398642789660295,5.501666566258725e-05,0.9712293274362929,0.02871565589804455,1,Low volatility
1995-08-24,557.4600219726562,0.0005742101605914,0.027208381334614,4.898916863291666e-05,0.9756253203393872,0.02432569049197996,1,Low volatility
1995-08-25,560.0999755859375,0.0047245043300891,0.3926064714891056,5.130696449044872e-05,0.9745991936228265,0.025349499412682955,1,Low volatility
1995-08-28,559.0499877929688,-0.0018764028689641,-0.1885472456492117,4.8839269119367e-05,0.9751025209105989,0.0248486398202816,1,Low volatility
1995-08-29,560.0,0.0016978909711298,0.1261389162185245,4.285843114320628e-05,0.9776020205743128,0.02235512099454404,1,Low volatility
1995-08-30,560.9199829101562,0.0016414786617309,0.1211722923423048,3.823202638024569e-05,0.9788928137219917,0.021068954251628056,1,Low volatility
1995-08-31,561.8800048828125,0.0017100502619173,0.1272094383188707,3.559404817826887e-05,0.9795330085230831,0.020431397428738583,1,Low volatility
1995-09-01,563.8400268554688,0.0034822582845075,0.2832372764345723,3.717101134261994e-05,0.9786749903238594,0.021287838664797883,1,Low volatility
1995-09-05,569.1699829101562,0.0094085583118044,0.8049975717822343,9.723226048592135e-05,0.9568913907125277,0.043011377026986396,1,Low volatility
1995-09-06,570.1699829101562,0.0017554027538508,0.1312023393662328,7.7720552062094e-05,0.9681852330968272,0.03173704635111072,1,Low volatility
1995-09-07,570.2899780273438,0.0002104328459395,-0.0048191161358656,5.820377938520466e-05,0.9739152296551117,0.02602656656550311,1,Low volatility
1995-09-08,572.6799926757812,0.0041821188538069,0.3448540450183245,5.349335499687239e-05,0.9746175601647808,0.025328946480222176,1,Low volatility
1995-09-11,573.9099731445312,0.0021454591043266,0.1655434823541136,4.5065353992939016e-05,0.977177410099865,0.02277752454614214,1,Low volatility
1995-09-12,576.510009765625,0.0045201597445778,0.3746156693363326,4.6789768031138317e-05,0.9758847836177498,0.024068426614219107,1,Low volatility
1995-09-13,578.77001953125,0.0039124932332539,0.3211158031532403,4.654877972013312e-05,0.9761382261512516,0.023815225069028258,1,Low volatility
1995-09-14,583.6099853515625,0.008327730641203,0.7098398912673428,8.790844943522265e-05,0.9617497230770017,0.038162368473563,1,Low volatility
1995-09-15,583.3499755859375,-0.0004456190077313,-0.0625789000411681,7.034085517626293e-05,0.9700501314956433,0.029879527649180296,1,Low volatility
1995-09-18,582.77001953125,-0.0009946765426072,-0.1109187445040169,5.6625190257278974e-05,0.9738611397015143,0.026082235108228338,1,Low volatility
1995-09-19,584.2000122070312,0.0024507799731603,0.1924243871285446,4.7317419583892723e-05,0.9766052191872518,0.023347463393164132,1,Low volatility
1995-09-20,586.77001953125,0.00438954265464,0.363115945881649,4.7637736402154165e-05,0.9757865881002,0.024165774163397845,1,Low volatility
1995-09-21,583.0,-0.0064457671530835,-0.5908408938701635,8.890165536135018e-05,0.9591641161174878,0.040746982227151,1,Low volatility
1995-09-22,581.72998046875,-0.0021807973622811,-0.2153465909411714,8.264810766740315e-05,0.9656842580434436,0.03423309384888911,1,Low volatility
1995-09-25,581.8099975585938,0.0001375407660777,-0.0112366435884109,6.269597133875537e-05,0.9725780691551793,0.02735923487348192,1,Low volatility
1995-09-26,581.4099731445312,-0.0006877881052718,-0.0838998286601737,5.061624383445185e-05,0.9755395105219946,0.02440987323417093,1,Low volatility
1995-09-27,581.0399780273438,-0.000636578167187,-0.0793912293154241,4.3808014785244e-05,0.9771477621146009,0.022808429870614013,1,Low volatility
1995-09-28,585.8699951171875,0.0082783501466776,0.7054923588627543,8.297469703098654e-05,0.9629205108252281,0.03699651447774094,1,Low volatility
1995-09-29,584.4099731445312,-0.0024951682840761,-0.2430242758793218,7.769267928714826e-05,0.9670958389126689,0.032826468408044075,1,Low volatility
1995-10-02,581.719970703125,-0.0046135633974255,-0.4295309419126264,9.119652211465686e-05,0.9623097695863639,0.037599033891521486,1,Low volatility
1995-10-03,582.3400268554688,0.0010653337667951,0.070447636290447,6.847486797120639e-05,0.9711263798903242,0.028805145241704546,1,Low volatility
1995-10-04,581.469970703125,-0.0014951861837566,-0.154984359978699,5.6421436610712375e-05,0.9737716474724321,0.026171931090957293,1,Low volatility
1995-10-05,582.6300048828125,0.0019930153560654,0.1521221073392971,4.660676083520747e-05,0.9768145480947779,0.023138845144386827,1,Low volatility
1995-10-06,582.489990234375,-0.0002403437408986,-0.0445061593164546,4.056809122351659e-05,0.9781157613904626,0.021843670518313867,1,Low volatility
1995-10-09,578.3699951171875,-0.0070982073080925,-0.6482826984372942,9.112188865273726e-05,0.9568157776829733,0.043093100428374,1,Low volatility
1995-10-10,577.52001953125,-0.0014706861870381,-0.1528273437181349,8.214023640365178e-05,0.9658940166811533,0.034023843082443085,1,Low volatility
1995-10-11,579.4600219726562,0.0033535656450123,0.2719069844677796,6.709315992617269e-05,0.9714718504223612,0.028461056417712818,1,Low volatility
1995-10-12,583.0999755859375,0.0062619830635899,0.5279683928206559,7.641447459311839e-05,0.9678075079096002,0.03211607761580668,1,Low volatility
1995-10-13,584.5,0.0023981245534407,0.1877885254242757,5.979115116471701e-05,0.9734903587012197,0.0264498501476157,1,Low volatility
1995-10-16,583.030029296875,-0.0025180876602179,-0.2450421319463195,5.555102907397167e-05,0.9732721890094282,0.02667225996149785,1,Low volatility
1995-10-17,586.780029296875,0.0064113192013683,0.541116169172586,7.080462151719949e-05,0.968494505608367,0.031434689770115834,1,Low volatility
1995-10-18,587.4400024414062,0.0011241048460908,0.0756219297872297,5.591713312783724e-05,0.9743068656249502,0.025637217241921917,1,Low volatility
1995-10-19,590.6500244140625,0.0054495494293922,0.4564405236650483,6.01384603418871e-05,0.9721422366897714,0.027797624849886703,1,Low volatility
1995-10-20,587.4600219726562,-0.0054154707319105,-0.500132059938234,8.599769145468265e-05,0.9621542027273651,0.03775979958118024,1,Low volatility
1995-10-23,585.0599975585938,-0.0040937940946799,-0.383769677099159,9.624298712096023e-05,0.9611673781898732,0.038736378823005825,1,Low volatility
1995-10-24,586.5399780273438,0.0025264275978083,0.1990845168548306,7.366213413905124e-05,0.9699020503736032,0.030024287492257815,1,Low volatility
1995-10-25,582.469970703125,-0.0069631978299788,-0.636396262574973,0.00013074319690355653,0.9495434650579819,0.050325791745114534,1,Low volatility
1995-10-26,576.719970703125,-0.0099208023728056,-0.8967881787248481,0.00046610308292351917,0.8743852229964272,0.12514867392064927,1,Low volatility
1995-10-27,579.7000122070312,0.005153920105994,0.4304128770087534,0.0003499458447656962,0.9099789009256826,0.08967115322955176,1,Low volatility
1995-10-30,583.25,0.0061051614983549,0.5141615882685722,0.00028447058545856503,0.9267128554384024,0.07300267397613908,1,Low volatility
1995-10-31,581.5,-0.0030049389428201,-0.2879052451587593,0.00019679648335911744,0.9430791530470509,0.05672405046959004,1,Low volatility
1995-11-01,584.219970703125,0.0046666021130086,0.387508673917931,0.00014243887230022863,0.9555337036033535,0.04432385752434624,1,Low volatility
1995-11-02,589.719970703125,0.0093702242305928,0.8016225820850001,0.00023827787549622487,0.9332530100347651,0.06650871208973866,1,Low volatility
1995-11-03,590.5700073242188,0.0014403863184195,0.1034678224445554,0.00014025036868202146,0.9558963471205424,0.04396340251077563,1,Low volatility
1995-11-06,588.4600219726562,-0.0035791923049464,-0.3384633678402513,0.0001164384585583975,0.9591768693693881,0.04070669217205353,1,Low volatility
1995-11-07,586.3200073242188,-0.0036432642063539,-0.3441043536236038,0.0001046667631770036,0.96105749115869,0.03883784207813291,1,Low volatility
1995-11-08,591.7100219726562,0.0091509590208733,0.7823181459181233,0.00018743838162702304,0.9411967723205836,0.05861578929778937,1,Low volatility
1995-11-09,593.260009765625,0.002616080804489,0.2069777189170156,0.00012251676464878353,0.9591698580216383,0.04070762521371295,1,Low volatility
1995-11-10,592.719970703125,-0.0009107052542516,-0.1035257870075458,8.325953575830484e-05,0.9681178402464092,0.03179890021783251,1,Low volatility
1995-11-13,592.2999877929688,-0.0007088200071727,-0.0857515086792398,6.133983272428592e-05,0.9731562094731346,0.026782450694141216,1,Low volatility
1995-11-14,589.2899780273438,-0.0050948575457443,-0.4719047967325383,7.958706773255304e-05,0.9645610323522816,0.03535938057998584,1,Low volatility
1995-11-15,593.9600219726562,0.0078936288937212,0.671620925819461,0.00012428540532444837,0.9545956302246338,0.04528008437004185,1,Low volatility
1995-11-16,597.3400268554688,0.0056744964558461,0.4762451954534422,0.0001177531984626798,0.9589301339832834,0.04095211281825396,1,Low volatility
1995-11-17,600.0700073242188,0.0045598168061928,0.3781071362019245,9.469395021602506e-05,0.9652171875134719,0.034688118536312026,1,Low volatility
1995-11-20,596.8499755859375,-0.0053805426472015,-0.4970569392542061,0.0001142137807430539,0.9568241765993689,0.043061609619888086,1,Low volatility
1995-11-21,600.239990234375,0.0056637743317473,0.4753012036523561,0.00011055255917207588,0.9604043842999077,0.03948506314092028,1,Low volatility
1995-11-22,598.4000244140625,-0.0030700915087713,-0.293641374260691,9.409066775746998e-05,0.9639088497688529,0.03599705956338964,1,Low volatility
1995-11-24,599.969970703125,0.0026201376763683,0.2073348919693723,6.971023171332071e-05,0.9712622086283211,0.028668081139965634,1,Low volatility
1995-11-27,601.3200073242188,0.0022476458043314,0.1745401518662082,5.3301091247618114e-05,0.9753884241994323,0.02455827470932018,1,Low volatility
1995-11-28,606.4500122070312,0.0084950539436903,0.7245712844337701,9.64396416720992e-05,0.9600612178316127,0.03984234252671524,1,Low volatility
1995-11-29,607.6400146484375,0.0019603205630023,0.1492436089834327,7.367241742869576e-05,0.9697366662465097,0.03018966133606177,1,Low volatility
1995-11-30,605.3699951171875,-0.0037427921664896,-0.3528669437112743,7.463147924449891e-05,0.9676125706439468,0.03231279787680879,1,Low volatility
1995-12-01,606.97998046875,0.0026559761296898,0.2104901628641465,6.035939593312804e-05,0.9731776014420369,0.02676203916202985,1,Low volatility
1995-12-04,613.6799926757812,0.0109777983063645,0.9431558019193772,0.0001944269259486723,0.9340864950495924,0.06571907802445882,1,Low volatility
1995-12-05,617.6799926757812,0.0064969044268083,0.5486512200976635,0.00019825414118954202,0.9407466889562499,0.05905505690256055,1,Low volatility
1995-12-06,620.1799926757812,0.004039234531576,0.3322742961321129,0.0001381563028360136,0.9560778461962476,0.043783997500916313,1,Low volatility
1995-12-07,616.1699829101562,-0.0064868749244419,-0.5944600833857551,0.00018674473827457914,0.9404819953459852,0.05933125991574012,1,Low volatility
1995-12-08,617.47998046875,0.0021237759329926,0.1636344636025836,0.00012095374447036757,0.9593228341063462,0.04055621214918343,1,Low volatility
1995-12-11,619.52001953125,0.0032983684915199,0.2670473447303563,8.532635461395992e-05,0.9679914865954673,0.03192318704991884,1,Low volatility
1995-12-12,618.780029296875,-0.0011951712723599,-0.1285705996125294,6.359515307891825e-05,0.9724933543119211,0.027443050534999992,1,Low volatility
1995-12-13,621.6900024414062,0.004691735242333,0.3897214321176355,5.994541960862086e-05,0.9728371543336312,0.02710290024676029,1,Low volatility
1995-12-14,616.9199829101562,-0.0077022519910201,-0.7014636934452778,0.00013577220417342888,0.9457719893786247,0.05409223841720177,1,Low volatility
1995-12-15,616.3400268554688,-0.0009405252628758,-0.1061511850527624,0.0001052990840395849,0.9607768243538701,0.0391178765620903,1,Low volatility
1995-12-18,606.8099975585938,-0.0155830796808889,-1.3953035199998398,0.0022872362985009533,0.591625263370499,0.406087500331,1,Low volatility
1995-12-19,611.9299926757812,0.0084021617067566,0.7163929133160764,0.0022984647321192737,0.6093074468720435,0.3883940883958372,1,Low volatility
1995-12-20,605.9400024414062,-0.0098369096208825,-0.889402135693056,0.0037801253176672936,0.4416337626347121,0.5545861120476205,2,Medium volatility
1995-12-21,610.489990234375,0.0074809221082103,0.6352856047408268,0.0031270903017245576,0.5010645967980596,0.4958083129002158,1,Low volatility
1995-12-22,611.9500122070312,0.0023887023722535,0.1869589825364015,0.001743941174553903,0.6609251712903432,0.3373308875351029,1,Low volatility
1995-12-26,614.2999877929688,0.0038327885223257,0.3140984814984225,0.0010585784353865303,0.7752382899483947,0.2237031316162187,1,Low volatility
1995-12-27,614.530029296875,0.0003744073686258,0.0096174454611211,0.000573130247942509,0.8643845934883301,0.13504227626372728,1,Low volatility
1995-12-28,614.1199951171875,-0.0006674548272691,-0.0821096565313229,0.00032487836298726884,0.915426416055435,0.08424870558157777,1,Low volatility
1995-12-29,615.9299926757812,0.002942967981677,0.2357573536519058,0.0001943047714934331,0.9445003406714033,0.05530535455710335,1,Low volatility
1996-01-02,620.72998046875,0.0077628644929843,0.6601082329022641,0.0002193727655571334,0.9390869283464146,0.060693698888028294,1,Low volatility
1996-01-03,621.3200073242188,0.0009500855934145,0.0603010151770426,0.0001275769192987562,0.9590173083678885,0.040855114712812717,1,Low volatility
1996-01-04,617.7000122070312,-0.0058433364439407,-0.5378019955219444,0.00015305515200844734,0.9485852714545925,0.051261673393399064,1,Low volatility
1996-01-05,616.7100219726562,-0.0016039896294026,-0.1645635776480066,0.0001096296579730977,0.9610149893703321,0.03887538097169485,1,Low volatility
1996-01-08,618.4600219726562,0.0028336198396852,0.2261301801037277,7.803455456156356e-05,0.9695108780267535,0.03041108741868507,1,Low volatility
1996-01-09,609.4500122070312,-0.0146756215427759,-1.3154095517605302,0.001358896260823699,0.7046168327023521,0.29402427103682416,1,Low volatility
1996-01-10,598.47998046875,-0.0181638562020403,-1.6225189349636433,0.011962242621755324,0.06616433212248132,0.9218734252557633,2,Medium volatility
1996-01-11,602.6900024414062,0.0070098974701533,0.5938158929245754,0.008184663433593304,0.10915812878188919,0.8826572077845175,2,Medium volatility
1996-01-12,601.8099975585938,-0.0014611955822116,-0.1519917767109813,0.0051164925870568765,0.20755049397195224,0.7873330134409908,2,Medium volatility
1996-01-15,599.8200073242188,-0.0033121543994933,-0.3149529522729548,0.0037678847903162417,0.30818845421659713,0.6880436609930866,2,Medium volatility
1996-01-16,608.4400024414062,0.0142686860382701,1.2328904672326764,0.007947076470773548,0.11661714397028415,0.8754357795589424,2,Medium volatility
1996-01-17,606.3699951171875,-0.0034079556997861,-0.3233874416685686,0.00532263250987247,0.19300260939923164,0.801674758090896,2,Medium volatility
1996-01-18,608.239990234375,0.0030791721083129,0.2477489681523164,0.0036391353695431447,0.32844223951103924,0.6679186251194177,2,Medium volatility
1996-01-19,611.8300170898438,0.0058849692148594,0.4947755311434335,0.0029743566089618454,0.43602653043771034,0.5609991129533278,2,Medium volatility
1996-01-22,613.4000244140625,0.0025627974018656,0.2022865686610617,0.0018972360884550745,0.6012063736671809,0.3968963902443641,1,Low volatility
1996-01-23,612.7899780273438,-0.0009950275827357,-0.1109496506006171,0.0011687291485873062,0.7358428067056753,0.2629884641457375,1,Low volatility
1996-01-24,619.9600219726562,0.0116327313722788,1.000817086081573,0.002499755841297125,0.6043258787320844,0.39317436542661843,1,Low volatility
1996-01-25,617.030029296875,-0.0047373027007866,-0.4404251347767109,0.0018097877747545131,0.6691270888784773,0.3290631233467682,1,Low volatility
1996-01-26,621.6199951171875,0.0074112731429103,0.62915360593243,0.0015687342334784228,0.7136971461072892,0.28473411965923234,1,Low volatility
1996-01-29,624.219970703125,0.0041738576892704,0.3441267197684003,0.0009202708084129247,0.8099809760298974,0.18909875316168973,1,Low volatility
1996-01-30,630.1500244140625,0.0094551016244572,0.809095314462208,0.0012059937834927425,0.782169701206714,0.21662430500979313,1,Low volatility
1996-01-31,636.02001953125,0.0092721150683612,0.7929849050813909,0.0014146585363941048,0.7602132528309002,0.23837208863270556,1,Low volatility
1996-02-01,638.4600219726562,0.003829021001664,0.3137667833589218,0.0007606093405670559,0.8453340578271025,0.15390533283233043,1,Low volatility
1996-02-02,635.8400268554688,-0.0041120594971246,-0.3853777903789953,0.0005393495012696443,0.8780956865487967,0.12136496394993367,1,Low volatility
1996-02-05,641.4299926757812,0.0087530458317637,0.7472852751359715,0.0006459198582141923,0.8669943382445974,0.13235974189718844,1,Low volatility
1996-02-06,646.3300170898438,0.0076101882736061,0.6466663907835031,0.0005921990416775567,0.8773214693280219,0.12208633163030048,1,Low volatility
1996-02-07,649.9299926757812,0.0055544178084891,0.4656732922049809,0.00039914438389475034,0.9088493481706559,0.09075150744544949,1,Low volatility
1996-02-08,656.0700073242188,0.0094028482186026,0.804494846658344,0.0005526319487642959,0.8846576115391078,0.11478975651212797,1,Low volatility
1996-02-09,656.3699951171875,0.0004571451611274,0.0169018041424582,0.00027975308105263047,0.9292489585059277,0.07047128841301961,1,Low volatility
1996-02-12,661.4500122070312,0.0077097664701009,0.6554334037551721,0.0002908313851382724,0.9271154041077662,0.07259376450709559,1,Low volatility
1996-02-13,660.510009765625,-0.0014221346851783,-0.1485527970645298,0.0001724585240196498,0.9493201888967172,0.0505073525792631,1,Low volatility
1996-02-14,655.5800170898438,-0.0074919126118873,-0.6829451007189438,0.00027513208208561796,0.9220422206468429,0.07768264727107144,1,Low volatility
1996-02-15,651.3200073242188,-0.006519281925069,-0.597313244066221,0.0003479183109436886,0.9081738226223062,0.09147825906675025,1,Low volatility
1996-02-16,647.97998046875,-0.0051412826045256,-0.4759921281652522,0.00032852021805209266,0.9135873292998152,0.08608415048213272,1,Low volatility
1996-02-20,640.6500244140625,-0.0113764774728322,-1.0249479861294262,0.0013213249568929152,0.7515321569745307,0.24714651806857646,1,Low volatility
1996-02-21,648.0999755859375,0.0115616436996068,0.9945584213298596,0.0025369353430145553,0.6266324084695404,0.370830656187445,1,Low volatility
1996-02-22,658.8599853515625,0.0164660788412112,1.426352207707588,0.009860643907251814,0.1891474912499869,0.8009918648427612,2,Medium volatility
1996-02-23,659.0800170898438,0.0003339025144057,0.0060513376698264,0.005103787699632556,0.3319070250652186,0.6629891872351489,2,Medium volatility
1996-02-26,650.4600219726562,-0.013165110437642,-1.1824219006611196,0.009262037012020673,0.09363239972841889,0.8971055632595605,2,Medium volatility
1996-02-27,647.239990234375,-0.0049626852379329,-0.4602681495761652,0.006430418416288079,0.13911843059039203,0.8544511509933199,2,Medium volatility
1996-02-28,644.75,-0.003854508682048,-0.3627026324014316,0.004704495329674817,0.21383517163487026,0.7814603330354549,2,Medium volatility
1996-02-29,640.4299926757812,-0.0067228304511051,-0.6152339599552237,0.004568990569413249,0.22410222002360683,0.7713287894069799,2,Medium volatility
1996-03-01,644.3699951171875,0.0061332733962791,0.5166366016995753,0.003814508749006331,0.31444375253787354,0.6817417387131202,2,Medium volatility
1996-03-04,650.8099975585938,0.0099446494726169,0.8521958373291075,0.004689290888280047,0.28197104350130703,0.713339665610413,2,Medium volatility
1996-03-05,655.7899780273438,0.0076228450580249,0.6477807129653176,0.004145406831038086,0.33550599185379704,0.6603486013151648,2,Medium volatility
1996-03-06,652.0,-0.0057960203106173,-0.5336362125572255,0.0035937779773930955,0.375711123882114,0.6206950981404928,2,Medium volatility
1996-03-07,653.6500244140625,0.0025275154315744,0.199180291362445,0.0022744865378891655,0.542899050439051,0.45482646302306007,1,Low volatility
1996-03-08,633.5,-0.0313120775970334,-2.7801079612953274,0.10484932969797635,1.672269263393859e-05,0.8951339476093897,2,Medium volatility
1996-03-11,640.02001953125,0.0102394566208765,0.8781510984596667,0.06584932337031443,0.014802395762830087,0.9193482808668555,2,Medium volatility
1996-03-12,637.0900268554688,-0.0045884813525365,-0.4273226812628232,0.03258115068640805,0.04633666621480872,0.9210821830987833,2,Medium volatility
1996-03-13,638.5499877929688,0.0022889867959392,0.1781798744404784,0.015306045547113688,0.11914469206945441,0.8655492623834319,2,Medium volatility
1996-03-14,640.8699951171875,0.003626658795488,0.2959505128401724,0.00795447068008057,0.2231963890478284,0.768849140272091,2,Medium volatility
1996-03-15,641.4299926757812,0.0008734268104584,0.0535518615648501,0.004251929754090831,0.37703431083057737,0.6187137594153318,2,Medium volatility
1996-03-18,652.6500244140625,0.0173409878109662,1.5033804986073154,0.012832734618469642,0.0604656070706361,0.9267016583108942,2,Medium volatility
1996-03-19,651.6900024414062,-0.0014720427591683,-0.1529467783522326,0.007256474585219579,0.13470281292721764,0.8580407124875628,2,Medium volatility
1996-03-20,649.97998046875,-0.0026274293466883,-0.2546687371407631,0.004795099116575269,0.22883653797754028,0.7663683629058845,2,Medium volatility
1996-03-21,649.1900024414062,-0.0012161274276625,-0.1304156107880813,0.0032512341064494157,0.36946603392708094,0.6272827319664697,2,Medium volatility
1996-03-22,650.6199951171875,0.0022003112076287,0.1703727433580317,0.002168528832535204,0.538744210018239,0.4590872611492257,1,Low volatility
1996-03-25,650.0399780273438,-0.0008918812606948,-0.1018684945328855,0.0013870412334437534,0.6866177747737123,0.31199518399284376,1,Low volatility
1996-03-26,652.969970703125,0.0044972758911203,0.372600940739454,0.0009521935845108999,0.7864796266620371,0.21256817975345207,1,Low volatility
1996-03-27,648.9099731445312,-0.0062371507290261,-0.5724739926789982,0.0009988604892641148,0.7882449215413728,0.21075621796936297,1,Low volatility
1996-03-28,648.9400024414062,4.6275451623500885e-05,-0.0192717780239417,0.0005398455431555925,0.8717313533766635,0.12772880108018084,1,Low volatility
1996-03-29,645.5,-0.0053150559828214,-0.4912913956281809,0.0004959246632218008,0.88198440369524,0.11751967164153813,1,Low volatility
1996-04-01,653.72998046875,0.0126691820136111,1.0920677467372863,0.0015771299078143819,0.7440799418667656,0.25434292822542004,1,Low volatility
1996-04-02,655.260009765625,0.0023377260408192,0.1824709502696598,0.0007705288655896767,0.8432800282963381,0.15594944283807233,1,Low volatility
1996-04-03,655.8800048828125,0.0009457344852137,0.0599179371199948,0.00039157852994783487,0.9060310763010155,0.09357734516903649,1,Low volatility
1996-04-04,655.8599853515625,-3.052362724442759e-05,-0.0260332834975071,0.000214501951361203,0.9404988662837572,0.059286631764881546,1,Low volatility
1996-04-08,644.239990234375,-0.0178760168701721,-1.5971771307828777,0.006322911832769329,0.297087600372096,0.6965894877951346,2,Medium volatility
1996-04-09,642.1900024414062,-0.003187098466121,-0.3039428413385157,0.0038239689913383795,0.41391587298468885,0.5822601580239728,2,Medium volatility
1996-04-10,633.5,-0.0136242141016094,-1.2228420721346325,0.008653833077709427,0.11071258020415695,0.8806335867181337,2,Medium volatility
1996-04-11,631.1799926757812,-0.0036689280136146,-0.3463638335004936,0.005704270175661661,0.18124824356103378,0.8130474862633046,2,Medium volatility
1996-04-12,636.7100219726562,0.0087232556457186,0.7446625027151086,0.005484538889974315,0.19959207909792007,0.7949233820121056,2,Medium volatility
1996-04-15,642.489990234375,0.0090369098529654,0.77227708703523,0.005467236571972378,0.20843880031768966,0.786093963110338,2,Medium volatility
1996-04-16,645.0,0.0038990795495088,0.3199348424255844,0.0037349919272376348,0.3384978747120873,0.657767133360675,2,Medium volatility
1996-04-17,641.6099853515625,-0.0052696971607666,-0.4872979372674963,0.0032360376244346487,0.39722506642869765,0.5995388959468677,2,Medium volatility
1996-04-18,643.6099853515625,0.0031123102037051,0.25066649550656,0.0021405585577333806,0.5588277192476787,0.43903172219458797,1,Low volatility
1996-04-19,645.0700073242188,0.0022659195543468,0.176149000078622,0.0013122006139538148,0.7095045230312665,0.28918327635477975,1,Low volatility
1996-04-22,647.8900146484375,0.0043621020725623,0.360700036099251,0.0008706553823035161,0.8048445343726578,0.1942848102450386,1,Low volatility
1996-04-23,651.5800170898438,0.0056792573424191,0.476664351009692,0.0006400981561865691,0.8571406083144698,0.1422192935293437,1,Low volatility
1996-04-24,650.1699829101562,-0.0021663679372325,-0.2140762028338571,0.0003865698044950668,0.904055846885759,0.095557583309746,1,Low volatility
1996-04-25,652.8699951171875,0.0041441799434833,0.3415138467555919,0.0002461929568360071,0.9342450613033609,0.06550874573980296,1,Low volatility
1996-04-26,653.4600219726562,0.0009033351264573,0.0561850343230736,0.00014009470810093764,0.9564509566568333,0.04340894863506568,1,Low volatility
1996-04-29,654.1599731445312,0.0010705728596089,0.0709088938375323,8.684627454417421e-05,0.9681048751036332,0.03180827862182252,1,Low volatility
1996-04-30,654.1699829101562,1.5301592047656243e-05,-0.0219987628282734,6.0556322665233e-05,0.9737639790534285,0.026175464623906283,1,Low volatility
1996-05-01,654.5800170898438,0.0006266043065572,0.0318212401078262,4.6823844920939e-05,0.9769410902286149,0.023012085926464223,1,Low volatility
1996-05-02,643.3800048828125,-0.0172582976495387,-1.542792209075392,0.002450985582506544,0.5126603623315272,0.48488865208596615,1,Low volatility
1996-05-03,641.6300048828125,-0.0027237158754926,-0.2631459467784006,0.0016996686876190796,0.6374008846158948,0.3608994466964861,1,Low volatility
1996-05-06,640.8099975585938,-0.0012788238582865,-0.1359354980717062,0.001049179416832469,0.7608007215257494,0.23815009905741813,1,Low volatility
1996-05-07,638.260009765625,-0.0039872581746474,-0.3743900957675932,0.0008029096070817062,0.8162343336080017,0.18296275678491647,1,Low volatility
1996-05-08,644.77001953125,0.0101479552062704,0.8700951774145448,0.0012929671753959683,0.7652176409879833,0.23348939183662082,1,Low volatility
1996-05-09,645.4400024414062,0.0010385642011261,0.0680908037937034,0.0006444205641038535,0.8588716112139164,0.14048396822197967,1,Low volatility
1996-05-10,652.0900268554688,0.0102503718455562,0.8791120911239655,0.0010464781586708672,0.8092966383990305,0.18965688344229867,1,Low volatility
1996-05-13,661.510009765625,0.0143424849673987,1.2393878350475225,0.004030684036782181,0.5241236721115653,0.4718456438516525,1,Low volatility
1996-05-14,665.5999755859375,0.0061637374658696,0.5193187038330849,0.0025368730382047543,0.620326812862077,0.37713631409971826,1,Low volatility
1996-05-15,665.4199829101562,-0.000270458268833,-0.0471574872811096,0.0012651378676982118,0.7560019080937753,0.24273295403852643,1,Low volatility
1996-05-16,664.8499755859375,-0.0008569799768283,-0.0987957334350132,0.0006805976002547153,0.847456302963933,0.1518630994358122,1,Low volatility
1996-05-17,668.9099731445312,0.0060880672007277,0.5126565808039405,0.0005194938980895565,0.8828214425294769,0.11665906357243351,1,Low volatility
1996-05-20,673.1500244140625,0.0063187419113432,0.5329655264505679,0.00040632748299811324,0.9057417308908359,0.093851941626166,1,Low volatility
1996-05-21,672.760009765625,-0.0005795553186311,-0.0743708526610106,0.00022231646480350633,0.9393535398465817,0.06042414368861493,1,Low volatility
1996-05-22,678.4199829101562,0.0083778716095581,0.7142543769223844,0.0002751993180197762,0.9288143085668282,0.07091049211515198,1,Low volatility
1996-05-23,676.0,-0.0035734639415894,-0.3379590341846415,0.00020371009882190954,0.9413924913428572,0.058403798558320834,1,Low volatility
1996-05-24,678.510009765625,0.003706155909616,0.3029495573630044,0.000134773179216632,0.9572954866707821,0.04256974015000131,1,Low volatility
1996-05-28,672.22998046875,-0.0092987171373302,-0.8420188665573858,0.00035591554153499095,0.9015379845894226,0.09810609986904262,1,Low volatility
1996-05-29,667.9299926757812,-0.0064171481542141,-0.588321234515444,0.0004348506389953688,0.8905698744845961,0.10899527487640859,1,Low volatility
1996-05-30,671.7000122070312,0.0056284637851211,0.4721924104505755,0.0003294575952947787,0.9171388121012363,0.0825317303034691,1,Low volatility
1996-05-31,669.1199951171875,-0.0038484215032532,-0.3621667080993915,0.00024926916797036303,0.9317462913357912,0.06800443949623841,1,Low volatility
1996-06-03,667.6799926757812,-0.0021544030693156,-0.2130227980130814,0.0001645372310708357,0.9497203823187077,0.05011508045022152,1,Low volatility
1996-06-04,672.5599975585938,0.0072823173234333,0.6178001432074236,0.00017756166265118093,0.9469137362549042,0.05290870208244466,1,Low volatility
1996-06-05,678.4400024414062,0.0087047254051757,0.7430310726940174,0.00024916284241759107,0.9321894980134219,0.0675613391441605,1,Low volatility
1996-06-06,673.030029296875,-0.0080060998981226,-0.7282149164715073,0.0004252153200367342,0.8941007707690128,0.10547401391095042,1,Low volatility
1996-06-07,673.3099975585938,0.0004158953312973,0.0132701075870931,0.00023740706176842796,0.9344402771366771,0.0653223158015545,1,Low volatility
1996-06-10,672.1599731445312,-0.0017094765682834,-0.1738508051140907,0.00015190022122888035,0.9526995840858925,0.04714851569287867,1,Low volatility
1996-06-11,670.969970703125,-0.0017719845473385,-0.1793541008404548,0.0001045777057348784,0.9629617666320702,0.036933655662194954,1,Low volatility
1996-06-12,669.0399780273438,-0.0028805666885469,-0.2769553263521278,8.643007856819738e-05,0.966068218967658,0.033845350953773834,1,Low volatility
1996-06-13,667.9199829101562,-0.0016754359321211,-0.1708538167240235,6.871798724859074e-05,0.9706764273403774,0.029254854672373865,1,Low volatility
1996-06-14,665.8499755859375,-0.0031039970169386,-0.2966264657804924,6.613178068344615e-05,0.9701641593953618,0.02976970882395493,1,Low volatility
1996-06-17,665.1599731445312,-0.0010368104368803,-0.1146282754118045,5.5644543831613895e-05,0.973870109236523,0.026074246219645512,1,Low volatility
1996-06-18,662.0599975585938,-0.0046713902618105,-0.4346221053200769,7.093417449417365e-05,0.9669693662763482,0.0329596995491576,1,Low volatility
1996-06-19,661.9600219726562,-0.0001510182393813,-0.0366418089057309,5.889031070059179e-05,0.973052804769225,0.026888304920074504,1,Low volatility
1996-06-20,662.0999755859375,0.0002114007130504,-0.0047339036715431,4.7685756838093805e-05,0.9764266930066965,0.023525621236465413,1,Low volatility
1996-06-21,666.8400268554688,0.0071336122954397,0.6047079307024464,6.977633844266906e-05,0.9679461087198414,0.03198411494171588,1,Low volatility
1996-06-24,668.8499755859375,0.003009605887482,0.2416242542904186,5.994126658174072e-05,0.9729993093159273,0.026940749417491118,1,Low volatility
1996-06-25,668.47998046875,-0.000553334089246,-0.0720622965087179,4.9140067669210344e-05,0.9758851880508641,0.024065671881466744,1,Low volatility
1996-06-26,664.3900146484375,-0.0061371006509691,-0.5636654345506331,8.392820454983071e-05,0.9612073170608789,0.038708754734571235,1,Low volatility
1996-06-27,668.5499877929688,0.0062418213018808,0.5261933212421641,0.00010158847197902905,0.9609348929246793,0.03896351860334167,1,Low volatility
1996-06-28,670.6300048828125,0.0031064065679871,0.2501467306108138,7.752867894896701e-05,0.9691309205471516,0.030791550773899577,1,Low volatility
1996-07-01,675.8800048828125,0.0077979763471303,0.6631995329216755,0.0001096233311526432,0.9589502486710398,0.04094012799780749,1,Low volatility
1996-07-02,673.6099853515625,-0.003364266039374,-0.319540938788988,9.959440177537954e-05,0.9619750181901102,0.03792538740811429,1,Low volatility
1996-07-03,672.4000244140625,-0.0017978488341547,-0.1816312312364892,7.851159135320301e-05,0.9681484224940579,0.03177306591458896,1,Low volatility
1996-07-05,657.4400024414062,-0.0224999289946934,-2.00427325224811,0.01119057356171053,0.06863884823710954,0.9201705782011799,2,Medium volatility
1996-07-08,652.5399780273438,-0.0074811025212015,-0.6819933642083085,0.008540496396295503,0.07525727205540882,0.9162022315482957,2,Medium volatility
1996-07-09,654.75,0.0033810770604185,0.274329130522089,0.005563565803370672,0.15966059033203311,0.8347758438645962,2,Medium volatility
1996-07-10,656.0599975585938,0.001998761067063,0.1526279683070648,0.0037924130634804896,0.2911299377939957,0.7050776491425238,2,Medium volatility
1996-07-11,645.6699829101562,-0.0159637335750995,-1.4288168567114052,0.010784678861674906,0.03127429142149738,0.9579410297168277,2,Medium volatility
1996-07-12,646.1900024414062,0.0008050710839153,0.0475337214258839,0.006554577448971189,0.09439600221342329,0.8990494203376056,2,Medium volatility
1996-07-15,629.7999877929688,-0.025691292679169,-2.2852456719541854,0.0479749986024183,7.7239891143225e-05,0.9519477615064385,2,Medium volatility
1996-07-16,628.3699951171875,-0.0022731321060769,-0.2234758795313276,0.022937216885060095,0.03392769671086862,0.9431350864040713,2,Medium volatility
1996-07-17,634.0700073242188,0.0090302128097832,0.7716874693627183,0.015312722130450502,0.051822976485282335,0.9328643013842672,2,Medium volatility
1996-07-18,643.5599975585938,0.0148558890010015,1.2845886920698524,0.018200212425161254,0.0176501516790253,0.9641496358958134,2,Medium volatility
1996-07-19,638.72998046875,-0.0075334596943852,-0.686602967842628,0.0122522317278756,0.031842149922896294,0.955905618349228,2,Medium volatility
1996-07-22,633.77001953125,-0.007795655884438,-0.7096871115631374,0.00932430229595351,0.04158072225595467,0.9490949754480917,2,Medium volatility
1996-07-23,626.8699951171875,-0.010946968587004,-0.9871333830732284,0.009728156306770307,0.024166699780912584,0.966105143912317,2,Medium volatility
1996-07-24,626.6500244140625,-0.000350964806234,-0.0542454029347696,0.006204400615946703,0.08032380560300023,0.913471793781053,2,Medium volatility
1996-07-25,631.1699829101562,0.0071870027914098,0.6094085096164074,0.005483859815476498,0.12356756595670515,0.8709485742278184,2,Medium volatility
1996-07-26,635.9000244140625,0.0074661438577017,0.633984505519631,0.005060076759651541,0.16862885489269766,0.8263110683476509,2,Medium volatility
1996-07-29,630.9099731445312,-0.0078781776089016,-0.7169524472920753,0.0053445948080559766,0.15087136926066932,0.8437840359312747,2,Medium volatility
1996-07-30,635.260009765625,0.006871200225551,0.5816047805991316,0.0046796427807690305,0.2123214701659421,0.7829988870532889,2,Medium volatility
1996-07-31,639.9500122070312,0.0073556880938383,0.6242598152895101,0.004298118829791328,0.2695290481934459,0.7261728329767628,2,Medium volatility
1996-08-01,650.02001953125,0.0156130943174641,1.351254177741618,0.009899187709943068,0.06795786679822616,0.9221429454918308,2,Medium volatility
1996-08-02,662.489990234375,0.019002286971804,1.64964375507881,0.021491625539178286,0.0051089116501265835,0.9733994628106951,2,Medium volatility
1996-08-05,660.22998046875,-0.0034172190863248,-0.3242030040386966,0.011775643837349135,0.038580435455840646,0.9496439207068103,2,Medium volatility
1996-08-06,662.3800048828125,0.0032511871704077,0.2628934308338264,0.007116444271092103,0.10229123786714905,0.8905923178617589,2,Medium volatility
1996-08-07,664.1599731445312,0.0026836271193602,0.2129245972448951,0.004745743057132537,0.20509701491755916,0.7901572420253082,2,Medium volatility
1996-08-08,662.5900268554688,-0.0023666056481044,-0.2317054296166792,0.003474412220579882,0.32323812277775904,0.6732874650016609,2,Medium volatility
1996-08-09,662.0999755859375,-0.000739873164262,-0.0884854749549535,0.0024068545570758875,0.4837325297151661,0.5138606157277581,2,Medium volatility
1996-08-12,665.77001953125,0.0055277298288176,0.4633236426611684,0.0019331666342265207,0.5989257239961141,0.3991411093696594,1,Low volatility
1996-08-13,660.2000122070312,-0.0084014569769479,-0.763022743490985,0.0027534191445178755,0.5130238065946038,0.4842227742608783,1,Low volatility
1996-08-14,662.0499877929688,0.0027982254385428,0.2230140042252453,0.0016296954473404735,0.6680998866279055,0.330270417924754,1,Low volatility
1996-08-15,662.280029296875,0.0003474081282632,0.0072403920617207,0.0009145073125715028,0.7931644728834145,0.20592101980401392,1,Low volatility
1996-08-16,665.2100219726562,0.0044143418338968,0.3652993026192102,0.0005936725449800468,0.8624185909637222,0.1369877364912976,1,Low volatility
1996-08-19,666.5800170898438,0.0020573747516445,0.1577884045384055,0.00032731063062966457,0.9162918179857379,0.08338087138363234,1,Low volatility
1996-08-20,665.6900024414062,-0.0013360876816097,-0.1409770905041227,0.00019637807657735216,0.943381103203196,0.05642251872022646,1,Low volatility
1996-08-21,665.0700073242188,-0.0009317910930546,-0.1053822157119367,0.0001224717579608515,0.9594967866656066,0.04038074157643261,1,Low volatility
1996-08-22,670.6799926757812,0.0083998028623462,0.7161852371352248,0.00017209671509251295,0.946529411285065,0.05329849199984251,1,Low volatility
1996-08-23,667.030029296875,-0.0054570458122364,-0.503792392032463,0.0001886749059769912,0.941252030007448,0.05855929508657514,1,Low volatility
1996-08-26,663.8800048828125,-0.0047336487293039,-0.4401034336763239,0.00018394199113358332,0.9426451654705778,0.057170892538288616,1,Low volatility
1996-08-27,666.4000244140625,0.0037887098808999,0.3102177321501079,0.00012891990584942438,0.9578014203357242,0.04206965975842629,1,Low volatility
1996-08-28,664.8099975585938,-0.0023888456146803,-0.2336634694519416,9.640335058847435e-05,0.9643645610847648,0.035539035564646874,1,Low volatility
1996-08-29,657.4000244140625,-0.0112085835062796,-1.0101663508473644,0.0004979698455086276,0.8648495390788324,0.13465249107565888,1,Low volatility
1996-08-30,651.989990234375,-0.0082634889598818,-0.7508758334457011,0.0008823233641469325,0.8079599253043706,0.1911577513314825,1,Low volatility
1996-09-03,654.719970703125,0.0041784091684853,0.3445274387884459,0.0005451948408810884,0.8741153628282308,0.12533944233088826,1,Low volatility
1996-09-04,655.6099853515625,0.0013584590372754,0.0962548223922658,0.0002937704784059223,0.9236149723412141,0.07609125718037997,1,Low volatility
1996-09-05,649.4400024414062,-0.0094556207634637,-0.855832895873393,0.0006978955128164604,0.847083982771957,0.15221812171522656,1,Low volatility
1996-09-06,655.6799926757812,0.0095623970302831,0.8185417620560371,0.0009709107026185448,0.8170329344105864,0.18199615488679516,1,Low volatility
1996-09-09,663.760009765625,0.0122477991884952,1.0549685741887802,0.0022893776697812717,0.6712008318944294,0.3265097904357894,1,Low volatility
1996-09-10,663.8099975585938,7.530720446613515e-05,-0.0167157791936661,0.001079410215933392,0.7946160553928323,0.20430453439123428,1,Low volatility
1996-09-11,667.280029296875,0.0052138315651948,0.4356875712536171,0.0006893396740367316,0.8554693912485398,0.1438412690774234,1,Low volatility
1996-09-12,671.1500244140625,0.0057829034718315,0.4857895108640307,0.0004853036423036186,0.8917909008153179,0.10772379554237865,1,Low volatility
1996-09-13,680.5399780273438,0.0138938730754256,1.199891374832173,0.002120463415103284,0.6940181995788932,0.30386133700600343,1,Low volatility
1996-09-16,683.97998046875,0.0050420804881516,0.4205663502098669,0.0012088889416235296,0.7847385210544411,0.21405259000393537,1,Low volatility
1996-09-17,682.9400024414062,-0.0015216373174844,-0.1573131572522978,0.0006370376514931813,0.8620358662735036,0.1373270960750033,1,Low volatility
1996-09-18,681.469970703125,-0.0021548249221696,-0.213059938567674,0.0003770197004642181,0.9072188842347253,0.09240409606481051,1,Low volatility
1996-09-19,683.0,0.0022426729367603,0.1741023331866491,0.00021190495579126206,0.9411955136037041,0.05859258144050456,1,Low volatility
1996-09-20,687.030029296875,0.0058831424631931,0.4946147012015566,0.0001731877778362925,0.9492394189366964,0.05058739328546726,1,Low volatility
1996-09-23,686.47998046875,-0.00080093898642,-0.0938618010366653,0.00010813496767258371,0.9629085349623842,0.036983330069943254,1,Low volatility
1996-09-24,685.6099853515625,-0.0012681314716243,-0.1349941243989012,7.632584001493993e-05,0.9696172120615515,0.03030646209843356,1,Low volatility
1996-09-25,685.8300170898438,0.0003208769465343,0.0049045472426882,5.588452982215288e-05,0.9747084101148219,0.025235705355355936,1,Low volatility
1996-09-26,685.8599853515625,4.369538550275109e-05,-0.0194989308941943,4.502391528545694e-05,0.9771961656493598,0.02275881043535466,1,Low volatility
1996-09-27,686.1900024414062,0.0004810569573177,0.0190070343510331,3.906291379753134e-05,0.9786532727954109,0.021307664290791558,1,Low volatility
1996-09-30,687.3300170898438,0.0016599902353204,0.1228020788969712,3.6049026652085e-05,0.9794236882482877,0.0205402627250601,1,Low volatility
1996-10-01,689.0800170898438,0.0025428482785114,0.2005302180805525,3.5413577008825656e-05,0.9794303443553745,0.02053424206761665,1,Low volatility
1996-10-02,694.010009765625,0.007128984317072,0.6043004765828657,5.8516104234350535e-05,0.9702010444830753,0.029740439412690296,1,Low volatility
1996-10-03,692.780029296875,-0.0017738529360915,-0.1795185965735597,5.655005226897998e-05,0.9728088984441787,0.02713455150355228,1,Low volatility
1996-10-04,701.4600219726562,0.0124513778108514,1.0728919398027026,0.00029687801521231224,0.9084033890663049,0.09129973291848285,1,Low volatility
1996-10-07,703.3400268554688,0.0026765460418767,0.2123011686195887,0.00019556748860368646,0.9411129415898642,0.058691490921531926,1,Low volatility
1996-10-08,700.6400146484375,-0.0038462306525222,-0.3619738223326899,0.00016419353909585726,0.9480849661740878,0.05175084028681646,1,Low volatility
1996-10-09,696.739990234375,-0.0055819240676164,-0.5147868599313973,0.00018610870385781108,0.9415007551238476,0.05831313617229464,1,Low volatility
1996-10-10,694.6099853515625,-0.0030617839999544,-0.2929099687911832,0.00014605819176910024,0.9521338438006327,0.04772009800759824,1,Low volatility
1996-10-11,700.6599731445312,0.0086721937541032,0.740166937602383,0.00021608016595048285,0.9373729280685669,0.06241099176548269,1,Low volatility
1996-10-14,703.5399780273438,0.0041019926239664,0.3377996122096396,0.00014868336683546867,0.9539572901024059,0.04589402653075871,1,Low volatility
1996-10-15,702.5700073242188,-0.0013796514740471,-0.1448125117794389,9.916958900913666e-05,0.9644941630026238,0.03540666740836709,1,Low volatility
1996-10-16,704.4099731445312,0.0026154840790217,0.2069251823166704,7.002428321332815e-05,0.9715768882216098,0.02835308749517693,1,Low volatility
1996-10-17,706.989990234375,0.003655972836225,0.2985313647177893,5.7384046410949877e-05,0.9741411767192578,0.02580143923433138,1,Low volatility
1996-10-18,710.8200073242188,0.0054027357866131,0.4523189807174725,6.048584812241588e-05,0.9721615292314091,0.027777984920468506,1,Low volatility
1996-10-21,709.8499755859375,-0.0013655977823106,-0.1435752037934466,5.262822540873057e-05,0.9745231601726446,0.02542421160194661,1,Low volatility
1996-10-22,706.5700073242188,-0.004631358162257,-0.4310976195548923,6.817888658487795e-05,0.9676056199040961,0.03232620120931902,1,Low volatility
1996-10-23,707.27001953125,0.0009902283864287,0.0638352465596414,5.64988317624709e-05,0.9738446284488302,0.02609887271940729,1,Low volatility
1996-10-24,702.2899780273438,-0.0070661230932724,-0.6454579563008134,0.00011230407024974294,0.9526787247430568,0.047208971186693434,1,Low volatility
1996-10-25,700.9199829101562,-0.001952659389012,-0.1952609834348643,9.647274375829449e-05,0.9625061795850315,0.03739734767121026,1,Low volatility
1996-10-28,697.260009765625,-0.0052353509896478,-0.4842740491240571,0.00011805816842207796,0.9555510028698657,0.04433093896171214,1,Low volatility
1996-10-29,701.5,0.0060625170739632,0.5104071095275265,0.00012044134923741611,0.957916687872341,0.041962870778421604,1,Low volatility
1996-10-30,700.9000244140625,-0.0008556412037892,-0.0986778658594488,8.430739115692879e-05,0.967516476857811,0.03239921575103215,1,Low volatility
1996-10-31,705.27001953125,0.0062154775726082,0.5238739800170288,8.903265396713591e-05,0.9653128349906225,0.03459813235541041,1,Low volatility
1996-11-01,703.77001953125,-0.0021291099259839,-0.2107959519414629,7.302521896746386e-05,0.9693577386393276,0.030569236141704873,1,Low volatility
1996-11-04,706.72998046875,0.0041970440021534,0.3461680773443136,6.420919107459013e-05,0.972017670763392,0.027918120045533436,1,Low volatility
1996-11-05,714.1400146484375,0.0104303720745866,0.8949595798148791,0.00017600129758851623,0.9394974309812304,0.06032656772118103,1,Low volatility
1996-11-06,724.5900268554688,0.0145269726490031,1.2556304057575007,0.0013356253084818544,0.7596559656979617,0.23900840899355652,1,Low volatility
1996-11-07,727.6500244140625,0.0042141822001715,0.3476769498648513,0.0007634860861568933,0.841639175107268,0.1575973388065751,1,Low volatility
1996-11-08,730.8200073242188,0.0043470045087747,0.3593708240606156,0.00045898671577870967,0.8946394877534715,0.1049015255307498,1,Low volatility
1996-11-11,731.8699951171875,0.0014356944691913,0.1030547450391327,0.0002441814234362486,0.93502009663708,0.06473572193948374,1,Low volatility
1996-11-12,729.5599975585938,-0.0031612865398438,-0.3016703208424471,0.0001747629049255923,0.9475936184788328,0.052231618616241704,1,Low volatility
1996-11-13,731.1300048828125,0.0021496798447229,0.1659150826351685,0.0001085162960185948,0.9630769036597089,0.03681458004427242,1,Low volatility
1996-11-14,735.8800048828125,0.0064757793988095,0.5467913411180114,0.0001096261444889538,0.9612043516167503,0.038686022238760755,1,Low volatility
1996-11-15,737.6199951171875,0.0023617116296357,0.1845826772911304,7.606348365495771e-05,0.9700667691435004,0.029857167372844565,1,Low volatility
1996-11-18,737.02001953125,-0.0008137248590616,-0.0949874883381909,5.735545059607469e-05,0.9740792381758666,0.02586340637353733,1,Low volatility
1996-11-19,742.1599731445312,0.0069497617959699,0.5885214584581562,7.613816608199802e-05,0.9669805508149658,0.032943311018952155,1,Low volatility
1996-11-20,743.9500122070312,0.0024090275226447,0.188748439098211,6.08828537121999e-05,0.9730496753458528,0.02688944180043504,1,Low volatility
1996-11-21,742.75,-0.0016143303393922,-0.1654739891819193,5.23489911003613e-05,0.9746523754333859,0.025295275575513886,1,Low volatility
1996-11-22,748.72998046875,0.0080188974590447,0.6826497571880914,8.899021510356007e-05,0.9622512873094317,0.03765972247546485,1,Low volatility
1996-11-25,757.030029296875,0.0110245096690784,0.9472683399774298,0.00027927509376352353,0.9182932284684736,0.08142749643776291,1,Low volatility
1996-11-26,755.9600219726562,-0.0014144276781058,-0.1478742606644366,0.00018291737871258535,0.9442853988830372,0.055531683738250244,1,Low volatility
1996-11-27,755.0,-0.0012707445437092,-0.1352241831634765,0.00012040133990965675,0.9593381751163029,0.04054142354378746,1,Low volatility
1996-11-29,757.02001953125,0.0026719497188567,0.2118965014840434,8.214516213518627e-05,0.9687973428509005,0.031120511986964382,1,Low volatility
1996-12-02,756.5599975585938,-0.0006078594876077,-0.0768627939222998,5.9888965701149973e-05,0.9736206768870412,0.026319434147257705,1,Low volatility
1996-12-03,748.280029296875,-0.0110045608472812,-0.992203891585042,0.00033313769111201105,0.8912744079597995,0.10839245434908844,1,Low volatility
1996-12-04,745.0999755859375,-0.0042588738394666,-0.3983035440986521,0.0003166575270494479,0.9099827961670538,0.0897005463058967,1,Low volatility
1996-12-05,744.3800048828125,-0.0009667411024505,-0.1084592666781069,0.00019917586976936057,0.9408004720536376,0.05900035207659304,1,Low volatility
1996-12-06,739.5999755859375,-0.0064421971879253,-0.5905265888119072,0.00025552930874759693,0.9267097999739984,0.07303467071725403,1,Low volatility
1996-12-09,749.760009765625,0.013643701841282,1.177865926168921,0.00127679414765469,0.7765440615204849,0.2221791443318604,1,Low volatility
1996-12-10,747.5399780273438,-0.0029653821988908,-0.284422610411872,0.0007518043346567187,0.8428131492887524,0.15643504637659092,1,Low volatility
1996-12-11,740.72998046875,-0.0091516260864379,-0.8290687510041626,0.0013868326532939898,0.7472492958827958,0.25136387146391026,1,Low volatility
1996-12-12,729.2999877929688,-0.0155510068069268,-1.392479776329416,0.008245606130547254,0.19891763263951093,0.7928367612299418,2,Medium volatility
1996-12-13,728.6400146484375,-0.0009053502729949,-0.1030543264690636,0.00456767663243823,0.3357864016498959,0.6596459217176659,2,Medium volatility
1996-12-16,720.97998046875,-0.0105684324198769,-0.9538064942133516,0.006431347478909103,0.18255825825868707,0.8110103942624037,2,Medium volatility
1996-12-17,726.0399780273438,0.0069937089027725,0.5923906273020189,0.00507794422534431,0.24602482632059086,0.7488972294540648,2,Medium volatility
1996-12-18,731.5399780273438,0.0075467916268667,0.6410848554284853,0.0044266505083681296,0.3002351905178996,0.6953381589737323,2,Medium volatility
1996-12-19,745.760009765625,0.0192519746303503,1.67162662902507,0.016070107553511622,0.021749378584116064,0.9621805138623722,2,Medium volatility
1996-12-20,748.8699951171875,0.0041615514605757,0.3430432610355,0.009259036565789067,0.07080699467012995,0.919933968764081,2,Medium volatility
1996-12-23,746.9199829101562,-0.0026073357094116,-0.252899663338929,0.005941856395702744,0.14053096927969566,0.8535271743246016,2,Medium volatility
1996-12-24,751.030029296875,0.0054875752424372,0.4597883729730158,0.004581046380605288,0.22650044319812254,0.7689185104212722,2,Medium volatility
1996-12-26,755.8200073242188,0.0063576255697981,0.53638890174817,0.0038740265739735874,0.3116637037886044,0.6844622696374221,2,Medium volatility
1996-12-27,756.7899780273438,0.0012825128029998,0.0895684026288955,0.002529541038870215,0.4807335946737165,0.5167368642874134,2,Medium volatility
1996-12-30,753.8499755859375,-0.0038923982466023,-0.3660384861890203,0.001995498098235552,0.5806902262232259,0.4173142756785386,1,Low volatility
1996-12-31,740.739990234375,-0.0175437034913992,-1.5679197651655628,0.01168005773720617,0.05202422369873404,0.9362957185640598,2,Medium volatility
1997-01-02,737.010009765625,-0.0050481994790461,-0.4677969509352158,0.007726152883106919,0.0887345097317898,0.9035393373851034,2,Medium volatility
1997-01-03,748.030029296875,0.0148416494188143,1.283335018011266,0.011744921412361883,0.027530608701608526,0.9607244698860297,2,Medium volatility
1997-01-06,747.6500244140625,-0.0005081366032078,-0.0680830424116182,0.006994607176198018,0.08566174710049322,0.9073436457233088,2,Medium volatility
1997-01-07,753.22998046875,0.0074356134339721,0.6312965614687269,0.005923695867093285,0.12606921694653056,0.8680070871863762,2,Medium volatility
1997-01-08,748.4099731445312,-0.0064196798523346,-0.5885441289947986,0.005300902881191625,0.14668495301569207,0.8480141441031163,2,Medium volatility
1997-01-09,754.8499755859375,0.0085681014049221,0.7310024918939304,0.005319897911331096,0.1692701280539135,0.8254099740347555,2,Medium volatility
1997-01-10,759.5,0.0061413003650159,0.5173433080019171,0.004364799372982946,0.2497439345282,0.7458912660988171,2,Medium volatility
1997-01-13,759.510009765625,1.31793280635506e-05,-0.0221856101154598,0.0029387193556819065,0.4060748794538177,0.5909864011905005,2,Medium volatility
1997-01-14,768.8599853515625,0.0122353778992625,1.053874985354465,0.005371712306154476,0.2563751781990829,0.7382531094947626,2,Medium volatility
1997-01-15,767.2000122070312,-0.0021613397827797,-0.2136335166147553,0.0034521150939767348,0.388554911570266,0.6079929733357572,2,Medium volatility
1997-01-16,769.75,0.0033182473242359,0.2687975068182177,0.0022572253007423475,0.5478854148986698,0.4498573598005878,1,Low volatility
1997-01-17,776.1699829101562,0.0083057595325835,0.7079055220876481,0.0023863959435323693,0.5716053684359111,0.42600823562055656,1,Low volatility
1997-01-20,776.7000122070312,0.0006826448049412,0.0367551291876207,0.0013200902708496716,0.722267030440558,0.2764128792885924,1,Low volatility
1997-01-21,782.719970703125,0.0077208044870449,0.6564052072336032,0.001280783895343821,0.7515668173891835,0.24715239871547284,1,Low volatility
1997-01-22,786.22998046875,0.0044743500183823,0.3705825127024352,0.0007820577558033865,0.8334825711678447,0.1657353710763518,1,Low volatility
1997-01-23,777.5599975585938,-0.0110885372934799,-0.9995973031857144,0.0023049947169993994,0.6306516158006705,0.36704338948232995,1,Low volatility
1997-01-24,770.52001953125,-0.0090951714119835,-0.8240983972452559,0.0032722851687894,0.5069689743633242,0.4897587404678863,1,Low volatility
1997-01-27,765.02001953125,-0.0071636341360781,-0.6540429739778827,0.003216382560892059,0.485279014360471,0.511504603078637,2,Medium volatility
1997-01-28,765.02001953125,0.0,-0.0233459378192967,0.0017840721087749038,0.6480847411881919,0.3501311867030333,1,Low volatility
1997-01-29,772.5,0.0097300059658804,0.8332983027875808,0.0023566343303501416,0.6077575629031124,0.38988580276653745,1,Low volatility
1997-01-30,784.1699829101562,0.0149938030139695,1.2967308475137755,0.007321936036372602,0.2591283714719735,0.7335496924916539,2,Medium volatility
1997-01-31,786.1599731445312,0.0025344881079911,0.1997941761961159,0.003954824843376967,0.4156850418674486,0.5803601332891745,2,Medium volatility
1997-02-03,786.72998046875,0.0007247898657656,0.0404656432152431,0.002191792995910987,0.587330091183962,0.4104781158201271,1,Low volatility
1997-02-04,789.260009765625,0.0032107202279201,0.2593306608480183,0.0013093000045230707,0.7252942611129817,0.27339643888249515,1,Low volatility
1997-02-05,778.280029296875,-0.0140094157412686,-1.2567557991398883,0.006025757726868946,0.27866305335758934,0.7153111889155418,2,Medium volatility
1997-02-06,780.1500244140625,0.0023998459349741,0.1879400784224593,0.0034178647595105027,0.43935916805729663,0.5572229671831928,2,Medium volatility
1997-02-07,789.5599975585938,0.0119895850014239,1.0322350119511745,0.0055161793838979425,0.2945566082706784,0.6999272123454237,2,Medium volatility
1997-02-10,785.4299926757812,-0.0052444959963446,-0.4850791891563034,0.004128135912236824,0.35312594727526075,0.6427459168125024,2,Medium volatility
1997-02-11,789.5900268554688,0.0052825282243338,0.4417357276069347,0.002927637029423736,0.476975661511288,0.5200967014592883,2,Medium volatility
1997-02-12,802.77001953125,0.0165544139353182,1.434129361172404,0.010025662989481742,0.11191600773930066,0.8780583292712175,2,Medium volatility
1997-02-13,811.8200073242188,0.0112103783873127,0.963632499212556,0.009799228438374512,0.0847675722877506,0.9054331992738749,2,Medium volatility
1997-02-14,808.47998046875,-0.0041227323476871,-0.3863174440644386,0.006440402924925522,0.1411033610797051,0.8524562359953693,2,Medium volatility
1997-02-18,816.2899780273438,0.0096137396808169,0.8230620456027793,0.006466041222400528,0.1397959430862662,0.8537380156913332,2,Medium volatility
1997-02-19,812.489990234375,-0.004666062649961,-0.4341530544250346,0.004928339307424774,0.19867714275018963,0.7963945179423856,2,Medium volatility
1997-02-20,802.7999877929688,-0.0119979926998521,-1.079667113902119,0.007706960097246332,0.07151658738155782,0.9207764525211959,2,Medium volatility
1997-02-21,801.77001953125,-0.0012837936624485,-0.1363730470441581,0.005142720104583859,0.1528744611253774,0.8419828187700387,2,Medium volatility
1997-02-24,810.280029296875,0.0105580950479229,0.9062045009264796,0.006221750445813482,0.1275122349401609,0.8662660146140255,2,Medium volatility
1997-02-25,812.030029296875,0.0021574182684798,0.1665963850070241,0.00421514273181517,0.24494803344345942,0.7508368238247254,2,Medium volatility
1997-02-26,805.6799926757812,-0.0078506891214082,-0.714532319845413,0.004711400417323462,0.2158044015849582,0.7794841979977184,2,Medium volatility
1997-02-27,795.0700073242188,-0.013256461944521,-1.190464623606313,0.008609913443599005,0.054445853859743154,0.9369442326966578,2,Medium volatility
1997-02-28,790.8200073242188,-0.0053597792217203,-0.4952288962996476,0.006436944816639,0.08795654819979955,0.9056065069835615,2,Medium volatility
1997-03-03,795.3099975585938,0.0056615816028617,0.4751081525301217,0.005098729347514738,0.1548147413239983,0.840086529328487,2,Medium volatility
1997-03-04,790.9500122070312,-0.0054972026078123,-0.5073278562214831,0.004519560555152828,0.19719750618402676,0.7982829332608204,2,Medium volatility
1997-03-05,801.989990234375,0.0138613567061387,1.19702858517174,0.008154657974107042,0.07849147270046544,0.9133538693254275,2,Medium volatility
1997-03-06,798.5599975585938,-0.0042860241200681,-0.4006938953060093,0.0058166395001939195,0.13077501972307232,0.8634083407767337,2,Medium volatility
1997-03-07,804.969970703125,0.0079948705843548,0.6805343952967359,0.005393680085738969,0.16567043747568347,0.8289358824385775,2,Medium volatility
1997-03-10,813.6500244140625,0.0107253548638377,0.920930304640354,0.0064529916167426265,0.13322269141516965,0.8603243169680878,2,Medium volatility
1997-03-11,811.3400268554688,-0.0028430932396164,-0.273656108004826,0.004529408397284862,0.22354926979944695,0.7719213218032681,2,Medium volatility
1997-03-12,804.260009765625,-0.0087646227437376,-0.7949963993753603,0.005372010240242201,0.1688262139833303,0.8258017757764274,2,Medium volatility
1997-03-13,789.5599975585938,-0.0184467869461997,-1.647428579759821,0.016120013952060454,0.006027637991303937,0.9778523480566357,2,Medium volatility
1997-03-14,793.1699829101562,0.0045617277188556,0.3782753758034859,0.009539725884509985,0.0439176803743799,0.9465425937411102,2,Medium volatility
1997-03-17,795.7100219726562,0.0031972725674691,0.258146708760488,0.006155550279133548,0.11119766471952346,0.8826467850013431,2,Medium volatility
1997-03-18,789.6599731445312,-0.0076323864036158,-0.6953126229036581,0.005934454025872713,0.10863022352167127,0.8854353224524559,2,Medium volatility
1997-03-19,785.77001953125,-0.0049382854669666,-0.458119957340343,0.004901364417270846,0.1569313783108325,0.8381672572718967,2,Medium volatility
1997-03-20,782.6500244140625,-0.0039785250700878,-0.3736212202139879,0.004033756404090202,0.23313583849101532,0.7628304051048944,2,Medium volatility
1997-03-21,784.0999755859375,0.0018509035721301,0.1396103738771144,0.0029103158271829525,0.3876159447132555,0.6094737394595615,2,Medium volatility
1997-03-24,790.8900146484375,0.0086223800429436,0.7357812641590405,0.0033363482818019414,0.4044625515368943,0.5922011001813038,2,Medium volatility
1997-03-25,789.0700073242188,-0.0023038660522125,-0.2261817419984737,0.0022453874841266534,0.5445223915717903,0.453232220944083,1,Low volatility
1997-03-26,790.5,0.0018106105583344,0.1360629168328107,0.0013601501489953415,0.6998974227564808,0.298742427094524,1,Low volatility
1997-03-27,773.8800048828125,-0.0212488275297193,-1.894124412859612,0.018612021305787308,0.016162511620183548,0.9652254670740291,2,Medium volatility
1997-03-31,757.1199951171875,-0.0218950742190324,-1.951020935467369,0.050298549326797615,0.0001896818416065144,0.9495117688315958,2,Medium volatility
1997-04-01,759.6400146484375,0.003322901228663,0.2692072435067449,0.02409460541949279,0.03661297269015894,0.9392924218903482,2,Medium volatility
1997-04-02,750.1099853515625,-0.0126248132153055,-1.134853327183007,0.022159463916003617,0.013753366749434653,0.9640871693345617,2,Medium volatility
1997-04-03,750.3200073242188,0.0002799490480107,0.0013011939998095,0.011326277674013556,0.06324857336760854,0.9254251489583779,2,Medium volatility
1997-04-04,757.9000244140625,0.0100516910686145,0.8616199391270157,0.009694202244912789,0.06653834719363387,0.9237674505614533,2,Medium volatility
1997-04-07,762.1300048828125,0.0055656681860742,0.4666637922310573,0.006599976054042792,0.12692794233590846,0.8664720816100487,2,Medium volatility
1997-04-08,766.1199951171875,0.0052216578441974,0.436376608532368,0.004853832424970286,0.2131408966853469,0.7820052708896829,2,Medium volatility
1997-04-09,760.5999755859375,-0.0072312456652969,-0.6599955938742127,0.004851273441498957,0.20788706681247957,0.7872616597460215,2,Medium volatility
1997-04-10,758.3400268554688,-0.0029756940951504,-0.2853304851420107,0.0036014159567744233,0.3154433981940181,0.6809551858492076,2,Medium volatility
1997-04-11,737.6500244140625,-0.027662378839925,-2.458783038043433,0.056666641386613995,8.615784300665226e-05,0.9432472007703794,2,Medium volatility
1997-04-14,743.72998046875,0.0082085490201055,0.6993469635489652,0.03234650591250897,0.022095855171645647,0.9455576389158453,2,Medium volatility
1997-04-15,754.719970703125,0.0146687412369832,1.2681119237358027,0.031867457377311365,0.010722779462666018,0.9574097631600227,2,Medium volatility
1997-04-16,763.530029296875,0.0116056742701458,0.9984349384455874,0.024121637663890513,0.017664310352375836,0.9582140519837336,2,Medium volatility
1997-04-17,761.77001953125,-0.0023077564943241,-0.2265242623257997,0.012444476919225352,0.062537420159167,0.9250181029216076,2,Medium volatility
1997-04-18,766.3400268554688,0.0059812720420042,0.5032541757112828,0.007980455041791814,0.11692218243954433,0.8750973625186639,2,Medium volatility
1997-04-21,760.3699951171875,-0.0078208200407283,-0.7119026014232062,0.006966713293651496,0.10980705930121282,0.8832262274051357,2,Medium volatility
1997-04-22,774.6099853515625,0.0185545074807249,1.6102205806799563,0.016886065334529413,0.009358868155494063,0.9737550665099766,2,Medium volatility
1997-04-23,773.6400146484375,-0.0012529899306032,-0.1336610405390226,0.00931809797311115,0.05261400843301031,0.9380678935938785,2,Medium volatility
1997-04-24,771.1799926757812,-0.0031848681922879,-0.3037464847030932,0.006186485570515706,0.10881857743495618,0.8849949369945281,2,Medium volatility
1997-04-25,765.3699951171875,-0.0075624292009592,-0.689153486418553,0.005925700706909809,0.10794122364158173,0.8861330756515085,2,Medium volatility
1997-04-28,772.9600219726562,0.0098679585810188,0.8454438568241732,0.0063962550688189705,0.10600777156688812,0.8875959733642929,2,Medium volatility
1997-04-29,794.0499877929688,0.0269190869507918,2.3466506356314167,0.05303673163635879,0.00015558728804714432,0.946807681075594,2,Medium volatility
1997-04-30,801.3400268554688,0.0091389437496074,0.7812603035113093,0.03205867866102238,0.019025613790428005,0.9489157075485496,2,Medium volatility
1997-05-01,798.530029296875,-0.0035127858507291,-0.3326168445448026,0.016287262066647025,0.058425419918397364,0.9252873180149556,2,Medium volatility
1997-05-02,812.969970703125,0.0179215983787175,1.5544983191558082,0.02649553786829054,0.006845791127601323,0.9666586710041081,2,Medium volatility
1997-05-05,830.2899780273438,0.0210808384309224,1.8326425263542483,0.05448980606021704,0.0006072549864830797,0.9449029389532999,2,Medium volatility
1997-05-06,827.760009765625,-0.0030517417976998,-0.2920258383235783,0.0262254881460957,0.03255275234887468,0.9412217595050295,2,Medium volatility
1997-05-07,815.6199951171875,-0.0147747148569052,-1.3241338749653857,0.028860160332894954,0.006261991500264112,0.964877848166841,2,Medium volatility
1997-05-08,820.260009765625,0.0056728208400373,0.4760976717379263,0.01573566691517881,0.04013838709141017,0.944125945993411,2,Medium volatility
1997-05-09,824.780029296875,0.0054953445494918,0.4604723943564731,0.009405430295322812,0.09053595385452243,0.9000586158501548,2,Medium volatility
1997-05-12,837.6599731445312,0.0154955385415336,1.340904391857204,0.014178775436689698,0.02292697945662301,0.9628942451066873,2,Medium volatility
1997-05-13,833.1300048828125,-0.0054225598923611,-0.5007562002000222,0.009142848083733916,0.051102732060174086,0.939754419856092,2,Medium volatility
1997-05-14,836.0399780273438,0.0034867342720596,0.2836313490560055,0.005987600529205992,0.12126146364241326,0.8727509358283808,2,Medium volatility
1997-05-15,841.8800048828125,0.0069610595226592,0.5895161271700026,0.00512823255718694,0.17580384041228056,0.8190679270305324,2,Medium volatility
1997-05-16,829.75,-0.0145130414707788,-1.3010957596824833,0.010106154274237117,0.029026329638942326,0.9608675160868206,2,Medium volatility
1997-05-19,833.27001953125,0.0042332921392329,0.3493594174083145,0.006683735441992579,0.08205686427807948,0.911259400279928,2,Medium volatility
1997-05-20,841.6599731445312,0.0100183575708436,0.8586852082558473,0.006969455872154334,0.08212521828059823,0.9109053258472474,2,Medium volatility
1997-05-21,839.3499755859375,-0.0027483466286062,-0.2653144750270538,0.0049803252053008925,0.15507563979999003,0.8399440349947092,2,Medium volatility
1997-05-22,835.6599731445312,-0.004405954022574,-0.4112527028358799,0.004172025687569541,0.22200001845528658,0.7738279558571438,2,Medium volatility
1997-05-23,847.030029296875,0.0135143480799246,1.1664774280471086,0.007567583466995359,0.09733226503709101,0.8951001514959137,2,Medium volatility
1997-05-27,849.7100219726562,0.0031589929199418,0.2547765114860246,0.005007754893054685,0.19463767443281724,0.8003545706741281,2,Medium volatility
1997-05-28,847.2100219726562,-0.0029465169177091,-0.282761682913122,0.003711111480745339,0.2998730136354011,0.6964158748838535,2,Medium volatility
1997-05-29,844.0800170898438,-0.0037013266605905,-0.3492162587130457,0.0029629370165642093,0.40384625692372994,0.5931908060597058,2,Medium volatility
1997-05-30,848.280029296875,0.0049635074271128,0.4136486606995244,0.0022740582283383645,0.5354286396383443,0.4622973021333174,1,Low volatility
1997-06-02,846.3599853515625,-0.0022660208071449,-0.2228497901646105,0.0015322669195657061,0.66568337136459,0.3327843617158443,1,Low volatility
1997-06-03,845.47998046875,-0.001040293384662,-0.1149349193304198,0.0009327420602132996,0.783818765206085,0.21524849273370167,1,Low volatility
1997-06-04,840.1099853515625,-0.0063716721073889,-0.5843174555110957,0.0010209492133679816,0.7819988875648983,0.21698016322173352,1,Low volatility
1997-06-05,843.4299926757812,0.003944084098185,0.3238971100295066,0.0006197761388545758,0.8588648498826496,0.14051537397849567,1,Low volatility
1997-06-06,858.010009765625,0.0171388635067639,1.485585173333236,0.006083354807592719,0.3794869140823569,0.6144297311100504,2,Medium volatility
1997-06-09,862.9099731445312,0.0056946013400871,0.4780152594547916,0.003663282478995052,0.4944100092124209,0.501926708308584,2,Medium volatility
1997-06-10,865.27001953125,0.0027312523739784,0.21711759570956,0.0019396916936414482,0.6527910026364083,0.34526930566995034,1,Low volatility
1997-06-11,869.5700073242188,0.0049572254871801,0.4130955893363561,0.0012416129632529336,0.7543000538578256,0.2444583331789214,1,Low volatility
1997-06-12,883.4600219726562,0.0158471961147972,1.371864849215443,0.0063686859047808134,0.3374612056383728,0.6561701084568464,2,Medium volatility
1997-06-13,893.27001953125,0.0110428675366316,0.9488845940233592,0.007048674633522663,0.2565336301895512,0.7364176951769261,2,Medium volatility
1997-06-16,893.9000244140625,0.000705030739569,0.0387260202679297,0.0037821464940170787,0.41750640209272954,0.5787114514132533,2,Medium volatility
1997-06-17,894.4199829101562,0.000581504997557,0.027850629663614,0.0021363576551241556,0.5886724332582088,0.40919120908666695,1,Low volatility
1997-06-18,889.0599975585938,-0.0060107223492611,-0.5525389003351896,0.0020226645322462314,0.6121858307816171,0.3857915046861367,1,Low volatility
1997-06-19,897.989990234375,0.0099941994537999,0.8565582915918737,0.0027395748859566733,0.5594660848982252,0.43779434021581803,1,Low volatility
1997-06-20,898.7000122070312,0.0007903667395634,0.0462391290129783,0.0014435953847568462,0.71291431703688,0.2856420875783632,1,Low volatility
1997-06-23,878.6199951171875,-0.0225967990347202,-2.012801835084267,0.023686747402668108,0.008601176663778895,0.9677120759335531,2,Medium volatility
1997-06-24,896.3400268554688,0.0199673460309366,1.7346089943346148,0.04340619732768013,0.001059236745694199,0.9555345659266258,2,Medium volatility
1997-06-25,888.989990234375,-0.0082338593718978,-0.7482672003177201,0.026348541044149795,0.015491590038259445,0.9581598689175909,2,Medium volatility
1997-06-26,883.6799926757812,-0.0059909780070723,-0.550800578993978,0.015207192018040012,0.039051750641752335,0.9457410573402076,2,Medium volatility
1997-06-27,887.2999877929688,0.0040881322192278,0.3365793214992909,0.008717405700757378,0.09879526133461435,0.8924873329646283,2,Medium volatility
1997-06-30,885.1400146484375,-0.0024372889472257,-0.2379284927177383,0.0055284389470678635,0.18229123393872726,0.8121803271142048,2,Medium volatility
1997-07-01,891.030029296875,0.0066322886808771,0.5605706517941683,0.004549699948620607,0.2542627622392738,0.7411875378121057,2,Medium volatility
1997-07-02,904.030029296875,0.0144844482717765,1.2518864961479583,0.008865435908942962,0.08780472307742197,0.9033298410136351,2,Medium volatility
1997-07-03,916.9199829101562,0.0141576307199429,1.223112991333138,0.011908781892943428,0.03327489523712979,0.9548163228699268,2,Medium volatility
1997-07-07,912.2000122070312,-0.005160931149593,-0.4777220153849842,0.007958246722159364,0.0652872484842369,0.9267545047936037,2,Medium volatility
1997-07-08,918.75,0.0071547728674783,0.6065709390323878,0.006366001277001771,0.10613754959666093,0.8874964491263372,2,Medium volatility
1997-07-09,907.5399780273438,-0.012276432435649,-1.1041813636223072,0.008864223207530712,0.03557886693464329,0.9555569098578259,2,Medium volatility
1997-07-10,913.780029296875,0.006852256232178,0.5799369231616355,0.006827303134727814,0.07283368646986729,0.9203390103954049,2,Medium volatility
1997-07-11,916.6799926757812,0.003168565027753,0.2556192541375385,0.004870348707813001,0.15719934761316903,0.837930303679018,2,Medium volatility
1997-07-14,918.3800048828124,0.0018528142901335,0.1397785963405719,0.003547606793745613,0.28818277353642485,0.7082696196698296,2,Medium volatility
1997-07-15,925.760009765625,0.0080037786950741,0.681318678653718,0.0037345964819883383,0.32910012298933633,0.6671652805286754,2,Medium volatility
1997-07-16,936.5900268554688,0.0116306161130657,1.0006308555048755,0.0056712840555354855,0.22524102369083343,0.769087692253631,2,Medium volatility
1997-07-17,931.6099853515624,-0.0053313920001194,-0.4927296429614157,0.004468670016757358,0.27741406788727174,0.7181172620959709,2,Medium volatility
1997-07-18,915.2999877929688,-0.0176623893953937,-1.578369049210674,0.014191993130966718,0.01507967204152592,0.9707283348275073,2,Medium volatility
1997-07-21,912.9400024414062,-0.0025817033594943,-0.2506429530134808,0.008356161478591369,0.05724968823605714,0.9343941502853514,2,Medium volatility
1997-07-22,933.97998046875,0.0227848401168992,1.982665376843257,0.03169102319783255,0.0008312046479876803,0.9674777721541798,2,Medium volatility
1997-07-23,936.5599975585938,0.0027585817531434,0.2195237150216298,0.015781988715081165,0.03896221594024609,0.9452557953446727,2,Medium volatility
1997-07-24,940.2999877929688,0.0039853747363336,0.3275323994101109,0.00893151473400179,0.09926210299430897,0.8918063822716893,2,Medium volatility
1997-07-25,938.7899780273438,-0.0016071716821661,-0.1648437303203398,0.005480698920768655,0.19184492335200254,0.8026743777272287,2,Medium volatility
1997-07-28,936.4500122070312,-0.0024956454075084,-0.2430662825380815,0.003823480370567542,0.3046312623869747,0.6915452572424577,2,Medium volatility
1997-07-29,942.2899780273438,0.006216916295215,0.5240006473016398,0.003220113560922564,0.4017279551804288,0.5950519312586485,2,Medium volatility
1997-07-30,952.2899780273438,0.0105565276722856,0.9060665068371369,0.004444083577812613,0.3326301425737166,0.6629257738484707,2,Medium volatility
1997-07-31,954.3099975585938,0.0021189765162601,0.1632119157936115,0.00266586635762576,0.5009374888200869,0.4963966448222872,1,Low volatility
1997-08-01,947.1400146484376,-0.0075416307002953,-0.6873223553925839,0.003077048814334808,0.46151527049097446,0.5354076806946906,2,Medium volatility
1997-08-04,950.2999877929688,0.0033307783770579,0.2699007594026816,0.0019140302449820014,0.6173453734290025,0.38074059632601553,1,Low volatility
1997-08-05,952.3699951171876,0.0021758982477484,0.1682233899505455,0.0011120333598240969,0.7553117610527789,0.24357620558739704,1,Low volatility
1997-08-06,960.3200073242188,0.0083129602592864,0.7085394848087251,0.001216014228310236,0.7643798349502224,0.23440415082146746,1,Low volatility
1997-08-07,951.1900024414062,-0.0095527350270234,-0.8643829805137233,0.0022438585749204156,0.6290797285133904,0.3686764129116892,1,Low volatility
1997-08-08,933.5399780273438,-0.0187300468338245,-1.6723672028377132,0.015170990501199045,0.0383923097197755,0.9464366997790254,2,Medium volatility
1997-08-11,937.0,0.0036994942204158,0.3023630523078096,0.008609070589572209,0.09990119210321932,0.8914897373072085,2,Medium volatility
1997-08-12,926.530029296875,-0.0112368254927837,-1.01265281747101,0.009611268183247175,0.04491745908412975,0.9454712727326231,2,Medium volatility
1997-08-13,922.02001953125,-0.0048795202672335,-0.4529461814890229,0.006779899501634504,0.08191636606616348,0.9113037344322019,2,Medium volatility
1997-08-14,924.77001953125,0.0029781425872874,0.2388541784038566,0.004772827681661346,0.17238147545817722,0.8228456968601615,2,Medium volatility
1997-08-15,900.8099975585938,-0.02625072320878,-2.3344987703481035,0.04682534152388794,0.000100781994882599,0.9530738764812294,2,Medium volatility
1997-08-18,912.489990234375,0.0128827599334035,1.1108714654145957,0.03723652402010852,0.008354746053663202,0.9544087299262283,2,Medium volatility
1997-08-19,926.010009765625,0.0147079284795399,1.2715620270306185,0.03580360420852582,0.007080480685196043,0.9571159151062781,2,Medium volatility
1997-08-20,939.3499755859376,0.0143030764530731,1.235918250656076,0.03332365201218216,0.00763840713614308,0.9590379408516747,2,Medium volatility
1997-08-21,925.0499877929688,-0.0153403438133947,-1.3739326921085944,0.03660347774552117,0.0026361492984382415,0.9607603729560407,2,Medium volatility
1997-08-22,923.5399780273438,-0.0016336885186953,-0.1671783121665903,0.017757028668046137,0.039970850778144454,0.9422721205538095,2,Medium volatility
1997-08-25,920.1599731445312,-0.0036665496110463,-0.3461544353902434,0.009963554843162945,0.08692180361670396,0.9031146415401331,2,Medium volatility
1997-08-26,913.02001953125,-0.0077897312277954,-0.70916549595383,0.008043873281187091,0.08595156612382152,0.9060045605949913,2,Medium volatility
1997-08-27,913.7000122070312,0.0007444958125768,0.042200584170132,0.005088272375522754,0.18413357664777044,0.8107781509767068,2,Medium volatility
1997-08-28,903.6699829101562,-0.0110380727766541,-0.9951543318406376,0.007113604691204837,0.08484381719094852,0.9080425781178466,2,Medium volatility
1997-08-29,899.469970703125,-0.0046585621869281,-0.4334927024703134,0.005438338906170811,0.13326771779479235,0.8612939432990369,2,Medium volatility
1997-09-02,927.5800170898438,0.030773394154381,2.68598959174947,0.09656100092436927,1.7110782986562404e-05,0.9034218882926441,2,Medium volatility
1997-09-03,927.8599853515624,0.0003017809937002,0.0032233110675414,0.04372739377267716,0.03714372900698261,0.9191288772203403,2,Medium volatility
1997-09-04,930.8699951171876,0.0032387839314305,0.2618014311709333,0.02043748766976261,0.1005543704009293,0.8790081419293081,2,Medium volatility
1997-09-05,929.0499877929688,-0.0019570819410015,-0.1956503515096501,0.01001229524080959,0.19096782449074556,0.7990198802684448,2,Medium volatility
1997-09-08,931.2000122070312,0.0023115445465968,0.1801658924603688,0.005229848631691618,0.332348024792809,0.6624221265754993,2,Medium volatility
1997-09-09,933.6199951171876,0.00259540787754,0.2051576435882391,0.0029536074971533294,0.49749073869029836,0.4995556538125484,2,Medium volatility
1997-09-10,919.030029296875,-0.0157507000842667,-1.4100610703718863,0.010423527604704079,0.07503818140634953,0.9145382909889463,2,Medium volatility
1997-09-11,912.5900268554688,-0.0070320577216236,-0.6424587901616139,0.007903132202917624,0.0871589129770029,0.9049379548200795,2,Medium volatility
1997-09-12,923.9099731445312,0.0123278950754004,1.0620203355601754,0.009334717333924599,0.05319029908435598,0.9374749835817194,2,Medium volatility
1997-09-15,919.77001953125,-0.0044909752103441,-0.4187380950430595,0.0065055130050195534,0.09627724292664912,0.8972172440683314,2,Medium volatility
1997-09-16,945.6400146484376,0.0277383024092934,2.418775586715968,0.06097698412290346,8.731209099822476e-05,0.9389357037860983,2,Medium volatility
1997-09-17,943.0,-0.0027956797986403,-0.2694817579291983,0.028981743307026134,0.03236034720750075,0.9386579094854731,2,Medium volatility
1997-09-18,947.2899780273438,0.0045389706790768,0.3762718120720626,0.014846137341031079,0.08577966966213008,0.8993741929968387,2,Medium volatility
1997-09-19,950.510009765625,0.0033934396132337,0.2754175481145834,0.007990643662888187,0.1759711318468483,0.8160382244902635,2,Medium volatility
1997-09-22,955.4299926757812,0.005162800331762,0.4311947053330239,0.005147822676799138,0.27748774048807656,0.7173644368351243,2,Medium volatility
1997-09-23,951.9299926757812,-0.0036699982754226,-0.3464580609467027,0.0035798703799570174,0.38032479922290074,0.6160953303971423,2,Medium volatility
1997-09-24,944.47998046875,-0.0078570041690975,-0.7150883060648632,0.0040445081093135994,0.3344766323554847,0.6614788595352017,2,Medium volatility
1997-09-25,937.9099731445312,-0.006980523870772,-0.6379216730536572,0.004009744093637009,0.32935620070431676,0.6666340552020461,2,Medium volatility
1997-09-26,945.219970703125,0.0077637066948401,0.6601823816100583,0.003719110532486955,0.379275291431535,0.617005598035978,2,Medium volatility
1997-09-29,953.3400268554688,0.0085539626611268,0.7297576957977994,0.003742807998949673,0.39922083571883643,0.5970363562822139,2,Medium volatility
1997-09-30,947.280029296875,-0.0063768853481382,-0.5847764370038558,0.003430432000421489,0.4159965454386671,0.5805730225609115,2,Medium volatility
1997-10-01,955.4099731445312,0.0085457886623556,0.7290380447518874,0.003475630055222411,0.43521693951637186,0.5613074304284057,2,Medium volatility
1997-10-02,960.4600219726562,0.0052718196296597,0.4407929269565827,0.002409727207202656,0.5593411755149919,0.4382490972778055,1,Low volatility
1997-10-03,965.030029296875,0.0047468600550928,0.3945747028690417,0.0015989244571941146,0.682018076721615,0.3163829988211909,1,Low volatility
1997-10-06,972.6900024414062,0.0079062123732516,0.6727287941295435,0.0015589593946321425,0.7103012596307877,0.28813978097458004,1,Low volatility
1997-10-07,983.1199951171876,0.0106657513392658,0.9156827214196,0.002417871129734084,0.6271914033317152,0.37039072553855074,1,Low volatility
1997-10-08,973.8400268554688,-0.0094841363314719,-0.8583434490207926,0.0036023960915344826,0.4808217940911912,0.5155758098172744,2,Medium volatility
1997-10-09,970.6199951171876,-0.0033120091391749,-0.3149401633378214,0.0022576656186032874,0.5958595581092337,0.4018827762721629,1,Low volatility
1997-10-10,966.97998046875,-0.0037572450210996,-0.3541393945921269,0.0015641554467255832,0.6873323259189279,0.3111035186343465,1,Low volatility
1997-10-13,968.0999755859376,0.0011575699895463,0.0785682509408615,0.0008569791385296062,0.8076148223394722,0.19152819852199818,1,Low volatility
1997-10-14,970.280029296875,0.0022493573237758,0.1746908365913639,0.0004800727506596158,0.883491458946019,0.11602846830332139,1,Low volatility
1997-10-15,965.719970703125,-0.0047108130441362,-0.4380929458875374,0.0004052152083506423,0.8993432174212296,0.10025156737041978,1,Low volatility
1997-10-16,955.25,-0.0109008204601224,-0.9830704331380952,0.0013510755645066697,0.7495122356419662,0.24913668879352704,1,Low volatility
1997-10-17,944.1599731445312,-0.0116774714619198,-1.0514479459561057,0.0037924933796612934,0.473802152483884,0.5224053541364546,2,Medium volatility
1997-10-20,955.6099853515624,0.0120542498324764,1.0379282001450143,0.005825591479510872,0.31962614059601774,0.6745482679244713,2,Medium volatility
1997-10-21,972.280029296875,0.0172939942556329,1.4992431158900716,0.01470754307602642,0.04890032062593597,0.9363921362980376,2,Medium volatility
1997-10-22,968.489990234375,-0.0039057114880298,-0.3672106038251933,0.0086745512372489,0.09687780579576855,0.8944476429669826,2,Medium volatility
1997-10-23,950.6900024414062,-0.0185501081527368,-1.6565251329194932,0.020501262861866463,0.003301362052393269,0.9761973750857402,2,Medium volatility
1997-10-24,941.6400146484376,-0.0095649878287469,-0.865461735456376,0.015201635790147633,0.012893895311609506,0.9719044688982429,2,Medium volatility
1997-10-27,876.989990234375,-0.0711274728204527,-6.285514753976832,0.9999932700495306,2.2795547111778735e-32,6.729950469369326e-06,0,High volatility
1997-10-28,921.8499755859376,0.0498869153693979,4.368772513360975,0.99997488482425,6.46404508736975e-22,2.5115175749897927e-05,0,High volatility
1997-10-29,919.1599731445312,-0.0029223137632987,-0.2806308010921968,0.9318061302405608,1.8196618321743166e-06,0.06819205009760705,0,High volatility
1997-10-30,903.6799926757812,-0.016984872949445,-1.51871949058002,0.9139298264460495,6.304007285655238e-05,0.08600713348109386,0,High volatility
1997-10-31,914.6199951171876,0.0120333658094065,1.0360895395988374,0.8391381561233823,0.0013331349711483366,0.15952870890546925,0,High volatility
1997-11-03,938.989990234375,0.0262961459948618,2.2918059845585543,0.9452052657892109,2.2826518385135385e-06,0.054792451558950545,0,High volatility
1997-11-04,940.760009765625,0.0018832504901009,0.1424582447908874,0.8221246347383347,0.0045394183752223765,0.17333594688644294,0,High volatility
1997-11-05,942.760009765625,0.0021236840924796,0.1636263778268101,0.6201987349086546,0.027927815790952736,0.35187344930039255,0,High volatility
1997-11-06,938.030029296875,-0.005029791037181,-0.466176244251419,0.40854090935022164,0.06445268182349409,0.5270064088262844,2,Medium volatility
1997-11-07,927.510009765625,-0.0112783760460652,-1.01631099016766,0.32147433307311113,0.031924203270904984,0.6466014636559838,2,Medium volatility
1997-11-10,921.1300048828124,-0.006902404105233,-0.6310438923553503,0.18847275120668072,0.05042436137205076,0.7611028874212684,2,Medium volatility
1997-11-11,923.780029296875,0.0028727972502862,0.2295794177784963,0.08534374249779571,0.1290241973127512,0.7856320601894531,2,Medium volatility
1997-11-12,905.9600219726562,-0.0194788005571329,-1.738288597639968,0.14620955625504364,0.002706649871245486,0.8510837938737109,2,Medium volatility
1997-11-13,916.6599731445312,0.0117414207302903,1.0103862593053414,0.10163186706518734,0.01179873299893495,0.8865693999358777,2,Medium volatility
1997-11-14,928.3499755859376,0.0126721906134417,1.0923326283546473,0.07620984768447617,0.013724478160597957,0.9100656741549258,2,Medium volatility
1997-11-17,946.2000122070312,0.0190451855430167,1.6534206092851167,0.1061509925900241,0.0017423685443303193,0.8921066388656456,2,Medium volatility
1997-11-18,938.22998046875,-0.0084588754076566,-0.7680779477882667,0.06233525778326258,0.01474524614430275,0.9229194960724346,2,Medium volatility
1997-11-19,944.5900268554688,0.0067558986546609,0.5714534582893315,0.03272904381050904,0.0466214664098832,0.9206494897796078,2,Medium volatility
1997-11-20,958.97998046875,0.0151191998967625,1.3077709761438463,0.03411844225396269,0.015003652970597676,0.9508779047754395,2,Medium volatility
1997-11-21,963.0900268554688,0.0042766940178964,0.3531805835534312,0.017195486346399922,0.05936881898742402,0.923435694666176,2,Medium volatility
1997-11-24,946.6699829101562,-0.017196347704707,-1.5373380435145398,0.027222099375150598,0.0038341685954609867,0.9689437320293883,2,Medium volatility
1997-11-25,950.8200073242188,0.0043742323307123,0.3617680021228804,0.014365262361640194,0.04079005227256005,0.9448446853657998,2,Medium volatility
1997-11-26,951.6400146484376,0.0008620495206512,0.0525501879974104,0.007894861935851042,0.11079396951743074,0.8813111685467182,2,Medium volatility
1997-11-28,955.4000244140624,0.0039432991031427,0.323827997894915,0.005182018753723965,0.20749593483662346,0.7873220464096526,2,Medium volatility
1997-12-01,974.77001953125,0.0200714392609295,1.743773517591052,0.01837195806545166,0.009863076482347405,0.9717649654522009,2,Medium volatility
1997-12-02,971.6799926757812,-0.003175041158971,-0.3028812980297556,0.010312942088524844,0.04665137465655956,0.9430356832549156,2,Medium volatility
1997-12-03,976.77001953125,0.005224705178314,0.4366449003740528,0.006893329264629845,0.10207494160525371,0.8910317291301164,2,Medium volatility
1997-12-04,973.0999755859376,-0.0037644030509058,-0.3547695982147224,0.005045522672764948,0.1684954198065006,0.8264590575207343,2,Medium volatility
1997-12-05,983.7899780273438,0.0109256105682735,0.9385611156033848,0.0063533724500060085,0.1303354387412341,0.8633111888087599,2,Medium volatility
1997-12-08,982.3699951171876,-0.001444422810386,-0.1505150768575796,0.0043049871518546015,0.23771764642403476,0.7579773664241106,2,Medium volatility
1997-12-09,975.780029296875,-0.0067308333044069,-0.6159385430986923,0.004309306143655884,0.24665555484891608,0.749035139007428,2,Medium volatility
1997-12-10,969.7899780273438,-0.0061576506359211,-0.565474685882587,0.004074274228055406,0.27406160270643126,0.7218641230655133,2,Medium volatility
1997-12-11,954.9400024414062,-0.015431016718054,-1.3819156699020163,0.010409699290668567,0.03516112257987089,0.9544291781294605,2,Medium volatility
1997-12-12,953.3900146484376,-0.0016244445352038,-0.1663644580696835,0.00649651748561438,0.09376413694696914,0.8997393455674165,2,Medium volatility
1997-12-15,963.3900146484376,0.0104342601395508,0.8953018908546017,0.007074356670886948,0.08483825745386861,0.9080873858752445,2,Medium volatility
1997-12-16,968.0399780273438,0.0048150565959552,0.4005788280632034,0.0051820861300375005,0.16089665433979752,0.8339212595301649,2,Medium volatility
1997-12-17,965.5399780273438,-0.0025858784740169,-0.2510105363245498,0.0038653901245347126,0.26370058035032135,0.7324340295251439,2,Medium volatility
1997-12-18,955.2999877929688,-0.010662093067034,-0.9620525173134395,0.005993757728215594,0.1358648171546046,0.8581414251171798,2,Medium volatility
1997-12-19,946.780029296875,-0.0089586299227102,-0.8120770808349659,0.006443106585516857,0.10106639920016773,0.8924904942143154,2,Medium volatility
1997-12-22,953.7000122070312,0.0072823848094873,0.6178060847802945,0.005539590641505709,0.1463674618694068,0.8480929474890876,2,Medium volatility
1997-12-23,939.1300048828124,-0.0153952494051914,-1.3787666623193722,0.011403211491808025,0.017569210224803712,0.9710275782833883,2,Medium volatility
1997-12-24,932.7000122070312,-0.0068703011586697,-0.6282175010482538,0.008458524177333596,0.035821437209401626,0.9557200386132648,2,Medium volatility
1997-12-26,936.4600219726562,0.004023213388443,0.3308637707900987,0.005903416699869204,0.09394411506194962,0.9001524682381812,2,Medium volatility
1997-12-29,953.3499755859376,0.0178752396926409,1.5504168312750322,0.01413297378776839,0.01047971883299739,0.9753873073792343,2,Medium volatility
1997-12-30,970.8400268554688,0.0181796318954088,1.577215974903632,0.023895846785201257,0.0023483686402816536,0.9737557845745172,2,Medium volatility
1997-12-31,970.4299926757812,-0.0004224391060079,-0.0605381069133103,0.012219735991100792,0.04193956823316941,0.9458406957757298,2,Medium volatility
1998-01-02,975.0399780273438,0.0047392085710651,0.3939010548006428,0.007609097065726215,0.09892700789471393,0.8934638950395599,2,Medium volatility
1998-01-05,977.0700073242188,0.0020798316118284,0.1597655400104813,0.004897448850980192,0.2028043734554888,0.7922981776935311,2,Medium volatility
1998-01-06,966.5800170898438,-0.0107942190785284,-0.9736850884729984,0.00682095015736204,0.09948594261986493,0.8936931072227731,2,Medium volatility
1998-01-07,964.0,-0.0026727911849651,-0.2586624610541322,0.0048161813749393045,0.18026588828242562,0.814917930342635,2,Medium volatility
1998-01-08,956.0499877929688,-0.0082810944397708,-0.7524258461592511,0.005372649783308032,0.14964165892715836,0.8449856912895337,2,Medium volatility
1998-01-09,927.6900024414062,-0.0301125722847128,-2.6745017241583677,0.09530404585223436,6.581652916044388e-06,0.9046893724948497,2,Medium volatility
1998-01-12,939.2100219726562,0.0123414918853699,1.063217418993818,0.06940379569514801,0.009206095957727497,0.9213901083471244,2,Medium volatility
1998-01-13,952.1199951171876,0.0136519523680567,1.1785923148544268,0.05725010451386804,0.009771669156286272,0.9329782263298457,2,Medium volatility
1998-01-14,957.9400024414062,0.0060940759384351,0.5131855990356262,0.029418882654595222,0.04318013952111613,0.9274009778242885,2,Medium volatility
1998-01-15,950.72998046875,-0.0075550580584309,-0.6885045200339791,0.01806011604376155,0.053083583535028935,0.9288563004212095,2,Medium volatility
1998-01-16,961.510009765625,0.0112748855278246,0.9693118040959562,0.014942539859196812,0.04559511955606231,0.9394623405847409,2,Medium volatility
1998-01-20,978.5999755859376,0.0176179783597572,1.527767159741585,0.023839074478366244,0.006350537302376195,0.9698103882192576,2,Medium volatility
1998-01-21,970.8099975585938,-0.0079921818396346,-0.7269895498390526,0.01556107856251432,0.020480077971362323,0.9639588434661235,2,Medium volatility
1998-01-22,963.0399780273438,-0.0080358470839128,-0.7308339030857803,0.011218108568105135,0.03104797756391255,0.9577339138679823,2,Medium volatility
1998-01-23,957.5900268554688,-0.0056751855230396,-0.5229977375957122,0.007837717648766502,0.05835946969663061,0.9338028126546029,2,Medium volatility
1998-01-26,956.9500122070312,-0.0006685832202206,-0.0822090019301267,0.005230036132821219,0.13579715183099553,0.8589728120361833,2,Medium volatility
1998-01-27,969.02001953125,0.0125341154280551,1.0801762830505512,0.007604467478316977,0.07538396408906552,0.9170115684326176,2,Medium volatility
1998-01-28,977.4600219726562,0.0086721211171516,0.7401605425368032,0.006795973791662936,0.09621274321965488,0.8969912829886821,2,Medium volatility
1998-01-29,985.489990234375,0.0081815767129738,0.6969722813913927,0.006086591777570013,0.12542324958079695,0.8684901586416329,2,Medium volatility
1998-01-30,980.280029296875,-0.0053006944704376,-0.4900269866531888,0.005006773812083342,0.1692071765393219,0.8257860496485947,2,Medium volatility
1998-02-02,1001.27001953125,0.0211862176927484,1.841920273771794,0.020500539031370734,0.004838459226758735,0.9746610017418705,2,Medium volatility
1998-02-03,1006.0,0.0047128579389266,0.3915811058368958,0.01152449813948279,0.04147610497792705,0.9469993968825902,2,Medium volatility
1998-02-04,1006.9000244140624,0.0008942565086442,0.0553857392671882,0.006765558163385068,0.1119110538885092,0.8813233879481058,2,Medium volatility
1998-02-05,1003.5399780273438,-0.0033426011332009,-0.317633528129472,0.004854921645515685,0.18776648455666622,0.8073785937978181,2,Medium volatility
1998-02-06,1012.4600219726562,0.0088493076945832,0.7557603131435102,0.005080537775328591,0.2024145086975394,0.792504953527132,2,Medium volatility
1998-02-09,1010.739990234375,-0.0017003085629641,-0.1730436402488099,0.0035186371507314163,0.3302648558980877,0.6662165069511808,2,Medium volatility
1998-02-10,1019.010009765625,0.0081488511339573,0.694091072594264,0.0036345183092844147,0.3663595961461848,0.6300058855445307,2,Medium volatility
1998-02-11,1020.010009765625,0.0009808634251706,0.0630107413996867,0.002258273783486571,0.5388250987853734,0.45891662743114003,1,Low volatility
1998-02-12,1024.1400146484375,0.0040408095815802,0.3324129658841662,0.0015223743345024853,0.6758658417825687,0.3226117838829289,1,Low volatility
1998-02-13,1020.0900268554688,-0.0039623653009579,-0.3721984900324023,0.001150072187399456,0.74940804583539,0.2494418819772106,1,Low volatility
1998-02-17,1022.760009765625,0.002613979864015,0.2067927489834697,0.0006623237604565624,0.8455519324711566,0.15378574376838688,1,Low volatility
1998-02-18,1032.0799560546875,0.0090712759670017,0.7753027309828769,0.0008617182061769607,0.8285849413223102,0.1705533404715127,1,Low volatility
1998-02-19,1028.280029296875,-0.0036886088773417,-0.3480965661032391,0.0005757510542416283,0.8711234975307818,0.1283007514149765,1,Low volatility
1998-02-20,1034.2099609375,0.0057502804944364,0.4829173352667126,0.00041650508384453587,0.9029280323407977,0.09665546257535793,1,Low volatility
1998-02-23,1038.1400146484375,0.0037928520458665,0.310582414533112,0.00024832658431981513,0.9349509815059684,0.06480069190971169,1,Low volatility
1998-02-24,1030.56005859375,-0.0073282638456726,-0.6685372192076853,0.0003546894502517906,0.9089917356129684,0.09065357493677993,1,Low volatility
1998-02-25,1042.9000244140625,0.0119029168821471,1.0246046214372275,0.0009806884625586031,0.8184699426443683,0.18054936889307296,1,Low volatility
1998-02-26,1048.6700439453125,0.0055174189534126,0.4624158578085916,0.0006330886813578607,0.868777961577356,0.13058894974128615,1,Low volatility
1998-02-27,1049.3399658203125,0.0006386260262338,0.0328796502423381,0.00032122974586850484,0.9204751128790337,0.07920365737509787,1,Low volatility
1998-03-02,1047.699951171875,-0.0015641237627415,-0.1610537272746576,0.00019147274502817298,0.9450994683456465,0.05470905890932533,1,Low volatility
1998-03-03,1052.02001953125,0.0041149053354034,0.3389364665879323,0.00013056332305955143,0.9583772901766608,0.04149214650027965,1,Low volatility
1998-03-04,1047.3299560546875,-0.0044681175924301,-0.4167256762625692,0.00012356060556655417,0.956758723828156,0.043117715566277505,1,Low volatility
1998-03-05,1035.050048828125,-0.0117942446108134,-1.0617288281886563,0.0007296278230360495,0.8255944285826792,0.17367594359428476,1,Low volatility
1998-03-06,1055.68994140625,0.0197447441739813,1.7150107947674371,0.011329985999956266,0.1507218603278032,0.8379481536722405,2,Medium volatility
1998-03-09,1052.31005859375,-0.0032067226838687,-0.3056705867447294,0.006436325182646493,0.24069703311959495,0.7528666416977585,2,Medium volatility
1998-03-10,1064.25,0.0112825223321344,0.9699841597400916,0.007420036077502455,0.1728502585920245,0.8197297053304731,2,Medium volatility
1998-03-11,1068.469970703125,0.0039573654942186,0.3250664239496933,0.004650239638361904,0.29230013214646156,0.7030496282151766,2,Medium volatility
1998-03-12,1069.9200439453125,0.0013562291766433,0.0960585021356757,0.002853238973017879,0.45911476018361175,0.5380320008433703,2,Medium volatility
1998-03-13,1068.6099853515625,-0.0012251955686197,-0.1312139834459437,0.0018193655897845071,0.6134430688707054,0.38473756553951005,1,Low volatility
1998-03-16,1079.27001953125,0.0099261799376391,0.8505697519165291,0.0025767416542665936,0.5639771586677351,0.43344609967799824,1,Low volatility
1998-03-17,1080.449951171875,0.001092671062941,0.0728544526253259,0.001389431918799273,0.7167146578637839,0.281895910217417,1,Low volatility
1998-03-18,1085.52001953125,0.0046815770191415,0.3888270869936641,0.0009025941377799412,0.8062920986440905,0.19280530721812955,1,Low volatility
1998-03-19,1089.739990234375,0.0038799738681367,0.3182527497354389,0.0005404959780859194,0.8751643051976565,0.12429519882425759,1,Low volatility
1998-03-20,1099.1600341796875,0.008607156101883,0.7344409256767586,0.0006365909644957507,0.8670948564460121,0.13226855258949222,1,Low volatility
1998-03-23,1095.550048828125,-0.003289717977049,-0.3129776161699627,0.000411283968538262,0.9021234573557565,0.0974652586757051,1,Low volatility
1998-03-24,1105.6500244140625,0.0091768545613959,0.784598027937094,0.0005548171522088404,0.8820920181992854,0.11735316464850568,1,Low volatility
1998-03-25,1101.9300537109375,-0.0033701828178092,-0.320061860789163,0.0003633230965469506,0.9115795086956322,0.08805716820782084,1,Low volatility
1998-03-26,1100.800048828125,-0.0010260040307601,-0.1136768632958212,0.00020827471269886446,0.9415652715151348,0.05822645377216639,1,Low volatility
1998-03-27,1095.43994140625,-0.0048811770008274,-0.4530920427861702,0.00019441472063730353,0.9418241994262843,0.057981385853078396,1,Low volatility
1998-03-30,1093.5999755859375,-0.001681071449946,-0.1713499761204788,0.00013018628036480867,0.9569984665767888,0.04287134714284646,1,Low volatility
1998-03-31,1101.75,0.0074248406368466,0.6303481083387754,0.00015142086685699513,0.9515900158389405,0.048258563294202535,1,Low volatility
1998-04-01,1108.1500244140625,0.005792155514956,0.4866040745430502,0.00013337497381657793,0.9564968177674465,0.04336980725873682,1,Low volatility
1998-04-02,1120.010009765625,0.0106456423028875,0.9139122918578884,0.0003146526693955681,0.9168741978993182,0.0828111494312861,1,Low volatility
1998-04-03,1122.699951171875,0.0023988324330987,0.1878508482053916,0.00018484733671076425,0.9462717059224679,0.053543446740821225,1,Low volatility
1998-04-06,1121.3800048828125,-0.0011763809375162,-0.126916270501183,0.00011729891128172075,0.9606325853284745,0.039250115760243745,1,Low volatility
1998-04-07,1109.550048828125,-0.0106055023263946,-0.9570701840846196,0.0004692535783361206,0.8753764432177047,0.12415430320395911,1,Low volatility
1998-04-08,1101.6500244140625,-0.0071454936375703,-0.6524458574269847,0.0006461328469882361,0.8506208916662803,0.14873297548673153,1,Low volatility
1998-04-09,1110.6700439453125,0.0081543983095313,0.6945794542071597,0.000699449366929715,0.853771812363544,0.1455287382695261,1,Low volatility
1998-04-13,1109.68994140625,-0.0008828321616185,-0.1010717983506245,0.0003749442087936925,0.9084473887631087,0.09117766702809761,1,Low volatility
1998-04-14,1115.75,0.0054461802899092,0.4561438995988314,0.00027089908275919843,0.9302395992119332,0.0694895017053076,1,Low volatility
1998-04-15,1119.3199462890625,0.003194485551428,0.2579013357105167,0.00016223305322859012,0.9522125839979486,0.04762518294882273,1,Low volatility
1998-04-16,1108.1700439453125,-0.010011264264059,-0.9047525785832214,0.0004964078350446447,0.8764873057007802,0.12301628646417526,1,Low volatility
1998-04-17,1122.719970703125,0.013044240612678,1.125088465317254,0.0017847793595032176,0.7157792547265971,0.28243596591389963,1,Low volatility
1998-04-20,1123.6500244140625,0.0008280503800364,0.0495568529372487,0.0008550987841507384,0.8267969266788028,0.17234797453704648,1,Low volatility
1998-04-21,1126.6700439453125,0.0026840815995958,0.2129646103628378,0.00045574674894290334,0.8938510727240698,0.10569318052698719,1,Low volatility
1998-04-22,1130.5400390625,0.003429010829171,0.2785492910313838,0.0002655699827446374,0.9309230640981263,0.06881136591912902,1,Low volatility
1998-04-23,1119.5799560546875,-0.0097418535107793,-0.8810332539534208,0.0006849308977665128,0.8494184544773491,0.14989661462488443,1,Low volatility
1998-04-24,1107.9000244140625,-0.0104872221444827,-0.9466566204169232,0.0018034820950190897,0.6906017220396745,0.30759479586530625,1,Low volatility
1998-04-27,1086.5400390625,-0.0194679821303855,-1.7373361272100334,0.016206570760210818,0.03580030586761398,0.9479931233721751,2,Medium volatility
1998-04-28,1085.1099853515625,-0.001317020607896,-0.1392983968898182,0.008795539899190517,0.09642533926395055,0.894779120836859,2,Medium volatility
1998-04-29,1094.6199951171875,0.0087259157721808,0.7448967042172577,0.007372744832270914,0.11622702861096099,0.8764002265567682,2,Medium volatility
1998-04-30,1111.75,0.0155280837939386,1.343769724430442,0.012404136592011655,0.028549985931242153,0.9590458774767462,2,Medium volatility
1998-05-01,1121.0,0.0082857936813542,0.7061476987600603,0.009234809273942934,0.05262461259963601,0.9381405781264212,2,Medium volatility
1998-05-04,1122.0699462890625,0.000954001788469,0.06064580283188,0.005780692943677101,0.1305885321695621,0.8636307748867608,2,Medium volatility
1998-05-05,1115.5,-0.0058724109880419,-0.5403617617584607,0.005030665949561486,0.16292295597876713,0.8320463780716714,2,Medium volatility
1998-05-06,1104.9200439453125,-0.0095297609592623,-0.8623603093149725,0.006152957383157155,0.10641889635503451,0.8874281462618082,2,Medium volatility
1998-05-07,1095.1400146484375,-0.0088907515781979,-0.8061009701221571,0.006529962743659697,0.08234555191691575,0.9111244853394246,2,Medium volatility
1998-05-08,1108.1400146484375,0.0118007249996896,1.0156074956542662,0.00798842271815069,0.05726975230466363,0.9347418249771857,2,Medium volatility
1998-05-11,1106.6400146484375,-0.001354536531398,-0.142601354761759,0.005349711106039606,0.13030393629849038,0.8643463525954701,2,Medium volatility
1998-05-12,1115.7900390625,0.008234298397074,0.7016139771105838,0.005261300872638269,0.1600464525086265,0.8346922466187352,2,Medium volatility
1998-05-13,1118.8599853515625,0.0027475874851408,0.2185557632652648,0.0037420744985811384,0.28732123015908556,0.7089366953423333,2,Medium volatility
1998-05-14,1117.3699951171875,-0.0013325914310087,-0.1406692753854508,0.0026705833822723655,0.4368214852938933,0.5605079313238343,2,Medium volatility
1998-05-15,1108.72998046875,-0.0077625067408577,-0.7067686115099316,0.0033505267163135848,0.3904610013138344,0.606188471969852,2,Medium volatility
1998-05-18,1105.8199462890625,-0.0026281058913859,-0.2547283011452195,0.0023397615084237754,0.5241204211627234,0.4735398173288528,1,Low volatility
1998-05-19,1109.52001953125,0.003340414329032,0.2707491229895409,0.0015205213832557615,0.6722393333214377,0.3262401452953064,1,Low volatility
1998-05-20,1119.06005859375,0.0085615925857895,0.7304294457475411,0.0017255395385316994,0.6791683190141462,0.319106141447322,1,Low volatility
1998-05-21,1114.6400146484375,-0.0039576035900106,-0.3717792618970093,0.0012088495549208646,0.7522610700882623,0.24653008035681692,1,Low volatility
1998-05-22,1110.469970703125,-0.0037481732181996,-0.3533406995313574,0.0008493649244297413,0.8137433893304373,0.18540724574513281,1,Low volatility
1998-05-26,1094.02001953125,-0.0149243195257859,-1.337305293196161,0.005979487996561194,0.3098164922616498,0.684204019741789,2,Medium volatility
1998-05-27,1092.22998046875,-0.0016375432475763,-0.1675176882478166,0.003363822987378632,0.4579643807663903,0.5386717962462312,2,Medium volatility
1998-05-28,1097.5999755859375,0.0049044957728581,0.408453186624458,0.002228915529498937,0.5889012889699701,0.40886979550053093,1,Low volatility
1998-05-29,1090.8199462890625,-0.0061962979973397,-0.5688772572366017,0.0021168773813444288,0.6052894908026204,0.3925936318160351,1,Low volatility
1998-06-01,1090.97998046875,0.0001466992257279,-0.010430319138078,0.0011777544854926554,0.7466000579430163,0.252222187571491,1,Low volatility
1998-06-02,1093.219970703125,0.0020510860450002,0.1572347374238532,0.000660856382101486,0.8457190376255698,0.15362010599232878,1,Low volatility
1998-06-03,1082.72998046875,-0.0096418316012787,-0.8722271758267833,0.001460272897679346,0.7287883659588754,0.2697513611434452,1,Low volatility
1998-06-04,1094.8299560546875,0.0111134485168076,0.9550986488118332,0.002500595029149397,0.6245609776276766,0.3729384273431739,1,Low volatility
1998-06-05,1113.8599853515625,0.0172323872716706,1.4938191451157958,0.011100232379594436,0.150077673739232,0.8388220938811736,2,Medium volatility
1998-06-08,1115.719970703125,0.001668462956883,0.1235480299430773,0.005822256138134552,0.27940848121094863,0.7147692626509168,2,Medium volatility
1998-06-09,1118.4100341796875,0.0024081541993545,0.1886715504129048,0.0033479504993502007,0.44012765483079896,0.5565243946698508,2,Medium volatility
1998-06-10,1112.280029296875,-0.0054960753300941,-0.5072286090094827,0.0028243402027881017,0.4901741798520459,0.507001479945166,2,Medium volatility
1998-06-11,1094.5799560546875,-0.0160413011351421,-1.4356460204140205,0.010547023063330824,0.06595335301952278,0.9234996239171464,2,Medium volatility
1998-06-12,1098.8399658203125,0.0038843589223178,0.3186388164472334,0.006526460303072148,0.14185989252433429,0.8516136471725936,2,Medium volatility
1998-06-15,1077.010009765625,-0.0200663545706962,-1.7900177295160875,0.02162096791650723,0.002397564634462465,0.9759814674490304,2,Medium volatility
1998-06-16,1087.5899658203125,0.009775515500527,0.8373050301096828,0.01539176826995804,0.01910637033408133,0.9655018613959606,2,Medium volatility
1998-06-17,1107.1099853515625,0.017788795468876,1.5428061528559636,0.024416525755394002,0.0034963408464117433,0.9720871333981943,2,Medium volatility
1998-06-18,1106.3699951171875,-0.0006686215989955,-0.0822123808547229,0.012442326969256092,0.0435997149937692,0.9439579580369748,2,Medium volatility
1998-06-19,1100.6500244140625,-0.0051834450612711,-0.4797041737557197,0.008159388511453754,0.07731416881255126,0.9145264426759949,2,Medium volatility
1998-06-22,1103.2099609375,0.0023231400286585,0.1811867759993972,0.005268927328413692,0.16845675539540214,0.8262743172761842,2,Medium volatility
1998-06-23,1119.489990234375,0.0146491391469618,1.266386126487623,0.00954506511395095,0.05365185121189016,0.936803083674159,2,Medium volatility
1998-06-24,1132.8800048828125,0.0118898515084353,1.0234543264445175,0.010056947287537353,0.04001252752879583,0.9499305251836668,2,Medium volatility
1998-06-25,1129.280029296875,-0.0031827797950176,-0.3035626190919132,0.006570040522033414,0.0908362436220982,0.9025937158558683,2,Medium volatility
1998-06-26,1133.199951171875,0.0034651584377778,0.2817317804186783,0.004700338889584755,0.18256427705305392,0.8127353840573613,2,Medium volatility
1998-06-29,1138.489990234375,0.0046573685328246,0.3866957357437364,0.0037008601660081216,0.29420186892961275,0.702097270904379,2,Medium volatility
1998-06-30,1133.8399658203125,-0.0040927426868977,-0.383677109589508,0.003063169628365821,0.38720709935779213,0.6097297310138421,2,Medium volatility
1998-07-01,1148.56005859375,0.0128989631208256,1.1122980182073987,0.006030527673375965,0.212450553790479,0.7815189185361451,2,Medium volatility
1998-07-02,1146.4200439453125,-0.0018649532223191,-0.187539201677829,0.0038345329052271626,0.34056541004262797,0.6556000570521449,2,Medium volatility
1998-07-06,1157.3299560546875,0.0094715083402769,0.8105397861987624,0.004371508295789365,0.3249634775353253,0.6706650141688854,2,Medium volatility
1998-07-07,1154.6600341796875,-0.0023096320253523,-0.2266893868754681,0.0028608119127517557,0.46262501828045605,0.5345141698067921,2,Medium volatility
1998-07-08,1166.3800048828125,0.010098981590267,0.8657834672020208,0.003780170041583609,0.41002735017839337,0.586192479780023,2,Medium volatility
1998-07-09,1158.56005859375,-0.0067270343021306,-0.6156040732708775,0.0035576999119309683,0.4118660722475676,0.5845762278405015,2,Medium volatility
1998-07-10,1164.3299560546875,0.0049678713078789,0.4140328632722755,0.002455326415463405,0.543365952990486,0.4541787205940506,1,Low volatility
1998-07-13,1165.18994140625,0.0007383370209179,0.0416583549647035,0.0014070870532342699,0.6997756207415659,0.2988172922051999,1,Low volatility
1998-07-14,1177.5799560546875,0.010577334272467,0.9078983509567096,0.002303531652188742,0.6202922183087913,0.3774042500390199,1,Low volatility
1998-07-15,1174.81005859375,-0.0023549655659236,-0.2306806194166301,0.0013386343074263077,0.7343936551504601,0.26426771054211373,1,Low volatility
1998-07-16,1183.989990234375,0.0077835999637878,0.6619338146852947,0.001267606183489733,0.7605306218478993,0.238201771968611,1,Low volatility
1998-07-17,1186.75,0.0023283962171536,0.1816495386757677,0.0006634420053891474,0.853887985568249,0.14544857242636186,1,Low volatility
1998-07-20,1184.0999755859375,-0.0022355067127604,-0.2201632837736094,0.0004004964448830495,0.9015457657824221,0.09805373777269487,1,Low volatility
1998-07-21,1165.0699462890625,-0.0162018467880775,-1.449780699202898,0.0056433545255988714,0.3492512162078378,0.6451054292665633,2,Medium volatility
1998-07-22,1164.0799560546875,-0.0008500872296774,-0.098188885693143,0.0030095139024606424,0.5107157444994189,0.48627474159812034,1,Low volatility
1998-07-23,1139.75,-0.0211220976073613,-1.882966921437589,0.021756867598029927,0.008033813448657024,0.9702093189533131,2,Medium volatility
1998-07-24,1140.800048828125,0.0009208733681322,0.0577291272839472,0.011242917892209246,0.0533876240667672,0.9353694580410236,2,Medium volatility
1998-07-27,1147.27001953125,0.0056554106773534,0.4745648550424905,0.00738874508044284,0.10776932565064716,0.8848419292689099,2,Medium volatility
1998-07-28,1130.239990234375,-0.0149552332438611,-1.340026983053056,0.012521851494325751,0.015233499961793366,0.9722446485438808,2,Medium volatility
1998-07-29,1125.2099609375,-0.0044603407257843,-0.4160409893214251,0.008098584709983448,0.04779081359687119,0.9441106016931454,2,Medium volatility
1998-07-30,1142.949951171875,0.0156429464155269,1.3538824009888804,0.012910474048174019,0.013017881367473423,0.9740716445843526,2,Medium volatility
1998-07-31,1120.6700439453125,-0.0196858366554746,-1.7565163645975692,0.02891439041364647,0.0005197000533969689,0.9705659095329565,2,Medium volatility
1998-08-03,1112.43994140625,-0.0073710115991127,-0.6723007951922998,0.017642009597912865,0.018037178997824713,0.9643208114042624,2,Medium volatility
1998-08-04,1072.1199951171875,-0.0369177562202756,-3.27364026992213,0.4816830328314716,3.91174150757248e-09,0.5183169632567869,2,Medium volatility
1998-08-05,1081.4300537109375,0.0086462969358027,0.7378869430859398,0.3208353539017448,0.014020042535497958,0.6651446035627572,2,Medium volatility
1998-08-06,1089.6300048828125,0.0075539044911767,0.6417110826134167,0.18681858305154755,0.03955359137874643,0.773627825569706,2,Medium volatility
1998-08-07,1089.449951171875,-0.0001652566358085,-0.0378953785682377,0.08362085370932797,0.1110341877867961,0.805344958503876,2,Medium volatility
1998-08-10,1083.1400146484375,-0.0058086931861209,-0.5347519514221507,0.04222405644673028,0.14740543359166525,0.8103705099616043,2,Medium volatility
1998-08-11,1068.97998046875,-0.0131593392098992,-1.1819137931610382,0.04058367560621579,0.03763526821572823,0.9217810561780561,2,Medium volatility
1998-08-12,1084.219970703125,0.0141559029107751,1.222960872436433,0.037329496783166015,0.01720286528295496,0.9454676379338791,2,Medium volatility
1998-08-13,1074.9100341796875,-0.0086238384915224,-0.782601543786247,0.023645134267187767,0.025238207228258383,0.9511166585045538,2,Medium volatility
1998-08-14,1062.75,-0.0113770806855582,-1.025001093877705,0.01957061896929965,0.01570156508000042,0.9647278159506999,2,Medium volatility
1998-08-17,1083.6700439453125,0.0194935809210878,1.6928980072935358,0.03552378852169783,0.001623903846406271,0.9628523076318959,2,Medium volatility
1998-08-18,1101.199951171875,0.0160469807676308,1.3894541880926945,0.03893939949989081,0.003516922681155559,0.9575436778189537,2,Medium volatility
1998-08-19,1098.06005859375,-0.002855410181219,-0.2747405099181195,0.019183984083552204,0.037931160813036026,0.9428848551034118,2,Medium volatility
1998-08-20,1091.5999755859375,-0.0059005522776089,-0.5428393628735428,0.011642466890476967,0.06397569795821915,0.9243818351513038,2,Medium volatility
1998-08-21,1081.239990234375,-0.0095359658522582,-0.8629065973508853,0.01012396378373127,0.04698818134556349,0.9428878548707053,2,Medium volatility
1998-08-24,1088.1400146484375,0.0063613084537417,0.5367131483447468,0.007172710577296029,0.09213172785337945,0.9006955615693245,2,Medium volatility
1998-08-25,1092.8499755859375,0.0043191103861106,0.3569149838883921,0.005076814112715732,0.1767082376608921,0.8182149482263922,2,Medium volatility
1998-08-26,1084.18994140625,-0.0079558301070044,-0.7237890890682226,0.005371752098372538,0.1554887001829633,0.8391395477186643,2,Medium volatility
1998-08-27,1042.5899658203125,-0.0391251412509143,-3.4679817410300955,0.4504763819033535,3.143890521048487e-09,0.5495236149527559,2,Medium volatility
1998-08-28,1027.1400146484375,-0.0149297138223403,-1.337780215112104,0.41914084159742804,0.0013003086484654385,0.5795588497541065,2,Medium volatility
1998-08-31,957.280029296875,-0.0704375740301141,-6.224775035273922,0.9999997192350248,1.900679929571655e-33,2.8076497518567653e-07,0,High volatility
1998-09-01,994.260009765625,0.0379027914457488,3.3136723650247157,0.999245831077783,7.521911480985223e-17,0.0007541689222169086,0,High volatility
1998-09-02,990.47998046875,-0.0038090972982987,-0.3587045464307508,0.9316700801444295,4.898266250526982e-05,0.0682809371930651,0,High volatility
1998-09-03,982.260009765625,-0.0083336053571603,-0.7570489856628073,0.8351087113777396,0.0017683854104618537,0.1631229032117985,0,High volatility
1998-09-04,973.8900146484376,-0.0085576730753622,-0.7767762418409296,0.7022339688098042,0.005490024784630941,0.29227600640556484,0,High volatility
1998-09-08,1023.4600219726562,0.0496459682628893,4.347559170655402,0.9996206714851035,1.0675610380851238e-16,0.00037932851489627694,0,High volatility
1998-09-09,1006.2000122070312,-0.0170081940347959,-1.5207727137250626,0.9719149795994415,3.4316142944299993e-07,0.02808467723912906,0,High volatility
1998-09-10,980.1900024414062,-0.0261897172744696,-2.3291277168818363,0.9855248797470175,6.811796602740732e-08,0.014475052135016417,0,High volatility
1998-09-11,1009.0599975585938,0.0290280480682483,2.532326718592532,0.9925636690442993,1.609423488540931e-08,0.007436314861465788,0,High volatility
1998-09-14,1029.719970703125,0.0202676901729157,1.76105174065241,0.9751922907425348,3.217572052683033e-06,0.02480449168541259,0,High volatility
1998-09-15,1037.6800537109375,0.0077006116372873,0.654627398616944,0.897052735680988,0.0011429902108403612,0.10180427410817164,0,High volatility
1998-09-16,1045.47998046875,0.0074885876080292,0.6359604867803919,0.7695825502405107,0.006981843262201792,0.22343560649728755,0,High volatility
1998-09-17,1018.8699951171876,-0.0257819261641714,-2.293225179182207,0.9231072297599132,2.2033628361213762e-06,0.07689056687725063,0,High volatility
1998-09-18,1020.0900268554688,0.0011967197696254,0.0820150559832624,0.7814310955246789,0.0062697939561231954,0.21229911051919775,0,High volatility
1998-09-21,1023.8900146484376,0.0037182282544643,0.3040124246131563,0.5724502571672667,0.032467112936345986,0.39508262989638737,0,High volatility
1998-09-22,1029.6300048828125,0.0055904058679017,0.4688417346432001,0.3578251695300768,0.08616702133330108,0.5560078091366222,2,Medium volatility
1998-09-23,1066.0899658203125,0.0347981987396668,3.0403393917026773,0.9284227601366193,7.743255154065097e-08,0.07157716243082912,0,High volatility
1998-09-24,1042.719970703125,-0.0221650623810489,-1.9747910960237447,0.9524241240378543,3.232468992410576e-06,0.047572643493153315,0,High volatility
1998-09-25,1044.75,0.0019449668405435,0.1478918443532434,0.835644872170514,0.00397402028558157,0.1603811075439044,0,High volatility
1998-09-28,1048.68994140625,0.0037640879780642,0.3080499830931241,0.6473674946813411,0.02340663044527305,0.3292258748733858,0,High volatility
1998-09-29,1049.02001953125,0.0003147033039567,0.0043610105402225,0.4014058891764273,0.08649010280353434,0.5121040080200384,2,Medium volatility
1998-09-30,1017.010009765625,-0.030989454165847,-2.7517037131191384,0.886981349502633,4.138565115356441e-07,0.11301823664085558,0,High volatility
1998-10-01,986.3900146484376,-0.030570409670001,-2.7148104105679094,0.9833165014908668,7.388156617803119e-09,0.01668349112097658,0,High volatility
1998-10-02,1002.5999755859376,0.0163000517044542,1.411734930905696,0.9521418332866338,5.1751762109927344e-05,0.04780641495125635,0,High volatility
1998-10-05,988.5599975585938,-0.0141025441523758,-1.2649549633841453,0.9097489965296662,0.00017792880010360318,0.09007307467023018,0,High volatility
1998-10-06,984.5900268554688,-0.0040239981866578,-0.3776247412342971,0.7700069652373023,0.005642148542426703,0.22435088622027105,0,High volatility
1998-10-07,970.6799926757812,-0.0142284888672081,-1.2760433239642206,0.7210949408165721,0.0016286352452960153,0.27727642393813184,0,High volatility
1998-10-08,959.4400024414062,-0.011647065804329,-1.0487709865021897,0.6161833296786814,0.002986541259249319,0.38083012906206937,0,High volatility
1998-10-09,984.3900146484376,0.0256723914057817,2.236889700009367,0.8418468765875657,1.0160594968608805e-05,0.15814296281746557,0,High volatility
1998-10-12,997.7100219726562,0.0134405000714794,1.159975739216012,0.7707424332013388,0.0014661991866367434,0.22779136761202454,0,High volatility
1998-10-13,994.7999877929688,-0.0029209752869325,-0.2805129596361572,0.5625192869632475,0.016920006248874082,0.42056070678787855,0,High volatility
1998-10-14,1005.530029296875,0.0107283741475052,0.9211961268786536,0.42724751842945863,0.022627669598471258,0.5501248119720701,2,Medium volatility
1998-10-15,1047.489990234375,0.0408820220825481,3.5759682747500654,0.9857244864604581,3.710034071971809e-11,0.014275513502441668,0,High volatility
1998-10-16,1056.4200439453125,0.0084890581762779,0.7240434081262054,0.9184019851957782,0.0005627022250910005,0.08103531257913081,0,High volatility
1998-10-19,1062.3900146484375,0.0056352257507183,0.4727877439893559,0.7892133037313924,0.006511592897922458,0.20427510337068505,0,High volatility
1998-10-20,1063.9300537109375,0.0014485489317479,0.1041864710990984,0.572449617176731,0.036068431568788195,0.3914819512544807,0,High volatility
1998-10-21,1069.9200439453125,0.0056142706319164,0.470942824068872,0.3571090747417904,0.09316076293062153,0.5497301623275881,2,Medium volatility
1998-10-22,1078.47998046875,0.0079687038937059,0.6782306408161399,0.21235385940405851,0.1405061666669822,0.6471399739289594,2,Medium volatility
1998-10-23,1070.6700439453125,-0.0072679625094185,-0.6632281996054243,0.12166107186197324,0.1528869731746187,0.725451954963408,2,Medium volatility
1998-10-26,1072.3199462890625,0.0015398136969979,0.1122215571818721,0.04798002120972493,0.29607603850796016,0.655943940282315,2,Medium volatility
1998-10-27,1065.3399658203125,-0.0065305105230173,-0.5983018265805824,0.0253726721821942,0.3156848069491272,0.6589425208686787,2,Medium volatility
1998-10-28,1068.0899658203125,0.0025780096944245,0.2036258815918765,0.009606201172980975,0.4832135343948465,0.5071802644321725,2,Medium volatility
1998-10-29,1085.9300537109375,0.0165648375234974,1.4350470694257682,0.021198516015766704,0.11389547139409129,0.8649060125901421,2,Medium volatility
1998-10-30,1098.6700439453125,0.0116635851805639,1.0035335013911733,0.017708511992336556,0.07837829582432043,0.903913192183343,2,Medium volatility
1998-11-02,1111.5999755859375,0.0116999995694779,1.0067394785147006,0.015310779394167615,0.056312819641506556,0.9283764009643258,2,Medium volatility
1998-11-03,1110.8399658203125,-0.0006839418074626,-0.0835611948630862,0.008177091909857262,0.13270568069655392,0.8591172273935889,2,Medium volatility
1998-11-04,1118.6700439453125,0.0070240638379717,0.5950631210809101,0.006103339075164511,0.18813581281005473,0.8057608481147808,2,Medium volatility
1998-11-05,1133.8499755859375,0.0134783809384266,1.1633108272532964,0.009134423112210282,0.08251955032154089,0.9083460265662487,2,Medium volatility
1998-11-06,1141.010009765625,0.0062949437500261,0.5308703008257518,0.006504229652296847,0.13916703456168933,0.8543287357860139,2,Medium volatility
1998-11-09,1130.199951171875,-0.0095192786316591,-0.8614374295550913,0.007060747175665527,0.09190669321887068,0.9010325596054638,2,Medium volatility
1998-11-10,1128.260009765625,-0.0017179333855059,-0.1745953559183681,0.0048163732273923685,0.17992264470937389,0.8152609820632338,2,Medium volatility
1998-11-11,1120.969970703125,-0.0064822758481897,-0.5940551738515395,0.004632419333400653,0.19819662771673097,0.7971709529498684,2,Medium volatility
1998-11-12,1117.68994140625,-0.0029303527760138,-0.2813385677643555,0.0035514218289381325,0.3045033839842431,0.6919451941868187,2,Medium volatility
1998-11-13,1125.719970703125,0.0071588019178996,0.6069256626420777,0.0033849968478247817,0.3737405942108425,0.6228744089413328,2,Medium volatility
1998-11-16,1135.8699951171875,0.0089760679134176,0.7669204719125116,0.003780133672966182,0.37669374897687585,0.6195261173501581,2,Medium volatility
1998-11-17,1139.3199462890625,0.0030326732315568,0.2436551376749784,0.0023720313724920226,0.5392805995292497,0.4583473690982583,1,Low volatility
1998-11-18,1144.47998046875,0.0045188222486398,0.3744979141986544,0.0016111605851018898,0.6688490334387435,0.32953980597615457,1,Low volatility
1998-11-19,1152.6099853515625,0.0070785549983245,0.5998606041291117,0.00141812873687449,0.7226170720937451,0.27596479916938027,1,Low volatility
1998-11-20,1163.550048828125,0.0094467952769861,0.8083640112393169,0.00178629088984349,0.694423905927085,0.3037898031830714,1,Low volatility
1998-11-23,1188.2099609375,0.0209722215329373,1.8230797326193016,0.018025640606640803,0.05001351434304972,0.9319608450503095,2,Medium volatility
1998-11-24,1182.989990234375,-0.0044028165004643,-0.4109764707087388,0.010295410380540602,0.09336144119120163,0.8963431484282578,2,Medium volatility
1998-11-25,1186.8699951171875,0.0032744620978562,0.2649425901682828,0.006114558888671013,0.18802248455110376,0.8058629565602252,2,Medium volatility
1998-11-27,1192.3299560546875,0.004589753391424,0.3807427978255321,0.004206667984132909,0.3023795002209554,0.6934138317949117,2,Medium volatility
1998-11-30,1163.6300048828125,-0.0243649055509527,-2.168468570461547,0.03522170261686206,0.0006126018850467936,0.9641656954980912,2,Medium volatility
1998-12-01,1175.280029296875,0.0099620084491673,0.8537241475209898,0.023379942243929464,0.01686582845126937,0.9597542293048011,2,Medium volatility
1998-12-02,1171.25,-0.0034348874371099,-0.325758551999731,0.012495016477624687,0.055721721808305535,0.9317832617140698,2,Medium volatility
1998-12-03,1150.1400146484375,-0.0181878677382867,-1.6246329464355511,0.024212859202042202,0.0024065248399088896,0.9733806159580488,2,Medium volatility
1998-12-04,1176.739990234375,0.0228642081501888,1.989653056896512,0.06415006144979513,0.00021876572227181722,0.9356311728279331,2,Medium volatility
1998-12-07,1187.699951171875,0.0092707277041625,0.7928627594676464,0.038581293377741493,0.018515077656891622,0.9429036289653668,2,Medium volatility
1998-12-08,1181.3800048828125,-0.0053353718729249,-0.4930800369004467,0.020477863165983597,0.046526579958888314,0.9329955568751281,2,Medium volatility
1998-12-09,1183.489990234375,0.0017844413568681,0.1337589412961052,0.010328887709440005,0.12022453250418735,0.8694465797863726,2,Medium volatility
1998-12-10,1165.02001953125,-0.0157294211534884,-1.4081876415619323,0.01684560044873962,0.012757987376889915,0.9703964121743704,2,Medium volatility
1998-12-11,1166.4599609375,0.0012352167733764,0.0854043896239156,0.009189302539987718,0.06194510341936988,0.9288655940406424,2,Medium volatility
1998-12-14,1141.199951171875,-0.021893190219834,-1.9508550653673635,0.03216862387763804,0.00045119287618007153,0.9673801832461819,2,Medium volatility
1998-12-15,1162.8299560546875,0.0187763538011278,1.62975226168194,0.047976165481155554,0.0012243937469481022,0.9507994407718963,2,Medium volatility
1998-12-16,1161.93994140625,-0.0007656798144983,-0.0907575309405103,0.022447963092376302,0.039041576904160866,0.9385104600034629,2,Medium volatility
1998-12-17,1179.97998046875,0.015406501072019,1.333065400213688,0.02557861402808681,0.012117034841054163,0.9623043511308591,2,Medium volatility
1998-12-18,1188.030029296875,0.006799025177707,0.5752503817151127,0.01487857451715721,0.04312323554052405,0.9419981899423188,2,Medium volatility
1998-12-21,1202.8399658203125,0.012388901093157,1.0673913963731707,0.014158339996772244,0.03035320204387047,0.9554884579593573,2,Medium volatility
1998-12-22,1203.5699462890625,0.0006066967123663,0.0300685458168078,0.007906078961468091,0.09269435195256115,0.8993995690859707,2,Medium volatility
1998-12-23,1228.5400390625,0.0205344086650258,1.784534034592483,0.023054382569883042,0.003539042971882663,0.9734065744582343,2,Medium volatility
1998-12-24,1226.27001953125,-0.001849446697796,-0.1861739841259463,0.012047532694601723,0.041139163619657644,0.9468133036857407,2,Medium volatility
1998-12-28,1225.489990234375,-0.0006363015303989,-0.0793668737999088,0.007011951963113804,0.10803601777359026,0.8849520302632959,2,Medium volatility
1998-12-29,1241.81005859375,0.0132292838776564,1.1413799504163071,0.009503958440209969,0.05140237886936886,0.9390936626904212,2,Medium volatility
1998-12-30,1231.9300537109375,-0.0079879510126108,-0.7266170615162652,0.007962395459724119,0.05513730573449149,0.9369002988057844,2,Medium volatility
1998-12-31,1229.22998046875,-0.0021941477091553,-0.2165219753962263,0.005449982121117435,0.12105357656383602,0.8734964413150466,2,Medium volatility
1999-01-04,1228.0999755859375,-0.0009197014504946,-0.1043178255454418,0.003970299601097511,0.22928337221880185,0.7667463281801006,2,Medium volatility
1999-01-05,1244.780029296875,0.0134905912559943,1.164385841827494,0.0073768529825746325,0.10138081573688856,0.8912423312805368,2,Medium volatility
1999-01-06,1272.3399658203125,0.0218988669240109,1.9046629752330977,0.026735012141153508,0.0020800224999033712,0.971184965358943,2,Medium volatility
1999-01-07,1269.72998046875,-0.0020534338738205,-0.2041333194143125,0.01366792388533705,0.03812863053154497,0.948203445583118,2,Medium volatility
1999-01-08,1275.0899658203125,0.0042124734878985,0.3475265122872535,0.008110903935536247,0.09657282889179625,0.8953162671726675,2,Medium volatility
1999-01-11,1263.8800048828125,-0.0088303791763637,-0.8007856938002076,0.007616733122693266,0.07670048848113671,0.91568277839617,2,Medium volatility
1999-01-12,1239.510009765625,-0.0194702102639388,-1.7375322954120296,0.021020758821324204,0.0017708051738052437,0.9772084360048706,2,Medium volatility
1999-01-13,1234.4000244140625,-0.0041311062635482,-0.3870546961091847,0.011848620791564499,0.031198916722393878,0.9569524624860417,2,Medium volatility
1999-01-14,1212.18994140625,-0.0181564491447607,-1.6218668065907869,0.022904605894663334,0.0016194547687056046,0.9754759393366311,2,Medium volatility
1999-01-15,1243.260009765625,0.0253083771696287,2.204841343616488,0.08726831065092458,5.884995255067503e-05,0.9126728393965248,2,Medium volatility
1999-01-19,1252.0,0.0070053028081442,0.5934113720269075,0.04606195403570669,0.025752598160039542,0.9281854478042538,2,Medium volatility
1999-01-20,1256.6199951171875,0.0036833002601852,0.3009373118907116,0.02189454465508189,0.0796220886413853,0.8984833667035329,2,Medium volatility
1999-01-21,1235.1600341796875,-0.0172250289214854,-1.5398631806267853,0.03341901750482583,0.0048348019658399554,0.9617461805293341,2,Medium volatility
1999-01-22,1225.18994140625,-0.008104657830394,-0.7368921038589025,0.020781566797030894,0.01882109183016708,0.960397341372802,2,Medium volatility
1999-01-25,1233.97998046875,0.0071488158823624,0.606046477176063,0.012754616308501571,0.049637527634883286,0.937607856056615,2,Medium volatility
1999-01-26,1252.31005859375,0.0147451905829614,1.2748426382040197,0.01579096243434181,0.01767735757272846,0.9665316799929298,2,Medium volatility
1999-01-27,1243.1700439453125,-0.0073252882361867,-0.6682752421094871,0.010888051444416244,0.03312380810220746,0.9559881404533763,2,Medium volatility
1999-01-28,1265.3699951171875,0.017699961257013,1.534985056319318,0.01922257180154893,0.004958113772845907,0.9758193144256051,2,Medium volatility
1999-01-29,1279.6400146484375,0.0112142341482757,0.9639719661598214,0.015510670087512094,0.015797085911034108,0.9686922440014538,2,Medium volatility
1999-02-01,1273.0,-0.0052024802453685,-0.4813800597606317,0.009699980668690145,0.04415444823184318,0.9461455710994667,2,Medium volatility
1999-02-02,1261.989990234375,-0.0086864871561864,-0.7881172256834956,0.008453544238038261,0.04302204949364424,0.9485244062683176,2,Medium volatility
1999-02-03,1272.0699462890625,0.007955620207956,0.6770787336042774,0.007023611728113187,0.07124414675410645,0.9217322415177803,2,Medium volatility
1999-02-04,1248.489990234375,-0.0187106393549081,-1.6706585394415414,0.018211508669393785,0.0023456326228163222,0.97944285870779,2,Medium volatility
1999-02-05,1239.4000244140625,-0.0073074020279699,-0.6667005136551628,0.012130579612398388,0.019934919748416716,0.9679345006391848,2,Medium volatility
1999-02-08,1243.77001953125,0.0035196942224908,0.2865331922621233,0.007464899157398924,0.07038360155733281,0.9221514992852683,2,Medium volatility
1999-02-09,1216.1400146484375,-0.0224651849258359,-2.0012143325941656,0.031048916978746878,0.00037247677264462043,0.9685786062486085,2,Medium volatility
1999-02-10,1223.550048828125,0.0060745887986755,0.5114699221799799,0.017078556855060614,0.030101421965173687,0.9528200211797656,2,Medium volatility
1999-02-11,1254.0400390625,0.0246138614384685,2.1436951425560213,0.06485226751655399,0.00020395584503040288,0.9349437766384155,2,Medium volatility
1999-02-12,1230.1300048828125,-0.0192505119522827,-1.7181897283045462,0.09920295817771795,0.00036103890446601147,0.900436002917816,2,Medium volatility
1999-02-16,1241.8699951171875,0.0094984453882336,0.8129113640859676,0.05956378704430948,0.017493478024510258,0.9229427349311802,2,Medium volatility
1999-02-17,1224.030029296875,-0.0144695866854469,-1.2972699355553536,0.05672784946100022,0.004858167473417582,0.9384139830655821,2,Medium volatility
1999-02-18,1237.280029296875,0.0107667280285754,0.9245728597849768,0.03789437347406963,0.017048889800878028,0.9450567367250523,2,Medium volatility
1999-02-19,1239.219970703125,0.001566680236662,0.1145869274138117,0.01785365162647389,0.0694657852948792,0.9126805630786469,2,Medium volatility
1999-02-22,1272.1400146484375,0.0262184074756346,2.2849617693542874,0.08781283907662255,0.00015420459958450112,0.912032956323793,2,Medium volatility
1999-02-23,1271.1800537109375,-0.0007548880654306,-0.0898074092532947,0.039967051357251086,0.036430067216990984,0.9236028814257579,2,Medium volatility
1999-02-24,1253.4100341796875,-0.0140777808589085,-1.2627747660850266,0.03876822690672574,0.008561176160255644,0.9526705969330187,2,Medium volatility
1999-02-25,1245.02001953125,-0.0067162546128276,-0.6146550133433372,0.021969517393655102,0.02797887007590827,0.9500516125304367,2,Medium volatility
1999-02-26,1238.3299560546875,-0.0053879475117826,-0.4977088745786157,0.012697868991635709,0.057250248398188194,0.930051882610176,2,Medium volatility
1999-03-01,1236.1600341796875,-0.0017538340747185,-0.1777561061538391,0.007269102514423891,0.12775166271366326,0.8649792347719127,2,Medium volatility
1999-03-02,1225.5,-0.0086609041596377,-0.785864860502245,0.0070169820729135066,0.10145621091157332,0.8915268070155132,2,Medium volatility
1999-03-03,1227.699951171875,0.001793536446593,0.1345596865636784,0.004638836814015281,0.20746790813438384,0.7878932550516009,2,Medium volatility
1999-03-04,1246.6400146484375,0.015309483472933,1.3245238260578285,0.009736398924654097,0.05515838011831721,0.9351052209570287,2,Medium volatility
1999-03-05,1275.469970703125,0.0228627712599323,1.9895265509347544,0.03508966241681421,0.0007754328693338456,0.964134904713852,2,Medium volatility
1999-03-08,1282.72998046875,0.005675888823954,0.4763677816188176,0.018682715350517225,0.031907578168539744,0.949409706480943,2,Medium volatility
1999-03-09,1279.8399658203125,-0.0022555605772875,-0.2219288559232352,0.010015091913901977,0.08521583253224545,0.9047690755538526,2,Medium volatility
1999-03-10,1286.8399658203125,0.0054545307881808,0.4568790899240633,0.006589456084055192,0.1539521578892255,0.8394583860267193,2,Medium volatility
1999-03-11,1297.6800537109375,0.0083885219493557,0.7151920487265038,0.005868134541101585,0.18094710260418465,0.8131847628547137,2,Medium volatility
1999-03-12,1294.5899658203125,-0.0023840798458278,-0.2332438840525211,0.003999175824473503,0.29277911141889607,0.7032217127566305,2,Medium volatility
1999-03-15,1307.260009765625,0.0097393348694847,0.8341196333779035,0.004744650292120143,0.2705856887305442,0.7246696609773357,2,Medium volatility
1999-03-16,1306.3800048828125,-0.0006733941255374,-0.0826325612111994,0.0030151844745410464,0.42542155281741195,0.5715632627080471,2,Medium volatility
1999-03-17,1297.8199462890625,-0.006574064652109,-0.6021363970805272,0.0030839219877389604,0.43302131506009955,0.5638947629521616,2,Medium volatility
1999-03-18,1316.550048828125,0.0143288234163341,1.2381850517112851,0.0073829957002768684,0.17825648894157417,0.8143605153581489,2,Medium volatility
1999-03-19,1299.2900390625,-0.0131967243225403,-1.18520523424964,0.010810137790980539,0.045074491186836235,0.9441153710221832,2,Medium volatility
1999-03-22,1297.010009765625,-0.0017563685553438,-0.1779792456090672,0.006602844337142547,0.10873432719656767,0.8846628284662899,2,Medium volatility
1999-03-23,1262.1400146484375,-0.0272529183381617,-2.422733524628793,0.06278689999845863,3.3198996703514904e-05,0.937179901004838,2,Medium volatility
1999-03-24,1268.5899658203125,0.0050973159422023,0.4254293619855804,0.031113795185422535,0.03204648248937693,0.9368397223252005,2,Medium volatility
1999-03-25,1289.989990234375,0.0167284382970462,1.4494507255911246,0.03811242594697134,0.006818937536581081,0.9550686365164477,2,Medium volatility
1999-03-26,1282.800048828125,-0.0055892319346684,-0.5154302554486425,0.020558211527864773,0.031440197316106526,0.9480015911560288,2,Medium volatility
1999-03-29,1310.1700439453125,0.0211117064270158,1.835360190779657,0.04571770459094623,0.0011711317160641999,0.9531111636929896,2,Medium volatility
1999-03-30,1300.75,-0.0072159121393111,-0.6586456073716357,0.026129259668855476,0.018978031199195045,0.9548927091319495,2,Medium volatility
1999-03-31,1286.3699951171875,-0.0111167267089768,-1.0020791413794596,0.02075098285764925,0.014493214229752456,0.9647558029125982,2,Medium volatility
1999-04-01,1293.719970703125,0.0056974722321383,0.4782680170738197,0.011958626008872921,0.052152031655037664,0.9358893423360893,2,Medium volatility
1999-04-05,1321.1199951171875,0.0209580912795797,1.821835684033972,0.030810791484725625,0.00180544628042143,0.967383762234853,2,Medium volatility
1999-04-06,1317.8900146484375,-0.0024478740661511,-0.2388604223789718,0.015524781782862351,0.036551083931549565,0.947924134285588,2,Medium volatility
1999-04-07,1326.8900146484375,0.0068058852837156,0.5758543556821201,0.00993058224294876,0.07453166055856826,0.9155377571984831,2,Medium volatility
1999-04-08,1343.97998046875,0.0127974772968766,1.1033630548688342,0.011201211028248515,0.041606024039215296,0.9471927649325361,2,Medium volatility
1999-04-09,1348.3499755859375,0.0032462580933021,0.2624594675321772,0.006856748745130762,0.10724697977039603,0.8858962714844733,2,Medium volatility
1999-04-12,1358.6300048828125,0.0075952380809756,0.6453501535213894,0.005829155733217066,0.14788865885339442,0.8462821854133885,2,Medium volatility
1999-04-13,1349.8199462890625,-0.0065056322435959,-0.596111505746527,0.0052213666547588754,0.16626588790609043,0.8285127454391507,2,Medium volatility
1999-04-14,1328.43994140625,-0.0159659330639865,-1.4290105029942477,0.0118819806234299,0.0162517528934004,0.9718662664831696,2,Medium volatility
1999-04-15,1322.8499755859375,-0.0042167958076451,-0.3945989314044399,0.007741320670939829,0.05052960650304919,0.941729072826011,2,Medium volatility
1999-04-16,1319.0,-0.0029146078293305,-0.2799523591698071,0.005496785895748151,0.10822550580779897,0.8862777082964529,2,Medium volatility
1999-04-19,1289.47998046875,-0.0226348525503574,-2.0161521233697792,0.027630560095207184,0.0005025444442396735,0.9718668954605532,2,Medium volatility
1999-04-20,1306.1700439453125,0.0128602032959381,1.1088855454018072,0.02354711898242089,0.008696062694605943,0.9677568183229731,2,Medium volatility
1999-04-21,1336.1199951171875,0.0226706633048987,1.9726130799840296,0.06142564358794083,0.0003085755028131026,0.9382657809092461,2,Medium volatility
1999-04-22,1358.8199462890625,0.0168467487522709,1.4598669545664424,0.06843206222959211,0.002436330182463128,0.9291316075879449,2,Medium volatility
1999-04-23,1356.8499755859375,-0.0014508177395207,-0.151078095958651,0.031519594253292434,0.03958273665985035,0.9288976690868572,2,Medium volatility
1999-04-26,1360.0400390625,0.002348321003323,0.1834037465742204,0.014990942260040366,0.10754596092334334,0.8774630968166163,2,Medium volatility
1999-04-27,1362.800048828125,0.0020273028322108,0.1551408278897162,0.007621028830696596,0.21659731288367565,0.7757816582856277,2,Medium volatility
1999-04-28,1350.9100341796875,-0.0087629778941833,-0.7948515843667882,0.007192764762141944,0.1638598581862316,0.8289473770516264,2,Medium volatility
1999-04-29,1342.8299560546875,-0.0059991702152455,-0.5515218332228072,0.005614544254173383,0.19477233803326227,0.7996131177125644,2,Medium volatility
1999-04-30,1335.1800537109375,-0.0057131400730821,-0.5263393128026285,0.00468189673197218,0.23435237904590497,0.7609657242221228,2,Medium volatility
1999-05-03,1354.6300048828125,0.0144622034657269,1.249928030238212,0.008934074401884092,0.0805536460945713,0.9105122795035447,2,Medium volatility
1999-05-04,1332.0,-0.0168467857989593,-1.5065620918507494,0.016942108446287768,0.0057219529269299015,0.9773359386267824,2,Medium volatility
1999-05-05,1347.31005859375,0.0114284833752673,0.9828347877244146,0.01432380444952213,0.015521220269096856,0.9701549752813811,2,Medium volatility
1999-05-06,1332.050048828125,-0.0113909098858711,-1.026218637303864,0.01331713877850288,0.012279902941409269,0.9744029582800878,2,Medium volatility
1999-05-07,1345.0,0.0096748674462086,0.8284438252591939,0.010638873063274743,0.02790113731396701,0.9614599896227582,2,Medium volatility
1999-05-10,1340.300048828125,-0.0035005071207461,-0.3315358068395033,0.0069578802017921096,0.07115536771560184,0.9218867520826062,2,Medium volatility
1999-05-11,1355.6099853515625,0.0113580207920218,0.9766311567783282,0.00796884527363657,0.05604748161386816,0.9359836731124952,2,Medium volatility
1999-05-12,1364.0,0.0061700326961924,0.5198729453020245,0.006084009020851504,0.10604665360102082,0.8878693373781277,2,Medium volatility
1999-05-13,1367.56005859375,0.0026066134612445,0.2061441998942433,0.004323072090807938,0.21107862616864057,0.7845983017405515,2,Medium volatility
1999-05-14,1337.800048828125,-0.0220016626815224,-1.9604051427152769,0.02374679983919738,0.0014202152209853965,0.9748329849398173,2,Medium volatility
1999-05-17,1339.489990234375,0.0012624270109213,0.0878000195300145,0.012174485495395284,0.04131310194794182,0.9465124125566629,2,Medium volatility
1999-05-18,1333.3199462890625,-0.0046169050937399,-0.4298251498413395,0.00785123596873138,0.08005351698175941,0.9120952470495093,2,Medium volatility
1999-05-19,1344.22998046875,0.0081493117642397,0.6941316271715017,0.006661530357552952,0.10886124402955023,0.8844772256128968,2,Medium volatility
1999-05-20,1338.8299560546875,-0.0040252784754262,-0.3777374597674213,0.004978000241981162,0.17299501856048113,0.8220269811975377,2,Medium volatility
1999-05-21,1330.2900390625,-0.006399072465026,-0.586729823873736,0.004700480571054115,0.19360038306890925,0.8016991363600366,2,Medium volatility
1999-05-24,1306.6500244140625,-0.0179303643066184,-1.6019619601639414,0.014346009307324317,0.008754609561079348,0.9768993811315964,2,Medium volatility
1999-05-25,1284.4000244140625,-0.0171749263939755,-1.5354520793611022,0.022996633866814904,0.0013606339170370546,0.9756427322161481,2,Medium volatility
1999-05-26,1304.760009765625,0.0157274210587674,1.3613196746003309,0.026324583404329673,0.003907364553311362,0.9697680520423589,2,Medium volatility
1999-05-27,1281.4100341796875,-0.0180580624698896,-1.6132046969603984,0.04015307300979211,0.0007705065275208273,0.9590764204626872,2,Medium volatility
1999-05-28,1301.8399658203125,0.0158175612850692,1.3692557545965007,0.042291485458633114,0.003630525980103133,0.9540779885612637,2,Medium volatility
1999-06-01,1294.260009765625,-0.0058395113174363,-0.537465225678115,0.02281840946763844,0.02670425170391616,0.9504773388284454,2,Medium volatility
1999-06-02,1294.81005859375,0.0004249006955214,0.0140629532877221,0.01143050005257003,0.08625449527149796,0.9023150046759321,2,Medium volatility
1999-06-03,1299.5400390625,0.0036463742606356,0.2976862918035975,0.006685029123092352,0.17453348118023412,0.8187814896966735,2,Medium volatility
1999-06-04,1327.75,0.0214753945663357,1.8673798371208743,0.024942920924776533,0.004383343303117121,0.9706737357721064,2,Medium volatility
1999-06-07,1334.52001953125,0.0050859109516538,0.4244252496035522,0.013662135822269002,0.03947839066427584,0.9468594735134552,2,Medium volatility
1999-06-08,1317.3299560546875,-0.0129647637814684,-1.1647830821714096,0.014844469355673743,0.013049879638332425,0.9721056510059938,2,Medium volatility
1999-06-09,1318.6400146484375,0.0009939860591527,0.0641660776720156,0.008359150926850765,0.06247384191849486,0.9291670071546544,2,Medium volatility
1999-06-10,1302.8199462890625,-0.0120698089237718,-1.0859899213925437,0.01004296924310022,0.02399174343820733,0.9659652873186925,2,Medium volatility
1999-06-11,1293.6400146484375,-0.0070711430403171,-0.6458999199274621,0.00785703709179041,0.04038010863356033,0.9517628542746492,2,Medium volatility
1999-06-14,1294.0,0.0002782344930878,0.0011502420265983,0.005325590926414589,0.1092502129034171,0.8854241961701683,2,Medium volatility
1999-06-15,1301.1600341796875,0.0055180044798728,0.4624674084316449,0.004483049287373176,0.18516776874556728,0.8103491819670595,2,Medium volatility
1999-06-16,1330.4100341796875,0.0222309905372233,1.933903633607371,0.022647544551419135,0.0033037233793687536,0.9740487320692122,2,Medium volatility
1999-06-17,1339.9000244140625,0.0071078114374296,0.6024363846731251,0.013740181058315076,0.030424022144610218,0.9558357967970746,2,Medium volatility
1999-06-18,1342.8399658203125,0.0021917461951943,0.1696186668858914,0.007834084809257161,0.09198252463853201,0.9001833905522107,2,Medium volatility
1999-06-21,1349.0,0.0045768284971901,0.3796048708556259,0.0054005728760748994,0.17376085540932534,0.8208385717145997,2,Medium volatility
1999-06-22,1335.8800048828125,-0.0097733228494076,-0.883803861472694,0.006514980924537154,0.10751422545326873,0.8859707936221942,2,Medium volatility
1999-06-23,1333.06005859375,-0.0021131589854803,-0.2093916073436705,0.004569301472480752,0.19822773829878784,0.7972029602287314,2,Medium volatility
1999-06-24,1315.780029296875,-0.0130474274491056,-1.1720609147891043,0.008256096788945188,0.052819803162004915,0.9389241000490498,2,Medium volatility
1999-06-25,1315.31005859375,-0.0003572441021963,-0.0547982415188396,0.005413958727887674,0.12816121831627397,0.8664248229558383,2,Medium volatility
1999-06-28,1331.3499755859375,0.0121210228480688,1.0438069960507688,0.007436395068278919,0.07858533089540912,0.913978274036312,2,Medium volatility
1999-06-29,1351.449951171875,0.0149846073018782,1.2959212433029543,0.01161628619785915,0.023739037853191963,0.9646446759489489,2,Medium volatility
1999-06-30,1372.7099609375,0.0156088057160275,1.350876602873339,0.015960218926705697,0.008378559796912951,0.9756612212763813,2,Medium volatility
1999-07-01,1380.9599609375,0.0059920214973248,0.5042005737939093,0.009952623460980886,0.04199943438098556,0.9480479421580336,2,Medium volatility
1999-07-02,1391.219970703125,0.0074021577716738,0.6283510750503192,0.007526874036568583,0.07561418759260542,0.9168589383708259,2,Medium volatility
1999-07-06,1388.1199951171875,-0.0022307288129956,-0.2197426303505729,0.005159543437773077,0.151160362843267,0.8436800937189599,2,Medium volatility
1999-07-07,1395.8599853515625,0.0055603921225904,0.4661992797310319,0.004225012188227417,0.23870676514119354,0.757068222670579,2,Medium volatility
1999-07-08,1394.4200439453125,-0.0010321125614325,-0.1142146674490182,0.002997648099731384,0.3836010030658434,0.6134013488344252,2,Medium volatility
1999-07-09,1403.280029296875,0.00633378470825,0.5342899167313157,0.0026434576729498366,0.4805351422491701,0.51682140007788,2,Medium volatility
1999-07-12,1399.0999755859375,-0.0029832191235446,-0.2859929998677878,0.0018859257623270963,0.6029050496082121,0.39520902462946084,1,Low volatility
1999-07-13,1393.56005859375,-0.0039674891976497,-0.3726496055410553,0.0014534244482793126,0.6882518539397395,0.3102947216119811,1,Low volatility
1999-07-14,1398.1700439453125,0.003302604028617,0.2674202477350236,0.0008873966910476198,0.7998479158522173,0.19926468745673515,1,Low volatility
1999-07-15,1409.6199951171875,0.0081558909192125,0.6947108657901904,0.0009528301571049737,0.8087487954384068,0.19029837440448805,1,Low volatility
1999-07-16,1418.780029296875,0.0064772069903584,0.5469170284076793,0.0007306829199123101,0.8489814182528123,0.1502878988272754,1,Low volatility
1999-07-19,1407.6500244140625,-0.0078757034145837,-0.7167346155332868,0.0010087582214316766,0.8023999905755305,0.19659125120303786,1,Low volatility
1999-07-20,1377.0999755859375,-0.021941843610886,-1.9551385824974492,0.020879795725235878,0.019020686642733993,0.9600995176320302,2,Medium volatility
1999-07-21,1379.2900390625,0.0015890813170722,0.1165591519513978,0.010793784298540055,0.07295034386210708,0.9162558718393529,2,Medium volatility
1999-07-22,1360.969970703125,-0.0133712430552135,-1.200570123823886,0.013325647004279503,0.01834792423334259,0.968326428762378,2,Medium volatility
1999-07-23,1356.93994140625,-0.0029655377703274,-0.2844363071532341,0.008044592422818483,0.06040158138441788,0.9315538261927636,2,Medium volatility
1999-07-26,1347.760009765625,-0.0067881591722382,-0.6209855980221608,0.0066586022674493565,0.0768054378358666,0.916535959896684,2,Medium volatility
1999-07-27,1362.8399658203125,0.0111267702880359,0.9562715174243934,0.007622841583279232,0.06261677431194543,0.9297603841047754,2,Medium volatility
1999-07-28,1365.4000244140625,0.0018767112528959,0.1418825205920258,0.005123756870646295,0.14622049798209089,0.8486557451472628,2,Medium volatility
1999-07-29,1341.030029296875,-0.0180094466220568,-1.608924485191338,0.014746005730732007,0.0062524590665750225,0.979001535202693,2,Medium volatility
1999-07-30,1328.719970703125,-0.0092219465008458,-0.835259865193697,0.011612566584329869,0.015733176080457524,0.9726542573352126,2,Medium volatility
1999-08-02,1328.050048828125,-0.0005043130449928,-0.0677464106423274,0.007039408627331471,0.06544588407748315,0.9275147072951854,2,Medium volatility
1999-08-03,1322.1800537109375,-0.0044298075933602,-0.4133528067930164,0.005434831551491253,0.11239331458621009,0.8821718538622986,2,Medium volatility
1999-08-04,1305.3299560546875,-0.0128260814166187,-1.1525732798815824,0.008601192180426641,0.03188822213794958,0.9595105856816238,2,Medium volatility
1999-08-05,1313.7099609375,0.0063993171131686,0.5400594874225868,0.006573472497064717,0.07179041353619309,0.9216361139667422,2,Medium volatility
1999-08-06,1300.2900390625,-0.0102678192638707,-0.9273400634992912,0.007552057902152011,0.04332219281532478,0.9491257492825231,2,Medium volatility
1999-08-09,1297.800048828125,-0.0019167857252888,-0.1921026125637971,0.005322693260188757,0.10490782924188709,0.8897694774979241,2,Medium volatility
1999-08-10,1281.4300537109375,-0.0126938770718831,-1.1409338121466095,0.008390082706000702,0.03112760628559291,0.9604823110084063,2,Medium volatility
1999-08-11,1301.9300537109375,0.0158711363982551,1.3739725874855553,0.013405939526165797,0.00903269348306777,0.9775613669907663,2,Medium volatility
1999-08-12,1298.1600341796875,-0.0028999165765917,-0.278658919362049,0.00813385762834942,0.04656686056049467,0.945299281811156,2,Medium volatility
1999-08-13,1327.6800537109375,0.0224851950386186,1.9562841771363515,0.029718967491342424,0.0008210666202423866,0.9694599658884152,2,Medium volatility
1999-08-16,1330.77001953125,0.0023246381362689,0.1813186716283165,0.014838503483664587,0.03949859072758809,0.9456629057887473,2,Medium volatility
1999-08-17,1344.1600341796875,0.0100115713093229,0.8580877356677167,0.011713139992669373,0.04791614127025205,0.9403707187370784,2,Medium volatility
1999-08-18,1332.8399658203125,-0.0084573297220504,-0.7679418633216194,0.009416454671695926,0.04778798477642892,0.9427955605518752,2,Medium volatility
1999-08-19,1323.5899658203125,-0.0069642622799426,-0.6364899783377485,0.007440430958022613,0.06301034783610711,0.9295492212058702,2,Medium volatility
1999-08-20,1336.6099853515625,0.0097888307166638,0.8384773216022084,0.007315161790581102,0.06958215552857554,0.9231026826808435,2,Medium volatility
1999-08-23,1360.219970703125,0.0175098830556494,1.5182502879097168,0.015050224041643174,0.009223258274278535,0.9757265176840783,2,Medium volatility
1999-08-24,1363.5,0.0024084934704982,0.188701420350526,0.008600538627958003,0.054648453488768046,0.9367510078832739,2,Medium volatility
1999-08-25,1381.7900390625,0.0133248650750266,1.1497950616222623,0.01070313381194896,0.028402773657351135,0.9608940925306999,2,Medium volatility
1999-08-26,1362.010009765625,-0.0144182313642495,-1.292748536464486,0.014320114995466532,0.0065502351261289655,0.9791296498784045,2,Medium volatility
1999-08-27,1348.27001953125,-0.0101392533588198,-0.9160209294220388,0.012099588907139972,0.012785286414966936,0.9751151246778931,2,Medium volatility
1999-08-30,1324.02001953125,-0.01814972576308,-1.621274870037575,0.022941111098041266,0.0010311480689541993,0.9760277408330046,2,Medium volatility
1999-08-31,1320.4100341796875,-0.0027302575759122,-0.2637218878423503,0.012234698553232042,0.03462354993766512,0.9531417515091029,2,Medium volatility
1999-09-01,1331.0699462890625,0.0080407693979527,0.6845753953184426,0.00899034404840337,0.0612371216933933,0.9297725342582033,2,Medium volatility
1999-09-02,1319.1099853515625,-0.0090258340488214,-0.8179938323539325,0.008246844512512971,0.05082905974944933,0.9409240957380378,2,Medium volatility
1999-09-03,1357.239990234375,0.0284959630760885,2.4854811621103057,0.07672772806034776,3.177972148163827e-05,0.9232404922181706,2,Medium volatility
1999-09-07,1350.449951171875,-0.0050153846581624,-0.4649078851509663,0.03856096329205273,0.025078573336846308,0.936360463371101,2,Medium volatility
1999-09-08,1344.1500244140625,-0.0046759729041294,-0.4350255679862884,0.01986827098334803,0.05915925316326865,0.9209724758533833,2,Medium volatility
1999-09-09,1347.6600341796875,0.0026079193394705,0.2062591713613893,0.010074830098681003,0.13884383708971829,0.8510813328116007,2,Medium volatility
1999-09-10,1351.6600341796875,0.0029637114729359,0.2375836415677948,0.005670656590680392,0.25665523046649685,0.7376741129428227,2,Medium volatility
1999-09-13,1344.1300048828125,-0.0055865247453548,-0.515191910462847,0.00444983982433073,0.3027356447958649,0.6928145153798044,2,Medium volatility
1999-09-14,1336.2900390625,-0.005849820587068,-0.538372869156015,0.003852264900626372,0.3409017227224681,0.6552460123769055,2,Medium volatility
1999-09-15,1317.969970703125,-0.0138044948271502,-1.2387142561567706,0.008635667488340286,0.08009998149606656,0.9112643510155932,2,Medium volatility
1999-09-16,1318.47998046875,0.0003868912980955,0.0107165492353492,0.005352631022848447,0.17431278415491253,0.820334584822239,2,Medium volatility
1999-09-17,1335.4200439453125,0.012766338892618,1.1006215833051625,0.007881118926463357,0.09092390276557165,0.901194978307965,2,Medium volatility
1999-09-20,1335.530029296875,8.2356725965127e-05,-0.0160951288043115,0.005001760604819119,0.19026209927897184,0.804736140116209,2,Medium volatility
1999-09-21,1307.5799560546875,-0.0211501718033995,-1.8854386155383045,0.022360879031688416,0.0019430291878440083,0.9756960917804676,2,Medium volatility
1999-09-22,1310.510009765625,0.0022383149337876,0.1737186481035975,0.011705241924851142,0.04173900984749345,0.9465557482276554,2,Medium volatility
1999-09-23,1280.4100341796875,-0.0232360160425404,-2.069079454046404,0.04483845784758801,0.00016245331852007586,0.954999088833892,2,Medium volatility
1999-09-24,1277.3599853515625,-0.0023849292551938,-0.2333186673202655,0.021611289030044407,0.03383530703406256,0.9445534039358929,2,Medium volatility
1999-09-27,1283.31005859375,0.0046472867248414,0.3858081183287011,0.011684458080159013,0.08731645945422867,0.9009990824656123,2,Medium volatility
1999-09-28,1282.199951171875,-0.0008654088169075,-0.0995378210898577,0.006531884553230248,0.18012652990611713,0.8133415855406527,2,Medium volatility
1999-09-29,1268.3699951171875,-0.0108447067816719,-0.9781301011760748,0.007991312504553781,0.08705046970291408,0.9049582177925322,2,Medium volatility
1999-09-30,1282.7099609375,0.0112423891875437,0.9664507778190916,0.008535412192737743,0.06778236973769916,0.9236822180695631,2,Medium volatility
1999-10-01,1282.81005859375,7.803303465880873e-05,-0.0164757930370682,0.005404140417003755,0.1538630280988303,0.840732831484166,2,Medium volatility
1999-10-04,1304.5999755859375,0.0168434317359986,1.459574919505454,0.012296252013464919,0.0244625706327562,0.9632411773537789,2,Medium volatility
1999-10-05,1301.3499755859375,-0.0024942932488229,-0.2429472364702392,0.007476114272775823,0.07223870651702631,0.9202851792101979,2,Medium volatility
1999-10-06,1325.4000244140625,0.0183121506749301,1.5888831259462164,0.01674514027451234,0.00705340757736493,0.9762014521481227,2,Medium volatility
1999-10-07,1317.6400146484375,-0.0058720503273868,-0.5403300086563467,0.010607494900438838,0.030568852974852265,0.958823652124709,2,Medium volatility
1999-10-08,1336.02001953125,0.0138527909165153,1.1962744402747207,0.012729886100003618,0.016489118056325233,0.9707809958436712,2,Medium volatility
1999-10-11,1335.2099609375,-0.000606506084841,-0.0767436383236928,0.007492070819913566,0.06651522392711767,0.9259927052529687,2,Medium volatility
1999-10-12,1313.0400390625,-0.0167434644052155,-1.4974655222091198,0.014968832100903422,0.005069830076760115,0.9799613378223364,2,Medium volatility
1999-10-13,1285.550048828125,-0.0211584088700718,-1.886163819176315,0.03859840900880426,0.0001925888222931555,0.9612090021689025,2,Medium volatility
1999-10-14,1283.4200439453125,-0.0016582562614466,-0.1693412928889467,0.018657771684432094,0.03570548791917591,0.9456367403963919,2,Medium volatility
1999-10-15,1247.4100341796875,-0.0284589949067299,-2.528918304968891,0.13794075961816518,5.70536239424623e-06,0.8620535350194405,2,Medium volatility
1999-10-18,1254.1300048828125,0.0053726798395361,0.4496728102988949,0.06851053391567274,0.029939117020613516,0.9015503490637137,2,Medium volatility
1999-10-19,1261.3199462890625,0.005716640065513,0.4799555817189934,0.03391730280387947,0.07466373490228197,0.8914189622938385,2,Medium volatility
1999-10-20,1289.4300537109375,0.0220415528561455,1.9172252575592696,0.07967559423250084,0.001430246854180369,0.9188941589133188,2,Medium volatility
1999-10-21,1283.6099853515625,-0.0045238925138741,-0.4216361835523744,0.03929155741347762,0.028583346957644584,0.9321250956288778,2,Medium volatility
1999-10-22,1301.6500244140625,0.0139562998002178,1.2053875168120147,0.03544405090489756,0.01527761968356781,0.9492783294115346,2,Medium volatility
1999-10-25,1293.6300048828125,-0.0061804853195219,-0.5674850854919294,0.019758928930231245,0.03766477441581625,0.9425762966539526,2,Medium volatility
1999-10-26,1281.9100341796875,-0.0091010439918477,-0.824615427937304,0.014406106545518205,0.03536523364516844,0.9502286598093133,2,Medium volatility
1999-10-27,1296.7099609375,0.0114790774135355,0.987289162330502,0.012815722301033077,0.03289981162395815,0.9542844660750087,2,Medium volatility
1999-10-28,1342.43994140625,0.0346585527148359,3.0280447473505023,0.27751135434077745,2.786884696223264e-07,0.7224883669707529,2,Medium volatility
1999-10-29,1362.9300537109375,0.0151480234864251,1.310308647977211,0.24985297491823452,0.003353672528376334,0.7467933525533891,2,Medium volatility
1999-11-01,1354.1199951171875,-0.0064850402543461,-0.5942985562935321,0.13888600119217953,0.021629543089511934,0.8394844557183085,2,Medium volatility
1999-11-02,1347.739990234375,-0.0047226849470876,-0.4391381659340638,0.06858902202570048,0.05456822073223586,0.8768427572420636,2,Medium volatility
1999-11-03,1354.9300537109375,0.0053207238192332,0.4450985247626469,0.03286889268793928,0.11418985066697143,0.8529412566450894,2,Medium volatility
1999-11-04,1362.6400146484375,0.0056741731985026,0.4762167353946802,0.016340636321633344,0.1910564053908308,0.7926029582875358,2,Medium volatility
1999-11-05,1370.22998046875,0.0055545893866826,0.4656883982050996,0.008596799700183021,0.2895152166965842,0.7018879836032328,2,Medium volatility
1999-11-08,1377.010009765625,0.0049358942692698,0.4112175570892982,0.004745586762920214,0.4167600743050621,0.5784943389320176,2,Medium volatility
1999-11-09,1365.280029296875,-0.0085549317115312,-0.7765348880796402,0.005037093543687259,0.3346883047351656,0.660274601721147,2,Medium volatility
1999-11-10,1373.4599609375,0.0059735177442385,0.5025714757680113,0.0035201097985393262,0.44052144655303566,0.5559584436484251,2,Medium volatility
1999-11-11,1381.4599609375,0.0058078076415588,0.487982111119241,0.002526005731613155,0.5513908398930938,0.4460831543752931,1,Low volatility
1999-11-12,1396.06005859375,0.0105131426796125,0.9022468273598055,0.0035357244101844867,0.47333394349359775,0.5231303320962178,2,Medium volatility
1999-11-15,1394.3900146484375,-0.0011969711701498,-0.1287290652990671,0.0019788572668855324,0.6268873822846182,0.37113376044849633,1,Low volatility
1999-11-16,1420.0699462890625,0.0182490741901721,1.5833297781296636,0.011647769031072591,0.10882434039868812,0.8795278905702394,2,Medium volatility
1999-11-17,1410.7099609375,-0.006613032287464,-0.6055671658296922,0.008195374312509975,0.1261304336172423,0.8656741920702478,2,Medium volatility
1999-11-18,1424.93994140625,0.0100365703882348,0.8602886918691263,0.007761213370629901,0.1178834565452974,0.8743553300840726,2,Medium volatility
1999-11-19,1422.0,-0.0020653350698021,-0.2051811184629176,0.004986160818495763,0.2134376490893983,0.7815761900921059,2,Medium volatility
1999-11-22,1420.93994140625,-0.0007457481795087,-0.0890027200617099,0.0033454516448418728,0.35543171462619716,0.6412228337289609,2,Medium volatility
1999-11-23,1404.6400146484375,-0.0115375305771721,-1.0391273416969795,0.006180228769358263,0.15700093942563603,0.8368188318050058,2,Medium volatility
1999-11-24,1417.0799560546875,0.0088173327835123,0.75294519427217,0.005857251801433391,0.1734974952335954,0.8206452529649712,2,Medium volatility
1999-11-26,1416.6199951171875,-0.0003246363055122,-0.0519274024539648,0.003812305407646981,0.3069471517939458,0.6892405427984072,2,Medium volatility
1999-11-29,1407.8299560546875,-0.0062242685073057,-0.57133982266084,0.0036826351853093747,0.3316424324330422,0.6646749323816484,2,Medium volatility
1999-11-30,1388.9100341796875,-0.0135301891295442,-1.21456397332613,0.008155714190971062,0.08395881825082604,0.907885467558203,2,Medium volatility
1999-12-01,1397.719970703125,0.006323025202648,0.5333426338069217,0.006068808127773809,0.14058312230408346,0.8533480695681428,2,Medium volatility
1999-12-02,1409.0400390625,0.0080663324965124,0.6868260086510575,0.005510870162484823,0.1745348813035702,0.819954248533945,2,Medium volatility
1999-12-03,1433.300048828125,0.0170708628492795,1.4795982940038954,0.012867940104764988,0.025814352279082634,0.9613177076161523,2,Medium volatility
1999-12-06,1423.3299560546875,-0.0069803462396516,-0.6379060341448244,0.009213904702264726,0.04269877832399174,0.9480873169737435,2,Medium volatility
1999-12-07,1409.1700439453125,-0.0099982560051481,-0.9036073120627875,0.008981888440580215,0.03127026205175613,0.9597478495076637,2,Medium volatility
1999-12-08,1403.8800048828125,-0.003761074425701,-0.3544765410859982,0.006288012504732221,0.07399922841167704,0.9197127590835907,2,Medium volatility
1999-12-09,1408.1099853515625,0.0030085339378871,0.2415298782489328,0.004631641143080277,0.15992480020597222,0.8354435586509475,2,Medium volatility
1999-12-10,1417.0400390625,0.0063218472471247,0.5332389248453584,0.0041614616677828255,0.23464831916602044,0.7611902191661968,2,Medium volatility
1999-12-13,1415.219970703125,-0.0012852411880537,-0.1365004893578806,0.003014286573377566,0.37562141817392025,0.6213642952527022,2,Medium volatility
1999-12-14,1403.1700439453125,-0.0085509813181232,-0.776187089550743,0.004068872083664637,0.2989782880510823,0.6969528398652531,2,Medium volatility
1999-12-15,1413.3299560546875,0.0072145969666621,0.6118379419710298,0.0036514252329877474,0.36626307606296704,0.6300854987040452,2,Medium volatility
1999-12-16,1418.780029296875,0.0038487770588533,0.3155061361062542,0.0024605470825831257,0.5180741577821192,0.4794652951352976,1,Low volatility
1999-12-17,1421.030029296875,0.0015846133539838,0.1161657858157199,0.001480138369944765,0.6786921268505582,0.31982773477949683,1,Low volatility
1999-12-20,1418.0899658203125,-0.0020711097329932,-0.2056895284249923,0.0009482897419171228,0.7828911063020709,0.2161606039560119,1,Low volatility
1999-12-21,1433.4300537109375,0.0107593394191933,0.9239223555925368,0.00172836551297693,0.7030066068073938,0.2952650276796292,1,Low volatility
1999-12-22,1436.1300048828125,0.0018817880884061,0.1423294927640442,0.0008764506068558135,0.8173848426765498,0.18173870671659437,1,Low volatility
1999-12-23,1458.3399658203125,0.0153467799457995,1.3278074631684398,0.004711694542624227,0.45934369302561356,0.5359446124317622,2,Medium volatility
1999-12-27,1457.0999755859375,-0.0008506368397673,-0.0982372741853745,0.002340229955644651,0.6183462923797637,0.37931347766459167,1,Low volatility
1999-12-28,1457.6600341796875,0.0003842913987881,0.0104876502217564,0.0012025163885276044,0.7573374368669483,0.2414600467445241,1,Low volatility
1999-12-29,1463.4599609375,0.0039710346642038,0.3262698780670658,0.0007173575587127419,0.8421720818797671,0.15711056056152015,1,Low volatility
1999-12-30,1464.469970703125,0.0006899139182063,0.0373951127636537,0.00038142444510904354,0.9052228893573051,0.09439568619758586,1,Low volatility
1999-12-31,1469.25,0.0032586842469948,0.2635534846408074,0.00022712124775553708,0.9379772462892182,0.06179563246302637,1,Low volatility
2000-01-03,1455.219970703125,-0.0095949947002758,-0.8681035851904872,0.000583206951326378,0.8647662758779546,0.134650517170719,1,Low volatility
2000-01-04,1399.4200439453125,-0.0390991753409375,-3.465695663579399,0.3769398372009034,1.0180915198986667e-07,0.6230600609899446,2,Medium volatility
2000-01-05,1402.1099853515625,0.0019203379615859,0.1457234811080804,0.19739618736673137,0.030691864602466912,0.7719119480308018,2,Medium volatility
2000-01-06,1403.449951171875,0.0009552217400567,0.0607532091896034,0.08946823705278929,0.09621543008418929,0.8143163328630215,2,Medium volatility
2000-01-07,1441.469970703125,0.0267299497298703,2.329998712543707,0.32187716685648526,0.0001226502452544013,0.6780001828982604,2,Medium volatility
2000-01-10,1457.5999755859375,0.0111278248731396,0.9563643646701692,0.22470134285310875,0.010156431835982659,0.7651422253109086,2,Medium volatility
2000-01-11,1438.56005859375,-0.013148576788903,-1.1809662535609895,0.18326297329535646,0.005547521207095233,0.8111895054975482,2,Medium volatility
2000-01-12,1432.25,-0.0043960196786096,-0.4103780683730488,0.09149243171307204,0.03357955536589505,0.8749280129210328,2,Medium volatility
2000-01-13,1449.6800537109375,0.0120962451654174,1.041625531906416,0.06645187856385094,0.027433870687055037,0.906114250749094,2,Medium volatility
2000-01-14,1465.1500244140625,0.0106147634973403,0.9111936757520416,0.04367301185502837,0.03383866723924077,0.9224883209057309,2,Medium volatility
2000-01-18,1455.1400146484375,-0.006855516976735,-0.6269158796154555,0.024553190943070433,0.05129683342509725,0.9241499756318323,2,Medium volatility
2000-01-19,1455.9000244140625,0.0005221568736217,0.022625532295917,0.011815247125680661,0.12845904876184705,0.8597257041124723,2,Medium volatility
2000-01-20,1445.5699462890625,-0.007120612569861,-0.6502552911079029,0.008520655779854218,0.13430835281453038,0.8571709914056154,2,Medium volatility
2000-01-21,1441.3599853515625,-0.0029165681339531,-0.280124947313193,0.005347726019756549,0.22401217338867915,0.7706401005915642,2,Medium volatility
2000-01-24,1401.530029296875,-0.0280225842284593,-2.490496057809865,0.06873734139481548,4.350437223060734e-05,0.9312191542329539,2,Medium volatility
2000-01-25,1410.030029296875,0.0060464836030407,0.508995498828534,0.035102609656491396,0.02914007959476058,0.935757310748748,2,Medium volatility
2000-01-26,1404.0899658203125,-0.0042216197666675,-0.3950236399532273,0.01793576518257871,0.06784403544915509,0.9142201993682662,2,Medium volatility
2000-01-27,1398.56005859375,-0.0039462040244826,-0.3707756271418791,0.009945255955875495,0.12177773494575837,0.8682770090983661,2,Medium volatility
2000-01-28,1360.1600341796875,-0.0278408127297336,-2.47449262389257,0.08809089497484877,2.4842902138654663e-05,0.9118842621230125,2,Medium volatility
2000-01-31,1394.4599609375,0.0249048505291247,2.169314256199341,0.2373292017174905,5.644045188690044e-05,0.7626143578306226,2,Medium volatility
2000-02-01,1409.280029296875,0.0105717409154069,0.9074059034568832,0.15590076542581177,0.012455888202447018,0.8316433463717412,2,Medium volatility
2000-02-02,1409.1199951171875,-0.0001135638507472,-0.0333442686553585,0.07073333046892158,0.059770128213369925,0.8694965413177085,2,Medium volatility
2000-02-03,1424.969970703125,0.0111853476979195,0.961428759977216,0.04875820659513635,0.05110351732427394,0.9001382760805897,2,Medium volatility
2000-02-04,1424.3699951171875,-0.0004211330357222,-0.0604231185369418,0.021647692357065918,0.12640871110274526,0.8519435965401888,2,Medium volatility
2000-02-07,1424.239990234375,-9.127601431657696e-05,-0.0313820142866734,0.0098755856876252,0.24390527533968065,0.7462191389726941,2,Medium volatility
2000-02-08,1441.719970703125,0.012198493672594,1.0506276430141208,0.010803303891952325,0.1460619284246085,0.8431347676834391,2,Medium volatility
2000-02-09,1411.7099609375,-0.0210351170597515,-1.87530902426712,0.033568837763918426,0.0015359068275894643,0.9648952554084921,2,Medium volatility
2000-02-10,1416.8299560546875,0.0036202428527767,0.2953856436724686,0.016867703432063345,0.03868097731152815,0.9444513192564086,2,Medium volatility
2000-02-11,1387.1199951171875,-0.0211922989891899,-1.8891475558212671,0.043242386941733914,0.0004486805666617586,0.9563089324916044,2,Medium volatility
2000-02-14,1389.93994140625,0.0020308868535492,0.1554563704750464,0.020542100612979706,0.03884863380123764,0.9406092655857827,2,Medium volatility
2000-02-15,1402.050048828125,0.0086749475530796,0.7404093861724244,0.013687923068011969,0.0598630464489668,0.9264490304830212,2,Medium volatility
2000-02-16,1387.6700439453125,-0.01030937281668,-0.9309985002788436,0.012009290250111366,0.03715963312715838,0.9508310766227301,2,Medium volatility
2000-02-17,1388.260009765625,0.0004250581374742,0.0140768147121209,0.006989450085697634,0.10411978221005327,0.888890767704249,2,Medium volatility
2000-02-18,1346.0899658203125,-0.0308471030816921,-2.7391709113086304,0.12055569774614978,2.65883806671572e-06,0.8794416434157835,2,Medium volatility
2000-02-22,1352.1700439453125,0.0045066734811154,0.3734283185820902,0.05806022799581028,0.032530240876728796,0.9094095311274609,2,Medium volatility
2000-02-23,1360.68994140625,0.0062811391063375,0.5296549194014303,0.029676873328341666,0.07398396313613485,0.8963391635355235,2,Medium volatility
2000-02-24,1353.4300537109375,-0.0053497303162455,-0.4943441756705363,0.01596258782405076,0.11109248289945306,0.8729449292764963,2,Medium volatility
2000-02-25,1333.3599853515625,-0.0149400893854352,-1.3386936951654016,0.020967212310075554,0.01575081483821481,0.9632819728517096,2,Medium volatility
2000-02-28,1348.050048828125,0.0109570787459798,0.9413316209133532,0.016304730860257122,0.023815157001502812,0.95988011213824,2,Medium volatility
2000-02-29,1366.4200439453125,0.0135350730966461,1.1683020894371643,0.016632725882265265,0.015553387463189398,0.9678138866545453,2,Medium volatility
2000-03-01,1379.18994140625,0.0093021147284817,0.7956261199123487,0.012182798360935516,0.032800418137192505,0.955016783501872,2,Medium volatility
2000-03-02,1381.760009765625,0.0018617281349939,0.1405633845398907,0.007152846565950893,0.0966072579537868,0.8962398954802624,2,Medium volatility
2000-03-03,1409.1700439453125,0.0196428537973814,1.7060402140099695,0.019458447282934017,0.0053679960358747015,0.9751735566811912,2,Medium volatility
2000-03-06,1391.280029296875,-0.0127767019942108,-1.1482258418678182,0.018636616770905095,0.0058349324059098736,0.975528450823185,2,Medium volatility
2000-03-07,1355.6199951171875,-0.0259652971202895,-2.3093694317144235,0.09087133059655306,1.3296846866645176e-05,0.9091153725565803,2,Medium volatility
2000-03-08,1366.699951171875,0.008140128606934,0.6933231283027342,0.050644047218530094,0.021801211702431895,0.9275547410790379,2,Medium volatility
2000-03-09,1401.68994140625,0.0252795704034234,2.2023051529454016,0.16345626835196775,0.00010815545494467339,0.8364355761930875,2,Medium volatility
2000-03-10,1395.0699462890625,-0.0047340549396848,-0.4401391970442491,0.0820680619509961,0.024861494402237564,0.8930704436467664,2,Medium volatility
2000-03-13,1383.6199951171875,-0.0082413052331293,-0.7489227450483903,0.048039270891128964,0.0329581966702405,0.9190025324386306,2,Medium volatility
2000-03-14,1359.1500244140625,-0.0178437271754159,-1.5943342978862844,0.06675372409589239,0.0018725882676819028,0.9313736876364257,2,Medium volatility
2000-03-15,1392.1400146484375,0.023982619773033,2.08811968463517,0.16935832270682133,0.00010892185565135699,0.8305327554375274,2,Medium volatility
2000-03-16,1458.469970703125,0.046545778859051,4.074613870631812,0.9894314657077868,4.3297881483525494e-14,0.010568534292169857,0,High volatility
2000-03-17,1464.469970703125,0.0041054613147588,0.3381050009216482,0.9115141807203553,0.0008112910833117852,0.08767452819633305,0,High volatility
2000-03-20,1456.6300048828125,-0.0053678304136344,-0.4959377352466554,0.7809345494809874,0.0059049950573825906,0.21316045546162998,0,High volatility
2000-03-21,1493.8699951171875,0.0252445130804961,2.199218653935835,0.9134372495965927,1.119765967562736e-05,0.08655155274373162,0,High volatility
2000-03-22,1500.6400146484375,0.0045216286094609,0.3747449903919158,0.7751308202640131,0.005910624972954194,0.21895855476303278,0,High volatility
2000-03-23,1527.3499755859375,0.017642498044502,1.5299259093653554,0.7815023426412362,0.0008747442514202706,0.21762291310734344,0,High volatility
2000-03-24,1527.4599609375,7.200798340623038e-05,-0.0170062475376082,0.5667790245172794,0.017935045155339224,0.4152859303273814,0,High volatility
2000-03-27,1523.8599853515625,-0.0023596196528954,-0.2310903721766651,0.3393876766813336,0.06297565298355491,0.5976366703351114,2,Medium volatility
2000-03-28,1507.72998046875,-0.0106413844066004,-0.960229295955371,0.2501494062816002,0.03709038598256247,0.7127602077358374,2,Medium volatility
2000-03-29,1508.52001953125,0.000523855171532,0.0227750529774865,0.11560844696010845,0.10940258372036085,0.7749889693195307,2,Medium volatility
2000-03-30,1487.9200439453125,-0.0137498496204333,-1.2339032106368648,0.10751346566478935,0.023342734244311554,0.8691438000908991,2,Medium volatility
2000-03-31,1498.5799560546875,0.0071387626855159,0.6051613787281853,0.0565081263855826,0.055376140280338576,0.8881157333340788,2,Medium volatility
2000-04-03,1505.969970703125,0.0049192256617622,0.4097500280178471,0.02688661936502945,0.1187739821018868,0.8543393985330838,2,Medium volatility
2000-04-04,1494.72998046875,-0.0074916139480274,-0.6829188059071669,0.01661866068936336,0.11860258468245458,0.864778754628182,2,Medium volatility
2000-04-05,1487.3699951171875,-0.0049361190810603,-0.457929225493305,0.009534110325769033,0.16920950178142677,0.8212563878928042,2,Medium volatility
2000-04-06,1501.3399658203125,0.009348563512983,0.7997155401928457,0.0079397694807697,0.1716918051427726,0.8203684253764576,2,Medium volatility
2000-04-07,1516.3499755859375,0.0099480952948578,0.8524992126597264,0.007457517910614598,0.15805243279159242,0.834490049297793,2,Medium volatility
2000-04-10,1504.4599609375,-0.0078721113213831,-0.7164183622891667,0.006641626591088542,0.1424185644329509,0.8509398089759607,2,Medium volatility
2000-04-11,1500.5899658203125,-0.0025756625353894,-0.2501111098474922,0.004509501536855755,0.23981010539856695,0.7556803930645773,2,Medium volatility
2000-04-12,1467.1700439453125,-0.0225229361754104,-2.006298838760896,0.026558754533585936,0.0012577710795579683,0.9721834743868562,2,Medium volatility
2000-04-13,1440.510009765625,-0.0183381808216607,-1.63786673453514,0.04168959931503209,0.000606453009811199,0.9577039476751568,2,Medium volatility
2000-04-14,1356.56005859375,-0.060045097522023,-5.309805899847192,0.9996589618105285,1.0601247464694515e-23,0.00034103818947151047,0,High volatility
2000-04-17,1401.43994140625,0.03254811081334,2.842238293953502,0.997427442733866,1.815675273452964e-11,0.0025725572479771905,0,High volatility
2000-04-18,1441.6099853515625,0.0282602968007044,2.4647327516549584,0.9936468039666276,5.223514139933115e-09,0.006353190809858309,0,High volatility
2000-04-19,1427.469970703125,-0.009856908381935,-0.8911628564505739,0.9389482071749299,0.00010797537786068054,0.06094381744720945,0,High volatility
2000-04-20,1434.5400390625,0.0049406415190071,0.4116355120381895,0.8204946871673569,0.004417256538778666,0.17508805629386456,0,High volatility
2000-04-24,1429.8599853515625,-0.003267740424218,-0.3110426796322741,0.6282889696390176,0.022196084595407103,0.34951494576557535,0,High volatility
2000-04-25,1477.43994140625,0.0327342935409902,2.8586300990460485,0.9569040526704587,9.716484478081214e-08,0.04309585016469652,0,High volatility
2000-04-26,1460.989990234375,-0.0111965392435973,-1.009105955993001,0.8936305763857443,0.00046490872267676775,0.10590451489157901,0,High volatility
2000-04-27,1464.9200439453125,0.0026863820339739,0.2131671440373087,0.7341058963409298,0.00971225118999137,0.2561818524690787,0,High volatility
2000-04-28,1452.4300537109375,-0.0085626106763045,-0.777210955593878,0.5804078011863103,0.015031853788153032,0.4045603450255368,0,High volatility
2000-05-01,1468.25,0.0108331626289039,0.9304218611060444,0.44618221491979115,0.020311588734337277,0.5335061963458716,2,Medium volatility
2000-05-02,1446.2900390625,-0.0150695315329274,-1.3500899749343778,0.42615514825164325,0.003451692539090437,0.5703931592092664,2,Medium volatility
2000-05-03,1415.0999755859375,-0.0218015011639103,-1.9427826241007136,0.6035936867100584,5.800444836977465e-05,0.39634830884157185,0,High volatility
2000-05-04,1409.5699462890625,-0.0039155274882096,-0.3680748191246811,0.38814056125291924,0.017549923403812423,0.5943095153432684,2,Medium volatility
2000-05-05,1432.6300048828125,0.0162272640983278,1.4053266014766708,0.38253336999000265,0.004660650430395128,0.6128059795796021,2,Medium volatility
2000-05-08,1424.1700439453125,-0.0059227005901947,-0.544789333354786,0.22312515960804447,0.023687576168190127,0.7531872642237655,2,Medium volatility
2000-05-09,1412.1400146484375,-0.0084829240727151,-0.770195228136181,0.13558194044340952,0.030336675642136175,0.8340813839144544,2,Medium volatility
2000-05-10,1383.050048828125,-0.0208150540471354,-1.8559343483430517,0.23185714216684486,0.00039987761495520707,0.7677429802181999,2,Medium volatility
2000-05-11,1407.81005859375,0.01774410644515,1.5388716645393616,0.2578109563878453,0.0014072611947586475,0.7407817824173961,2,Medium volatility
2000-05-12,1420.9599609375,0.009297324968962,0.7952044223387982,0.15891539570493265,0.017226678444742755,0.8238579258503246,2,Medium volatility
2000-05-15,1452.3599853515625,0.0218571374325824,1.9009890485550431,0.2753193962701707,0.00048732771293054643,0.7241932760168988,2,Medium volatility
2000-05-16,1466.0400390625,0.0093751053963178,0.8020523271972263,0.17159009973038652,0.015825183814570022,0.8125847164550434,2,Medium volatility
2000-05-17,1447.800048828125,-0.0125197182640963,-1.1256006108963037,0.13346364315320033,0.008462020907982249,0.8580743359388174,2,Medium volatility
2000-05-18,1437.2099609375,-0.0073414895751806,-0.6697016321639138,0.07405928696145421,0.024307552182335646,0.9016331608562101,2,Medium volatility
2000-05-19,1406.949951171875,-0.0212795008342983,-1.896824936353649,0.14444460321865338,0.00029643347851858703,0.8552589633028281,2,Medium volatility
2000-05-22,1400.719970703125,-0.0044378369728219,-0.4140597253391748,0.07137612487070183,0.026377190576555794,0.9022466845527423,2,Medium volatility
2000-05-23,1373.8599853515625,-0.0193620835591028,-1.7280126590132068,0.11188436040985125,0.0008066247941072502,0.8873090147960415,2,Medium volatility
2000-05-24,1399.050048828125,0.0181691840985207,1.5762961352794214,0.13595412649843033,0.0014303719097649144,0.8626155015918048,2,Medium volatility
2000-05-25,1381.52001953125,-0.0126091133279739,-1.1334710856810024,0.10527938744206781,0.004761781880201047,0.8899588306777312,2,Medium volatility
2000-05-26,1378.02001953125,-0.0025366559841284,-0.2466769148839077,0.0489494862308274,0.04014545982306557,0.910905053946107,2,Medium volatility
2000-05-30,1422.449951171875,0.0317330022412738,2.770474919277439,0.38664674098201773,2.251112820190747e-06,0.6133510079051621,2,Medium volatility
2000-05-31,1420.5999755859375,-0.001301402293099,-0.1379233371554509,0.20407677876252986,0.028753130667183525,0.7671700905702866,2,Medium volatility
2000-06-01,1448.81005859375,0.0196632698740293,1.7078376758550642,0.27856433796695246,0.001766407283733736,0.7196692547493139,2,Medium volatility
2000-06-02,1477.260009765625,0.0194464568964205,1.6887491378614905,0.35151253675416133,0.0006895177985582618,0.6477979454472805,2,Medium volatility
2000-06-05,1467.6300048828125,-0.0065401690120081,-0.599152174360013,0.20619152830844606,0.01701861058122006,0.776789861110334,2,Medium volatility
2000-06-06,1457.8399658203125,-0.0066929934040427,-0.6126070618204897,0.11343493770599118,0.0358420947334075,0.8507229675606013,2,Medium volatility
2000-06-07,1471.3599853515625,0.0092312684466815,0.7893887075730991,0.06701262955962921,0.05214800402389201,0.8808393664164788,2,Medium volatility
2000-06-08,1461.6700439453125,-0.0066074854766267,-0.6050788163287595,0.03601320329322754,0.07191825004999584,0.8920685466567767,2,Medium volatility
2000-06-09,1456.949951171875,-0.0032344716999075,-0.3081136515131892,0.017225769508110594,0.13645694640129347,0.8463172840905959,2,Medium volatility
2000-06-12,1446.0,-0.007544052283805,-0.687535555217333,0.01159740360392423,0.13237407711105278,0.856028519285023,2,Medium volatility
2000-06-13,1469.43994140625,0.0160802122174423,1.3923799345092809,0.01771300417840679,0.02712116498793484,0.9551658308336585,2,Medium volatility
2000-06-14,1470.5400390625,0.0007483708834081,0.0425417511870092,0.00936692242800233,0.08723777303306413,0.9033953045389335,2,Medium volatility
2000-06-15,1478.72998046875,0.0055538912368469,0.4656269320520541,0.006330905595636661,0.15539999602075977,0.8382690983836035,2,Medium volatility
2000-06-16,1464.4599609375,-0.0096970509114182,-0.877088766268471,0.007057866745923258,0.09813763628876068,0.8948044969653159,2,Medium volatility
2000-06-19,1486.0,0.0146013991327151,1.2621830244140648,0.01091105112400121,0.032328342865812466,0.9567606060101862,2,Medium volatility
2000-06-20,1475.949951171875,-0.0067861291123287,-0.6208068685192543,0.008139454101389719,0.050302948580256204,0.9415575973183541,2,Medium volatility
2000-06-21,1479.1300048828125,0.0021522632116841,0.1661425261163386,0.005430764733774711,0.12541443245254835,0.869154802813677,2,Medium volatility
2000-06-22,1452.1800537109375,-0.0183881677470179,-1.642267658014843,0.015724627174022367,0.004545754085139641,0.979729618740838,2,Medium volatility
2000-06-23,1441.47998046875,-0.0073955626336292,-0.6744623048967389,0.010919062017767866,0.021504484414292976,0.9675764535679392,2,Medium volatility
2000-06-26,1455.31005859375,0.0095486265967421,0.8173293925441455,0.00920695234120285,0.03655448765507393,0.9542385600037232,2,Medium volatility
2000-06-27,1450.550048828125,-0.0032761480918894,-0.3117829032367507,0.006253250869888116,0.08512418968645274,0.9086225594436591,2,Medium volatility
2000-06-28,1454.8199462890625,0.0029393161919406,0.2354358446357177,0.004543943449647381,0.1775091314803632,0.8179469250699895,2,Medium volatility
2000-06-29,1442.3900146484375,-0.0085806745620891,-0.7788013270463333,0.0053652873869295065,0.13960443436294426,0.8550302782501262,2,Medium volatility
2000-06-30,1454.5999755859375,0.0084294618052842,0.7187964547171481,0.005317287497322492,0.1653218101160616,0.8293609023866159,2,Medium volatility
2000-07-03,1469.5400390625,0.010218521276462,0.8763079195057492,0.006105062037150438,0.14565767207079566,0.8482372658920538,2,Medium volatility
2000-07-05,1446.22998046875,-0.0159892961732985,-1.4310674259915177,0.012803572390424943,0.014026446705461115,0.9731699809041139,2,Medium volatility
2000-07-06,1456.6700439453125,0.0071928818771995,0.609926113099842,0.008952621451905767,0.04346774108326325,0.9475796374648311,2,Medium volatility
2000-07-07,1478.9000244140625,0.0151455457642164,1.3100905056176535,0.01301189409859173,0.014218918150865243,0.9727691877505431,2,Medium volatility
2000-07-10,1475.6199951171875,-0.0022203475506827,-0.2188286485296204,0.007805665373627496,0.05743395927411014,0.9347603753522623,2,Medium volatility
2000-07-11,1480.8800048828125,0.0035582718183686,0.2899296213538486,0.005413764675398249,0.13079482089589575,0.863791414428706,2,Medium volatility
2000-07-12,1492.9200439453125,0.008097454201545,0.6895660099899602,0.005236434095342338,0.16348640936165149,0.8312771565430062,2,Medium volatility
2000-07-13,1495.8399658203125,0.0019539359429652,0.1486814975106932,0.0036530910112090357,0.29654760866418917,0.6997993003246018,2,Medium volatility
2000-07-14,1509.97998046875,0.0094084936601905,0.8049918797576983,0.004367975644302911,0.28655768388140657,0.7090743404742905,2,Medium volatility
2000-07-17,1510.489990234375,0.0003377022618451,0.0063858731029121,0.002782598403948332,0.4509741552372127,0.546243246358839,2,Medium volatility
2000-07-18,1493.739990234375,-0.0111510594561705,-1.0051018476605071,0.005374631876876206,0.2329759058233087,0.7616494622998151,2,Medium volatility
2000-07-19,1481.9599609375,-0.0079175259792414,-0.7204167365172881,0.005397634062903924,0.20349463934721473,0.7911077265898813,2,Medium volatility
2000-07-20,1495.5699462890625,0.0091418595693584,0.7815170166320514,0.0054628088920999325,0.20903014210729176,0.7855070490006083,2,Medium volatility
2000-07-21,1480.18994140625,-0.0103369508377095,-0.9334265103915916,0.006905761340456918,0.11424131532090781,0.8788529233386353,2,Medium volatility
2000-07-24,1464.2900390625,-0.0107999082984724,-0.9741859758841328,0.00814359961572268,0.05674516235851744,0.9351112380257599,2,Medium volatility
2000-07-25,1474.469970703125,0.0069280732859864,0.58661196968396,0.006410947382835116,0.09850059956023884,0.895088453056926,2,Medium volatility
2000-07-26,1452.4200439453125,-0.0150674222857691,-1.349904273667954,0.011647566925819038,0.01346411464568297,0.9748883184284979,2,Medium volatility
2000-07-27,1449.6199951171875,-0.0019297112785032,-0.1932405975513295,0.007203139886716599,0.05734493669086683,0.9354519234224166,2,Medium volatility
2000-07-28,1419.8900146484375,-0.020722035612068,-1.8477448665534024,0.023717163725967348,0.0007674231442956127,0.975515413129737,2,Medium volatility
2000-07-31,1430.8299560546875,0.0076752506202932,0.6523945768468329,0.014684009641963766,0.02517592252399921,0.9601400678340369,2,Medium volatility
2000-08-01,1438.0999755859375,0.0050681161728078,0.4228585707274289,0.008905851299059402,0.07146305061340573,0.9196310980875348,2,Medium volatility
2000-08-02,1438.699951171875,0.0004171131882033,0.0133773295259148,0.005514901756660273,0.16065992707445956,0.8338251711688801,2,Medium volatility
2000-08-03,1452.56005859375,0.0095876631967479,0.8207662330440494,0.0058825902785832685,0.1576391339375479,0.8364782757838688,2,Medium volatility
2000-08-04,1462.9300537109375,0.0071137533994294,0.6029595238718968,0.0049788389490201595,0.2148181928141237,0.7802029682368562,2,Medium volatility
2000-08-07,1479.3199462890625,0.0111411757068999,0.9575397919914028,0.006374866482512757,0.15828251111816014,0.8353426223993271,2,Medium volatility
2000-08-08,1482.800048828125,0.002349738799249,0.183528571442635,0.004118548399492541,0.28761398812034544,0.708267463480162,2,Medium volatility
2000-08-09,1472.8699951171875,-0.0067193502148885,-0.6149275547668449,0.004071095154971392,0.29479872879475943,0.7011301760502692,2,Medium volatility
2000-08-10,1460.25,-0.0086052210709466,-0.7809624383050028,0.004894651404333013,0.22976729997597578,0.7653380486196912,2,Medium volatility
2000-08-11,1471.8399658203125,0.0079056415860074,0.672678541169055,0.004545569965909933,0.27231041898074515,0.7231440110533449,2,Medium volatility
2000-08-14,1491.56005859375,0.0133092958812204,1.1484243265732046,0.007729680060935649,0.1281534755158135,0.8641168444232509,2,Medium volatility
2000-08-15,1484.4300537109375,-0.0047916950366238,-0.4452139171671312,0.005556383874034812,0.18260310926041332,0.8118405068655519,2,Medium volatility
2000-08-16,1479.8499755859375,-0.0030901815782691,-0.2954101339499483,0.00399913995943808,0.2823483022497101,0.7136525577908519,2,Medium volatility
2000-08-17,1496.0699462890625,0.0109009192094795,0.9363872515402168,0.0054498839014662645,0.21777824826127623,0.7767718678372576,2,Medium volatility
2000-08-18,1491.719970703125,-0.00291183703027,-0.2797084138870005,0.003772243000461969,0.3287071775862303,0.6675205794133077,2,Medium volatility
2000-08-21,1499.47998046875,0.0051885713435426,0.4334636236557749,0.002865372464115078,0.4533002364744868,0.5438343910613981,2,Medium volatility
2000-08-22,1498.1300048828125,-0.0009007013479402,-0.1026450281719107,0.0018168299844456446,0.6118584849775146,0.3863246850380398,1,Low volatility
2000-08-23,1505.969970703125,0.0052195224413118,0.4361886044766933,0.0013363446609175893,0.7169930471651975,0.281670608173885,1,Low volatility
2000-08-24,1508.31005859375,0.001552668191409,0.1133532860463555,0.0007468334242258399,0.8273306227169522,0.17192254385882189,1,Low volatility
2000-08-25,1506.449951171875,-0.001234000485538,-0.1319891814667396,0.00043742425358317226,0.8908135248807253,0.10874905086569155,1,Low volatility
2000-08-28,1514.0899658203125,0.005058718739777,0.4220312067041638,0.0003080546947142226,0.9212897793344524,0.0784021659708333,1,Low volatility
2000-08-29,1509.8399658203125,-0.0028109135425955,-0.2708229594729449,0.00020818957560594624,0.9406231896891467,0.05916862073524753,1,Low volatility
2000-08-30,1502.5899658203125,-0.0048133992573031,-0.447124789134423,0.00019429382549591731,0.9416086653760074,0.058197040798496726,1,Low volatility
2000-08-31,1517.6800537109375,0.0099926253998221,0.8564197095314707,0.0003668157600825153,0.9095676807556964,0.09006550348422096,1,Low volatility
2000-09-01,1520.77001953125,0.0020339099284436,0.1557225264986184,0.00020471932362350415,0.9427444111767231,0.05705086949965338,1,Low volatility
2000-09-05,1507.0799560546875,-0.0090428237041004,-0.8194896269501216,0.0004619947850236204,0.8858669768909317,0.11367102832404455,1,Low volatility
2000-09-06,1492.25,-0.0098889266100332,-0.8939817890176187,0.0011574780563534468,0.7748131723618168,0.22402934958182974,1,Low volatility
2000-09-07,1502.510009765625,0.0068520014120396,0.5799144884165062,0.0009304194305709333,0.8159961149629124,0.18307346560651677,1,Low volatility
2000-09-08,1494.5,-0.0053453467368056,-0.493958238797157,0.0007824571248373965,0.8352815731682344,0.16393596970692817,1,Low volatility
2000-09-11,1489.260009765625,-0.0035123438910495,-0.3325779337552885,0.000527063625916469,0.8779204979207588,0.12155243845332468,1,Low volatility
2000-09-12,1481.989990234375,-0.0048935862275385,-0.4541845696180884,0.00044561516390173746,0.8927960914722891,0.10675829336380908,1,Low volatility
2000-09-13,1484.9100341796875,0.001968414752187,0.1499562334742881,0.00024667857822701706,0.9335696335201721,0.06618368790160095,1,Low volatility
2000-09-14,1480.8699951171875,-0.0027244377678341,-0.2632095032570762,0.0001698213067912577,0.9486352045329641,0.0511949741602447,1,Low volatility
2000-09-15,1465.81005859375,-0.0102217189345212,-0.9232813217301892,0.0005593847962907052,0.8642993193589782,0.1351412958447312,1,Low volatility
2000-09-18,1444.510009765625,-0.0146378602017369,-1.3120849869625142,0.004590737890963927,0.41125925166215127,0.5841500104468849,2,Medium volatility
2000-09-19,1459.9000244140625,0.0105977864755404,0.9096989934261992,0.00534843466291187,0.33930772682788224,0.655343838509206,2,Medium volatility
2000-09-20,1451.3399658203125,-0.0058807128863787,-0.5410926732729308,0.004149259643326745,0.3766112584256624,0.6192394819310107,2,Medium volatility
2000-09-21,1449.050048828125,-0.0015790410644251,-0.1623670687687391,0.00251035545342051,0.5291529535475613,0.4683366909990182,1,Low volatility
2000-09-22,1448.719970703125,-0.0002278152677419,-0.0434031338495721,0.0014768286628042656,0.6840847060478077,0.314438465289388,1,Low volatility
2000-09-25,1439.030029296875,-0.0067110918706934,-0.614200477823985,0.0016386471130206768,0.6758246371869698,0.32253671570000947,1,Low volatility
2000-09-26,1427.2099609375,-0.0082478336819793,-0.7494975194243836,0.0022687687682173933,0.5994823632452423,0.39824886798654024,1,Low volatility
2000-09-27,1426.5699462890625,-0.0004485382054495,-0.062835910563182,0.0012485773153298732,0.7389594016752397,0.2597920210094306,1,Low volatility
2000-09-28,1458.2900390625,0.0219916192305511,1.9128290266701973,0.01887766356475473,0.03911046176117029,0.942011874674075,2,Medium volatility
2000-09-29,1436.510009765625,-0.0150479756252215,-1.3481921606625196,0.022935585324690793,0.006429717399369084,0.9706346972759402,2,Medium volatility
2000-10-02,1436.22998046875,-0.0001949562429688,-0.0405101762889558,0.011754480604400366,0.04956698609694108,0.9386785332986586,2,Medium volatility
2000-10-03,1426.4599609375,-0.0068257880975037,-0.6242985047379379,0.008525380359730488,0.06619364622798372,0.9252809734122859,2,Medium volatility
2000-10-04,1434.3199462890625,0.0054950086229732,0.4604428188846353,0.006074577692323762,0.12718330443570422,0.8667421178719721,2,Medium volatility
2000-10-05,1436.280029296875,0.0013656262308234,0.09688583280436,0.004119724154350965,0.24655574534318403,0.7493245305024651,2,Medium volatility
2000-10-06,1408.989990234375,-0.0191833293605503,-1.7122748727044146,0.016189926349356305,0.006725806069041887,0.9770842675816019,2,Medium volatility
2000-10-09,1402.030029296875,-0.004951921445981,-0.4593204892751316,0.009959712817903373,0.03441610928127216,0.9556241779008244,2,Medium volatility
2000-10-10,1387.02001953125,-0.0107636323615052,-0.9709921882765464,0.009980146820057788,0.02235180489659921,0.967668048283343,2,Medium volatility
2000-10-11,1364.5899658203125,-0.0163035827508748,-1.4587376851388276,0.01654376851967291,0.002857734172631871,0.9805984973076952,2,Medium volatility
2000-10-12,1329.780029296875,-0.0258404551211066,-2.298378155865169,0.08185295495465382,1.28157734764746e-05,0.9181342292718696,2,Medium volatility
2000-10-13,1374.1700439453125,0.0328364074237788,2.8676203576218,0.5581962046583956,2.4061885794390416e-07,0.44180355472274657,0,High volatility
2000-10-16,1374.6199951171875,0.000327381261937,0.0054771968739785,0.3318720074337569,0.025053200643990574,0.6430747919222526,2,Medium volatility
2000-10-17,1349.969970703125,-0.0180949774552585,-1.6164547473426123,0.39425619865251144,0.0011351136980910332,0.6046086876493976,2,Medium volatility
2000-10-18,1342.1300048828125,-0.0058244404405876,-0.5361383631973925,0.23091126994332944,0.01908918946580429,0.7499995405908663,2,Medium volatility
2000-10-19,1388.760009765625,0.0341533618590119,2.9835669907523616,0.846170401393849,7.157006969694145e-08,0.1538295270360812,0,High volatility
2000-10-20,1396.9300537109375,0.0058657403979829,0.4930825974197852,0.6809524899525395,0.008389765575963066,0.31065774447149735,0,High volatility
2000-10-23,1395.780029296875,-0.0008235903082569,-0.0958560572027721,0.445696862163343,0.043069753141426415,0.5112333846952306,2,Medium volatility
2000-10-24,1398.1300048828125,0.0016822131789222,0.1247586200041987,0.2321527426444309,0.12816871660903156,0.6396785407465374,2,Medium volatility
2000-10-25,1364.9000244140625,-0.0240544491993173,-2.141135530120063,0.5138619067137111,0.00017690207325606435,0.4859611912130327,0,High volatility
2000-10-26,1364.43994140625,-0.0003371386620436,-0.0530281285741947,0.2953600531666315,0.02660191980275323,0.6780380270306153,2,Medium volatility
2000-10-27,1379.5799560546875,0.0110350280606636,0.9481943948640872,0.20514784072320422,0.029777296897360257,0.7650748623794356,2,Medium volatility
2000-10-30,1398.6600341796875,0.013735586682098,1.1859556046295636,0.16874635742345168,0.01609426076745233,0.8151593818090961,2,Medium volatility
2000-10-31,1429.4000244140625,0.0217401330358777,1.890687806920224,0.28576413866022926,0.0004925193938314887,0.7137433419459392,2,Medium volatility
2000-11-01,1421.219970703125,-0.005739155817162,-0.5286297777221053,0.15711187483315758,0.02025888664063405,0.8226292385262084,2,Medium volatility
2000-11-02,1428.3199462890625,0.0049832537781231,0.4153871589003778,0.07639118024307774,0.06460165234145503,0.8590071674154672,2,Medium volatility
2000-11-03,1426.68994140625,-0.0011418559823157,-0.1238766419404781,0.03303249926172232,0.1460288736051892,0.8209386271330884,2,Medium volatility
2000-11-06,1432.18994140625,0.0038476655269592,0.3154082751800974,0.014702493313883321,0.2602000910857195,0.7250974156003972,2,Medium volatility
2000-11-07,1431.8699951171875,-0.000223421504776,-0.0430163004033719,0.006342706564234155,0.4186673338544495,0.5749899595813164,2,Medium volatility
2000-11-08,1409.280029296875,-0.0159023224238978,-1.4234101273455189,0.015499683818615873,0.05340379200502527,0.9310965241763588,2,Medium volatility
2000-11-09,1400.1400146484375,-0.0065067143769397,-0.5962067783804581,0.010173806427953149,0.073560534102009,0.9162656594700378,2,Medium volatility
2000-11-10,1365.97998046875,-0.0247001366290318,-2.197982814678448,0.05217869243501843,0.00011061092030243283,0.9477106966446791,2,Medium volatility
2000-11-13,1351.260009765625,-0.0108346077286478,-0.9772409654819124,0.036822407611174286,0.007939796397405267,0.9552377959914204,2,Medium volatility
2000-11-14,1382.949951171875,0.0231813657059118,2.017576081242826,0.09389044634739867,0.0002269980813327719,0.9058825555712685,2,Medium volatility
2000-11-15,1389.81005859375,0.0049482258797377,0.412303250471376,0.045735432541085544,0.032245252077789346,0.922019315381125,2,Medium volatility
2000-11-16,1372.3199462890625,-0.0126643901904515,-1.1383377431163937,0.038434339154623104,0.012469151109990828,0.9490965097353861,2,Medium volatility
2000-11-17,1367.719970703125,-0.0033576006531061,-0.3189541082384375,0.019086551177771423,0.04960241654675009,0.9313110322754785,2,Medium volatility
2000-11-20,1342.6199951171875,-0.0185221732237614,-1.6540657000987475,0.0340936249159964,0.0018933737715171536,0.9640130013124865,2,Medium volatility
2000-11-21,1347.3499755859375,0.0035167569862348,0.2862745936003314,0.017049650263008108,0.03950670179787256,0.9434436479391194,2,Medium volatility
2000-11-22,1322.3599853515625,-0.0187216742747331,-1.6716300702449955,0.03184171300979092,0.0014715810995536086,0.9666867058906555,2,Medium volatility
2000-11-24,1341.77001953125,0.0145716444706849,1.259563379580469,0.03079417315575071,0.00560541905436981,0.9636004077898794,2,Medium volatility
2000-11-27,1348.969970703125,0.0053516641385389,0.4478225566315592,0.016435373616039844,0.04035476032388063,0.9432098660600796,2,Medium volatility
2000-11-28,1336.0899658203125,-0.0095939040319441,-0.8680075611234889,0.01295845325865252,0.03311672867834598,0.9539248180630014,2,Medium volatility
2000-11-29,1341.9300537109375,0.0043615037272983,0.3606473568895878,0.007890335676855681,0.0878225187953919,0.9042871455277525,2,Medium volatility
2000-11-30,1314.949951171875,-0.0203103113003129,-1.8114960439298984,0.02407117511578644,0.0013429166248917677,0.9745859082593218,2,Medium volatility
2000-12-01,1315.22998046875,0.0002129354684559,-0.0045987815160714,0.012277598051323118,0.04081313724338784,0.9469092647052891,2,Medium volatility
2000-12-04,1324.969970703125,0.0073782551325356,0.6262466510422717,0.008644391928642308,0.07446558071003179,0.9168900273613259,2,Medium volatility
2000-12-05,1376.5400390625,0.03818333720268,3.338372031987362,0.41117161444956973,2.609842592516841e-08,0.5888283594520043,2,Medium volatility
2000-12-06,1351.4599609375,-0.0183876721156703,-1.64222402189161,0.47541559667691,0.00029939725263106577,0.524285006070459,2,Medium volatility
2000-12-07,1343.550048828125,-0.0058700596982941,-0.5401547507013746,0.29311376411739337,0.0163124908755913,0.6905737450070153,2,Medium volatility
2000-12-08,1369.8900146484375,0.0194150543890119,1.6859844142624996,0.3709709311372565,0.0012936257069230384,0.6277354431558205,2,Medium volatility
2000-12-11,1380.199951171875,0.0074979254879856,0.6367826076621446,0.22210894796963954,0.02117926823834681,0.7567117837920136,2,Medium volatility
2000-12-12,1371.1800537109375,-0.0065566586647571,-0.6006039479875496,0.12221415829392959,0.04119579065732439,0.8365900510487461,2,Medium volatility
2000-12-13,1359.989990234375,-0.0081943825629426,-0.7447916031652008,0.07134925607440183,0.04596701185816376,0.8826837320674344,2,Medium volatility
2000-12-14,1340.9300537109375,-0.0141138964578786,-1.2659544372961538,0.06638284913917021,0.009907944250903045,0.9237092066099268,2,Medium volatility
2000-12-15,1312.1500244140625,-0.0216964112799642,-1.933530353943413,0.13670858127633012,0.00015993244526358086,0.8631314862784062,2,Medium volatility
2000-12-18,1322.739990234375,0.0080383035218423,0.6843582959070516,0.07591073197351741,0.021685626427205777,0.9024036415992769,2,Medium volatility
2000-12-19,1305.5999755859375,-0.0130426488548822,-1.171640200224897,0.06289204942482221,0.008701564066885333,0.9284063865082925,2,Medium volatility
2000-12-20,1264.739990234375,-0.0317961267919368,-2.8227243745265675,0.4702357029100865,1.7577993411023713e-07,0.5297641213099794,2,Medium volatility
2000-12-21,1274.8599853515625,0.0079697974334242,0.6783269176842982,0.3032291593767475,0.016014219379834944,0.6807566212434175,2,Medium volatility
2000-12-22,1305.949951171875,0.0240943507234856,2.097956644194947,0.5436013046349923,0.0001087306816508638,0.4562899646833568,0,High volatility
2000-12-26,1315.18994140625,0.007050389439815,0.5973808663401271,0.3554168801066818,0.016868394940300485,0.6277147249530177,2,Medium volatility
2000-12-27,1328.9200439453125,0.0103855180189045,0.891010561838665,0.24234454870525626,0.025876590352929142,0.7317788609418147,2,Medium volatility
2000-12-28,1334.219970703125,0.0039802141273019,0.3270780516922851,0.11819704044020632,0.08002976612776497,0.8017731934320288,2,Medium volatility
2000-12-29,1320.280029296875,-0.0105029719734313,-0.9480432588533922,0.08212754839105726,0.0455919134718905,0.8722805381370522,2,Medium volatility
2001-01-02,1283.27001953125,-0.0284323345214163,-2.5265710848735137,0.3821187215258277,5.181215621895131e-06,0.6178760972585504,2,Medium volatility
2001-01-03,1347.56005859375,0.048884070208401,4.280480529327156,0.9982362270718124,6.233943644349166e-16,0.0017637729281869206,0,High volatility
2001-01-04,1333.3399658203125,-0.0106085463881138,-0.9573381878195556,0.948547733760854,2.3665084340574338e-05,0.05142860115480555,0,High volatility
2001-01-05,1298.3499755859375,-0.0265928380658744,-2.364619072738837,0.9809811786541706,9.459781565180842e-08,0.01901872674801371,0,High volatility
2001-01-08,1295.8599853515625,-0.0019196526391596,-0.192355019937888,0.8919068169009106,0.0014815714118912048,0.10661161168719811,0,High volatility
2001-01-09,1300.800048828125,0.003804941248795,0.3116467659937938,0.734767087268893,0.012549610170407883,0.25268330256069915,0,High volatility
2001-01-10,1313.27001953125,0.0095407276525181,0.8166339577108994,0.5847034277395969,0.02259465100359583,0.39270192125680725,0,High volatility
2001-01-11,1326.8199462890625,0.0102648363571979,0.880385568307279,0.44076015073471353,0.03061026081604042,0.5286295884492461,2,Medium volatility
2001-01-12,1318.550048828125,-0.0062523763533253,-0.5738144793561175,0.268478268727926,0.055575396469952576,0.6759463348021215,2,Medium volatility
2001-01-16,1326.6500244140625,0.0061243011332487,0.5158466702774205,0.14026836634550027,0.11304233082798118,0.7466893028265186,2,Medium volatility
2001-01-17,1329.469970703125,0.0021233583977826,0.1635977031798099,0.05806617771837829,0.23514650738098322,0.7067873149006385,2,Medium volatility
2001-01-18,1347.969970703125,0.0138193907796893,1.193333842401728,0.05676765678164939,0.0967744516268932,0.8464578915914575,2,Medium volatility
2001-01-19,1342.5400390625,-0.0040363641042464,-0.3787134550664612,0.026583097229692675,0.16023529579984208,0.8131816069704653,2,Medium volatility
2001-01-22,1342.9000244140625,0.0002681015738277,0.0002581246984961,0.011301592255087948,0.29436539390827593,0.6943330138366361,2,Medium volatility
2001-01-23,1360.4000244140625,0.0129473193120439,1.1165553694207586,0.013123801229141677,0.15243358937565218,0.8344426093952062,2,Medium volatility
2001-01-24,1364.300048828125,0.0028627202794231,0.2286922262307307,0.00669565808236928,0.27677264319510336,0.7165316987225274,2,Medium volatility
2001-01-25,1357.510009765625,-0.0049893659014612,-0.462617154995816,0.004596187043823941,0.3426898114965936,0.6527140014595824,2,Medium volatility
2001-01-26,1354.949951171875,-0.0018876292301248,-0.1895356312334559,0.0028121548107214005,0.4891660082539184,0.5080218369353601,2,Medium volatility
2001-01-29,1364.1700439453125,0.0067817000552317,0.5737250520865061,0.0023462864292333467,0.5698439619741889,0.4278097515965778,1,Low volatility
2001-01-30,1373.72998046875,0.0069834364221099,0.5914862227798408,0.0019687242920832146,0.6380538991843541,0.35997737652356276,1,Low volatility
2001-01-31,1366.010009765625,-0.0056355648072861,-0.5195094706739883,0.001715157282571418,0.6713644879092394,0.3269203548081892,1,Low volatility
2001-02-01,1373.469970703125,0.005446274059599,0.4561521552222085,0.001185963100631461,0.7606087791380541,0.23820525776131443,1,Low volatility
2001-02-02,1349.469970703125,-0.0176284619114479,-1.5753820229105495,0.010973843947752589,0.10440315111978977,0.8846230049324577,2,Medium volatility
2001-02-05,1354.31005859375,0.0035802417417487,0.2918638861832981,0.00636080481144555,0.20195886894540785,0.7916803262431467,2,Medium volatility
2001-02-06,1352.260009765625,-0.0015148687589014,-0.1567172432572119,0.003955374808213253,0.332359927594671,0.6636846975971157,2,Medium volatility
2001-02-07,1340.8900146484375,-0.0084436905236469,-0.7667410479470119,0.004666831945950595,0.26714452957164625,0.7281886384824031,2,Medium volatility
2001-02-08,1332.530029296875,-0.0062541706607639,-0.573972452859787,0.004212338977510524,0.29131046502408275,0.7044771959984067,2,Medium volatility
2001-02-09,1314.760009765625,-0.0134252659667968,-1.2053263815518802,0.00849432163245349,0.0735215680062076,0.9179841103613389,2,Medium volatility
2001-02-12,1330.31005859375,0.0117578949312351,1.011836672532985,0.009260310373415551,0.05269008116592264,0.9380496084606618,2,Medium volatility
2001-02-13,1318.800048828125,-0.0086897725859591,-0.7884064798219382,0.008207865531569509,0.04876294688588217,0.9430291875825484,2,Medium volatility
2001-02-14,1315.9200439453125,-0.0021861950632109,-0.2158218125834033,0.0055870411249246445,0.11145801914004021,0.8829549397350351,2,Medium volatility
2001-02-15,1326.6099853515625,0.0080907309292497,0.6889740830672022,0.005390613200436182,0.14316709470147657,0.8514422920980872,2,Medium volatility
2001-02-16,1301.530029296875,-0.0190862870831995,-1.703731125837306,0.0172392802681734,0.003813523826663589,0.9789471959051631,2,Medium volatility
2001-02-20,1278.93994140625,-0.0175089539906547,-1.5648603672801835,0.027171397206929803,0.0009793016881141066,0.971849301104956,2,Medium volatility
2001-02-21,1255.27001953125,-0.0186808595860759,-1.6680366841676428,0.04419810203575352,0.0005138120775044247,0.9552880858867421,2,Medium volatility
2001-02-22,1252.8199462890625,-0.0019537369511644,-0.1953558536142852,0.021158499430099686,0.03549497269929388,0.9433465278706065,2,Medium volatility
2001-02-23,1245.8599853515625,-0.0055709247508435,-0.5138184636737633,0.012387351510612817,0.06433414545025119,0.923278503039136,2,Medium volatility
2001-02-26,1267.6500244140625,0.0173387691915714,1.503185168046027,0.02048237701015237,0.009181831560619174,0.9703357914292285,2,Medium volatility
2001-02-27,1257.93994140625,-0.0076893961276622,-0.7003318440566759,0.013552461893799926,0.024048898457521818,0.9623986396486782,2,Medium volatility
2001-02-28,1239.93994140625,-0.0144124717139444,-1.2922414482592912,0.01674145870667197,0.00595526217646141,0.9773032791168667,2,Medium volatility
2001-03-01,1241.22998046875,0.0010398636283408,0.0682052073041909,0.009210244696847886,0.04968959893154514,0.9411001563716069,2,Medium volatility
2001-03-02,1234.1800537109375,-0.0056959822584836,-0.524828713209088,0.006842172747355782,0.07879754641162064,0.9143602808410236,2,Medium volatility
2001-03-05,1241.4100341796875,0.0058410324552022,0.4909072732776879,0.0053694922516334485,0.1402286758555913,0.8544018318927752,2,Medium volatility
2001-03-06,1253.800048828125,0.0099311208826149,0.8510047600831753,0.0060344890962485504,0.13179708909052912,0.8621684218132223,2,Medium volatility
2001-03-07,1261.8900146484375,0.0064316298936137,0.5429043528176704,0.004929716601032264,0.1984906674664616,0.7965796159325061,2,Medium volatility
2001-03-08,1264.739990234375,0.0022559510408184,0.1752713572764016,0.0033957804167741744,0.3418610433808619,0.6547431762023639,2,Medium volatility
2001-03-09,1233.4200439453125,-0.0250757253239424,-2.2310502036873,0.036549411107424164,0.0004817918434346527,0.9629687970491412,2,Medium volatility
2001-03-12,1180.1600341796875,-0.0441407829444377,-3.909566318138397,0.9197806641203554,3.952541397907631e-13,0.0802193358792494,0,High volatility
2001-03-13,1197.6600341796875,0.01471963013954,1.2725922586337417,0.8745185993693028,0.00047447536792086,0.1250069252627764,0,High volatility
2001-03-14,1166.7099609375,-0.0261818930937094,-2.3284388643354763,0.9594777908323504,3.901190093599129e-07,0.04052181904864019,0,High volatility
2001-03-15,1173.56005859375,0.0058541255173594,0.4920600060024369,0.8609924761554161,0.002471583921758862,0.1365359399228251,0,High volatility
2001-03-16,1150.530029296875,-0.0198191827946585,-1.7682563576191166,0.8922107148512912,5.141167254817108e-05,0.10773787347616054,0,High volatility
2001-03-19,1170.81005859375,0.0174731357766066,1.5150150026426394,0.8786152778109532,0.00020260760039972662,0.12118211458864706,0,High volatility
2001-03-20,1142.6199951171875,-0.024372000192959,-2.1690931933276767,0.9474682776498086,1.3326998345792636e-06,0.052530389650356855,0,High volatility
2001-03-21,1122.1400146484375,-0.0180862772659722,-1.615688769698772,0.9355566049907208,2.71990473530132e-05,0.0644161959619262,0,High volatility
2001-03-22,1117.5799560546875,-0.0040719955657966,-0.3818505020968966,0.813845371623117,0.0038371051040674343,0.1823175232728156,0,High volatility
2001-03-23,1139.8299560546875,0.0197134959369034,1.7122596533585035,0.8494637219057387,0.00022887979975361473,0.15030739829450757,0,High volatility
2001-03-26,1152.68994140625,0.0112192005456925,0.9644092151973436,0.7471922469884054,0.002972926137770527,0.24983482687382422,0,High volatility
2001-03-27,1182.1700439453125,0.025253479371825,2.200008059600481,0.8979827346180035,9.021395618716244e-06,0.10200824398637785,0,High volatility
2001-03-28,1153.2900390625,-0.0247330085308989,-2.2008769059576303,0.95710574859541,7.903806907897118e-07,0.042893461023899335,0,High volatility
2001-03-29,1147.949951171875,-0.0046410609049853,-0.4319518634993909,0.8543421163938386,0.0023582316857971336,0.14329965192036423,0,High volatility
2001-03-30,1160.3299560546875,0.0107267091393907,0.9210495370803689,0.7473074755922393,0.005435596974373453,0.24725692743338717,0,High volatility
2001-04-02,1145.8699951171875,-0.0125402399948661,-1.1274073746879067,0.6639594227294991,0.003181597776934619,0.33285897949356624,0,High volatility
2001-04-03,1106.4599609375,-0.0349984750224514,-3.1046638900528296,0.9786359013042104,5.701101168581818e-10,0.021364098125679604,0,High volatility
2001-04-04,1103.25,-0.002905325361393,-0.2791351168448628,0.8890742801831886,0.0015117559804983794,0.10941396383631315,0,High volatility
2001-04-05,1151.43994140625,0.0427529129173906,3.7406842948729775,0.9989685520575471,2.2268745509472936e-13,0.0010314479422301695,0,High volatility
2001-04-06,1128.4300537109375,-0.0201859483777733,-1.8005469467030144,0.9804453726050665,1.573936965902455e-07,0.01955447000123708,0,High volatility
2001-04-09,1137.5899658203125,0.0080846258393609,0.6884365818457264,0.9077510189746854,0.000834806627084594,0.09141417439823021,0,High volatility
2001-04-10,1168.3800048828125,0.0267062185920377,2.327909387766453,0.9687017280912098,9.409226559742049e-07,0.031297330986134096,0,High volatility
2001-04-11,1165.8900146484375,-0.0021334217189705,-0.2111755686284015,0.8681861493488134,0.002362559122077367,0.12945129152910928,0,High volatility
2001-04-12,1183.5,0.0149913935523366,1.2965187149171435,0.8242780358369697,0.0012897340636976592,0.17443223009933276,0,High volatility
2001-04-16,1179.6800537109375,-0.0032328891826081,-0.3079743243293267,0.6352947386582893,0.013670365859493092,0.3510348954822176,0,High volatility
2001-04-17,1191.81005859375,0.0102299483394876,0.8773139751815893,0.489475428013497,0.021535675870590593,0.4889888961159124,0,High volatility
2001-04-18,1238.1600341796875,0.0381532250988128,3.3357209174412,0.9777467185574972,6.230538848364505e-10,0.022253280819448884,0,High volatility
2001-04-19,1253.68994140625,0.0124647217535178,1.074066760421749,0.9257835154232209,0.00029857719788069844,0.07391790737889833,0,High volatility
2001-04-20,1242.97998046875,-0.0085794493998161,-0.7786934619321028,0.8284284630452075,0.002065443138664511,0.169506093816128,0,High volatility
2001-04-23,1224.3599853515625,-0.0150934600523777,-1.3521966774837113,0.7939749920017852,0.0006125320109918534,0.20541247598722298,0,High volatility
2001-04-24,1209.469970703125,-0.0122360236293586,-1.1006237120340292,0.7071006270454865,0.0016526519942005574,0.2912467209603129,0,High volatility
2001-04-25,1228.75,0.0158151695796799,1.369045185286044,0.6758889822725552,0.0014005756164288724,0.32271044211101585,0,High volatility
2001-04-26,1234.52001953125,0.0046848539046004,0.3891155888779732,0.4601742847227838,0.02084557794560284,0.5189801373316134,2,Medium volatility
2001-04-27,1253.050048828125,0.0148983719312063,1.2883289526217638,0.42031583812574985,0.008024429808296594,0.5716597320659536,2,Medium volatility
2001-04-30,1249.4599609375,-0.0028691916032252,-0.2759538468708801,0.23049625788745232,0.0408182087065944,0.7286855334059533,2,Medium volatility
2001-05-01,1266.43994140625,0.0134983417044942,1.165068202875662,0.18812162959908466,0.02141577240813317,0.7904625979927823,2,Medium volatility
2001-05-02,1267.4300537109375,0.0007815020952044,0.0454586724992008,0.08566441065799486,0.07808781908258042,0.8362477702594248,2,Medium volatility
2001-05-03,1248.5799560546875,-0.0149844001306274,-1.342594879275566,0.08783117673250189,0.01115689569305316,0.9010119275744449,2,Medium volatility
2001-05-04,1266.6099853515625,0.0143371582754374,1.2389188651408094,0.07594355574811468,0.008483423664094441,0.9155730205877909,2,Medium volatility
2001-05-07,1263.510009765625,-0.002450458589422,-0.2390879676633729,0.03527389667698574,0.04690519844864854,0.9178209048743657,2,Medium volatility
2001-05-08,1261.199951171875,-0.0018299600937474,-0.1844583544350956,0.016577741763240898,0.11175972699810612,0.871662531238653,2,Medium volatility
2001-05-09,1255.5400390625,-0.0044978199362537,-0.4193407149232068,0.009329964138771449,0.16910897429927707,0.8215610615619514,2,Medium volatility
2001-05-10,1255.1800537109375,-0.0002867586514847,-0.0485925972869238,0.0050669118806109725,0.30167416633238625,0.6932589217870028,2,Medium volatility
2001-05-11,1245.6700439453125,-0.0076054583320406,-0.6929418353104712,0.004917712900106097,0.2745335663051762,0.7205487207947177,2,Medium volatility
2001-05-14,1248.9200439453125,0.002605639984349,0.2060584935361159,0.0030856979847197065,0.4328290521901653,0.564085249825115,2,Medium volatility
2001-05-15,1249.43994140625,0.0004161909984876,0.013296138567608,0.0018878087261003055,0.602466383842643,0.39564580743125666,1,Low volatility
2001-05-16,1284.989990234375,0.0280555245797504,2.446704299839857,0.05153078953566164,0.0008556208738915078,0.9476135895904468,2,Medium volatility
2001-05-17,1288.489990234375,0.0027200539227152,0.2161316673543281,0.024343185058810137,0.038724612085864064,0.9369322028553257,2,Medium volatility
2001-05-18,1291.9599609375,0.0026894323550719,0.213435698857292,0.012142980968235078,0.10493326299589743,0.8829237560358675,2,Medium volatility
2001-05-21,1312.8299560546875,0.0160246640847221,1.3874893940370456,0.017899502650833687,0.022114342265686246,0.9599861550834801,2,Medium volatility
2001-05-22,1309.3800048828125,-0.0026313325125482,-0.2550123776858709,0.009865527739202807,0.06790510540950177,0.9222293668512953,2,Medium volatility
2001-05-23,1289.050048828125,-0.015648195622524,-1.4010364246423457,0.01571525442525023,0.007862775139066972,0.9764219704356829,2,Medium volatility
2001-05-24,1293.1700439453125,0.0031910514714148,0.2575989941831418,0.009017174584587277,0.05079235773809881,0.940190467677314,2,Medium volatility
2001-05-25,1277.8900146484375,-0.011886310588375,-1.069834454198604,0.010315080388618142,0.021563260509794208,0.9681216591015877,2,Medium volatility
2001-05-29,1267.9300537109375,-0.007824599921463,-0.7122353877619726,0.008347800636701161,0.033224727421246575,0.9584274719420522,2,Medium volatility
2001-05-30,1248.0799560546875,-0.0157793565584585,-1.412584029109896,0.014116936122445122,0.004419066014054999,0.9814639978634999,2,Medium volatility
2001-05-31,1255.8199462890625,0.0061823676577965,0.5209589337231326,0.009207910255827324,0.03565545649554828,0.9551366332486244,2,Medium volatility
2001-06-01,1260.6700439453125,0.0038546576226847,0.3160238697186851,0.006186403848256245,0.09459772134496484,0.8992158748067789,2,Medium volatility
2001-06-04,1267.1099853515625,0.0050953447410035,0.42525581449137,0.004821712021591172,0.17119458688181907,0.8239837010965898,2,Medium volatility
2001-06-05,1283.5699462890625,0.0129065111005646,1.1129625536038112,0.007584382790076419,0.0863502152209375,0.906065401988986,2,Medium volatility
2001-06-06,1270.030029296875,-0.0106046710619649,-0.956996998324136,0.008422509329570884,0.04651222286002713,0.945065267810402,2,Medium volatility
2001-06-07,1276.9599609375,0.0054416772487231,0.4557474451351019,0.006132101354826199,0.09998001781405925,0.8938878808311145,2,Medium volatility
2001-06-08,1264.9599609375,-0.0094417523095708,-0.8546118965034919,0.0068115367322097355,0.06936018308583847,0.9238282801819517,2,Medium volatility
2001-06-11,1254.3900146484375,-0.0083910599245671,-0.7621073714888986,0.006696665174218827,0.06385053403779894,0.9294528007879822,2,Medium volatility
2001-06-12,1255.8499755859375,0.0011632044010099,0.0790643129316175,0.004724225365775127,0.1489882932902989,0.846287481343926,2,Medium volatility
2001-06-13,1241.5999755859375,-0.0114117639387734,-1.0280546592317754,0.007080184584706221,0.06234232921113082,0.9305774862041629,2,Medium volatility
2001-06-14,1219.8699951171875,-0.0176565590956858,-1.5778557409266605,0.016052218024514165,0.00331032166556052,0.9806374603099254,2,Medium volatility
2001-06-15,1214.3599853515625,-0.0045271147100827,-0.4219198705135007,0.009763779031660548,0.03184899650619494,0.9583872244621445,2,Medium volatility
2001-06-18,1208.4300537109375,-0.0048951360920872,-0.4543210220050675,0.00691391282131052,0.06578649394738603,0.9272995932313035,2,Medium volatility
2001-06-19,1212.5799560546875,0.0034282439076607,0.2784817701175119,0.0049827662896974175,0.14463018713784004,0.8503870465724626,2,Medium volatility
2001-06-20,1223.1400146484375,0.0086710499447439,0.740066234920038,0.005207504532504752,0.16480866889389612,0.8299838265735991,2,Medium volatility
2001-06-21,1237.0400390625,0.0113001260244534,0.9715340150733122,0.006702490189892343,0.11861466996969057,0.8746828398404171,2,Medium volatility
2001-06-22,1225.3499755859375,-0.0094949632127354,-0.8592966637989372,0.007173534589158117,0.07978952735825058,0.9130369380525913,2,Medium volatility
2001-06-25,1218.5999755859375,-0.0055238587519568,-0.5096747029180058,0.005736808742474543,0.11436762626064309,0.8798955649968823,2,Medium volatility
2001-06-26,1216.760009765625,-0.001511042458997,-0.1563803701054962,0.004164070383639848,0.21437459914708648,0.7814613304692737,2,Medium volatility
2001-06-27,1211.0699462890625,-0.0046873743201221,-0.4360293656590913,0.0036769675592527393,0.2831950974708009,0.7131279349699463,2,Medium volatility
2001-06-28,1226.199951171875,0.0124156945071431,1.0697503285113292,0.0062639291727626095,0.16358346761637943,0.8301526032108579,2,Medium volatility
2001-06-29,1224.3800048828125,-0.0014853191132644,-0.15411564837272,0.004105027438048999,0.28276486787970645,0.7131301046822445,2,Medium volatility
2001-07-02,1236.719970703125,0.0100280926042684,0.8595422951214374,0.004992679899254441,0.2508060158119797,0.7442013042887657,2,Medium volatility
2001-07-03,1234.449951171875,-0.0018372028160893,-0.1850960145148797,0.003296693694679028,0.38731748797323573,0.6093858183320853,2,Medium volatility
2001-07-05,1219.239990234375,-0.012397781399267,-1.114865107409464,0.006840950265109632,0.1416073290186775,0.8515517207162129,2,Medium volatility
2001-07-06,1190.5899658203125,-0.0237787519342154,-2.116862731611122,0.037451363855487696,0.00034976334285456267,0.9621988728016577,2,Medium volatility
2001-07-09,1198.780029296875,0.0068554435428982,0.5802175387523204,0.02077952706725263,0.0273645072290449,0.9518559657037025,2,Medium volatility
2001-07-10,1181.52001953125,-0.0145026357435629,-1.3001796239349734,0.02324005756580073,0.0062014211559613015,0.9705585212782379,2,Medium volatility
2001-07-11,1180.1800537109375,-0.0011347469386802,-0.1232507511334294,0.011973426024567484,0.047429535096028576,0.9405970388794039,2,Medium volatility
2001-07-12,1208.1400146484375,0.0234149842340967,2.0381442049798952,0.043133168231945865,0.0005234376979174666,0.9563433940701367,2,Medium volatility
2001-07-13,1215.6800537109375,0.0062216362369813,0.5244161980160256,0.022924943259748455,0.029656144839693577,0.9474189119005579,2,Medium volatility
2001-07-16,1202.449951171875,-0.0109425337144024,-0.9867429302733728,0.01848761770270519,0.019418308562892662,0.9620940737344021,2,Medium volatility
2001-07-17,1214.43994140625,0.0099219154611249,0.850194301042408,0.013740194166756292,0.03238581075121768,0.953873995082026,2,Medium volatility
2001-07-18,1207.7099609375,-0.0055570448229742,-0.5125964541178627,0.008953016199078446,0.060876247666126995,0.9301707361347946,2,Medium volatility
2001-07-19,1215.02001953125,0.0060345815145437,0.5079476212015417,0.0064549347473403,0.11399610916470487,0.8795489560879547,2,Medium volatility
2001-07-20,1210.8499755859375,-0.0034379814755949,-0.326030955763684,0.004738901145470252,0.18900800754184874,0.806253091312681,2,Medium volatility
2001-07-23,1191.030029296875,-0.0165040685908897,-1.4763887575815622,0.01215694252301128,0.015207517464103785,0.972635540012885,2,Medium volatility
2001-07-24,1171.6500244140625,-0.0164054709911232,-1.467708077808722,0.01893728645359015,0.002274306006409835,0.97878840754,2,Medium volatility
2001-07-25,1190.489990234375,0.0159519462948551,1.3810872113356512,0.023162245604702394,0.0037954733253716777,0.973042281069926,2,Medium volatility
2001-07-26,1202.9300537109375,0.0103953132115135,0.8918729452085785,0.016944475585066295,0.017923277646292188,0.9651322467686416,2,Medium volatility
2001-07-27,1205.8199462890625,0.0023994968051406,0.1879093405110808,0.009292139779869328,0.069962440985719,0.9207454192344118,2,Medium volatility
2001-07-30,1204.52001953125,-0.0010786253410532,-0.1183097219552961,0.0057508101109461345,0.15190947403103144,0.8423397158580225,2,Medium volatility
2001-07-31,1211.22998046875,0.0055551925434054,0.4657415010227733,0.004464711644292094,0.23979938069751439,0.7557359076581935,2,Medium volatility
2001-08-01,1215.9300537109375,0.0038729041767746,0.3176303235612466,0.0032280123403114584,0.37723064142789187,0.6195413462317966,2,Medium volatility
2001-08-02,1220.75,0.0039561636893834,0.3249606152591315,0.0022976747519552797,0.5275269255474836,0.47017539970056116,1,Low volatility
2001-08-03,1214.3499755859375,-0.0052564898481737,-0.4861351457639478,0.002066329000457016,0.5822279472926206,0.4157057237069224,1,Low volatility
2001-08-06,1200.47998046875,-0.0114874735657108,-1.034720247732116,0.004816458185118952,0.31485450776582713,0.6803290340490539,2,Medium volatility
2001-08-07,1204.4000244140625,0.0032600773504194,0.2636761355445621,0.002959244309375666,0.47173560139656356,0.5253051542940607,2,Medium volatility
2001-08-08,1183.530029296875,-0.0174800149492675,-1.5623125309047527,0.012834721280710658,0.035650890757007676,0.9515143879622816,2,Medium volatility
2001-08-09,1183.4300537109375,-8.447593748162063e-05,-0.0307833253776659,0.007340921426919546,0.10057791672842689,0.8920811618446536,2,Medium volatility
2001-08-10,1190.1600341796875,0.0056707335759975,0.4759139058980501,0.005422881738005515,0.17156044770797696,0.8230166705540175,2,Medium volatility
2001-08-13,1191.2900390625,0.0009490058013961,0.0602059486768925,0.003643061406523892,0.30918340229440117,0.687173536299075,2,Medium volatility
2001-08-14,1186.72998046875,-0.0038351772866755,-0.3610006675139672,0.0029327306669504278,0.4103576741483258,0.5867095951847239,2,Medium volatility
2001-08-15,1178.02001953125,-0.0073665295064451,-0.6719061850673904,0.0033952295831519478,0.3840650145247881,0.6125397558920599,2,Medium volatility
2001-08-16,1181.6600341796875,0.0030851788825785,0.248277813519657,0.00223087305738548,0.5460664689500326,0.45170265799258197,1,Low volatility
2001-08-17,1161.969970703125,-0.0168034431488752,-1.5027461402781213,0.010837231909430686,0.06096405871282774,0.9281987093777415,2,Medium volatility
2001-08-20,1171.4100341796875,0.0080913652815368,0.6890299323888949,0.008205040183448486,0.08929157139497809,0.9025033884215734,2,Medium volatility
2001-08-21,1157.260009765625,-0.0121530301032484,-1.0933168381842835,0.010088185843901164,0.031577842785161674,0.9583339713709371,2,Medium volatility
2001-08-22,1165.31005859375,0.0069320458174244,0.5869617172780444,0.007453396217966224,0.06713047702004431,0.9254161267619895,2,Medium volatility
2001-08-23,1162.0899658203125,-0.0027671176371324,-0.2669671026205762,0.005260899710698572,0.1335553204399744,0.8611837798493269,2,Medium volatility
2001-08-24,1184.9300537109375,0.0194636677547208,1.6902644075016688,0.01646836751173888,0.007902385160175093,0.975629247328086,2,Medium volatility
2001-08-27,1179.2099609375,-0.0048390568240659,-0.449383719588568,0.010036248404043189,0.03640282889227401,0.9535609227036829,2,Medium volatility
2001-08-28,1161.510009765625,-0.015123798461059,-1.354867716243312,0.01479502456095628,0.005974305031966415,0.9792306704070772,2,Medium volatility
2001-08-29,1148.56005859375,-0.0112118563033041,-1.0104544927798096,0.013396641796848385,0.009452076007293177,0.9771512821958585,2,Medium volatility
2001-08-30,1129.030029296875,-0.0171501519012871,-1.5332708960658503,0.021874128773339142,0.0014090081934154672,0.9767168630332453,2,Medium volatility
2001-08-31,1133.5799560546875,0.0040218446133257,0.3307432617868122,0.0119272560524936,0.03775209991762974,0.9503206440298767,2,Medium volatility
2001-09-04,1132.93994140625,-0.0005647553909984,-0.0730678449534707,0.006986861720879207,0.10267259438748201,0.8903405438916389,2,Medium volatility
2001-09-05,1131.739990234375,-0.001059709380919,-0.1166443326059643,0.0046590290739364736,0.20146530797011186,0.7938756629559517,2,Medium volatility
2001-09-06,1106.4000244140625,-0.0226447393577595,-2.017022572642749,0.026854573220133262,0.0009586971860786459,0.9721867295937882,2,Medium volatility
2001-09-07,1085.780029296875,-0.0188128737311803,-1.679659406443342,0.04447206326774998,0.00048399938520983976,0.9550439373470402,2,Medium volatility
2001-09-10,1092.5400390625,0.0062066466400612,0.5230964915414715,0.023551969433391044,0.029629823453508196,0.9468182071131007,2,Medium volatility
2001-09-17,1038.77001953125,-0.0504679566281067,-4.466620128222472,0.982817107103307,2.226900838338271e-16,0.017182892896692673,0,High volatility
2001-09-18,1032.739990234375,-0.0058218848090794,-0.5359133615868806,0.9054378519085753,0.0007898565206918129,0.0937722915707329,0,High volatility
2001-09-19,1016.0999755859376,-0.0162437094238487,-1.4534663481075107,0.88355230664334,0.00017629695510065215,0.11627139640155935,0,High volatility
2001-09-20,984.5399780273438,-0.0315525197671853,-2.801276848650784,0.9859518908875631,3.318369652327306e-09,0.014048105794067275,0,High volatility
2001-09-21,965.7999877929688,-0.0192177438972791,-1.715304779858147,0.9692927228020435,3.819369558308288e-06,0.030703457828398135,0,High volatility
2001-09-24,1003.4500122070312,0.038242592749607,3.3435889787371407,0.998620442591332,5.928824041230836e-12,0.0013795574027391433,0,High volatility
2001-09-25,1012.27001953125,0.0087512784267662,0.74712967016335,0.9411566620796084,5.190516033556667e-05,0.058791432760056085,0,High volatility
2001-09-26,1007.0399780273438,-0.0051800399195283,-0.4794043799968414,0.8290535238235321,0.0030341358145625718,0.16791234036190528,0,High volatility
2001-09-27,1018.6099853515624,0.0114236253609378,0.9824070808955858,0.7260226570552311,0.005425845500375961,0.2685514974443929,0,High volatility
2001-09-28,1040.93994140625,0.0216851563590934,1.8858475782810928,0.8239369968637189,0.00011668300391799458,0.17594632013236292,0,High volatility
2001-10-01,1038.550048828125,-0.0022985382392359,-0.2257126733959015,0.6307051723553909,0.011504119042622671,0.3577907086019864,0,High volatility
2001-10-02,1051.3299560546875,0.0122304309352827,1.0534394472657278,0.5235556337405515,0.011571834348513992,0.46487253191093447,0,High volatility
2001-10-03,1072.280029296875,0.0197312624043437,1.713823839656234,0.6123325842608937,0.0007045604766535736,0.3869628552624527,0,High volatility
2001-10-04,1069.6300048828125,-0.0024744510496974,-0.241200299658336,0.3873932781829659,0.02162234812246105,0.590984373694573,2,Medium volatility
2001-10-05,1071.3800048828125,0.0016347428379503,0.1205792603680565,0.1987918809703891,0.07957375546533815,0.7216343635642727,2,Medium volatility
2001-10-08,1062.43994140625,-0.0083794472000287,-0.7610849698964991,0.12090515078843739,0.07502567073049478,0.8040691784810678,2,Medium volatility
2001-10-09,1056.75,-0.0053699340187387,-0.496122939778228,0.0601286039743146,0.11511451698814022,0.8247568790375451,2,Medium volatility
2001-10-10,1080.989990234375,0.0226791184217551,1.973357481085539,0.1449986268848098,0.0015034692585731986,0.853497903856617,2,Medium volatility
2001-10-11,1097.4300537109375,0.0150938526678441,1.3055393682964895,0.13067538556538666,0.0043161535343474835,0.8650084609002658,2,Medium volatility
2001-10-12,1091.6500244140625,-0.0052807960630048,-0.4882751011780585,0.0661680399317529,0.028871709395173834,0.9049602506730732,2,Medium volatility
2001-10-15,1089.97998046875,-0.0015310059614019,-0.1581379866390799,0.029855466818837655,0.08467610680034666,0.8854684263808157,2,Medium volatility
2001-10-16,1097.5400390625,0.0069120178332839,0.5851984236762636,0.016413667774725724,0.1337606337832436,0.8498256984420307,2,Medium volatility
2001-10-17,1077.0899658203125,-0.0188084189541388,-1.6792672012269043,0.03362095736520532,0.004003317963519017,0.9623757246712756,2,Medium volatility
2001-10-18,1068.6099853515625,-0.0079042035807326,-0.7192438126780168,0.020652677462279063,0.018944650631591526,0.9604026719061295,2,Medium volatility
2001-10-19,1073.47998046875,0.0045469644930333,0.376975599378086,0.011384104974743408,0.06456875371630756,0.924047141308949,2,Medium volatility
2001-10-22,1089.9000244140625,0.0151802819920057,1.313148734932256,0.01536408292863804,0.018986206186791515,0.9656497108845704,2,Medium volatility
2001-10-23,1084.780029296875,-0.0047087428503349,-0.4379106829369243,0.009426155333555475,0.05112481279933324,0.9394490318671113,2,Medium volatility
2001-10-24,1085.199951171875,0.0003870283449813,0.0107286150476236,0.005862530784291797,0.12746303834367131,0.866674430872037,2,Medium volatility
2001-10-25,1100.0899658203125,0.0136277067612642,1.1764576954624506,0.008989828140460959,0.05399552946781581,0.9370146423917232,2,Medium volatility
2001-10-26,1104.6099853515625,0.0041003546643478,0.3376554038012851,0.006015268513219049,0.12186618705325024,0.8721185444335307,2,Medium volatility
2001-10-29,1078.300048828125,-0.0241065460452709,-2.145722214156685,0.036308425058175026,0.00025027486952134944,0.9634413000723036,2,Medium volatility
2001-10-30,1059.7900390625,-0.0173149600402622,-1.5477808504845048,0.04810097927108879,0.000884328318732927,0.9510146924101782,2,Medium volatility
2001-10-31,1059.780029296875,-9.44509056299836e-06,-0.0241774976827927,0.02241383553115186,0.03938448365915451,0.9382016808096936,2,Medium volatility
2001-11-01,1084.0999755859375,0.0226887601074201,1.9742063494750988,0.060679397631370334,0.000645835468840859,0.9386747668997889,2,Medium volatility
2001-11-02,1087.199951171875,0.0028554117779924,0.2280487748618383,0.028433890787376636,0.03799767707138219,0.9335684321412412,2,Medium volatility
2001-11-05,1102.8399658203125,0.0142831008837029,1.2341595717288656,0.027818354585733375,0.01672284390495738,0.9554588015093092,2,Medium volatility
2001-11-06,1118.8599853515625,0.014421656876812,1.246358248062127,0.027351814369606573,0.010066225948798243,0.9625819596815951,2,Medium volatility
2001-11-07,1115.800048828125,-0.0027386165135636,-0.2644578211831698,0.014031943148534452,0.048711207314442236,0.9372568495370233,2,Medium volatility
2001-11-08,1118.5400390625,0.0024526182229118,0.1925862293789956,0.007817742953198835,0.12209650519150775,0.8700857518552934,2,Medium volatility
2001-11-09,1120.31005859375,0.0015811866117161,0.1158640903144054,0.004798913100109214,0.23892657230625075,0.7562745145936401,2,Medium volatility
2001-11-12,1118.3299560546875,-0.0017690231948774,-0.1790933789519889,0.0032698373987806962,0.37417746222374076,0.6225527003774785,2,Medium volatility
2001-11-13,1139.0899658203125,0.0183932061888736,1.5960193743136497,0.012916900555758264,0.04111386100971308,0.9459692384345286,2,Medium volatility
2001-11-14,1141.2099609375,0.0018594007771621,0.1403584804843913,0.0073735726493185895,0.11078227501352178,0.8818441523371596,2,Medium volatility
2001-11-15,1142.239990234375,0.0009021694267561,0.0560824043823714,0.004681997794421216,0.22236816281696123,0.7729498393886175,2,Medium volatility
2001-11-16,1138.6500244140625,-0.0031478666324904,-0.300488812179032,0.003509972117241125,0.3292465314352413,0.6672434964475177,2,Medium volatility
2001-11-19,1151.06005859375,0.0108399362791189,0.9310182233760071,0.004986772840991687,0.2580709278398404,0.7369422993191679,2,Medium volatility
2001-11-20,1142.6600341796875,-0.0073244002120311,-0.6681970591380602,0.004845852185288295,0.2456167298230443,0.7495374179916674,2,Medium volatility
2001-11-21,1137.030029296875,-0.0049392822463421,-0.4582077152835727,0.003918196325247527,0.3105830248689097,0.6854987788058428,2,Medium volatility
2001-11-23,1150.3399658203125,0.0116378957291667,1.0012717637662498,0.005840308158456325,0.21117553124115687,0.7829841606003868,2,Medium volatility
2001-11-26,1157.4200439453125,0.0061359069473336,0.5168684634631849,0.004398836116977594,0.29956442673063177,0.6960367371523907,2,Medium volatility
2001-11-27,1149.5,-0.0068663628661314,-0.6278707678979771,0.004234635908339412,0.30078932980610906,0.6949760342855515,2,Medium volatility
2001-11-28,1128.52001953125,-0.0184200081550569,-1.645070935038601,0.015383574987041976,0.012163041312136545,0.9724533837008215,2,Medium volatility
2001-11-29,1140.199951171875,0.0102965857251255,0.8831808300238145,0.01229673430905881,0.02464171150052119,0.96306155419042,2,Medium volatility
2001-11-30,1139.449951171875,-0.0006579957968888,-0.081276869385516,0.007250116302238706,0.08032762088868266,0.9124222628090787,2,Medium volatility
2001-12-03,1129.9000244140625,-0.0084164921539384,-0.7643464629029342,0.006933001183934361,0.07147037864781382,0.9215966201682518,2,Medium volatility
2001-12-04,1144.800048828125,0.0131008370718639,1.1300713020154387,0.009279512461455697,0.037207323874196556,0.9535131636643477,2,Medium volatility
2001-12-05,1170.3499755859375,0.022072836601092,1.919979525133926,0.03017012794125272,0.0008512310758923928,0.9689786409828549,2,Medium volatility
2001-12-06,1167.0999755859375,-0.0027808099956949,-0.2681725982948873,0.01537095919224269,0.03408877568929611,0.9505402651184611,2,Medium volatility
2001-12-07,1158.31005859375,-0.0075599216711887,-0.6889327197567873,0.010792553369733861,0.045349873182801134,0.943857573447465,2,Medium volatility
2001-12-10,1139.9300537109375,-0.0159951927163035,-1.4315865664342304,0.017052035234832164,0.005035561505940134,0.9779124032592278,2,Medium volatility
2001-12-11,1136.760009765625,-0.0027847848460496,-0.2685225500498572,0.009691674464073019,0.040794053154388256,0.9495142723815387,2,Medium volatility
2001-12-12,1137.0699462890625,0.0002726118763032,0.0006552184569769,0.006045379211542977,0.10997875870614013,0.8839758620823169,2,Medium volatility
2001-12-13,1119.3800048828125,-0.0156797661970946,-1.4038159451250036,0.012102885477499306,0.011937729952277975,0.9759593845702227,2,Medium volatility
2001-12-14,1123.0899658203125,0.0033088196236992,0.2679674779985797,0.007484068957556822,0.05753399020717779,0.9349819408352654,2,Medium volatility
2001-12-17,1134.3599853515625,0.0099848177427945,0.8557323117591793,0.007460411565062443,0.06269636705937082,0.9298432213755667,2,Medium volatility
2001-12-18,1142.9200439453125,0.0075178272323492,0.6385347869256407,0.006277466141236001,0.09844494651041827,0.8952775873483457,2,Medium volatility
2001-12-19,1149.56005859375,0.0057928818746004,0.4866680243297375,0.005010927255750734,0.16691694493246045,0.8280721278117888,2,Medium volatility
2001-12-20,1139.9300537109375,-0.0084124073066025,-0.7639868268496444,0.005566517935488064,0.1359241902229642,0.8585092918415478,2,Medium volatility
2001-12-21,1144.8900146484375,0.004341671186717,0.3589012704303247,0.004202841543706697,0.23769441749382791,0.7581027409624654,2,Medium volatility
2001-12-24,1144.6500244140625,-0.000209640566366,-0.0418030060271421,0.0029431625633914733,0.3899587344513556,0.6070981029852529,2,Medium volatility
2001-12-26,1149.3699951171875,0.0041150271779546,0.3389471937879065,0.0021826935562469572,0.5377187950981678,0.46009851134558527,1,Low volatility
2001-12-27,1157.1300048828125,0.0067288437415866,0.5690715033813396,0.001937330304434035,0.6164170262375381,0.3816456434580279,1,Low volatility
2001-12-28,1161.02001953125,0.0033561402487247,0.2721336564194523,0.0011794944435248595,0.7465013505680682,0.25231915498840696,1,Low volatility
2001-12-31,1148.0799560546875,-0.011208002315409,-1.0101151819360874,0.0032347353937456427,0.5029494549494322,0.4938158096568221,1,Low volatility
2002-01-02,1154.6700439453125,0.0057236833193856,0.4805756802971703,0.0022068051437911414,0.6120672775988137,0.38572591725739513,1,Low volatility
2002-01-03,1165.27001953125,0.0091382096606293,0.7811956732225522,0.0024704967347070872,0.5987627397175551,0.3987667635477378,1,Low volatility
2002-01-04,1172.510009765625,0.0061939218320636,0.5219761804623009,0.0017543566169058947,0.6852357949314832,0.3130098484516109,1,Low volatility
2002-01-07,1164.8900146484375,-0.0065200838815426,-0.5973838495105276,0.0017161223916569667,0.6842011295455238,0.31408274806281916,1,Low volatility
2002-01-08,1160.7099609375,-0.0035948213418448,-0.3398393715644212,0.0011471566270565472,0.7635941990132018,0.23525864435974153,1,Low volatility
2002-01-09,1155.1400146484375,-0.004810291761542,-0.4468512005718064,0.0009221886792031751,0.8028412604777886,0.1962365508430083,1,Low volatility
2002-01-10,1156.550048828125,0.0012199164384814,0.0840573253144877,0.0004926991212368466,0.8820627504230996,0.11744455045566364,1,Low volatility
2002-01-11,1145.5999755859375,-0.0095129819558614,-0.8608830608243851,0.0010982629232270601,0.7849010956785507,0.21400064139822228,1,Low volatility
2002-01-14,1138.4100341796875,-0.0062959138754958,-0.5776475877579456,0.00107938246318131,0.785206074386679,0.2137145431501397,1,Low volatility
2002-01-15,1146.18994140625,0.0068107654585052,0.5762840135509154,0.0008705175226890465,0.8250546490345914,0.17407483344271954,1,Low volatility
2002-01-16,1127.5699462890625,-0.0163785204055795,-1.4653353080521616,0.008125225753576349,0.21808991063520944,0.7737848636112141,2,Medium volatility
2002-01-17,1138.8800048828125,0.0099805005365558,0.8553522184814503,0.0074896135948271355,0.19672987347740453,0.7957805129277682,2,Medium volatility
2002-01-18,1127.5799560546875,-0.0099716232857671,-0.9012625277173888,0.00798717309064581,0.11657164155244853,0.8754411853569056,2,Medium volatility
2002-01-22,1119.31005859375,-0.0073612279647568,-0.671439429428232,0.006740565316333141,0.11856453511348443,0.8746948995701824,2,Medium volatility
2002-01-23,1128.1800537109375,0.0078932860452347,0.671590740927243,0.005850468082758703,0.1546821490873865,0.8394673828298549,2,Medium volatility
2002-01-24,1132.1500244140625,0.0035127389789462,0.2859208422445187,0.004079948127161187,0.2731301226737554,0.7227899291990835,2,Medium volatility
2002-01-25,1133.280029296875,0.0009976074738462,0.0644849124241128,0.002738453638078462,0.43706563303510493,0.5601959133268165,2,Medium volatility
2002-01-28,1133.06005859375,-0.0001941197660411,-0.0404365316123721,0.001790488479426207,0.6030550108279288,0.39515450069264496,1,Low volatility
2002-01-29,1100.6400146484375,-0.0290301470039491,-2.5792033876614475,0.06616592663743619,0.00010866608788173536,0.9337254072746821,2,Medium volatility
2002-01-30,1113.5699462890625,0.011679180242277,1.0049065138893445,0.04662633579950912,0.011128673808155212,0.9422449903923357,2,Medium volatility
2002-01-31,1130.199951171875,0.0148235426636595,1.281740872275505,0.044190909916100495,0.007473045871361795,0.9483360442125377,2,Medium volatility
2002-02-01,1122.199951171875,-0.0071035641868597,-0.6487543260354317,0.025188126542783754,0.02511569575353918,0.9496961777036771,2,Medium volatility
2002-02-04,1094.43994140625,-0.0250482374354898,-2.2286301289810835,0.09987085314380927,4.009645429730239e-05,0.9000890504018935,2,Medium volatility
2002-02-05,1090.02001953125,-0.0040467007733511,-0.379623510834839,0.048391982701612754,0.027943337721623922,0.9236646795767633,2,Medium volatility
2002-02-06,1083.510009765625,-0.0059902823008499,-0.5507393279802928,0.025809772002937405,0.0525477288670468,0.9216424991300158,2,Medium volatility
2002-02-07,1080.1700439453125,-0.0030873034739817,-0.2951567413548858,0.013053962384110614,0.11007354115251448,0.876872496463375,2,Medium volatility
2002-02-08,1096.219970703125,0.0147493947439247,1.2752127788070595,0.016505345915878995,0.03437747113102733,0.9491171829530937,2,Medium volatility
2002-02-11,1111.93994140625,0.0142383132591561,1.2302164024489064,0.017977418302185088,0.015890657745351647,0.9661319239524633,2,Medium volatility
2002-02-12,1107.5,-0.0040009619059162,-0.3755965927119329,0.01035161042282115,0.05124690499222406,0.9384014845849548,2,Medium volatility
2002-02-13,1118.510009765625,0.0098922282472235,0.8475805944426918,0.00904669271680434,0.05863063632734731,0.9323226709558484,2,Medium volatility
2002-02-14,1116.47998046875,-0.0018165896617015,-0.1832812016515608,0.005811803705618693,0.12929152476964817,0.8648966715247332,2,Medium volatility
2002-02-15,1104.1800537109375,-0.0110778348363753,-0.9986550428961372,0.007608032581096003,0.05931884657955363,0.9330731208393503,2,Medium volatility
2002-02-19,1083.3399658203125,-0.0190541967358317,-1.7009058437821771,0.019741905161016992,0.0017291837808425428,0.9785289110581404,2,Medium volatility
2002-02-20,1097.97998046875,0.0134232802463802,1.1584596801254816,0.018871329787613998,0.007963894600079782,0.9731647756123063,2,Medium volatility
2002-02-21,1080.949951171875,-0.0156318712500063,-1.3995992025329398,0.023825627622684743,0.00241765347908686,0.9737567188982285,2,Medium volatility
2002-02-22,1089.8399658203125,0.0081906261667104,0.6977690087984756,0.01513634281536184,0.025106473850559304,0.9597571833340788,2,Medium volatility
2002-02-25,1109.4300537109375,0.0178155532170487,1.5451619449227034,0.02428807221784495,0.004004372289371234,0.9717075554927839,2,Medium volatility
2002-02-26,1109.3800048828125,-4.5113215472625257e-05,-0.027317772610087,0.012338950441122444,0.045385766737563,0.9422752828213146,2,Medium volatility
2002-02-27,1109.8900146484375,0.000459619397473,0.0171196396014282,0.00704972412485291,0.11809066221114439,0.8748596136640028,2,Medium volatility
2002-02-28,1106.72998046875,-0.0028512206218742,-0.274371654863355,0.004841136329428763,0.2032963106856661,0.7918625529849052,2,Medium volatility
2002-03-01,1131.780029296875,0.0223819365984851,1.947193150024488,0.02425504746650093,0.003416667591350173,0.9723282849421488,2,Medium volatility
2002-03-04,1153.8399658203125,0.0193038401813501,1.6761929495089096,0.04065554967661268,0.0011434439918184395,0.9582010063315689,2,Medium volatility
2002-03-05,1146.1400146484375,-0.0066956930098989,-0.6128447391473827,0.022915261375720215,0.02084341418422685,0.9562413244400529,2,Medium volatility
2002-03-06,1162.77001953125,0.0144053187126713,1.244919811717658,0.023370876397753634,0.011285693123699966,0.9653434304785463,2,Medium volatility
2002-03-07,1157.5400390625,-0.0045080090106166,-0.4202377762303325,0.012987446893567388,0.04232380472241929,0.9446887483840134,2,Medium volatility
2002-03-08,1164.31005859375,0.0058315898377703,0.4900759311523432,0.00829870345002368,0.09076359992039812,0.9009376966295781,2,Medium volatility
2002-03-11,1168.260009765625,0.0033867835320773,0.274831536799931,0.0053679030472376845,0.1831616893630999,0.8114704075896624,2,Medium volatility
2002-03-12,1165.5799560546875,-0.0022966912284019,-0.2255500598066773,0.003789673388312276,0.296946749089323,0.6992635775223647,2,Medium volatility
2002-03-13,1154.0899658203125,-0.0099066544740384,-0.8955425766113334,0.005448037274803458,0.18213287502214143,0.8124190877030552,2,Medium volatility
2002-03-14,1153.0400390625,-0.0009101583595807,-0.103477637584854,0.0036642624066527975,0.313527343471214,0.6828083941221331,2,Medium volatility
2002-03-15,1166.1600341796875,0.0113143624226781,0.97278740881109,0.005430152009868526,0.22617592621506447,0.768393921775067,2,Medium volatility
2002-03-18,1165.550048828125,-0.0005232085840543,-0.0694100020899541,0.0034256182262673105,0.3734705101048916,0.6231038716688411,2,Medium volatility
2002-03-19,1170.2900390625,0.004058494213817,0.3339699472884971,0.002389768423443964,0.5220950226985062,0.4755152088780498,1,Low volatility
2002-03-20,1151.8499755859375,-0.0158822904559841,-1.4216464830064026,0.009735094517852365,0.07820386089916645,0.9120610445829812,2,Medium volatility
2002-03-21,1153.5899658203125,0.0015094650990494,0.1095496213439865,0.00580837516386985,0.1719914969872535,0.8222001278488766,2,Medium volatility
2002-03-22,1148.699951171875,-0.0042479637041221,-0.3973429995070165,0.004406345764162148,0.2454835016780553,0.7501101525577825,2,Medium volatility
2002-03-25,1131.8699951171875,-0.0147596977790032,-1.3228117490241884,0.009902135801849161,0.03887239391603124,0.9512254702821197,2,Medium volatility
2002-03-26,1138.489990234375,0.0058316865354122,0.4900844445569911,0.006943402394253774,0.0859113420229008,0.9071452555828454,2,Medium volatility
2002-03-27,1144.5799560546875,0.0053349046744592,0.4463470284119593,0.005243172420479408,0.15625926411954635,0.8384975634599742,2,Medium volatility
2002-03-28,1147.3900146484375,0.0024520914651455,0.1925398528394253,0.0037275567817745647,0.2840982790073581,0.7121741642108673,2,Medium volatility
2002-04-01,1146.5400390625,-0.0007410649888486,-0.0885904049695398,0.002631228964527326,0.44017262118316064,0.5571961498523119,2,Medium volatility
2002-04-02,1136.760009765625,-0.0085666262850354,-0.7775644957770925,0.0036924376615031338,0.35451776187673245,0.6417898004617644,2,Medium volatility
2002-04-03,1125.4000244140625,-0.0100435695733427,-0.9075967862061098,0.005406876899272859,0.21645983681667014,0.778133286284057,2,Medium volatility
2002-04-04,1126.3399658203125,0.00083485790093,0.0501561972322844,0.0034209757420206803,0.3680995768305261,0.6284794474274532,2,Medium volatility
2002-04-05,1122.72998046875,-0.0032102055853968,-0.3059772265911088,0.0025308643217095035,0.48829323161740923,0.5091759040608813,2,Medium volatility
2002-04-08,1125.2900390625,0.0022776129022021,0.1771784998681166,0.0016028088762764369,0.6503702560276139,0.3480269350961097,1,Low volatility
2002-04-09,1117.800048828125,-0.0066783033926478,-0.6113137313025004,0.0017884538950630189,0.644662316525349,0.353549229579588,1,Low volatility
2002-04-10,1130.469970703125,0.0112709380017514,0.9689642580114924,0.0031503688126533463,0.5250942649773271,0.47175536621001934,1,Low volatility
2002-04-11,1103.68994140625,-0.0239743913039465,-2.134087113580033,0.03431568619034031,0.001870343481593818,0.9638139703280658,2,Medium volatility
2002-04-12,1111.010009765625,0.0066104620733282,0.5586490047042983,0.01902480302422316,0.030294989981321484,0.9506802069944553,2,Medium volatility
2002-04-15,1102.550048828125,-0.0076437972359579,-0.6963172496059097,0.012743077112296207,0.04154275355082517,0.9457141693368787,2,Medium volatility
2002-04-16,1128.3699951171875,0.0231483860770778,2.0146725055207693,0.04310036436062983,0.0005427014054182118,0.9563569342339521,2,Medium volatility
2002-04-17,1126.0699462890625,-0.0020404620978355,-0.2029912649051006,0.02071304800249321,0.03535381185689339,0.9439331401406134,2,Medium volatility
2002-04-18,1124.469970703125,-0.0014218595665962,-0.1485285752141356,0.01064543555686594,0.09526751841444231,0.8940870460286917,2,Medium volatility
2002-04-19,1125.1700439453125,0.0006223869243324,0.0314499354851999,0.006005121934529251,0.19860127093066873,0.7953936071348021,2,Medium volatility
2002-04-22,1107.8299560546875,-0.0155310671252006,-1.390724257003921,0.012399929536968673,0.02317871806143253,0.9644213524015988,2,Medium volatility
2002-04-23,1100.9599609375,-0.0062206162911238,-0.5710182760997541,0.008641019790002936,0.04567347829151727,0.9456855019184798,2,Medium volatility
2002-04-24,1093.1400146484375,-0.0071281887677914,-0.6509223108759826,0.00713024866699359,0.05936292196782688,0.9335068293651795,2,Medium volatility
2002-04-25,1091.47998046875,-0.0015197466862915,-0.1571467032616026,0.0050139853557474925,0.1324576419765336,0.8625283726677189,2,Medium volatility
2002-04-26,1076.3199462890625,-0.0139867901447807,-1.254763807871885,0.009312389198719804,0.025883040705662184,0.964804570095618,2,Medium volatility
2002-04-29,1065.449951171875,-0.0101505660916201,-0.917016919294284,0.009125707755596877,0.021978324403982705,0.9688959678404204,2,Medium volatility
2002-04-30,1076.9200439453125,0.0107079565121104,0.9193985277991568,0.008913752976099492,0.029493573747481214,0.9615926732764193,2,Medium volatility
2002-05-01,1086.4599609375,0.008819512806963,0.7531371267889616,0.0077034309438436055,0.04928836926223063,0.9430081997939258,2,Medium volatility
2002-05-02,1084.56005859375,-0.0017502398058626,-0.1774396613617808,0.005327702686564519,0.11527991337526193,0.8793923839381735,2,Medium volatility
2002-05-03,1073.4300537109375,-0.0103152498329617,-0.9315159215597066,0.006800290955333282,0.06441997782356909,0.9287797312210977,2,Medium volatility
2002-05-06,1052.6700439453125,-0.0195293435134349,-1.7427384749135464,0.01974319990109981,0.001488481154886774,0.9787683189440134,2,Medium volatility
2002-05-07,1049.489990234375,-0.0030255128867553,-0.2897166058753365,0.010935258048199847,0.03449759623555323,0.9545671457162469,2,Medium volatility
2002-05-08,1088.8499755859375,0.0368177484137346,3.218143557802501,0.36225267413247814,4.7805097695038885e-08,0.6377472780624241,2,Medium volatility
2002-05-09,1073.010009765625,-0.0146542786241674,-1.3135304893665474,0.3297389329541958,0.0016673113144882238,0.6685937557313161,2,Medium volatility
2002-05-10,1054.989990234375,-0.0169365134172592,-1.514461845222897,0.35286652492996723,0.000764793441909099,0.6463686816281238,2,Medium volatility
2002-05-13,1074.56005859375,0.018380051041599,1.5948611755225452,0.3994479103046644,0.0009165815198225343,0.599635508175513,2,Medium volatility
2002-05-14,1097.280029296875,0.0209230869968459,1.818753854762167,0.5267764204516869,0.00025562487034590535,0.47296795467796715,0,High volatility
2002-05-15,1091.0699462890625,-0.0056756001071534,-0.5230342381995742,0.33391486187624275,0.015705888262107563,0.6503792498616495,2,Medium volatility
2002-05-16,1098.22998046875,0.0065409582489337,0.5525297843177451,0.18759362614621772,0.04792294971398382,0.7644834241397984,2,Medium volatility
2002-05-17,1106.5899658203125,0.0075834087309418,0.6443086798972094,0.10207669286496712,0.08333638022023722,0.8145869269147957,2,Medium volatility
2002-05-20,1091.8800048828125,-0.0133821982182897,-1.2015346327241934,0.09018788511289269,0.020505278627042368,0.8893068362600649,2,Medium volatility
2002-05-21,1079.8800048828125,-0.0110510572730486,-0.9962975062736784,0.06337188798385283,0.015161713372570496,0.9214663986435766,2,Medium volatility
2002-05-22,1086.02001953125,0.0056697271593284,0.4758252994731148,0.03171967973938682,0.05310942120791836,0.9151708990526948,2,Medium volatility
2002-05-23,1097.0799560546875,0.0101324092070802,0.8687264844540817,0.0216517016179273,0.0576654228548645,0.9206828755272081,2,Medium volatility
2002-05-24,1083.8199462890625,-0.0121602767279851,-1.0939548418367278,0.019759111691236186,0.021952081054514183,0.9582888072542496,2,Medium volatility
2002-05-28,1074.550048828125,-0.0085897732821589,-0.7796023919348876,0.013905253640005008,0.028709210885732476,0.9573855354742624,2,Medium volatility
2002-05-29,1067.6600341796875,-0.0064326449226621,-0.5896855931279207,0.009441829016202863,0.04969711649923837,0.9408610544845587,2,Medium volatility
2002-05-30,1064.6600341796875,-0.0028138383387537,-0.2710804628899682,0.006183572798062078,0.10792209038174277,0.885894336820195,2,Medium volatility
2002-05-31,1067.1400146484375,0.0023266549682814,0.1814962365274376,0.004325117730032801,0.2153019731959122,0.780372909074055,2,Medium volatility
2002-06-03,1040.6800537109375,-0.0251077891822291,-2.233873153604212,0.038044825059460795,0.0002592375281534525,0.9616959374123857,2,Medium volatility
2002-06-04,1040.68994140625,9.50114139808278e-06,-0.0225094431566623,0.018153704849375323,0.03842637627095979,0.9434199188796648,2,Medium volatility
2002-06-05,1049.9000244140625,0.0088110463968167,0.7523917314093621,0.0125435401278373,0.058139896857544074,0.9293165630146186,2,Medium volatility
2002-06-06,1029.1500244140625,-0.0199617022470386,-1.7808039828193454,0.030267313538790055,0.0011134158645834862,0.9686192705966264,2,Medium volatility
2002-06-07,1027.530029296875,-0.0015753499911639,-0.1620421011724239,0.015070843079945254,0.03759451542260586,0.9473346414974488,2,Medium volatility
2002-06-10,1030.739990234375,0.0031190888556311,0.251263298134621,0.008449835309326593,0.10128757154873816,0.8902625931419352,2,Medium volatility
2002-06-11,1013.5999755859376,-0.0167686554715835,-1.499683381272574,0.016429120180608048,0.007260883477233756,0.9763099963421582,2,Medium volatility
2002-06-12,1020.260009765625,0.006549180408375,0.5532536755008995,0.010423654841396734,0.03798900237198684,0.9515873427866164,2,Medium volatility
2002-06-13,1009.5599975585938,-0.0105429163963828,-0.9515600254397394,0.010110407385053003,0.025237474558428195,0.9646521180565187,2,Medium volatility
2002-06-14,1007.27001953125,-0.0022708696241418,-0.2232766872465565,0.006529728151545807,0.07462195930406183,0.9188483125443924,2,Medium volatility
2002-06-17,1036.1700439453125,0.0282875451247939,2.467131734757262,0.06626096965511559,4.974071829413614e-05,0.9336892896265903,2,Medium volatility
2002-06-18,1037.1400146484375,0.000935673629586,0.0590321643815947,0.03029528321030035,0.03802656343924245,0.9316781533504572,2,Medium volatility
2002-06-19,1019.989990234375,-0.0166741253282198,-1.4913608064293296,0.03967759275898078,0.0033826134547677903,0.9569397937862514,2,Medium volatility
2002-06-20,1006.2899780273438,-0.0135225350742702,-1.213890098881371,0.03579032949990872,0.004184878222013051,0.9600247922780781,2,Medium volatility
2002-06-21,989.1400146484376,-0.0171896641180575,-1.536749610575242,0.04701630605239661,0.0011140153716412248,0.9518696785759623,2,Medium volatility
2002-06-24,992.719970703125,0.0036127274125172,0.2947239731003743,0.022774648725150854,0.037748085451712085,0.9394772658231372,2,Medium volatility
2002-06-25,976.1400146484376,-0.0168425871990169,-1.5061924408482852,0.032007478564173665,0.003156738076534676,0.9648357833592917,2,Medium volatility
2002-06-26,973.530029296875,-0.0026773626837606,-0.2590649426279195,0.0161009412006206,0.03801755871115218,0.9458815000882272,2,Medium volatility
2002-06-27,990.6400146484376,0.0174225426218201,1.5105607058195991,0.02450703501699265,0.00599829906580557,0.9694946659172018,2,Medium volatility
2002-06-28,989.8200073242188,-0.0008280978782515,-0.0962529103895581,0.012464406700443293,0.047716263958048115,0.9398193293415086,2,Medium volatility
2002-07-01,968.6500244140624,-0.0216197410782648,-1.9267801950080257,0.03730565869475171,0.00042213838779630127,0.962272202917452,2,Medium volatility
2002-07-02,948.0900268554688,-0.0214539119536274,-1.9121803514885407,0.08092938307194972,0.0001296513192278656,0.9189409656088224,2,Medium volatility
2002-07-03,953.989990234375,0.0062037161929007,0.5228384906017755,0.0413494262000371,0.028575623991571947,0.9300749498083909,2,Medium volatility
2002-07-05,989.030029296875,0.0360715154784134,3.152444096935189,0.5793116670228732,5.132673521405641e-08,0.4206882816503916,0,High volatility
2002-07-08,976.97998046875,-0.0122585334421261,-1.1026055095305607,0.4819492539778458,0.0027323814081681684,0.515318364613986,2,Medium volatility
2002-07-09,952.8300170898438,-0.0250296393853428,-2.226992728901288,0.756931967035936,5.868354038042741e-06,0.24306216461002603,0,High volatility
2002-07-10,920.469970703125,-0.0345521442966836,-3.0653682671132727,0.9842338692931255,3.9862868543747797e-10,0.015766130308245804,0,High volatility
2002-07-11,927.3699951171876,0.0074682403370207,0.6341690826864355,0.9117698707316095,0.0007602497289122406,0.08746987953947806,0,High volatility
2002-07-12,921.3900146484376,-0.0064692023763148,-0.5929041658844693,0.789567755843068,0.004700556323082865,0.2057316878338491,0,High volatility
2002-07-15,917.9299926757812,-0.0037622882806775,-0.3545834106889765,0.5905498956325642,0.02266302590975641,0.3867870784576793,0,High volatility
2002-07-16,900.9400024414062,-0.0186824615847465,-1.6681777265204882,0.6653925596020752,0.0006252111181255837,0.33398222927979915,0,High volatility
2002-07-17,906.0399780273438,0.0056447655014721,0.4736276378772657,0.457786813399529,0.017477169545052615,0.5247360170554184,2,Medium volatility
2002-07-18,881.5599975585938,-0.0273903683783824,-2.434834831219882,0.8139037780031757,2.2145462024063143e-06,0.1860940074506219,0,High volatility
2002-07-19,847.75,-0.0391072815433268,-3.466409345730709,0.9960810404773326,2.016701307720202e-12,0.0039189595206507045,0,High volatility
2002-07-22,819.8499755859375,-0.0334644140885656,-2.969602876898109,0.9979229343992745,1.4823154007874264e-11,0.0020770655859023573,0,High volatility
2002-07-23,797.7000122070312,-0.0273887646973145,-2.4346936407462683,0.9933905194974958,1.896145190619109e-09,0.00660947860635913,0,High volatility
2002-07-24,843.4299926757812,0.0557443000867809,4.88446540201491,0.9999959093982056,1.0020342011521167e-22,4.090601794342933e-06,0,High volatility
2002-07-25,838.6799926757812,-0.0056476837626426,-0.5205764415828164,0.9368238424658379,1.9774326932048923e-07,0.06317595979089283,0,High volatility
2002-07-26,852.8400268554688,0.0167427695722546,1.4507124724400864,0.9111929398768717,0.00016130986392177719,0.08864575025920657,0,High volatility
2002-07-29,898.9600219726562,0.0526665759256923,4.613497975476994,0.9999596967955348,1.7985095400997725e-19,4.030320446511344e-05,0,High volatility
2002-07-30,902.780029296875,0.0042403598070404,0.349981665425741,0.9328728029740568,3.0940017088024314e-06,0.06712410302423436,0,High volatility
2002-07-31,911.6199951171876,0.0097443073728022,0.8345574199880322,0.8432900456059944,0.0019127563360661825,0.1547971980579394,0,High volatility
2002-08-01,884.6599731445312,-0.0300198711779984,-2.666340180430312,0.9750414640160092,2.7655628826479782e-08,0.024958508328361967,0,High volatility
2002-08-02,864.239990234375,-0.0233528633347361,-2.07936686396588,0.9784067714345631,4.899976599051605e-07,0.021592738567776885,0,High volatility
2002-08-05,834.5999755859375,-0.0348979578040209,-3.095814204189094,0.997734835465556,1.9497323021042967e-11,0.0022651645149467576,0,High volatility
2002-08-06,859.5700073242188,0.0294797338216241,2.5720938061514085,0.9949754011882672,1.7244058232660573e-09,0.005024597087326971,0,High volatility
2002-08-07,876.77001953125,0.0198124498296277,1.720971701694872,0.9753202580556534,2.787018189048752e-06,0.024676954926157676,0,High volatility
2002-08-08,905.4600219726562,0.0321984035690654,2.811449546468985,0.9951075094285458,1.8542542780682034e-09,0.0048924887172000124,0,High volatility
2002-08-09,908.6400146484376,0.0035058661250424,0.2853157459338002,0.9218514205669904,0.00039690609822719606,0.07775167333478245,0,High volatility
2002-08-12,903.7999877929688,-0.0053409087795621,-0.4935675144208272,0.7976249409278697,0.004578571594777607,0.19779648747735265,0,High volatility
2002-08-13,884.2100219726562,-0.0219134676341585,-1.952640319174647,0.8826739173288414,2.409054536888608e-05,0.11730199212578978,0,High volatility
2002-08-14,919.6199951171876,0.0392659200925935,3.433684244628954,0.9972403737569465,8.166098482986671e-12,0.00275962623488742,0,High volatility
2002-08-15,930.25,0.0114928312974589,0.9885000747893712,0.948193483836061,5.0672652625415175e-05,0.051755843511313446,0,High volatility
2002-08-16,928.77001953125,-0.0015922160771433,-0.1635270165431336,0.8283020937255963,0.004159490951671182,0.1675384153227326,0,High volatility
2002-08-19,950.7000122070312,0.0233374170554414,2.0313150748551867,0.9106356411532778,2.811247814218277e-05,0.08933624636858004,0,High volatility
2002-08-20,937.4299926757812,-0.0140564876279087,-1.2609000782622386,0.8637760418620054,0.00032476279801364,0.13589919533998096,0,High volatility
2002-08-21,949.3599853515624,0.0126459773499592,1.0900247735323032,0.7847574075398069,0.0018351497419200628,0.213407442718273,0,High volatility
2002-08-22,962.7000122070312,0.013953791536835,1.2051666855619274,0.7174819729728918,0.002307252005126615,0.28021077502198166,0,High volatility
2002-08-23,940.8599853515624,-0.0229475144121202,-2.0436793401130933,0.8532827377144119,1.2049718745509918e-05,0.14670521256684255,0,High volatility
2002-08-26,947.9500122070312,0.0075074360735465,0.6376199338029623,0.7065567602608902,0.006295681057967752,0.287147558681142,0,High volatility
2002-08-27,934.8200073242188,-0.0139477659038185,-1.2513280554806172,0.6501435432911209,0.002148785432867701,0.3477076712760113,0,High volatility
2002-08-28,917.8699951171876,-0.0182982421491439,-1.6343504742256425,0.6972157448668401,0.00022499346709476873,0.30255926166606506,0,High volatility
2002-08-29,917.7999877929688,-7.627441196333962e-05,-0.030061250835876,0.46710165002006154,0.019882374310887265,0.5130159756690511,2,Medium volatility
2002-08-30,916.0700073242188,-0.0018866996968505,-0.1894537937372946,0.25736347615042876,0.06930121902780823,0.6733353048217631,2,Medium volatility
2002-09-03,878.02001953125,-0.0424233942999547,-3.758364859851635,0.9839843693235472,2.491738933011208e-12,0.01601563067396107,0,High volatility
2002-09-04,893.4000244140625,0.0173650415815425,1.5054982284526333,0.9577011016698724,3.0649383657408534e-05,0.04226824894646995,0,High volatility
2002-09-05,879.1500244140625,-0.0160788768845296,-1.43895424544617,0.9299729109996712,6.311483240782516e-05,0.06996397416792098,0,High volatility
2002-09-06,893.9199829101562,0.0166607072323481,1.4434875816128725,0.9041194174886047,0.0001933893902384802,0.09568719312115673,0,High volatility
2002-09-09,902.9600219726562,0.0100620133884294,0.8625287315625132,0.8051992923018257,0.0027095533222570613,0.19209115437591723,0,High volatility
2002-09-10,909.5800170898438,0.0073046933150164,0.6197701588872441,0.6386873671587805,0.013731194642142829,0.34758143819907666,0,High volatility
2002-09-11,909.4500122070312,-0.0001429386881355,-0.0359304731608533,0.3987971063144128,0.05962137944270559,0.5415815142428817,2,Medium volatility
2002-09-12,886.9099731445312,-0.0250965533409299,-2.232883933374432,0.7137580786968881,3.357158931949763e-05,0.28620834971379233,0,High volatility
2002-09-13,889.8099975585938,0.0032644727782571,0.2640631155685592,0.49310256242121475,0.01767111521931051,0.4892263223594748,0,High volatility
2002-09-16,891.0999755859375,0.0014486731753962,0.1041974096952433,0.27337670023550176,0.0710430837484932,0.655580216016005,2,Medium volatility
2002-09-17,873.52001953125,-0.0199255791559469,-1.777623651990656,0.39939043979681366,0.001071852016219957,0.5995377081869664,2,Medium volatility
2002-09-18,869.4600219726562,-0.004658693507558,-0.4335042641344759,0.22640341665632532,0.022460998747923355,0.7511355845957514,2,Medium volatility
2002-09-19,843.3200073242188,-0.0305258632207259,-2.71088847471866,0.7389829546334609,3.6111598977968695e-07,0.26101668425054936,0,High volatility
2002-09-20,845.3900146484375,0.0024515853332545,0.1924952922326864,0.5187098012573385,0.017038715509131448,0.46425148323353005,0,High volatility
2002-09-23,833.7000122070312,-0.0139244366114663,-1.2492741097789366,0.46723359887770927,0.0046125962763689235,0.5281538048459218,2,Medium volatility
2002-09-24,819.2899780273438,-0.0174355553457417,-1.5583982410848294,0.5042299011148205,0.0005989541948180375,0.4951711446903614,0,High volatility
2002-09-25,839.6599731445312,0.0245589312978236,2.138859011028026,0.7407005268230665,2.3643457442018418e-05,0.25927582971949154,0,High volatility
2002-09-26,854.9500122070312,0.0180459859620221,1.5654495875532326,0.7557104755602266,0.0003751198334344686,0.24391440460633892,0,High volatility
2002-09-27,827.3699951171875,-0.0327910126623907,-2.910315610747189,0.9767950453138448,2.472426728169986e-09,0.02320495221372856,0,High volatility
2002-09-30,815.280029296875,-0.0147203408550984,-1.3193467067303528,0.9404110752171708,6.293213401205736e-05,0.05952599264881718,0,High volatility
2002-10-01,847.9099731445312,0.0392428179562998,3.431650298085539,0.9983933196996515,4.1592562057539455e-12,0.0016066802961892633,0,High volatility
2002-10-02,827.9099731445312,-0.023870046023859,-2.124900399457255,0.988258151533674,2.1581793887665552e-08,0.01174182688453208,0,High volatility
2002-10-03,818.9500122070312,-0.01088137355352,-0.9813582984696292,0.935236660388343,0.0001431356850021081,0.06462020392665474,0,High volatility
2002-10-04,800.5800170898438,-0.0226865605048862,-2.020704568825207,0.9589055158613701,2.272721887831356e-06,0.04109221141674209,0,High volatility
2002-10-07,785.280029296875,-0.0192961069391683,-1.722203978969249,0.951683838374499,1.0802455047461384e-05,0.04830535917045347,0,High volatility
2002-10-08,798.5499877929688,0.0167571884257791,1.451981929814648,0.9250848857567552,0.0001237745999329276,0.07479133964331189,0,High volatility
2002-10-09,776.760009765625,-0.0276661328981484,-2.459113550929782,0.9794808616986137,6.243672590996837e-08,0.020519075864660456,0,High volatility
2002-10-10,803.9199829101562,0.0343683055648886,3.002490955274033,0.997157957300886,2.022836387572439e-10,0.0028420424968305467,0,High volatility
2002-10-11,835.3200073242188,0.0383151532541718,3.349977313805889,0.9992579576982648,4.90826056619318e-13,0.0007420423012442726,0,High volatility
2002-10-14,841.4400024414062,0.0072998190057615,0.619341017428874,0.9381204257672623,3.741918400436778e-05,0.061842155048733354,0,High volatility
2002-10-15,881.27001953125,0.0462493583245322,4.048516564568119,0.9997617709060195,9.127061120381112e-16,0.00023822909397964125,0,High volatility
2002-10-16,860.02001953125,-0.0244084035657063,-2.1722982005714537,0.9896469858351249,2.1685949929502323e-09,0.010353011996280068,0,High volatility
2002-10-17,879.2000122070312,0.0220567494723376,1.9185631903193652,0.979004547474438,1.5888031943169158e-06,0.020993863722367605,0,High volatility
2002-10-18,884.3900146484375,0.0058857414081696,0.4948435161944333,0.8964604684170095,0.0013051015317453167,0.10223443005124495,0,High volatility
2002-10-21,899.719970703125,0.0171854128640545,1.489683448192139,0.8798424131101972,0.0003469682452442055,0.11981061864455847,0,High volatility
2002-10-22,890.1599731445312,-0.0106823795656998,-0.9638385709196836,0.7869969129418798,0.001681651726197754,0.2113214353319224,0,High volatility
2002-10-23,896.1400146484375,0.0066954754351344,0.5661337079019413,0.6087305233386008,0.013489004530029174,0.3777804721313701,0,High volatility
2002-10-24,882.5,-0.015337878307867,-1.3737156253238572,0.5887994207691086,0.002103983593924857,0.40909659563696654,0,High volatility
2002-10-25,897.6500244140625,0.0170214757071383,1.475250176333295,0.5918695790371115,0.0011811409407633119,0.40694928002212516,0,High volatility
2002-10-28,890.22998046875,-0.0083004301481643,-0.7541281907715184,0.4246694307502041,0.009345783495479138,0.5659847857543168,2,Medium volatility
2002-10-29,882.1500244140625,-0.0091176971167152,-0.8260815938940234,0.28948125918525286,0.015455163374076188,0.6950635774406709,2,Medium volatility
2002-10-30,890.7100219726562,0.0096567849185209,0.8268518125457792,0.18448210723390301,0.029143548376781497,0.7863743443893155,2,Medium volatility
2002-10-31,885.760009765625,-0.0055728775938996,-0.5139903948897032,0.09553186297404416,0.058000144440020614,0.8464679925859351,2,Medium volatility
2002-11-01,900.9600219726562,0.0170148413200248,1.474666074994543,0.1096210615383519,0.00921484555989144,0.8811640929017567,2,Medium volatility
2002-11-04,908.3499755859376,0.0081688541130233,0.6958521647119827,0.060988435038753876,0.03189733541303392,0.9071142295482123,2,Medium volatility
2002-11-05,915.3900146484376,0.0077204799687446,0.6563766361583235,0.03346816904988867,0.061197982781414244,0.905333848168697,2,Medium volatility
2002-11-06,923.760009765625,0.0091020882390795,0.7780154893828223,0.021049920700273304,0.07700113055047594,0.9019489487492508,2,Medium volatility
2002-11-07,902.6500244140624,-0.0231173997854403,-2.058636301817776,0.06853337825464749,0.0002762297913616195,0.9311903919539909,2,Medium volatility
2002-11-08,894.739990234375,-0.0088017460667986,-0.7982647921187882,0.041541665730490125,0.013012775841527293,0.9454455584279826,2,Medium volatility
2002-11-11,876.1900024414062,-0.0209501971813308,-1.867832551486196,0.08382282723409049,0.0002706952968845159,0.915906477469025,2,Medium volatility
2002-11-12,882.9500122070312,0.0076856225027794,0.6533077328538499,0.045728025017975044,0.02375434802356927,0.9305176269584556,2,Medium volatility
2002-11-13,882.530029296875,-0.0004757719240151,-0.0652336077733726,0.020967987377048948,0.07954148989537721,0.8994905227275739,2,Medium volatility
2002-11-14,904.27001953125,0.0243351942032914,2.119160863451013,0.0751009596970167,0.0004860352805815357,0.9244130050224019,2,Medium volatility
2002-11-15,909.8300170898438,0.0061297776921929,0.5163288346968817,0.038336907941119276,0.029421053232614274,0.9322420388262666,2,Medium volatility
2002-11-18,900.3599853515625,-0.0104631205797787,-0.9445346827053026,0.027535438474137763,0.02186967711410784,0.9505948844117544,2,Medium volatility
2002-11-19,896.739990234375,-0.0040287129960132,-0.3780398400835708,0.014525679063705702,0.0592949098511643,0.9261794110851299,2,Medium volatility
2002-11-20,914.1500244140624,0.0192287444012677,1.669581405001429,0.02846184208771374,0.004160940932585909,0.9673772169797004,2,Medium volatility
2002-11-21,933.760009765625,0.0212247578713959,1.845313408594744,0.0586599818736784,0.0005101988827292818,0.9408298192435923,2,Medium volatility
2002-11-22,930.5499877929688,-0.0034436602808645,-0.3265309262513476,0.028382643222296482,0.031154809233636793,0.9404625475440667,2,Medium volatility
2002-11-25,932.8699951171876,0.0024900543562251,0.1958821624036911,0.013859577318833699,0.0927396162406568,0.8934008064405095,2,Medium volatility
2002-11-26,913.3099975585938,-0.0211904901588466,-1.8889883036994024,0.039082302890208954,0.0009093761030040484,0.960008321006787,2,Medium volatility
2002-11-27,938.8699951171876,0.0276016589994263,2.4067452970645533,0.18292124512346608,1.394253046251344e-05,0.8170648123460715,2,Medium volatility
2002-11-29,936.3099975585938,-0.0027304036508635,-0.2637347484989796,0.08769770353047943,0.030313832677364812,0.8819884637921558,2,Medium volatility
2002-12-02,934.530029296875,-0.0019028551594493,-0.1908761447654577,0.03947542509747531,0.08548614450017591,0.8750384304023487,2,Medium volatility
2002-12-03,920.75,-0.0148552051332071,-1.3312203589676224,0.04290569235359438,0.01273271746446949,0.9443615901819361,2,Medium volatility
2002-12-04,917.5800170898438,-0.0034487671121796,-0.3269805392987776,0.02111266334921787,0.04953630866724273,0.9293510279835394,2,Medium volatility
2002-12-05,906.5499877929688,-0.0120936158065481,-1.0880859148676385,0.01917610954645329,0.01993979397973856,0.9608840964738081,2,Medium volatility
2002-12-06,912.22998046875,0.0062459574445909,0.5265574734167219,0.01146331759349843,0.05677484380900799,0.9317618385974935,2,Medium volatility
2002-12-09,892.0,-0.0224259972710285,-1.9977641930041832,0.03974605795355939,0.0003171049289295447,0.9599368371175111,2,Medium volatility
2002-12-10,904.4500122070312,0.013860905064269,1.1969888219477651,0.03495868610188075,0.006493227572299119,0.9585480863258201,2,Medium volatility
2002-12-11,904.9600219726562,0.000563730464071,0.0262857332191874,0.01673401474412684,0.05030741841013197,0.9329585668457413,2,Medium volatility
2002-12-12,901.5800170898438,-0.0037419694595453,-0.3527945113645714,0.009477155046018149,0.10044190117123389,0.8900809437827479,2,Medium volatility
2002-12-13,889.47998046875,-0.0135117982956272,-1.2129448168723518,0.012572053315511712,0.023221494632881857,0.9642064520516064,2,Medium volatility
2002-12-16,910.4000244140624,0.023247089835741,2.0233625316812445,0.04279882148483539,0.00035852456439721336,0.9568426539507673,2,Medium volatility
2002-12-17,902.989990234375,-0.0081726218451381,-0.742875757106723,0.025924509702675454,0.015174440930008406,0.9589010493673161,2,Medium volatility
2002-12-18,891.1199951171875,-0.0132323752862566,-1.1883439982798725,0.024492072991875447,0.00699149768487525,0.9685164293232492,2,Medium volatility
2002-12-19,884.25,-0.0077392649719332,-0.7047223715013945,0.015680898326781368,0.022037026801877857,0.9622820748713409,2,Medium volatility
2002-12-20,895.760009765625,0.0129327027684063,1.1152685071137225,0.015324076197830475,0.017524226281531937,0.9671516975206377,2,Medium volatility
2002-12-23,897.3800048828125,0.0018068812749731,0.1357345851622802,0.008561983832730298,0.0701096457429912,0.9213283704242785,2,Medium volatility
2002-12-24,892.469970703125,-0.005486545312233,-0.5063895720199659,0.006393373844671315,0.10412487915692459,0.8894817469984041,2,Medium volatility
2002-12-26,889.6599731445312,-0.0031535297378519,-0.3009874004233652,0.004706541780879992,0.18016549182581265,0.8151279663933074,2,Medium volatility
2002-12-27,875.4000244140625,-0.0161583844330541,-1.4459542086288362,0.011602724492929763,0.016477661383516976,0.9719196141235533,2,Medium volatility
2002-12-30,879.3900146484375,0.0045475493041386,0.3770270870202267,0.007487270253908171,0.06066714534313945,0.9318455844029524,2,Medium volatility
2002-12-31,879.8200073242188,0.0004888474701409,0.0196929227219931,0.0050418260310022694,0.1432771088838908,0.851681065085107,2,Medium volatility
2003-01-02,909.030029296875,0.032660779741823,2.8521578344983656,0.13209308837954936,4.878664470273642e-06,0.8679020329559805,2,Medium volatility
2003-01-03,908.5900268554688,-0.0004841522831044,-0.0659714270895416,0.06030480109342351,0.035688567371683605,0.9040066315348929,2,Medium volatility
2003-01-06,929.010009765625,0.0222255366515851,1.9334234653795943,0.12802048185513787,0.0007166074469437383,0.8712629106979184,2,Medium volatility
2003-01-07,922.9299926757812,-0.0065661294926719,-0.6014377738058936,0.06838428045104045,0.019912478840029203,0.9117032407089303,2,Medium volatility
2003-01-08,909.9299926757812,-0.0141857186117118,-1.2722777668650092,0.06291471973740705,0.005702541368911504,0.9313827388936814,2,Medium volatility
2003-01-09,927.5700073242188,0.0192006058019638,1.6671040407411235,0.09035098076907316,0.0012502882762796337,0.9083987309546472,2,Medium volatility
2003-01-10,927.5700073242188,0.0,-0.0233459378192967,0.04089883576281385,0.039354599350831826,0.9197465648863544,2,Medium volatility
2003-01-13,926.260009765625,-0.0014132879115829,-0.1477739139194394,0.018888339053143712,0.102207404828903,0.8789042561179532,2,Medium volatility
2003-01-14,931.6599731445312,0.0058129291186173,0.4884330135997687,0.010458525163339023,0.17226040802828374,0.8172810668083773,2,Medium volatility
2003-01-15,918.219970703125,-0.0145309310163908,-1.30267078196606,0.015452759977309993,0.02823347113489313,0.956313768887797,2,Medium volatility
2003-01-16,914.5999755859376,-0.0039501968883879,-0.3711271648367167,0.00914683317022793,0.06848695199056762,0.9223662148392043,2,Medium volatility
2003-01-17,901.780029296875,-0.0141161641678584,-1.2661540898657797,0.012837999954510647,0.013638769134656219,0.973523230910833,2,Medium volatility
2003-01-21,887.6199951171875,-0.0158269023864514,-1.4167700347359795,0.018466235973407696,0.0027142391137514837,0.9788195249128407,2,Medium volatility
2003-01-22,878.3599853515625,-0.0104872022751809,-0.9466548710939514,0.01494200297125336,0.010024073289107188,0.9750339237396395,2,Medium volatility
2003-01-23,887.3400268554688,0.0101717379711123,0.8721890475107157,0.011938704928171628,0.023615296435462712,0.9644459986363656,2,Medium volatility
2003-01-24,861.4000244140625,-0.0296692527095556,-2.635471207410648,0.12592547896827802,1.979599348398203e-06,0.8740725414323736,2,Medium volatility
2003-01-27,847.47998046875,-0.0162917838524929,-1.4576988925235093,0.1337172915418457,0.001192358102892113,0.8650903503552622,2,Medium volatility
2003-01-28,858.5399780273438,0.0129660294438265,1.1182026373349578,0.1015518311087288,0.008064398968197502,0.8903837699230737,2,Medium volatility
2003-01-29,864.3599853515625,0.0067560851884742,0.5714698810045283,0.05274142852282728,0.03733227235964239,0.9099262991175303,2,Medium volatility
2003-01-30,844.6099853515625,-0.0231143667315807,-2.058369267231221,0.13820685684413245,0.00014894532164100443,0.8616441978342266,2,Medium volatility
2003-01-31,855.7000122070312,0.0130448966790162,1.125146226376399,0.1055143843722773,0.0074369930655995,0.8870486225621231,2,Medium volatility
2003-02-03,860.3200073242188,0.0053845598851749,0.4507187472397674,0.0518881992397315,0.0422572464335961,0.9058545543266725,2,Medium volatility
2003-02-04,848.2000122070312,-0.0141879501425536,-1.272474234169353,0.049677132300881034,0.009117586984428067,0.9412052807146909,2,Medium volatility
2003-02-05,843.5900268554688,-0.0054498450223015,-0.5031584237443465,0.025937577980897145,0.03469896203975476,0.939363459979348,2,Medium volatility
2003-02-06,838.1500244140625,-0.0064695152040803,-0.5929317077076252,0.01529389916457965,0.05544007828819907,0.9292660225472212,2,Medium volatility
2003-02-07,829.6900024414062,-0.0101449712147525,-0.9165243379883382,0.012836529711545726,0.03648497425239409,0.9506784960360602,2,Medium volatility
2003-02-10,835.969970703125,0.0075405522369367,0.6405355302310314,0.009018459829426947,0.06785108783463473,0.9231304523359383,2,Medium volatility
2003-02-11,829.2000122070312,-0.0081312969449021,-0.7392374512408315,0.007757126778132848,0.06607197973793394,0.9261708934839332,2,Medium volatility
2003-02-12,818.6799926757812,-0.012768117118207,-1.1474700165773952,0.010234372859669988,0.02040408494719071,0.9693615421931393,2,Medium volatility
2003-02-13,817.3699951171875,-0.0016014154192465,-0.1643369403456177,0.00653069769989303,0.0699475896960078,0.9235217126040992,2,Medium volatility
2003-02-14,834.8900146484375,0.0212081344456143,1.8438498573898527,0.02235996958552449,0.002055048939798408,0.9755849814746771,2,Medium volatility
2003-02-18,851.1699829101562,0.0193118563360776,1.67689870372974,0.038136352616296706,0.0010764612910089146,0.9607871860926943,2,Medium volatility
2003-02-19,845.1300048828125,-0.0071213860718168,-0.6503233913740136,0.022111697265351612,0.019296994849189352,0.9585913078854591,2,Medium volatility
2003-02-20,837.0999755859375,-0.0095469589545409,-0.8638744464755312,0.01617526788487247,0.021728098631304347,0.9620966334838232,2,Medium volatility
2003-02-21,848.1699829101562,0.0131375587482107,1.1333043331829658,0.01595527718996208,0.016481673935569596,0.9675630488744683,2,Medium volatility
2003-02-24,832.5800170898438,-0.0185517333890423,-1.6566682211483816,0.029240948851403586,0.000959972723847958,0.9697990784247484,2,Medium volatility
2003-02-25,838.5700073242188,0.0071687350619127,0.6078001914594061,0.017026624936810193,0.027161461965225644,0.9558119130979641,2,Medium volatility
2003-02-26,827.5499877929688,-0.0132285552863011,-1.1880076797850565,0.017724487677299117,0.009456155949067216,0.9728193563736336,2,Medium volatility
2003-02-27,837.280029296875,0.0116890639786912,1.005776692787959,0.01512201836533429,0.016698505960448504,0.9681794756742171,2,Medium volatility
2003-02-28,841.1500244140625,0.004611454575361,0.3826534024335016,0.009024917050014517,0.060727753946804935,0.9302473290031806,2,Medium volatility
2003-03-03,834.8099975585938,-0.0075658810658936,-0.6894573937569222,0.007487975009519846,0.06746324322572794,0.9250487817647522,2,Medium volatility
2003-03-04,821.989990234375,-0.0154759334723078,-1.3858702079540175,0.013059378822030707,0.00834058146671084,0.9786000397112584,2,Medium volatility
2003-03-05,829.8499755859375,0.0095167144952856,0.8145198035249573,0.010396219838358594,0.02530258808559861,0.9643011920760428,2,Medium volatility
2003-03-06,822.0999755859375,-0.0093829196859829,-0.8494321845554113,0.009264624929129507,0.026043747148036842,0.9646916279228336,2,Medium volatility
2003-03-07,828.8900146484375,0.0082254615547219,0.7008359683269693,0.0076172122447781656,0.05042591120770181,0.94195687654752,2,Medium volatility
2003-03-10,807.47998046875,-0.0261692112152953,-2.32732233284088,0.05483374859570074,3.397046378182079e-05,0.9451322809405175,2,Medium volatility
2003-03-11,800.72998046875,-0.0083944755992311,-0.7624080925818727,0.03290545430352823,0.014156556475695603,0.9529379892207761,2,Medium volatility
2003-03-12,804.1900024414062,0.0043117755028978,0.3562692098280469,0.01669342873991047,0.05785248670225237,0.9254540845578372,2,Medium volatility
2003-03-13,831.9000244140625,0.0338767079332065,2.959209966407923,0.2854659635552789,7.406658054700928e-07,0.7145332957789157,2,Medium volatility
2003-03-14,833.27001953125,0.0016454721021226,0.1215238807918652,0.14073560608645633,0.033193938650645696,0.8260704552628979,2,Medium volatility
2003-03-17,862.7899780273438,0.0348135560700022,3.0416914739757046,0.7823598206480061,8.204694229082217e-08,0.21764009730505154,0,High volatility
2003-03-18,866.4500122070312,0.0042331193654936,0.3493442061505601,0.5818145788747799,0.013305876645780647,0.40487954447943947,0,High volatility
2003-03-19,874.02001953125,0.0086988628605544,0.7425149255197249,0.4107911387082333,0.029762854899507498,0.5594460063922592,2,Medium volatility
2003-03-20,875.6699829101562,0.0018860070820361,0.1427009392571882,0.21260032723015002,0.09751525746046484,0.689884415309385,2,Medium volatility
2003-03-21,895.7899780273438,0.0227166978586117,1.976666030767969,0.40263659793377693,0.0010352664666183826,0.5963281355996047,2,Medium volatility
2003-03-24,864.22998046875,-0.0358670714937723,-3.1811364191733373,0.9521048055245536,4.85895537098256e-10,0.04789519398955087,0,High volatility
2003-03-25,874.739990234375,0.0120877736985107,1.040879691322087,0.8893721526867129,0.0007170136930612403,0.10991083362022588,0,High volatility
2003-03-26,869.9500122070312,-0.0054909354161516,-0.5067760833181832,0.7471870643785409,0.006448992380744436,0.24636394324071476,0,High volatility
2003-03-27,868.52001953125,-0.0016451166510629,-0.1681844619888953,0.5238834641507857,0.03417891508777907,0.4419376207614353,0,High volatility
2003-03-28,863.5,-0.005796738526806,-0.5336994453819244,0.33025327526752096,0.06585130834327974,0.6038954163891994,2,Medium volatility
2003-03-31,848.1799926757812,-0.0179010288039513,-1.5993792187459812,0.401295519926728,0.002637800233966668,0.5960666798393053,2,Medium volatility
2003-04-01,858.47998046875,0.0120704920851233,1.0393581922984867,0.30382174057401834,0.008752946977578,0.6874253124484037,2,Medium volatility
2003-04-02,880.9000244140625,0.0257807789627531,2.246432302219334,0.6078652411207409,2.8833857031994943e-05,0.3921059250222271,0,High volatility
2003-04-03,876.4500122070312,-0.0050644682342895,-0.469229276416821,0.401664724830194,0.014856218109520248,0.5834790570602857,2,Medium volatility
2003-04-04,878.8499755859375,0.0027345352829826,0.2174066279157833,0.21233466202997328,0.0627050331885831,0.7249603047814436,2,Medium volatility
2003-04-07,879.9299926757812,0.0012281436508096,0.0847816613613428,0.09396238328897268,0.1566877998802475,0.74934981683078,2,Medium volatility
2003-04-08,878.2899780273438,-0.0018655403207805,-0.1875908907022131,0.03824912541242147,0.27820737261598416,0.6835435019715943,2,Medium volatility
2003-04-09,865.989990234375,-0.0141034603345602,-1.2650356254304345,0.04571112418886341,0.05645907244895653,0.89782980336218,2,Medium volatility
2003-04-10,871.5800170898438,0.0064343262346184,0.5431417427021666,0.023657463793452075,0.10460355705999796,0.87173897914655,2,Medium volatility
2003-04-11,868.2999877929688,-0.00377041310138,-0.3552987320243556,0.012011116554865397,0.17266716071421742,0.8153217227309172,2,Medium volatility
2003-04-14,885.22998046875,0.0193102131772677,1.6767540375768273,0.02725090819281725,0.01095294481486542,0.9617961469923174,2,Medium volatility
2003-04-15,890.8099975585938,0.0062836822586094,0.5298788223213615,0.015328958736147083,0.04416484853554004,0.9405061927283129,2,Medium volatility
2003-04-16,879.9099731445312,-0.0123115594498681,-1.1072739983571709,0.015262921344173055,0.01721014592441488,0.9675269327314121,2,Medium volatility
2003-04-17,893.5800170898438,0.0154162862569044,1.3339269024886864,0.018861871717368972,0.007554823128474795,0.9735833051541561,2,Medium volatility
2003-04-21,892.010009765625,-0.0017585310235839,-0.1781696325389287,0.010228525227020885,0.04813739138061595,0.9416340833923631,2,Medium volatility
2003-04-22,911.3699951171876,0.021471602310612,1.8670459612696155,0.029722171425971677,0.0013500932288736953,0.9689277353451545,2,Medium volatility
2003-04-23,919.02001953125,0.008358949618775,0.7125884566257267,0.018353077195722906,0.02325480894170076,0.9583921138625763,2,Medium volatility
2003-04-24,911.4299926757812,-0.0082931195123263,-0.7534845514862233,0.012894071762691667,0.03148020512386169,0.9556257231134465,2,Medium volatility
2003-04-25,898.8099975585938,-0.0139431231657276,-1.2509193018929872,0.015528674507972488,0.008197668690408548,0.9762736568016189,2,Medium volatility
2003-04-28,914.8400268554688,0.0176775524738088,1.5330121536162566,0.024105391510657232,0.0026219733550971367,0.9732726351342456,2,Medium volatility
2003-04-29,917.8400268554688,0.0032738967977801,0.2648928203062597,0.012654379276658178,0.04140744769232302,0.9459381730310188,2,Medium volatility
2003-04-30,916.9199829101562,-0.0010029039411492,-0.1116430969454128,0.00728242585343035,0.10696368305236113,0.8857538910942085,2,Medium volatility
2003-05-01,916.2999877929688,-0.000676400160084,-0.0828972169771301,0.0047154379945487995,0.21062514657904904,0.7846594154264022,2,Medium volatility
2003-05-02,930.0800170898438,0.0149268136785591,1.2908330064885354,0.0094046234557691,0.06277936045956262,0.9278160160846683,2,Medium volatility
2003-05-05,926.5499877929688,-0.0038026246923319,-0.3581346885455017,0.006304244971219739,0.11644808034576329,0.877247674683017,2,Medium volatility
2003-05-06,934.3900146484376,0.0084259280036027,0.7184853335453298,0.005872744694562896,0.14185522907946413,0.8522720262259729,2,Medium volatility
2003-05-07,929.6199951171876,-0.0051180303952298,-0.4739449689708507,0.004795523619370759,0.19146235933360378,0.8037421170470255,2,Medium volatility
2003-05-08,920.27001953125,-0.0101087687726515,-0.913337020978413,0.006318056537498493,0.10993487613275611,0.8837470673297454,2,Medium volatility
2003-05-09,933.4099731445312,0.0141773917364096,1.224852780702651,0.009859264094884931,0.040477937656362054,0.949662798248753,2,Medium volatility
2003-05-12,945.1099853515624,0.0124567891293212,1.0733683603534712,0.010756582715107509,0.02858232224468673,0.9606610950402058,2,Medium volatility
2003-05-13,942.2999877929688,-0.002977625078552,-0.285500491801358,0.006894860210672822,0.07561138747513747,0.9174937523141897,2,Medium volatility
2003-05-14,939.280029296875,-0.0032100267454691,-0.305961481257078,0.005064972281052008,0.14065167267072284,0.8542833550482252,2,Medium volatility
2003-05-15,946.6699829101562,0.0078368900423795,0.666625552703457,0.004928667582317975,0.17965535408382843,0.8154159783338537,2,Medium volatility
2003-05-16,944.2999877929688,-0.0025066462131606,-0.2440348098788702,0.003673535836267621,0.289015316168374,0.7073111479953584,2,Medium volatility
2003-05-19,920.77001953125,-0.0252336016180665,-2.2449498681442406,0.03758917302361507,0.0003477783011429569,0.962063048675242,2,Medium volatility
2003-05-20,919.72998046875,-0.0011301702506951,-0.1228478126956485,0.018099959827845336,0.037034956498173933,0.9448650836739807,2,Medium volatility
2003-05-21,923.4199829101562,0.0040040229440094,0.3291742154335679,0.009928252622631065,0.09613031616260496,0.893941431214764,2,Medium volatility
2003-05-22,931.8699951171876,0.0091091643211145,0.7786384782013904,0.008197886008042984,0.10929021961028441,0.8825118943816725,2,Medium volatility
2003-05-23,933.219970703125,0.0014476254190736,0.1041051636655428,0.005013345660274476,0.22007326146780307,0.7749133928719225,2,Medium volatility
2003-05-27,951.47998046875,0.0193777063876865,1.6826962405094952,0.01662847635413827,0.014060095162439279,0.9693114284834226,2,Medium volatility
2003-05-28,953.219970703125,0.0018270496802683,0.1375102416520031,0.009133208137550189,0.06394868978110192,0.9269181020813478,2,Medium volatility
2003-05-29,949.6400146484376,-0.0037627153926242,-0.354621014261936,0.0061736454466883315,0.11845823049092782,0.8753681240623838,2,Medium volatility
2003-05-30,963.5900268554688,0.0145829399742662,1.2605578525665704,0.010171887870449953,0.038658395857389394,0.9511697162721606,2,Medium volatility
2003-06-02,967.0,0.0035325746463072,0.2876672039901312,0.006506399438324157,0.10108297954441944,0.8924106210172563,2,Medium volatility
2003-06-03,971.5599975585938,0.0047045291089418,0.3908478232199588,0.0048340560476364215,0.1850653199058528,0.8101006240465107,2,Medium volatility
2003-06-04,986.239990234375,0.014996698227585,1.2969857464396075,0.009534607027506675,0.05350604808621201,0.9369593448862813,2,Medium volatility
2003-06-05,990.1400146484376,0.003946639276501,0.3241220717403012,0.006212943218357405,0.12219447313352101,0.8715925836481216,2,Medium volatility
2003-06-06,987.760009765625,-0.0024065989201966,-0.2352264969542476,0.004418537359081627,0.21496222102891052,0.7806192416120079,2,Medium volatility
2003-06-09,975.9299926757812,-0.0120489081214651,-1.0841497835773273,0.007359740630135116,0.07676349580866001,0.9158767635612048,2,Medium volatility
2003-06-10,984.8400268554688,0.0090883636738245,0.776807158183257,0.006866868878785018,0.09140106318903407,0.901732067932181,2,Medium volatility
2003-06-11,997.47998046875,0.0127528601586206,1.0994348954562512,0.008956483217754323,0.04997803418584592,0.9410654825963997,2,Medium volatility
2003-06-12,998.510009765625,0.0010320987513452,0.0675215759497367,0.005693273150117498,0.12619728107249376,0.8681094457773887,2,Medium volatility
2003-06-13,988.6099853515624,-0.009964276289371,-0.9006156871943154,0.006827465966561171,0.07599621375997745,0.9171763202734613,2,Medium volatility
2003-06-16,1010.739990234375,0.0221381038476673,1.9257257508890857,0.026090706032831652,0.0014357511013918893,0.9724735428657765,2,Medium volatility
2003-06-17,1011.6599731445312,0.0009097933052535,0.0567536220187003,0.013127174232315573,0.04129358934679555,0.9455792364208888,2,Medium volatility
2003-06-18,1010.0900268554688,-0.0015530571085644,-0.1600794025315028,0.007537246668094357,0.10400502734158883,0.8884577259903168,2,Medium volatility
2003-06-19,994.7000122070312,-0.0153535449329949,-1.375094938371827,0.013180192425107371,0.01276849818495974,0.9740513093899329,2,Medium volatility
2003-06-20,995.6900024414062,0.0009947701794397,0.0642351127918457,0.007685236491654809,0.061977672907224654,0.9303370906011206,2,Medium volatility
2003-06-23,981.6400146484376,-0.0142113093247653,-1.2745308114188538,0.011638174703118212,0.012177401019774714,0.9761844242771072,2,Medium volatility
2003-06-24,983.4500122070312,0.0018421528232437,0.1388399448906556,0.007110916939010837,0.06060596446110453,0.9322831185998846,2,Medium volatility
2003-06-25,975.3200073242188,-0.0083011803202737,-0.7541942370431483,0.006828705719852889,0.05856562734610631,0.9346056669340407,2,Medium volatility
2003-06-26,985.8200073242188,0.0107081597978515,0.919416425379068,0.007491670032935047,0.05520394029772829,0.9373043896693367,2,Medium volatility
2003-06-27,976.219970703125,-0.0097858487482849,-0.8849066602961778,0.007822389897722411,0.03958728856669569,0.9525903215355819,2,Medium volatility
2003-06-30,974.5,-0.001763421890037,-0.1786002317177284,0.005438091813405987,0.09999183507560769,0.8945700731109864,2,Medium volatility
2003-07-01,982.3200073242188,0.0079926093606834,0.6803353137913779,0.0053221109623190705,0.13270941407597103,0.8619684749617098,2,Medium volatility
2003-07-02,993.75,0.011568537660243,0.9951653759087858,0.006991752192286058,0.09161576563808964,0.9013924821696243,2,Medium volatility
2003-07-03,985.7000122070312,-0.0081336049130245,-0.7394406481973895,0.006639485633430729,0.08415581960824148,0.9092046947583279,2,Medium volatility
2003-07-07,1004.4199829101562,0.0188134614005281,1.6330192700908233,0.016742948941470978,0.0066272443145846145,0.9766298067439444,2,Medium volatility
2003-07-08,1007.8400268554688,0.0033992100641331,0.275925587220213,0.009505602592035249,0.04817483985472132,0.9423195575532434,2,Medium volatility
2003-07-09,1002.2100219726562,-0.0056018700718372,-0.5165429358987488,0.006951615973626816,0.07815132740817696,0.9148970566181962,2,Medium volatility
2003-07-10,988.7000122070312,-0.0135719011987065,-1.2182363661218776,0.010405409665546162,0.01823874742736025,0.9713558429070935,2,Medium volatility
2003-07-11,998.1400146484376,0.009502600460288,0.8132771828282368,0.008904162272380263,0.03401269252475152,0.9570831452028683,2,Medium volatility
2003-07-14,1003.8599853515624,0.0057142719955916,0.4797470933103907,0.006493661274358856,0.08000570058773031,0.9135006381379107,2,Medium volatility
2003-07-15,1000.4199829101562,-0.0034326599813585,-0.3255624434724254,0.0049196497675037445,0.1439363620545556,0.8511439881779407,2,Medium volatility
2003-07-16,994.0900268554688,-0.0063474008916903,-0.5821805814728226,0.004743883880987199,0.16600109834094337,0.8292550177780694,2,Medium volatility
2003-07-17,981.72998046875,-0.0125114712616589,-1.1248745324987115,0.007903824215309219,0.05129971472443214,0.9407964610602587,2,Medium volatility
2003-07-18,993.3200073242188,0.0117365737251287,1.0099595217400783,0.00885411095021902,0.040094155729805965,0.9510517333199751,2,Medium volatility
2003-07-21,978.7999877929688,-0.0147255561988446,-1.3198058733740972,0.013178306275773108,0.007357615838080023,0.9794640778861468,2,Medium volatility
2003-07-22,988.1099853515624,0.0094666936610661,0.8101158946584318,0.010430518403903025,0.024671848500124972,0.9648976330959719,2,Medium volatility
2003-07-23,988.6099853515624,0.000505888560923,0.0211932457766073,0.006464195883974692,0.08269791434591058,0.9108378897701147,2,Medium volatility
2003-07-24,981.5999755859376,-0.0071160327940802,-0.6498520808159822,0.00594710793000671,0.09275623314761035,0.901296658922383,2,Medium volatility
2003-07-25,998.6799926757812,0.0172505311558222,1.4954165597438247,0.013194828214118798,0.013005449446383053,0.9737997223394981,2,Medium volatility
2003-07-28,996.52001953125,-0.0021651703840603,-0.2139707684660486,0.007882732597312217,0.05570763240982857,0.9364096349928592,2,Medium volatility
2003-07-29,989.280029296875,-0.0072917938721621,-0.66532634833336,0.006794761104720387,0.06643180913772018,0.9267734297575594,2,Medium volatility
2003-07-30,987.489990234375,-0.001811075172216,-0.1827956977706582,0.004869947033666268,0.14113222455258048,0.8539978284137532,2,Medium volatility
2003-07-31,990.3099975585938,0.0028516627087107,0.2277187012093589,0.0037034602119653285,0.2602461100871654,0.7360504297008692,2,Medium volatility
2003-08-01,980.1500244140624,-0.0103123768761648,-0.9312629821573868,0.005664254416464355,0.14478125031857805,0.8495544952649575,2,Medium volatility
2003-08-04,982.8200073242188,0.0027203518276346,0.2161578953478512,0.0039653507182509035,0.2663972890594793,0.7296373602222698,2,Medium volatility
2003-08-05,965.4600219726562,-0.0178213034547072,-1.5923600800630429,0.013563451259526326,0.013406787989457315,0.9730297607510163,2,Medium volatility
2003-08-06,967.0800170898438,0.0016765453381557,0.124259614847745,0.007872818860190905,0.06292279510094141,0.9292043860388676,2,Medium volatility
2003-08-07,974.1199951171876,0.0072532545305055,0.615241411561744,0.006373453276716479,0.10206244008225729,0.8915641066410263,2,Medium volatility
2003-08-08,977.5900268554688,0.0035558923770215,0.2897201317879632,0.004571469679723561,0.198430851706862,0.7969976786134144,2,Medium volatility
2003-08-11,980.5900268554688,0.0030640720105878,0.2464195330220433,0.0033429705143068218,0.33551349030506267,0.6611435391806304,2,Medium volatility
2003-08-12,990.3499755859376,0.0099039326371919,0.8486110663962967,0.004329984627899463,0.3024536899908194,0.6932163253812811,2,Medium volatility
2003-08-13,984.030029296875,-0.0064019771865924,-0.5869855598937496,0.004004320621341129,0.32080596883674645,0.6751897105419125,2,Medium volatility
2003-08-14,990.510009765625,0.0065635576932603,0.5545194731104535,0.0033338129839178693,0.4091289233446282,0.5875372636714539,2,Medium volatility
2003-08-15,990.6699829101562,0.0001614927926487,-0.0091278714371028,0.00203832218583936,0.5788134632534635,0.41914821456069706,1,Low volatility
2003-08-18,999.739990234375,0.0091137707574766,0.7790440357306615,0.002474522918776202,0.567582872096319,0.42994260498490466,1,Low volatility
2003-08-19,1002.3499755859376,0.0026072622855481,0.2062013233538582,0.0013987873595181655,0.7145430028856163,0.28405820975486545,1,Low volatility
2003-08-20,1000.2999877929688,-0.0020472759058955,-0.2035911627316454,0.0008495938141437937,0.8092934719957676,0.18985693419008853,1,Low volatility
2003-08-21,1003.27001953125,0.0029647418387135,0.23767435650797,0.0004908273552025402,0.8820656073775456,0.11744356526725193,1,Low volatility
2003-08-22,993.0599975585938,-0.0102288809044424,-0.9239118722463874,0.0013160171167387544,0.7537285259538433,0.24495545692941786,1,Low volatility
2003-08-25,993.7100219726562,0.0006543529758005,0.0342642743438928,0.0006709246158366007,0.851277568830345,0.14805150655381838,1,Low volatility
2003-08-26,996.72998046875,0.0030344655550527,0.2438129365093728,0.0003783484232209129,0.9072860435661602,0.09233560801061885,1,Low volatility
2003-08-27,996.7899780273438,6.019258383282988e-05,-0.018046492942443,0.00020923828610177724,0.9413130056743841,0.05847775603951403,1,Low volatility
2003-08-28,1002.8400268554688,0.0060511867440373,0.5094095703780919,0.00017623329749422585,0.9484342465072972,0.051389520195208496,1,Low volatility
2003-08-29,1008.010009765625,0.0051420983242893,0.4293720697115579,0.00013515758623055938,0.9571065622670104,0.04275828014675915,1,Low volatility
2003-09-02,1021.989990234375,0.0137735975194184,1.1893021354523965,0.0007897192522185455,0.8369867312052177,0.16222354954256385,1,Low volatility
2003-09-03,1026.27001953125,0.0041791916123168,0.3445963263106328,0.000467485081082387,0.8927981261952754,0.10673438872364217,1,Low volatility
2003-09-04,1027.969970703125,0.0016550661733827,0.1223685571381857,0.00024971567286534907,0.9338755848454063,0.0658746994817283,1,Low volatility
2003-09-05,1021.3900146484376,-0.0064214961865314,-0.5887040417671199,0.00029680791096016424,0.92053594441043,0.07916724767860986,1,Low volatility
2003-09-08,1031.6400146484375,0.009985324149893,0.855776896595597,0.0005177706853665756,0.8858722202045798,0.11361000911005374,1,Low volatility
2003-09-09,1023.1699829101562,-0.008244148822647,-0.7491730989116387,0.000812564779590949,0.8334672214959757,0.16572021372443332,1,Low volatility
2003-09-10,1010.9199829101562,-0.0120448439412372,-1.083791967087057,0.0029675654452016795,0.5655402086808884,0.43149222587391,1,Low volatility
2003-09-11,1016.4199829101562,0.0054258423214115,0.4543533145118034,0.001871124623199607,0.6743063458838486,0.32382252949295176,1,Low volatility
2003-09-12,1018.6300048828124,0.00217195926853,0.1678765963439286,0.0009782333361291573,0.796679375288716,0.20234239137515486,1,Low volatility
2003-09-15,1014.8099975585938,-0.0037571915703331,-0.3541346887069056,0.0006826449609798311,0.8469478619622937,0.1523694930767264,1,Low volatility
2003-09-16,1029.3199462890625,0.0141969374145407,1.2265736113638528,0.003020289824049157,0.5940285867318806,0.40295112344407025,1,Low volatility
2003-09-17,1025.969970703125,-0.0032598598619451,-0.3103488631734254,0.0017388846214828793,0.6969447558108438,0.3013163595676734,1,Low volatility
2003-09-18,1039.5799560546875,0.0131782651597243,1.1368881863790663,0.00434962520892082,0.46324374672546387,0.5324066280656153,2,Medium volatility
2003-09-19,1036.300048828125,-0.0031600188336513,-0.301558710098076,0.002533627557544214,0.5831897576622004,0.4142766147802555,1,Low volatility
2003-09-22,1022.8200073242188,-0.0130931987562235,-1.1760906889500955,0.006877988824306445,0.22181386079683812,0.7713081503788555,2,Medium volatility
2003-09-23,1029.030029296875,0.006053113846697,0.509579235371133,0.004755733150832528,0.3139963293819983,0.6812479374671692,2,Medium volatility
2003-09-24,1009.3800048828124,-0.0192803536018333,-1.7208170316492075,0.01837985939886598,0.008801079874853126,0.9728190607262809,2,Medium volatility
2003-09-25,1003.27001953125,-0.0060716011700829,-0.557898762540291,0.011475962360736048,0.03148899948615086,0.957035038153113,2,Medium volatility
2003-09-26,996.8499755859376,-0.006419680828853,-0.5885442149689354,0.008256068784765504,0.05257744057867446,0.9391664906365601,2,Medium volatility
2003-09-29,1006.5800170898438,0.0097134594598848,0.831841523715399,0.007754439843471319,0.06168831700275548,0.9305572431537732,2,Medium volatility
2003-09-30,995.969970703125,-0.0105966350238899,-0.9562894935437294,0.008498685670877653,0.03538170285151519,0.9561196114776072,2,Medium volatility
2003-10-01,1018.219970703125,0.0220941477754497,1.9218557927167117,0.02868445167967996,0.0008156700284272228,0.9704998782918928,2,Medium volatility
2003-10-02,1020.239990234375,0.0019819081376839,0.1511442112630727,0.014337003246284934,0.03980869056427726,0.9458543061894378,2,Medium volatility
2003-10-03,1029.8499755859375,0.0093752526973061,0.8020652957959822,0.010925343932302552,0.05408371557741172,0.9349909404902856,2,Medium volatility
2003-10-06,1034.3499755859375,0.0043600496417077,0.3605193370249644,0.006874812947319056,0.12013696834554718,0.8729882187071337,2,Medium volatility
2003-10-07,1039.25,0.0047261126469786,0.3927480701073688,0.00488455823512085,0.21116852364657906,0.7839469181183001,2,Medium volatility
2003-10-08,1033.780029296875,-0.0052772833201419,-0.4879658340560455,0.004159323276278313,0.263773978593277,0.7320666981304447,2,Medium volatility
2003-10-09,1038.72998046875,0.0047767784577343,0.3972087636703271,0.0031732035696686836,0.3900789776857121,0.6067478187446192,2,Medium volatility
2003-10-10,1038.06005859375,-0.000645151301418,-0.0801460208426532,0.0020841087303512746,0.5540610672998059,0.4438548239698427,1,Low volatility
2003-10-13,1045.3499755859375,0.006998091228799,0.5927764538230125,0.001913546666720475,0.6231887509831049,0.3748977023501747,1,Low volatility
2003-10-14,1049.47998046875,0.0039430505773152,0.3238061173103074,0.0012016790510720762,0.7454307708053058,0.2533675501436222,1,Low volatility
2003-10-15,1046.760009765625,-0.0025950962125245,-0.2518220797739212,0.0007675427957839742,0.8250554636388187,0.17417699356539734,1,Low volatility
2003-10-16,1050.0699462890625,0.0031570888837366,0.2546088772980487,0.0004486968672626033,0.8909400325883859,0.10861127054435143,1,Low volatility
2003-10-17,1039.3199462890625,-0.0102901759942177,-0.9293083833911512,0.0012414887871877484,0.7648324546281687,0.23392605658464363,1,Low volatility
2003-10-20,1044.6800537109375,0.0051440683700096,0.4295455154757173,0.0007946910134848466,0.8352239366428917,0.16398137234362334,1,Low volatility
2003-10-21,1046.030029296875,0.0012914040875635,0.0903512045860371,0.0004106368407505088,0.901331884278507,0.09825747888074256,1,Low volatility
2003-10-22,1030.3599853515625,-0.0150938324056157,-1.352229460018267,0.004312519598007978,0.44800123859447843,0.5476862418075136,2,Medium volatility
2003-10-23,1033.77001953125,0.0033040915774726,0.2675512137554186,0.0023297558887442555,0.6054767102715485,0.3921935338397073,1,Low volatility
2003-10-24,1028.9100341796875,-0.0047123104101052,-0.4382247762212414,0.0017382821082438202,0.6708247671292236,0.32743695076253254,1,Low volatility
2003-10-27,1031.1300048828125,0.0021552703057992,0.1664072751682607,0.0009509681434773519,0.7942562694739685,0.20479276238255414,1,Low volatility
2003-10-28,1046.7900390625,0.0150730830264746,1.303710778085852,0.004668307005967472,0.44697250821206325,0.5483591847819693,2,Medium volatility
2003-10-29,1048.1099853515625,0.0012601522252628,0.0875997440070804,0.0023025906040811204,0.6172073290753936,0.3804900803205253,1,Low volatility
2003-10-30,1046.93994140625,-0.0011169605573737,-0.1216848115892112,0.0012489095836804695,0.7471646682199313,0.25158642219638827,1,Low volatility
2003-10-31,1050.7099609375,0.0035945212652261,0.2931210767326586,0.0007298381125097412,0.8383075381407588,0.16096262374673137,1,Low volatility
2003-11-03,1059.02001953125,0.0078778816703524,0.6702345167821248,0.0007344300377633275,0.8484779956008893,0.15078757436134743,1,Low volatility
2003-11-04,1053.25,-0.0054633487479707,-0.504347311897326,0.0006404182280800755,0.8603089192294234,0.1390506625424964,1,Low volatility
2003-11-05,1051.81005859375,-0.0013680765306034,-0.1437934364909791,0.0003599347844639721,0.9103538426572005,0.08928622255833543,1,Low volatility
2003-11-06,1058.050048828125,0.0059150921014232,0.4974275950142904,0.0002794525967020234,0.9283683211670636,0.07135222623623444,1,Low volatility
2003-11-07,1053.2099609375,-0.0045850310690935,-0.4270189131613161,0.00023640041068310203,0.9342341289291863,0.06552947066013058,1,Low volatility
2003-11-10,1047.1099853515625,-0.0058086319162065,-0.5347465571274835,0.0002577119935128727,0.9277893869375905,0.07195290106889662,1,Low volatility
2003-11-11,1046.5699462890625,-0.0005158754844192,-0.0687643850584505,0.0001560079869452642,0.9516791727797879,0.04816481923326691,1,Low volatility
2003-11-12,1058.530029296875,0.0113630818833971,0.9770767428132228,0.00043075078857913,0.8969674964073675,0.10260175280405336,1,Low volatility
2003-11-13,1058.4100341796875,-0.0001133665703498,-0.0333268997948655,0.00023709528785218552,0.9353405073905986,0.06442239732154918,1,Low volatility
2003-11-14,1050.3499755859375,-0.0076443955753244,-0.6963699282963483,0.0003727495453296506,0.9042653093273755,0.09536194112729479,1,Low volatility
2003-11-17,1043.6300048828125,-0.0064183935236465,-0.5884308786981336,0.00043510801347093376,0.8930950762195936,0.10646981576693537,1,Low volatility
2003-11-18,1034.1500244140625,-0.0091251683211153,-0.8267393698750646,0.0009006343531143228,0.8146511015382297,0.1844482641086559,1,Low volatility
2003-11-19,1042.43994140625,0.0079842059983699,0.6795954692370337,0.0008890955482145615,0.82581750388685,0.17329340056493542,1,Low volatility
2003-11-20,1033.6500244140625,-0.0084678117609566,-0.7688647176641863,0.0013456563674099043,0.754797221094995,0.24385712253759503,1,Low volatility
2003-11-21,1035.280029296875,0.001575698721318,0.1153809282568384,0.0006793873215063046,0.8519862328773821,0.14733437980111166,1,Low volatility
2003-11-24,1052.0799560546875,0.016097165451856,1.3938725225581556,0.004906394035972782,0.45507335389017295,0.5400202520738543,2,Medium volatility
2003-11-25,1053.8900146484375,0.0017189789642211,0.1279955345896711,0.0023589960074873965,0.623780381447499,0.3738606225450135,1,Low volatility
2003-11-26,1058.449951171875,0.0043174334438669,0.3567673433915688,0.0013662938440361764,0.7412007492348426,0.2574329569211212,1,Low volatility
2003-11-28,1058.199951171875,-0.0002362223444558,-0.0441433054252686,0.0007170202221480773,0.8407965458173062,0.15848643396054576,1,Low volatility
2003-12-01,1070.1199951171875,0.0112014818101027,0.9628492312829384,0.0014579294070970205,0.7528820635633199,0.24566000702958316,1,Low volatility
2003-12-02,1066.6199951171875,-0.003276021552697,-0.3117717625374787,0.0008798474979791423,0.8215722350229101,0.17754791747911075,1,Low volatility
2003-12-03,1064.72998046875,-0.001773538053813,-0.1794908738680143,0.0004965853736541913,0.884059551319008,0.11544386330733783,1,Low volatility
2003-12-04,1069.719970703125,0.0046756770497653,0.3883076448881195,0.0003235826817126094,0.9193634293577387,0.08031298796054857,1,Low volatility
2003-12-05,1061.5,-0.0077139024374535,-0.7024894161295874,0.00048762891305708414,0.8851339121400136,0.11437845894692937,1,Low volatility
2003-12-08,1069.300048828125,0.0073212722829341,0.6212297959554747,0.0004575629654284331,0.8960941610821057,0.10344827595246578,1,Low volatility
2003-12-09,1060.1800537109375,-0.0085655187535964,-0.7774669870569707,0.0007904651171689819,0.8365137447248349,0.16269579015799615,1,Low volatility
2003-12-10,1059.050048828125,-0.0010664297270519,-0.1172360019050193,0.00042871336493360786,0.89729019650503,0.10228109013003649,1,Low volatility
2003-12-11,1071.2099609375,0.0114164882468887,0.9817787187274478,0.0009915668704802538,0.818709964244379,0.18029846888514062,1,Low volatility
2003-12-12,1074.1400146484375,0.0027315408358719,0.2171429923249956,0.0005034089394685901,0.8888115776281035,0.11068501343242804,1,Low volatility
2003-12-15,1068.0400390625,-0.0056951254520454,-0.524753278692072,0.00047131273779868704,0.8905811634898525,0.10894752377234879,1,Low volatility
2003-12-16,1075.1300048828125,0.0066163594481398,0.559168218380505,0.000390861361901908,0.9083750676120554,0.09123407102604265,1,Low volatility
2003-12-17,1076.47998046875,0.0012548517363963,0.0871330810599239,0.00020861629124593526,0.9425905991071896,0.05720078460156441,1,Low volatility
2003-12-18,1089.1800537109375,0.0117287280827325,1.0092687796792683,0.0005881762305006567,0.8748238323456801,0.12458799142381931,1,Low volatility
2003-12-19,1088.6600341796875,-0.0004775553026359,-0.0653906190876192,0.0003097283372777909,0.9220409525757001,0.07764931908702215,1,Low volatility
2003-12-22,1092.93994140625,0.0039236457326916,0.3220976858412035,0.00019365582804980392,0.945636670719498,0.05416967345245235,1,Low volatility
2003-12-23,1096.02001953125,0.002814195063169,0.2244199938010647,0.00011879908948538324,0.9613003416250185,0.03858085928549605,1,Low volatility
2003-12-24,1094.0400390625,-0.0018081522471753,-0.1825383590896109,8.416541744167902e-05,0.9677517438706433,0.03216409071191508,1,Low volatility
2003-12-26,1095.8900146484375,0.0016895297846311,0.1254027848858338,6.022518580589343e-05,0.9738375300358885,0.02610224477830564,1,Low volatility
2003-12-29,1109.47998046875,0.0123245875940467,1.0617291399676447,0.0002825511882829363,0.9128871353977585,0.0868303134139586,1,Low volatility
2003-12-30,1109.6400146484375,0.0001442321103111,-0.0106475276598534,0.00017945246416658993,0.9444669662826876,0.05535358125314589,1,Low volatility
2003-12-31,1111.9200439453125,0.002052638719892,0.1573714372376313,0.00011353000366082692,0.9614980306771332,0.03838843931920588,1,Low volatility
2004-01-02,1108.47998046875,-0.0030986004243986,-0.296151341722552,9.33798199006619e-05,0.9644977368398957,0.03540888334020366,1,Low volatility
2004-01-05,1122.219970703125,0.0123191503128605,1.061250433620593,0.00039429783972982034,0.896265975059004,0.10333972710126622,1,Low volatility
2004-01-06,1123.6700439453125,0.0012913129621026,0.0903431817645171,0.0002269571238365155,0.9359477267347789,0.06382531614138465,1,Low volatility
2004-01-07,1126.3299560546875,0.0023643674208901,0.1848164971151175,0.00013744593827214234,0.9566618401101099,0.043200713951617876,1,Low volatility
2004-01-08,1131.9200439453125,0.0049508241414217,0.4125320053061617,0.00010787250055551026,0.9627711088985494,0.03712101860089506,1,Low volatility
2004-01-09,1121.8599853515625,-0.0089273356549446,-0.8093218868156182,0.00027376840539771575,0.9165595655828391,0.08316666601176309,1,Low volatility
2004-01-12,1127.22998046875,0.0047752694673972,0.3970759099099141,0.00020953786419108657,0.9390097874616906,0.060780674674118434,1,Low volatility
2004-01-13,1121.219970703125,-0.0053459264910831,-0.4940092812286344,0.00021634709933383728,0.9361228803387943,0.06366077256187179,1,Low volatility
2004-01-14,1130.52001953125,0.0082603690921612,0.7039092799987201,0.0002750087035404123,0.9272159031025455,0.07250908819391405,1,Low volatility
2004-01-15,1132.050048828125,0.001352470406549,0.0957275744091832,0.00015654959611460245,0.9527095851651151,0.047133865238770264,1,Low volatility
2004-01-16,1139.8299560546875,0.0068488983758756,0.5796412924834711,0.0001556606811489254,0.9519141953919267,0.04793014392692445,1,Low volatility
2004-01-20,1138.77001953125,-0.0009303402187708,-0.1052544785755547,0.00010106849243403836,0.9641577081419953,0.03574122336557067,1,Low volatility
2004-01-21,1147.6199951171875,0.0077414786871958,0.6582253946569745,0.00013057801756277023,0.9552518696318495,0.04461755235058777,1,Low volatility
2004-01-22,1143.93994140625,-0.003211835584894,-0.3061207341785003,0.00010982046088110252,0.9601935598424162,0.039696619696702774,1,Low volatility
2004-01-23,1141.550048828125,-0.0020913619918809,-0.207472567510093,8.558747223760936e-05,0.9664993156945667,0.033415096833195775,1,Low volatility
2004-01-26,1155.3699951171875,0.0120336039511306,1.0361105059514906,0.000339184470608038,0.9060050694019117,0.0936557461274802,1,Low volatility
2004-01-27,1144.050048828125,-0.0098459937917052,-0.8902019196441907,0.0009166060655023225,0.8070515370337862,0.19203185690071142,1,Low volatility
2004-01-28,1128.47998046875,-0.0137030638061226,-1.2297841177491622,0.004758221946835153,0.39668119737823654,0.5985605806749283,2,Medium volatility
2004-01-29,1134.1099853515625,0.0049766122784626,0.4148024313623772,0.0029280323460924903,0.5283824761488333,0.4686894915050743,1,Low volatility
2004-01-30,1131.1300048828125,-0.0026310520745322,-0.2549876875045805,0.0017947716553890923,0.653188965830272,0.345016262514339,1,Low volatility
2004-02-02,1135.260009765625,0.0036445708176024,0.2975275139885509,0.001076380326775753,0.7714330918876919,0.2274905277855324,1,Low volatility
2004-02-03,1136.030029296875,0.0006780459980966,0.0363502433724522,0.0005822303511073409,0.862475916664283,0.13694185298460965,1,Low volatility
2004-02-04,1126.52001953125,-0.0084065020139059,-0.7634669160710302,0.0009790135923449725,0.8004187985978831,0.19860218780977187,1,Low volatility
2004-02-05,1128.5899658203125,0.0018357835172881,0.1382791816924971,0.0005151075984820249,0.8800167744921702,0.11946811790934782,1,Low volatility
2004-02-06,1142.760009765625,0.0124773618642954,1.0751796146313182,0.0015328181203452282,0.750271258027158,0.24819592385249684,1,Low volatility
2004-02-09,1139.81005859375,-0.0025847643015683,-0.2509124429200356,0.0008498874178040519,0.8287278327946938,0.1704222797875022,1,Low volatility
2004-02-10,1145.5400390625,0.0050145423947265,0.4181418553829749,0.0005402548213566843,0.8809008281894011,0.11855891698924224,1,Low volatility
2004-02-11,1157.760009765625,0.0106109365690452,0.9108567472758712,0.000965245099453967,0.8238014623977021,0.1752332925028439,1,Low volatility
2004-02-12,1152.1099853515625,-0.004892081107811,-0.4540520566319189,0.0007246338653562618,0.8500831881039786,0.14919217803066512,1,Low volatility
2004-02-13,1145.81005859375,-0.0054831694935799,-0.5060923599096495,0.0006347353865848472,0.8613067396882492,0.1380585249251658,1,Low volatility
2004-02-17,1156.989990234375,0.0097099350730145,0.831531231437604,0.0009120719650282934,0.8278502647314953,0.17123766330347645,1,Low volatility
2004-02-18,1151.8199462890625,-0.0044785432572611,-0.4176435673474556,0.0006561249969082143,0.8599024246713172,0.13944145033177463,1,Low volatility
2004-02-19,1147.06005859375,-0.00414105519837,-0.3879306151728682,0.00047771900285889155,0.8884345045281545,0.1110877764689866,1,Low volatility
2004-02-20,1144.1099853515625,-0.0025751688577333,-0.2500676457301732,0.00030300393326895434,0.9212702463477972,0.07842674971893378,1,Low volatility
2004-02-23,1140.989990234375,-0.002730731337194,-0.2637635984923642,0.0002051976431210264,0.9409976880671976,0.058797114289681304,1,Low volatility
2004-02-24,1139.0899658203125,-0.0016666300221777,-0.1700785312758163,0.00013386304021534574,0.9565668749555929,0.043299262004191735,1,Low volatility
2004-02-25,1143.6700439453125,0.0040127602123734,0.3299434575747242,9.751259249053868e-05,0.9651588317101115,0.03474365569739776,1,Low volatility
2004-02-26,1144.9100341796875,0.001083632919439,0.07205872098817,6.605729697332493e-05,0.9725982335695246,0.027335709133502157,1,Low volatility
2004-02-27,1144.93994140625,2.612155982539832e-05,-0.0210461567237287,5.004543877366188e-05,0.9760975200826166,0.023852434478609814,1,Low volatility
2004-03-01,1155.969970703125,0.0095876103021748,0.8207615761269247,0.00011884510911538766,0.9527187877983427,0.047162367092541915,1,Low volatility
2004-03-02,1149.0999755859375,-0.0059607869771651,-0.5481425156815108,0.00016879842440068956,0.9422107548047065,0.057620446770892716,1,Low volatility
2004-03-03,1151.030029296875,0.0016782131095398,0.1244064479284079,0.00011318416658683534,0.9605337621067951,0.03935305372661811,1,Low volatility
2004-03-04,1154.8699951171875,0.0033305601537501,0.269881546697114,8.194485648833657e-05,0.968600235254704,0.031317819888807774,1,Low volatility
2004-03-05,1156.8599853515625,0.0017216463364899,0.1282303740234427,5.8656549064959354e-05,0.9742637076481557,0.025677635802779326,1,Low volatility
2004-03-08,1147.199951171875,-0.0083852773346366,-0.7615982636448619,0.00015369515535060992,0.9399854092992371,0.05986089554541218,1,Low volatility
2004-03-09,1140.5799560546875,-0.0057872818735935,-0.5328668675255169,0.00020890318088142112,0.9328723865955365,0.06691871022358217,1,Low volatility
2004-03-10,1123.8900146484375,-0.0147409714793136,-1.3211630576633375,0.002730485506685746,0.5648918083150508,0.4323777061782634,1,Low volatility
2004-03-11,1106.780029296875,-0.0153409698217386,-1.37398780681708,0.009891443658042301,0.1092442635768496,0.8808642927651081,2,Medium volatility
2004-03-12,1120.5699462890625,0.0123825113607054,1.066828834795832,0.010814676002380362,0.06399976652542815,0.9251855574721914,2,Medium volatility
2004-03-15,1104.489990234375,-0.0144537553616386,-1.2958761221898616,0.01473809643200347,0.011498090593314723,0.9737638129746818,2,Medium volatility
2004-03-16,1110.699951171875,0.0056067221045896,0.4702782404620127,0.009224188948238518,0.048247726743262845,0.9425280843084988,2,Medium volatility
2004-03-17,1123.75,0.0116809035743346,1.0050582386145888,0.009671565656297869,0.03884063211067516,0.951487802233027,2,Medium volatility
2004-03-18,1122.3199462890625,-0.0012733832323759,-0.1354564972501286,0.00613575048297301,0.10145364778002701,0.892410601737,2,Medium volatility
2004-03-19,1109.780029296875,-0.0112360996903175,-1.0125889167391229,0.007910821036231142,0.045530925143625466,0.9465582538201434,2,Medium volatility
2004-03-22,1095.4000244140625,-0.01304220822571,-1.171601406575239,0.010534702224761333,0.01409130904611701,0.9753739887291217,2,Medium volatility
2004-03-23,1093.949951171875,-0.0013246611737711,-0.1399710837077742,0.006673478952737596,0.060446203937947134,0.9328803171093153,2,Medium volatility
2004-03-24,1091.3299560546875,-0.0023978588407622,-0.2344570073222597,0.004928082323970637,0.12725217236310035,0.867819745312929,2,Medium volatility
2004-03-25,1109.18994140625,0.0162328707457071,1.4058202190760265,0.010850863200248178,0.02483649180595769,0.9643126449937942,2,Medium volatility
2004-03-26,1108.06005859375,-0.0010191750233872,-0.1130756272990941,0.00669214169807572,0.07948188538992192,0.9138259729120024,2,Medium volatility
2004-03-29,1122.469970703125,0.0129207967557789,1.1142202840004356,0.008958051271775756,0.04254000395880677,0.9485019447694175,2,Medium volatility
2004-03-30,1127.0,0.0040276469387849,0.3312541071762374,0.0060661920799444345,0.10453231271889926,0.8894014952011563,2,Medium volatility
2004-03-31,1126.2099609375,-0.0007012565260868,-0.0850856085211212,0.004274672840358228,0.20676078794548347,0.7889645392141583,2,Medium volatility
2004-04-01,1132.1700439453125,0.0052782054676123,0.4413551456564197,0.0035557635448617937,0.3128218261473306,0.6836224103078076,2,Medium volatility
2004-04-02,1141.81005859375,0.0084785899282975,0.7231217679573195,0.003844270199202574,0.3369705059620292,0.6591852238387682,2,Medium volatility
2004-04-05,1150.5699462890625,0.0076426511446188,0.6495244703760655,0.0035703963565052008,0.391192812685587,0.6052367909579079,2,Medium volatility
2004-04-06,1148.1600341796875,-0.002096734294799,-0.2079455530734857,0.002337220647547973,0.5352047284083196,0.46245805094413245,1,Low volatility
2004-04-07,1140.530029296875,-0.0066675984413357,-0.6103712514191741,0.002473326503843653,0.5345017348111711,0.46302493868498523,1,Low volatility
2004-04-08,1139.3199462890625,-0.0010615462722602,-0.116806055259946,0.0014936485543982306,0.6814249242824036,0.317081427163198,1,Low volatility
2004-04-12,1145.199951171875,0.0051477055409323,0.4298657374297386,0.0010573102119812534,0.7733532066717864,0.2255894831162322,1,Low volatility
2004-04-13,1129.43994140625,-0.0138573688181811,-1.2433693612053542,0.005303055762103722,0.3408865052997766,0.6538104389381197,2,Medium volatility
2004-04-14,1128.1700439453125,-0.0011249928934669,-0.1223919904416176,0.0029594176976946098,0.49858647224585784,0.4984541100564477,1,Low volatility
2004-04-15,1128.8399658203125,0.0005936366181584,0.0289187156394973,0.001662861581994376,0.6620725624361092,0.3362645759818964,1,Low volatility
2004-04-16,1134.6099853515625,0.0050984401286413,0.4255283370367483,0.0011499123812608568,0.7592035976914433,0.23964648992729592,1,Low volatility
2004-04-19,1135.8199462890625,0.0010658431120758,0.0704924798088089,0.0006210013470074395,0.8550287100056131,0.14435028864737948,1,Low volatility
2004-04-20,1118.1500244140625,-0.0156792540269217,-1.4037708528989186,0.006125917247249104,0.30864820017487815,0.6852258825778729,2,Medium volatility
2004-04-21,1124.0899658203125,0.0052982333088866,0.4431184266800471,0.0038456289167867266,0.4295657090882807,0.5665886619949325,2,Medium volatility
2004-04-22,1139.9300537109375,0.0139931150962979,1.2086287904005248,0.007858677676858009,0.19099514312608076,0.8011461791970612,2,Medium volatility
2004-04-23,1140.5999755859375,0.0005875142056135,0.0283796893055362,0.004391953290464724,0.334927131242243,0.6606809154672922,2,Medium volatility
2004-04-26,1135.530029296875,-0.0044548902418135,-0.4155611205815211,0.0032812784684204043,0.4199865821605385,0.5767321393710411,2,Medium volatility
2004-04-27,1138.1099853515625,0.002269450876466,0.1764599029460763,0.0020199684026203798,0.5881560463848381,0.40982398521254154,1,Low volatility
2004-04-28,1122.4100341796875,-0.0138907892722119,-1.2463117478353671,0.00699456490562581,0.1829560022282979,0.8100494328660763,2,Medium volatility
2004-04-29,1113.8900146484375,-0.0076197831853086,-0.6942030167622196,0.0062128699421665065,0.16997202452875254,0.8238151055290809,2,Medium volatility
2004-04-30,1107.300048828125,-0.0059337426943661,-0.5457614966788148,0.0051173466782546105,0.20267400938973276,0.7922086439320126,2,Medium volatility
2004-05-03,1117.489990234375,0.0091604263623059,0.7831516647813732,0.005323712816977288,0.20768987582728551,0.7869864113557371,2,Medium volatility
2004-05-04,1119.550048828125,0.0018417722884791,0.1388064420422926,0.0034631346329948814,0.35575446499232055,0.6407824003746846,2,Medium volatility
2004-05-05,1121.530029296875,0.0017669881618616,0.1322223359707914,0.0022594630617298814,0.52675922957754,0.4709813073607301,1,Low volatility
2004-05-06,1113.989990234375,-0.0067456945933646,-0.6172469531488249,0.002486692049328229,0.5229523078272414,0.4745610001234303,1,Low volatility
2004-05-07,1098.699951171875,-0.0138205377547997,-1.240126699440116,0.00747247770720636,0.1510023308483674,0.8415251914444263,2,Medium volatility
2004-05-10,1087.1199951171875,-0.0105956251443775,-0.956200582244904,0.008414555603286099,0.07766082618653515,0.9139246182101787,2,Medium volatility
2004-05-11,1095.449951171875,0.0076332000399199,0.6486923810190728,0.006720702809126996,0.11398789557293612,0.879291401617937,2,Medium volatility
2004-05-12,1097.280029296875,0.0016692238134483,0.1236150168901437,0.0044462894304340556,0.22662759565689503,0.7689261149126709,2,Medium volatility
2004-05-13,1096.43994140625,-0.0007659026155675,-0.0907771466790207,0.003103681825933452,0.3716496667683311,0.6252466514057354,2,Medium volatility
2004-05-14,1095.699951171875,-0.0006751305105909,-0.0827854351416752,0.002123315357949424,0.535206161800369,0.4626705228416815,1,Low volatility
2004-05-17,1084.0999755859375,-0.0106432567008143,-0.9603941355310796,0.004325470508409046,0.3250155203407733,0.6706590091508177,2,Medium volatility
2004-05-18,1091.489990234375,0.0067935991497689,0.5747726661208113,0.0035252200743012166,0.40669658871945297,0.5897781912062459,2,Medium volatility
2004-05-19,1088.6800537109375,-0.00257772377633,-0.2502925845748931,0.0023384693508206066,0.5413564237797227,0.4563051068694567,1,Low volatility
2004-05-20,1089.18994140625,0.0004682443908698,0.0178789968869787,0.001382625328628505,0.6974496519901447,0.30116772268122677,1,Low volatility
2004-05-21,1093.56005859375,0.0040042359653362,0.3291929701489679,0.0008907352515357077,0.8000514278422999,0.1990578369061643,1,Low volatility
2004-05-24,1095.4100341796875,0.0016902707190888,0.125468017860827,0.0004932549098163125,0.8799893464584198,0.11951739863176403,1,Low volatility
2004-05-25,1113.050048828125,0.0159752851692385,1.3831420006536532,0.003977513373016894,0.5186566671688418,0.4773658194581413,1,Low volatility
2004-05-26,1114.93994140625,0.0016965004687508,0.1260164943147047,0.0019020230270521698,0.6792525383802644,0.31884543859268344,1,Low volatility
2004-05-27,1121.280029296875,0.0056703767621311,0.4758824914729519,0.0012574806031695278,0.7628483555996911,0.2358941637971394,1,Low volatility
2004-05-28,1120.6800537109375,-0.0005352241592584,-0.0704678712559408,0.0006573726167530988,0.8535821381628543,0.14576048922039256,1,Low volatility
2004-06-01,1121.199951171875,0.0004638049040313,0.0174881378428232,0.0003506617882362273,0.9116034236910334,0.0880459145207303,1,Low volatility
2004-06-02,1124.989990234375,0.0033746412887394,0.2737625155824791,0.0002115944241459487,0.9412902796912425,0.0584981258846116,1,Low volatility
2004-06-03,1116.6400146484375,-0.0074499486423338,-0.6792505302369661,0.00032206377408431437,0.9139144866309933,0.08576344959492248,1,Low volatility
2004-06-04,1122.5,0.005234151229251,0.4374765447903087,0.0002390898266342265,0.935014134927638,0.06474677524572771,1,Low volatility
2004-06-07,1140.4200439453125,0.0158383135087136,1.371082811324636,0.002344002335220053,0.663644893254464,0.33401110441031595,1,Low volatility
2004-06-08,1142.1800537109375,0.0015421099089785,0.1124237191101681,0.0011059439532890168,0.7909754811385487,0.20791857490816237,1,Low volatility
2004-06-09,1131.3299560546875,-0.0095448711322765,-0.8636906314887285,0.002045692880087223,0.6622713051750486,0.3356830019448641,1,Low volatility
2004-06-10,1136.469970703125,0.0045330484311527,0.3757504085299254,0.0012041389729347475,0.7678839398838584,0.23091192114320677,1,Low volatility
2004-06-14,1125.2900390625,-0.0098861264223888,-0.8937352563200431,0.0023866425516940555,0.614376501767126,0.38323685568118,1,Low volatility
2004-06-15,1132.010009765625,0.0059540073625825,0.5008537526611333,0.0016353080145087803,0.7041580319734653,0.29420666001202594,1,Low volatility
2004-06-16,1133.56005859375,0.0013683523556657,0.0971258449023505,0.0008431737527893198,0.8190000258780532,0.18015680036915752,1,Low volatility
2004-06-17,1132.050048828125,-0.0013329830973702,-0.1407037582762111,0.0004779470556988804,0.8851059961349883,0.11441605680931285,1,Low volatility
2004-06-18,1135.02001953125,0.0026200975820058,0.2073313620018844,0.0002720171397431506,0.9281478402586132,0.07158014260164355,1,Low volatility
2004-06-21,1130.300048828125,-0.0041671617175271,-0.3902290720655613,0.00022058612636665964,0.9371599168291213,0.06261949704451213,1,Low volatility
2004-06-22,1134.4100341796875,0.0036295947057087,0.2962089947558383,0.00014446178933468596,0.9550935047670794,0.04476203344358592,1,Low volatility
2004-06-23,1144.06005859375,0.0084706682308368,0.7224243298951709,0.0001978305982258909,0.9419808689832753,0.0578213004184988,1,Low volatility
2004-06-24,1140.6500244140625,-0.0029850935899675,-0.2861580306880174,0.0001471863214489265,0.9527605908528811,0.0470922228256699,1,Low volatility
2004-06-25,1134.4300537109375,-0.0054679272699873,-0.5047504118059762,0.00016497294090114385,0.9462193583267322,0.053615668732366555,1,Low volatility
2004-06-28,1133.3499755859375,-0.0009525423036746,-0.1072091832518929,0.00011138847953347858,0.961009565683456,0.03887904583701039,1,Low volatility
2004-06-29,1136.199951171875,0.0025114909792254,0.1977694746721175,7.72105516448236e-05,0.969836507240293,0.030086282208062178,1,Low volatility
2004-06-30,1140.8399658203125,0.0040754850507456,0.3354658459188798,6.381591813587477e-05,0.9725098564832054,0.02742632759865857,1,Low volatility
2004-07-01,1128.93994140625,-0.0104857157385005,-0.946523994186971,0.0002970913716282156,0.9017194345940225,0.0979834740343493,1,Low volatility
2004-07-02,1125.3800048828125,-0.0031583267392925,-0.3014097355864352,0.00024744126159384743,0.9261001635593784,0.07365239517902784,1,Low volatility
2004-07-06,1116.2099609375,-0.0081817774345669,-0.743681828858482,0.0004660386649614134,0.8832390386114997,0.11629492272353896,1,Low volatility
2004-07-07,1118.3299560546875,0.0018974785253469,0.1437109022395445,0.0002650504051547628,0.9283114541793395,0.07142349541550563,1,Low volatility
2004-07-08,1109.1099853515625,-0.0082785831296128,-0.7522047466665301,0.00048030491989923846,0.8838666644083345,0.11565303067176633,1,Low volatility
2004-07-09,1112.81005859375,0.0033305218812769,0.269878177131478,0.0002855684852685499,0.9254372717159531,0.07427715979877836,1,Low volatility
2004-07-12,1114.3499755859375,0.0013828527936485,0.09840248509433,0.0001614203725056042,0.951752622867289,0.04808595676020544,1,Low volatility
2004-07-13,1115.1400146484375,0.0007087173291013,0.0390505931100636,9.78198618330181e-05,0.9656020417814926,0.03430013835667437,1,Low volatility
2004-07-14,1111.469970703125,-0.0032965335582142,-0.3135776701033345,8.423394572093447e-05,0.9664302094138711,0.03348555664040802,1,Low volatility
2004-07-15,1106.68994140625,-0.0043099117155618,-0.4027969948491527,9.046157265695522e-05,0.9631953770785361,0.03671416134880696,1,Low volatility
2004-07-16,1101.3900146484375,-0.0048004936788892,-0.4459885627581253,0.00010637060760462097,0.9585260236729679,0.04136760571942747,1,Low volatility
2004-07-19,1100.9000244140625,-0.0004449824807535,-0.062522859256462,7.883184344675798e-05,0.9683437533355499,0.03157741482100336,1,Low volatility
2004-07-20,1108.6700439453125,0.0070330890798446,0.5958577168393931,9.763041373856936e-05,0.9623974451154497,0.03750492447081171,1,Low volatility
2004-07-21,1093.8800048828125,-0.013430125117174,-1.2057541884000431,0.0010675103532772662,0.7599012582476706,0.23903123139905202,1,Low volatility
2004-07-22,1096.8399658203125,0.0027022739357747,0.2145662907796318,0.0006250286670212144,0.8519688201657907,0.14740615116718805,1,Low volatility
2004-07-23,1086.199951171875,-0.0097479655036787,-0.8815713629262478,0.0014355002596177413,0.7323434211122313,0.2662210786281509,1,Low volatility
2004-07-26,1084.0699462890625,-0.001962894632788,-0.1961621095659955,0.0008184609455748581,0.822814704225606,0.1763668348288193,1,Low volatility
2004-07-27,1094.8299560546875,0.0098766329026114,0.8462075570376706,0.0012054661708222674,0.7818012486912382,0.2169932851379395,1,Low volatility
2004-07-28,1095.4200439453125,0.0005388315533858,0.0240935959778891,0.0005954609180298567,0.8688071850034573,0.13059735407851275,1,Low volatility
2004-07-29,1100.4300537109375,0.004563169830571,0.3784023414702739,0.0003734837133909528,0.9104546760858181,0.08917184020079083,1,Low volatility
2004-07-30,1101.719970703125,0.0011715070503042,0.0797952905615061,0.000201654213367224,0.9437266527397137,0.05607169304691901,1,Low volatility
2004-08-02,1106.6199951171875,0.0044377519145699,0.367360361045184,0.0001393968189683426,0.9566555483880752,0.0432050547929565,1,Low volatility
2004-08-03,1099.68994140625,-0.0062820516618611,-0.5764271377896856,0.00017820594981179922,0.9429008361375092,0.05692095791267917,1,Low volatility
2004-08-04,1098.6300048828125,-0.0009643151419913,-0.1082456815001943,0.00011921526188303645,0.9591688719868448,0.04071191275127228,1,Low volatility
2004-08-05,1080.699951171875,-0.0164550193352068,-1.472070387938815,0.00318257093799543,0.5020097797808085,0.49480764928119614,1,Low volatility
2004-08-06,1063.969970703125,-0.0156017666472427,-1.3969487483951286,0.010643605783327369,0.08029205227129854,0.9090643419453741,2,Medium volatility
2004-08-09,1065.219970703125,0.001174155597206,0.0800284725818831,0.006125138957600707,0.17559363838593461,0.8182812226564647,2,Medium volatility
2004-08-10,1079.0400390625,0.0128904700574006,1.1115502762333804,0.00858447576181194,0.08893532566709497,0.9024801985710931,2,Medium volatility
2004-08-11,1075.7900390625,-0.0030164814361448,-0.2889214634903329,0.0056426257680338016,0.1614577771997766,0.8328995970321895,2,Medium volatility
2004-08-12,1063.22998046875,-0.011743885362887,-1.0572951248745246,0.008006685953862126,0.06182471495827778,0.9301685990878601,2,Medium volatility
2004-08-13,1064.800048828125,0.0014756076020079,0.1065687567953243,0.005255718409505006,0.14556632156487673,0.8491779600256182,2,Medium volatility
2004-08-16,1079.3399658203125,0.0135626775979211,1.1707324309102298,0.00846023862346353,0.062403883073391335,0.9291358783031451,2,Medium volatility
2004-08-17,1081.7099609375,0.0021933746536735,0.1697620387997593,0.00547590571019873,0.14510417311598048,0.8494199211738208,2,Medium volatility
2004-08-18,1095.1700439453125,0.0123665562793062,1.0654241256274135,0.007656136447292077,0.08347762294948993,0.908866240603218,2,Medium volatility
2004-08-19,1091.22998046875,-0.0036041599868958,-0.3406615598062438,0.005417217691933047,0.1464381675663922,0.8481446147416748,2,Medium volatility
2004-08-20,1098.3499755859375,0.0065035489507287,0.5492362138960173,0.004614816146055109,0.21476419689342477,0.7806209869605201,2,Medium volatility
2004-08-23,1095.6800537109375,-0.0024338073383418,-0.2376219666776827,0.003395700000522429,0.333930917485989,0.6626733825134886,2,Medium volatility
2004-08-24,1096.18994140625,0.000465253601396,0.0176156833200001,0.002297586943947591,0.5037110350905063,0.49399137796554626,1,Low volatility
2004-08-25,1104.9599609375,0.0079686221543635,0.6782234443624949,0.0024307714102677815,0.5426010736376831,0.4549681549520492,1,Low volatility
2004-08-26,1105.0899658203125,0.0001176488199554,-0.0129879602001257,0.0014109713170083918,0.697119496982403,0.30146953170058854,1,Low volatility
2004-08-27,1107.77001953125,0.0024222544933447,0.1899129613308349,0.0008222567065570217,0.8113976504587034,0.18778009283473954,1,Low volatility
2004-08-30,1099.1500244140625,-0.0078118271450771,-0.7111108534743361,0.0011781363594231913,0.7633234401911277,0.23549842344944918,1,Low volatility
2004-08-31,1104.239990234375,0.004620130653679,0.3834172573117238,0.0007391102590546653,0.8401275160858402,0.15913337365510516,1,Low volatility
2004-09-01,1105.9100341796875,0.0015112496841505,0.1097067388785586,0.0003911865372245292,0.9040680701455701,0.09554074331720531,1,Low volatility
2004-09-02,1118.31005859375,0.0111501131776741,0.958326660251418,0.0008593576587047284,0.836493253964505,0.16264738837679016,1,Low volatility
2004-09-03,1113.6300048828125,-0.004193715276342,-0.3925668869966277,0.0005958210929955136,0.8704995750178025,0.12890460388920194,1,Low volatility
2004-09-07,1121.300048828125,0.0068638157557767,0.5809546408639379,0.0004970849909114573,0.8905466853357535,0.10895622967333495,1,Low volatility
2004-09-08,1116.27001953125,-0.0044959823524859,-0.4191789313069543,0.00038342862253383064,0.9070813334396866,0.09253523793777958,1,Low volatility
2004-09-09,1118.3800048828125,0.001888426335717,0.142913933960334,0.0002111974976712162,0.941533826674187,0.05825497582814182,1,Low volatility
2004-09-10,1123.9200439453125,0.0049413996473699,0.4117022587902377,0.00015326732306838482,0.9536229553085732,0.046223777368358414,1,Low volatility
2004-09-13,1125.8199462890625,0.0016889976651999,0.1253559362972871,9.423043937618074e-05,0.966522254319229,0.03338351524139481,1,Low volatility
2004-09-14,1128.3299560546875,0.002227013208305,0.1727236273320236,6.505104034918681e-05,0.9729430182256414,0.026991930734009434,1,Low volatility
2004-09-15,1120.3699951171875,-0.0070796409990592,-0.6466480928925006,0.00011999567597312228,0.9516433170020949,0.04823668732193189,1,Low volatility
2004-09-16,1123.5,0.002789829107507,0.2222747787150792,9.336330278716484e-05,0.9645501203837862,0.035356516313426685,1,Low volatility
2004-09-17,1128.550048828125,0.0044848535186297,0.3715072565334976,7.880375915976467e-05,0.9686704028946833,0.031250793346156894,1,Low volatility
2004-09-20,1122.199951171875,-0.0056426653382146,-0.5201346120096134,0.0001052150468497338,0.9580429477582801,0.041851837194870116,1,Low volatility
2004-09-21,1129.300048828125,0.0063070141613392,0.5319329978445801,0.00011573209164992384,0.9584928000797616,0.0413914678285885,1,Low volatility
2004-09-22,1113.56005859375,-0.0140358719539319,-1.2590850435705454,0.0014538432313462562,0.7070862761277003,0.2914598806409535,1,Low volatility
2004-09-23,1108.3599853515625,-0.0046807109467437,-0.4354427123263353,0.0011512452148486612,0.7589958394688932,0.23985291531625808,1,Low volatility
2004-09-24,1110.1099853515625,0.0015776642335421,0.1155539748852291,0.0006250510649040076,0.8546127454251213,0.14476220350997457,1,Low volatility
2004-09-27,1103.52001953125,-0.0059540079179791,-0.5475456771976719,0.0006336453417951027,0.8564624717888918,0.14290388286931308,1,Low volatility
2004-09-28,1110.06005859375,0.0059090323018482,0.4968940812196064,0.00047364523267749264,0.8911831909357807,0.10834316383154184,1,Low volatility
2004-09-29,1114.800048828125,0.0042609397238155,0.3517935520000534,0.0002929041523793898,0.9259784032964258,0.0737286925511948,1,Low volatility
2004-09-30,1114.5799560546875,-0.0001974475178485,-0.0407295118458863,0.00016466538107543134,0.9511845615234222,0.04865077309550236,1,Low volatility
2004-10-01,1131.5,0.0150665731837511,1.3031376418209926,0.0013911137785110222,0.7604814232648596,0.2381274629566294,1,Low volatility
2004-10-04,1135.1700439453125,0.0032382720742676,0.2617563665027153,0.0007246681805152309,0.8496222619374952,0.14965306988198948,1,Low volatility
2004-10-05,1134.47998046875,-0.0006080792108065,-0.0768821386805086,0.00038293276455007266,0.9069433531223704,0.09267371411307945,1,Low volatility
2004-10-06,1142.050048828125,0.006650556912394,0.5621790141497416,0.00032640869872277136,0.9200321857612372,0.07964140554003997,1,Low volatility
2004-10-07,1130.6500244140625,-0.0100322256874996,-0.906598053573502,0.000870491363482955,0.8222430211364328,0.17688648750008443,1,Low volatility
2004-10-08,1122.1400146484375,-0.0075551206257111,-0.6885100285506668,0.0011107027361356835,0.7838250773977526,0.21506421986611152,1,Low volatility
2004-10-11,1124.3900146484375,0.0020030898523302,0.1530090810197368,0.0005773473284304183,0.8694861667146341,0.12993648595693555,1,Low volatility
2004-10-12,1121.8399658203125,-0.0022705154376954,-0.2232455041434347,0.00035242810991261173,0.9111847297250594,0.08846284216502796,1,Low volatility
2004-10-13,1113.6500244140625,-0.0073272330308142,-0.6684464647297664,0.0004901746861019719,0.8838731524366533,0.11563667287724479,1,Low volatility
2004-10-14,1103.2900390625,-0.0093462705073408,-0.846205536193959,0.0010430891791034663,0.7939688464352466,0.20498806438564993,1,Low volatility
2004-10-15,1108.199951171875,0.004440372959781,0.3675911217756843,0.000628980834065166,0.8627656254226519,0.136605393743283,1,Low volatility
2004-10-18,1114.02001953125,0.0052380788071637,0.4378223346089631,0.0004225996267873006,0.9016950302737278,0.09788237009948486,1,Low volatility
2004-10-19,1103.22998046875,-0.0097328891554413,-0.8802440187363018,0.000994015781573057,0.8048578969146801,0.1941480873037469,1,Low volatility
2004-10-20,1103.6600341796875,0.0003897373349159,0.0109671185627782,0.0005073369806986796,0.8826972730131727,0.11679539000612855,1,Low volatility
2004-10-21,1106.489990234375,0.0025608737597133,0.2021172083362546,0.00028180407851744946,0.9269138918388135,0.07280430408266908,1,Low volatility
2004-10-22,1095.739990234375,-0.0097629089432205,-0.8828870056363581,0.0007273062006690787,0.8424544999538449,0.15681819384548598,1,Low volatility
2004-10-25,1094.800048828125,-0.0008581824090638,-0.0989015973628333,0.0003994570138204897,0.9017570134467666,0.09784352953941293,1,Low volatility
2004-10-26,1111.0899658203125,0.0147697419305927,1.2770041754755528,0.0024294452864557893,0.6574804755861183,0.340090079127426,1,Low volatility
2004-10-27,1125.4000244140625,0.0127970649956967,1.1033267552578787,0.004890658187990283,0.44580777465364885,0.5493015671583609,2,Medium volatility
2004-10-28,1127.43994140625,0.0018109742197855,0.1360949341294812,0.0023887171326991657,0.6149769305749895,0.38263435229231124,1,Low volatility
2004-10-29,1130.199951171875,0.0024450410800191,0.1919191264150254,0.0012540196446477819,0.7523205217550664,0.2464254586002858,1,Low volatility
2004-11-01,1130.510009765625,0.0002743019680115,0.0008040166522802,0.0006614148567589805,0.8496472246159936,0.1496913605272473,1,Low volatility
2004-11-02,1130.56005859375,4.4270037300897513e-05,-0.0194483376926112,0.00036038239212584267,0.9086530041211929,0.09098661348668131,1,Low volatility
2004-11-03,1143.199951171875,0.0111181679058898,0.9555141508670864,0.0008027546171368267,0.8435435290872483,0.1556537162956149,1,Low volatility
2004-11-04,1161.6700439453125,0.016027357888424,1.3877265605336184,0.005235880505427537,0.4462929973981366,0.5484711220964359,2,Medium volatility
2004-11-05,1166.1700439453125,0.0038662497727957,0.3170444599078033,0.002699687726136038,0.5966578474787124,0.40064246479515164,1,Low volatility
2004-11-08,1164.8900146484375,-0.0010982380490904,-0.1200364540294271,0.0014047452778867587,0.7315161388852287,0.2670791158368846,1,Low volatility
2004-11-09,1164.0799560546875,-0.0006956368150783,-0.0845908407803625,0.0007564458900939015,0.8321436802358801,0.1670998738740259,1,Low volatility
2004-11-10,1162.9100341796875,-0.0010055238556958,-0.1118737581305238,0.0004264024871737193,0.894879569934688,0.10469402757813821,1,Low volatility
2004-11-11,1173.47998046875,0.0090481626230971,0.7732677977046784,0.0005712551697531832,0.8773663650349368,0.12206237979530987,1,Low volatility
2004-11-12,1184.1700439453125,0.0090684678605867,0.7750555011049245,0.0007089894044905485,0.8598297471519414,0.139461263443568,1,Low volatility
2004-11-15,1183.81005859375,-0.000304044239181,-0.0501144462146085,0.00035892327061710786,0.913819571226994,0.08582150550238885,1,Low volatility
2004-11-16,1175.4300537109375,-0.007104016316032,-0.6487941321622542,0.00046250993294850344,0.8907725889462432,0.10876490112080828,1,Low volatility
2004-11-17,1181.93994140625,0.0055230229084139,0.4629092383669713,0.0003329637070179016,0.9180761359134764,0.08159090037950577,1,Low volatility
2004-11-18,1183.550048828125,0.0013613312059481,0.0965076924069552,0.0001821945235909529,0.9478123027533576,0.05200550272305146,1,Low volatility
2004-11-19,1170.3399658203125,-0.0112241622260755,-1.0115379245787663,0.0007786609212859122,0.8283342705061425,0.17088706857257158,1,Low volatility
2004-11-22,1177.239990234375,0.0058784317577789,0.4941999636693885,0.0005764673235627078,0.8715554520657911,0.127868080610646,1,Low volatility
2004-11-23,1176.93994140625,-0.0002549073039972,-0.0457883571378001,0.00030965395033623187,0.9206906045984025,0.07899974145126136,1,Low volatility
2004-11-24,1181.760009765625,0.0040870608120711,0.3364849932148735,0.0001985131907560631,0.9443002637718454,0.05550122303739855,1,Low volatility
2004-11-26,1182.6500244140625,0.000752842931309,0.0429354769556735,0.00011595604436237267,0.9617161568924244,0.03816788706321326,1,Low volatility
2004-11-29,1178.5699462890625,-0.0034559102806417,-0.3276094345064682,9.770246864913993e-05,0.963416957163523,0.036485340367827676,1,Low volatility
2004-11-30,1173.8199462890625,-0.0040384516790066,-0.378897248262625,9.671523084868393e-05,0.9622705551957457,0.0376327295734056,1,Low volatility
2004-12-01,1191.3699951171875,0.0148405594196185,1.2832390528559905,0.0009375544735137844,0.8042017734470895,0.19486067207939664,1,Low volatility
2004-12-02,1190.3299560546875,-0.0008733586513249,-0.1002377363716494,0.0005144882690442802,0.8782275702759174,0.12125794145503829,1,Low volatility
2004-12-03,1191.1700439453125,0.0007055115897305,0.0387683550334877,0.00028013185652773874,0.9258315349102498,0.07388833323322248,1,Low volatility
2004-12-06,1190.25,-0.0007726851828824,-0.0913742940237615,0.0001657124292528055,0.9501317892763822,0.049702498294364995,1,Low volatility
2004-12-07,1177.0699462890625,-0.0111351149768204,-1.0036980719123076,0.0007139138586958298,0.8366405597245993,0.16264552641670493,1,Low volatility
2004-12-08,1182.81005859375,0.0048647588972379,0.4049546928147807,0.0004782616304662477,0.8874585150450301,0.11206322332450375,1,Low volatility
2004-12-09,1189.239990234375,0.005421426409419,0.4539645310322591,0.00033974022184730577,0.9166273737095003,0.0830328860686524,1,Low volatility
2004-12-10,1188.0,-0.0010432184818744,-0.1151924492527039,0.00019544199383510425,0.9443768773010892,0.05542768070507566,1,Low volatility
2004-12-13,1198.6800537109375,0.0089497752178706,0.7646056237727109,0.0002801992148017646,0.927025176058173,0.07269462472702524,1,Low volatility
2004-12-14,1203.3800048828125,0.0039132719874022,0.3211843658302139,0.0001783045443926514,0.9485503389795016,0.05127135647610573,1,Low volatility
2004-12-15,1205.719970703125,0.0019426064338468,0.1476840306263754,0.0001072781494694227,0.9637341420167498,0.03615857983378086,1,Low volatility
2004-12-16,1203.2099609375,-0.0020839216956991,-0.2068175127347005,7.9575837583713e-05,0.9685532874911706,0.03136713667124561,1,Low volatility
2004-12-17,1194.199951171875,-0.0075164886408476,-0.6851088109715021,0.00015625890463488487,0.9428672947997877,0.05697644629557749,1,Low volatility
2004-12-20,1194.6500244140625,0.0003768116475395,0.009829121763423,0.00010913820156799637,0.9607739049836471,0.03911695681478491,1,Low volatility
2004-12-21,1205.449951171875,0.0089996248164663,0.7689944567994651,0.00018448165665110622,0.942392296845023,0.05742322149832582,1,Low volatility
2004-12-22,1209.5699462890625,0.0034119794362474,0.2770498217906993,0.00012585186721730392,0.9584959801018226,0.04137816803096025,1,Low volatility
2004-12-23,1210.1300048828125,0.0004629157457971,0.0174098550254244,8.125696450167794e-05,0.9690179256755661,0.03090081735993213,1,Low volatility
2004-12-27,1204.9200439453125,-0.0043145847203094,-0.4032084131583908,8.459527452619876e-05,0.9649866087043532,0.03492879602112072,1,Low volatility
2004-12-28,1213.5400390625,0.0071285291665352,0.6042604044506054,0.00010890127545117782,0.9594205519291392,0.04047054679540948,1,Low volatility
2004-12-29,1213.449951171875,-7.423837018549762e-05,-0.0298819946803567,7.720421623251533e-05,0.9691637787912593,0.030759016992508274,1,Low volatility
2004-12-30,1213.550048828125,8.248673778865623e-05,-0.0160836823694144,5.6953313826193624e-05,0.9743522992940249,0.025590747392148828,1,Low volatility
2004-12-31,1211.9200439453125,-0.0013440735740735,-0.1416801803901113,4.8654553459539536e-05,0.975746113366888,0.02420523207965247,1,Low volatility
2005-01-03,1202.0799560546875,-0.0081525620478464,-0.7411096626276514,0.00013212615835862226,0.9445162695138958,0.05535160432774558,1,Low volatility
2005-01-04,1188.050048828125,-0.0117400043847162,-1.0569534377666652,0.0008512476369062731,0.7990180532833054,0.2001306990797884,1,Low volatility
2005-01-05,1183.739990234375,-0.0036344391932798,-0.3433273863072714,0.0006292334571608392,0.8503292621371483,0.1490415044056908,1,Low volatility
2005-01-06,1187.8900146484375,0.0034997268893883,0.2847752384682082,0.00038077567510453177,0.9048050439017296,0.09481418042316599,1,Low volatility
2005-01-07,1186.18994140625,-0.001432195683594,-0.1494385823741983,0.00022792521922855585,0.9364504724298389,0.06332160235093252,1,Low volatility
2005-01-10,1190.25,0.0034169283837073,0.2774855345079839,0.0001450646289873442,0.955185875186287,0.04466906018472569,1,Low volatility
2005-01-11,1182.989990234375,-0.0061182454723818,-0.5620053964993652,0.00017884254231599495,0.9430245054560296,0.056796652001654555,1,Low volatility
2005-01-12,1187.699951171875,0.0039734990664497,0.3264868477172276,0.00012904863596499563,0.957554319862624,0.04231663150141095,1,Low volatility
2005-01-13,1177.449951171875,-0.0086675809940901,-0.7864526989680374,0.00029553145080646684,0.9138266035919238,0.08587786495726969,1,Low volatility
2005-01-14,1184.52001953125,0.0059866040319374,0.5037236120593453,0.00025513170450158556,0.9302077463147437,0.06953712198075482,1,Low volatility
2005-01-18,1195.97998046875,0.009628270925436,0.8243413980569764,0.0004153744583477916,0.9030186759413027,0.09656594960034946,1,Low volatility
2005-01-19,1184.6300048828125,-0.0095354229837631,-0.8628588023987173,0.0009312523577309419,0.8141341010841686,0.18493464655810038,1,Low volatility
2005-01-20,1175.4100341796875,-0.0078134416848634,-0.7112529999657169,0.001235068418253289,0.7662805053394198,0.23248442624232674,1,Low volatility
2005-01-21,1167.8699951171875,-0.0064354793204568,-0.5899351377381638,0.001221864033217601,0.7637500473631358,0.23502808860364652,1,Low volatility
2005-01-24,1163.75,-0.0035340230516194,-0.3344865993931637,0.0008085088153918758,0.8257905751725192,0.17340091601208896,1,Low volatility
2005-01-25,1168.4100341796875,0.0039963298516152,0.3284969041025105,0.00048527706276247105,0.8868652419116106,0.11264948102562676,1,Low volatility
2005-01-26,1174.0699462890625,0.0048324196329385,0.4021074957416556,0.00032074173879825335,0.9201938369910917,0.07948542127010995,1,Low volatility
2005-01-27,1174.550048828125,0.0004088379957147,0.0126487692341606,0.00017669135542769523,0.948706302800012,0.051117005844560345,1,Low volatility
2005-01-28,1171.3599853515625,-0.002719682678709,-0.2627908581167882,0.000126679594410257,0.957912058834223,0.04196126157136675,1,Low volatility
2005-01-31,1181.27001953125,0.0084246930228273,0.7183766039955005,0.00017949885976107765,0.9449072435278361,0.05491325761240289,1,Low volatility
2005-02-01,1189.4100341796875,0.00686726715863,0.5812585075199976,0.00018123953398318756,0.9460949028248377,0.053723857641179186,1,Low volatility
2005-02-02,1193.18994140625,0.0031729290996995,0.2560034735420973,0.00011772661331563946,0.9609862619893076,0.03889601139737674,1,Low volatility
2005-02-03,1189.8900146484375,-0.0027694655050192,-0.267173812411915,9.202697837779188e-05,0.9651959132334655,0.034712059788156766,1,Low volatility
2005-02-04,1203.030029296875,0.010982520503199,0.9435715511733316,0.00026364632907370164,0.9230280462583224,0.07670830741260387,1,Low volatility
2005-02-07,1201.719970703125,-0.0010895591835762,-0.1192723537622934,0.00016874352012905816,0.9478556194581553,0.05197563702171561,1,Low volatility
2005-02-08,1202.300048828125,0.0004825901045295,0.0191420149187323,0.00010490268017440807,0.9634694447900232,0.03642565252980231,1,Low volatility
2005-02-09,1191.989990234375,-0.0086122584574734,-0.7815820203133024,0.000246714254033192,0.9226656257136454,0.07708766003232147,1,Low volatility
2005-02-10,1197.010009765625,0.004202617764653,0.346658799709802,0.00018132912104662334,0.9450375269959178,0.05478114388303573,1,Low volatility
2005-02-11,1205.300048828125,0.0069017502051709,0.5842944463797914,0.00018263844205462508,0.9459647528157635,0.05385260874218182,1,Low volatility
2005-02-14,1206.1400146484375,0.0006966508245467,0.0379882400480818,0.00011027556187357344,0.9625693865302463,0.03732033790788002,1,Low volatility
2005-02-15,1210.1199951171875,0.0032943342621285,0.2666921651564127,7.813979898969268e-05,0.9697589331656544,0.03016292703535584,1,Low volatility
2005-02-16,1210.3399658203125,0.000181759423647,-0.0073435670099444,5.623789705684511e-05,0.974715502874243,0.025228259228700135,1,Low volatility
2005-02-17,1200.75,-0.0079549220708656,-0.7237091442119404,0.0001346841776052635,0.9453697398418712,0.05449557598052354,1,Low volatility
2005-02-18,1201.5899658203125,0.0006992897479056,0.0382205747973853,0.00010066425856899332,0.9622443437210978,0.0376549920203331,1,Low volatility
2005-02-22,1184.1600341796875,-0.0146119599796046,-1.3098046927676414,0.0016074143662513228,0.679049553519996,0.3193430321137527,1,Low volatility
2005-02-23,1190.800048828125,0.0055916998328573,0.4689556572482478,0.0011510153346596453,0.7640411062110315,0.2348078784543088,1,Low volatility
2005-02-24,1200.199951171875,0.0078627777259958,0.6689047429886759,0.001118762586576514,0.7844542279720007,0.21442700944142276,1,Low volatility
2005-02-25,1211.3699951171875,0.0092637776022721,0.7922508621289479,0.0013558154736520885,0.7627348163268745,0.2359093681994735,1,Low volatility
2005-02-28,1203.5999755859375,-0.0064349010026694,-0.5898842217774178,0.00128770067465926,0.7604667499313401,0.2382455493940007,1,Low volatility
2005-03-01,1210.4100341796875,0.0056421279380938,0.473395422862683,0.0008648777472673411,0.8253563737320022,0.1737787485207305,1,Low volatility
2005-03-02,1210.0799560546875,-0.000272736618105,-0.0473580765498925,0.0004502233376398393,0.893511891566907,0.10603788509545317,1,Low volatility
2005-03-03,1210.469970703125,0.0003222529289743,0.0050256907894173,0.0002442073573111014,0.9340230637131407,0.06573272892954826,1,Low volatility
2005-03-04,1222.1199951171875,0.0095783618669198,0.8199473300901182,0.00039017602492728414,0.9078954333448868,0.09171439063018594,1,Low volatility
2005-03-07,1225.31005859375,0.0026068694206831,0.2061667349450618,0.00021713319618036695,0.9409864647051593,0.05879640209866016,1,Low volatility
2005-03-08,1219.4300537109375,-0.0048103405278272,-0.4468554940283057,0.00019650450458161544,0.9419073874279451,0.05789610806747331,1,Low volatility
2005-03-09,1207.010009765625,-0.0102373453223183,-0.9246570922235288,0.0006363366962929357,0.8519846642519722,0.14737899905173488,1,Low volatility
2005-03-10,1209.25,0.0018540975449816,0.1398915760117777,0.00035146256481445316,0.9105794619506498,0.08906907548453573,1,Low volatility
2005-03-11,1200.0799560546875,-0.0076121481011108,-0.6935308125593108,0.0005233119163183468,0.877473476770149,0.12200321131353276,1,Low volatility
2005-03-14,1206.8299560546875,0.0056088660916895,0.4704670002847205,0.0003807513106590431,0.9084812051446003,0.09113804354474075,1,Low volatility
2005-03-15,1197.75,-0.0075522539304397,-0.6882576404223931,0.0005405569976968681,0.8764439037422691,0.12301553926003407,1,Low volatility
2005-03-16,1188.0699462890625,-0.008114700226149,-0.7377762513625712,0.0008386429488349188,0.8261791151602527,0.17298224189091252,1,Low volatility
2005-03-17,1190.2099609375,0.0017996327677858,0.1350964157760771,0.00043899359168255917,0.8955618457615899,0.1039991606467276,1,Low volatility
2005-03-18,1189.6500244140625,-0.0004705625853755,-0.0647749698281717,0.0002439109703648259,0.9338629274600441,0.06589316156959116,1,Low volatility
2005-03-21,1183.780029296875,-0.0049464336027398,-0.4588373313693283,0.00022562990082199613,0.935457987656241,0.06431638244293708,1,Low volatility
2005-03-22,1171.7099609375,-0.0102485462092563,-0.9256432350192036,0.0007130976993093086,0.8403976680182211,0.1588892342824695,1,Low volatility
2005-03-23,1172.530029296875,0.0006996454255911,0.0382518891914221,0.0003832192244976251,0.9041936060246509,0.09542317475085148,1,Low volatility
2005-03-24,1171.4200439453125,-0.0009471067214326,-0.106730626482423,0.00022309305027200723,0.9375769178282135,0.062199989121514365,1,Low volatility
2005-03-28,1174.280029296875,0.0024384931401666,0.1913426360220951,0.00013468244590801354,0.9574510417993077,0.04241427575478431,1,Low volatility
2005-03-29,1165.3599853515625,-0.0076251791810113,-0.6946780882737138,0.00023250552466396279,0.929259181238958,0.07050831323637793,1,Low volatility
2005-03-30,1181.4100341796875,0.0136786297313706,1.1809410297182787,0.0012243379263342515,0.7801039147753652,0.21867174729830047,1,Low volatility
2005-03-31,1180.5899658203125,-0.0006943847521814,-0.084480607295073,0.0006221900103510518,0.8639163256040526,0.1354614843855964,1,Low volatility
2005-04-01,1172.9200439453125,-0.0065178809492634,-0.5971899000662989,0.0006744872495771803,0.8534783642866367,0.14584714846378624,1,Low volatility
2005-04-04,1176.1199951171875,0.0027244773167245,0.2165211095617933,0.0003695399368986152,0.9096047115564008,0.09002574850670066,1,Low volatility
2005-04-05,1181.3900146484375,0.0044708427855688,0.3702737306933914,0.00023990582374986127,0.9361753926663934,0.06358470150985675,1,Low volatility
2005-04-06,1184.0699462890625,0.0022658872536416,0.1761461562763495,0.0001394977888778593,0.9568963245378169,0.04296417767330529,1,Low volatility
2005-04-07,1191.1400146484375,0.0059532330669584,0.5007855825192815,0.00012264179033861285,0.9592917040420567,0.04058565416760478,1,Low volatility
2005-04-08,1181.199951171875,-0.0083800144915917,-0.7611349150919997,0.000262790527985991,0.9208025145556352,0.07893469491637875,1,Low volatility
2005-04-11,1181.2099609375,8.474198803121169e-06,-0.0225998567147313,0.00016434815803590536,0.9486232430357989,0.05121240880616513,1,Low volatility
2005-04-12,1187.760009765625,0.0055298848027831,0.4635133697839139,0.0001379452808152299,0.9556998926842069,0.04416216203497805,1,Low volatility
2005-04-13,1173.7900390625,-0.0118313255056285,-1.06499348548602,0.0007765861701182255,0.8214667392996694,0.1777566745302124,1,Low volatility
2005-04-14,1162.050048828125,-0.0100521342630219,-0.9083508342624008,0.0018398697875607122,0.6746140073906729,0.3235461228217663,1,Low volatility
2005-04-15,1142.6199951171875,-0.0168618619627656,-1.507889419803106,0.011022961825550265,0.0964578732303139,0.8925191649441357,2,Medium volatility
2005-04-18,1145.97998046875,0.0029362822699345,0.2351687336162497,0.006319501867452184,0.19505478652401903,0.7986257116085288,2,Medium volatility
2005-04-19,1152.780029296875,0.0059162928136293,0.4975333075081563,0.004601557499223485,0.28560823090340276,0.7097902115973738,2,Medium volatility
2005-04-20,1137.5,-0.0133435700606669,-1.1981337521010096,0.008786562137841044,0.07354635423372545,0.9176670836284336,2,Medium volatility
2005-04-21,1159.949951171875,0.019543986803022,1.6973358163352832,0.021401425921259716,0.004385976895515383,0.974212597183225,2,Medium volatility
2005-04-22,1152.1199951171875,-0.0067731393687058,-0.6196632321123972,0.013375338787727691,0.023846720488279263,0.9627779407239931,2,Medium volatility
2005-04-25,1162.0999755859375,0.0086249729608329,0.7360095485181687,0.0099510718886678,0.045175059329955344,0.9448738687813769,2,Medium volatility
2005-04-26,1151.8299560546875,-0.0088767484509073,-0.8048681139054145,0.008703222545109504,0.04198388288964967,0.9493128945652408,2,Medium volatility
2005-04-27,1156.3800048828125,0.0039424963921659,0.3237573260230211,0.005948638683067899,0.10416101933331515,0.8898903419836169,2,Medium volatility
2005-04-28,1143.219970703125,-0.0114456235739419,-1.0310357120243283,0.007929441515679796,0.044092230350958495,0.9479783281333617,2,Medium volatility
2005-04-29,1156.8499755859375,0.0118519564622063,1.020117990042111,0.008956073236626809,0.035037575613375435,0.9560063511499978,2,Medium volatility
2005-05-02,1162.1600341796875,0.0045795989253338,0.379848783482364,0.006227887236166979,0.08943223844655943,0.9043398743172736,2,Medium volatility
2005-05-03,1161.1700439453125,-0.0008522166554065,-0.0983763635110426,0.004430981986985032,0.1831002730119172,0.8124687450010978,2,Medium volatility
2005-05-04,1175.6500244140625,0.0123930515603474,1.0677568096963437,0.006897769960957988,0.10410095271331593,0.8890012773257261,2,Medium volatility
2005-05-05,1172.6300048828125,-0.002572113341297,-0.2497986335048556,0.0048055574580909335,0.18794037100408753,0.8072540715378216,2,Medium volatility
2005-05-06,1171.3499755859375,-0.0010921846046327,-0.1195034997487507,0.003424154390090368,0.3191869180015954,0.6773889276083143,2,Medium volatility
2005-05-09,1178.8399658203125,0.0063739661724024,0.5378275527786118,0.003047817862341568,0.41281177090837057,0.5841404112292878,2,Medium volatility
2005-05-10,1166.219970703125,-0.0107631508697192,-0.9709497970214104,0.005349191841587388,0.22512920952820842,0.7695215986302042,2,Medium volatility
2005-05-11,1171.1099853515625,0.0041842802471094,0.3450443373090761,0.0036648246831867217,0.3548915487171926,0.6414436265996207,2,Medium volatility
2005-05-12,1159.3599853515625,-0.0100838884121374,-0.9111465169218516,0.005413038427972194,0.2150149213832682,0.7795720401887596,2,Medium volatility
2005-05-13,1154.050048828125,-0.0045905790757858,-0.427507367947107,0.004165872917687323,0.2865926078894348,0.7092415191928778,2,Medium volatility
2005-05-16,1165.68994140625,0.0100355990912026,0.8602031774294158,0.005023227516805596,0.2538760884556194,0.741100684027575,2,Medium volatility
2005-05-17,1173.800048828125,0.0069332546353733,0.5870681434135985,0.004141218752507425,0.32671735448390665,0.6691414267635859,2,Medium volatility
2005-05-18,1185.56005859375,0.0099688954813217,0.8543304921060424,0.004864194731295107,0.29197702341779447,0.7031587818509105,2,Medium volatility
2005-05-19,1191.0799560546875,0.0046451354452319,0.3856187164625692,0.00329226451512647,0.42472635667475295,0.5719813788101206,2,Medium volatility
2005-05-20,1189.280029296875,-0.0015123150380107,-0.1564924098603151,0.0020790303916519482,0.5774278025991748,0.4204931670091732,1,Low volatility
2005-05-23,1193.8599853515625,0.0038436362656391,0.3150535330025625,0.0013513566459095279,0.7104575911341124,0.288191052219978,1,Low volatility
2005-05-24,1194.0699462890625,0.0001758518415968,-0.0078636793466647,0.0007639561883258186,0.8218070960789521,0.1774289477327221,1,Low volatility
2005-05-25,1190.010009765625,-0.0034058760803965,-0.3232043488751004,0.0005417600397751495,0.8695787757519859,0.12987946420823898,1,Low volatility
2005-05-26,1197.6199951171875,0.0063745313177276,0.5378773090161348,0.00044555054639676287,0.8955819668850902,0.10397248256851299,1,Low volatility
2005-05-27,1198.780029296875,0.000968147436553,0.0618912067918882,0.0002389455796825875,0.9355876764010586,0.06417337801925888,1,Low volatility
2005-05-31,1191.5,-0.0060913798534336,-0.559640107328627,0.00026925092477749494,0.925940828393275,0.07378992068194759,1,Low volatility
2005-06-01,1202.219970703125,0.0089568057259317,0.765224600190629,0.00037836900670225803,0.9091087013382504,0.09051292965504734,1,Low volatility
2005-06-02,1204.2900390625,0.0017203908245111,0.1281198368758373,0.0002062806745106018,0.9427818075909106,0.05701191173457885,1,Low volatility
2005-06-03,1196.02001953125,-0.006890819980251,-0.6300240087105612,0.00027784662303077015,0.923203602630277,0.07651855074669221,1,Low volatility
2005-06-06,1197.510009765625,0.0012450150268454,0.0862670424765098,0.0001626153565198293,0.9505800471007024,0.04925733754277771,1,Low volatility
2005-06-07,1197.260009765625,-0.0002087883169314,-0.0417279727155213,0.00010141781883114733,0.964380298753057,0.03551828342811174,1,Low volatility
2005-06-08,1194.6700439453125,-0.0021655874330352,-0.2140074860799588,7.7714657049155e-05,0.9687439252737038,0.03117836006924706,1,Low volatility
2005-06-09,1200.9300537109375,0.0052262679572478,0.4367824897627619,7.400405889448592e-05,0.969309295681377,0.030616700259728596,1,Low volatility
2005-06-10,1198.1099853515625,-0.0023509984096801,-0.2303313450626884,6.46030338952861e-05,0.9711872017491453,0.02874819521695935,1,Low volatility
2005-06-13,1200.8199462890625,0.0022593090815217,0.1755670041894963,5.230283739186432e-05,0.975341016709528,0.024606680453080083,1,Low volatility
2005-06-14,1203.9100341796875,0.002570009619828,0.2029215430897678,4.459779999463771e-05,0.9772918665478415,0.022663535652163776,1,Low volatility
2005-06-15,1206.5799560546875,0.0022152533117081,0.17168826849204,3.965240375636614e-05,0.9785189200322479,0.021441427563995794,1,Low volatility
2005-06-16,1210.9599609375,0.003623526250351,0.2956747188931324,3.998573296452267e-05,0.9779644473691725,0.021995566897862952,1,Low volatility
2005-06-17,1216.9599609375,0.0049425124446242,0.4118002311205941,4.631387044451498e-05,0.9755371253839421,0.02441656074561331,1,Low volatility
2005-06-20,1216.0999755859375,-0.000706916730218,-0.0855839413368105,4.299521898788007e-05,0.9770822967870102,0.022874707994001944,1,Low volatility
2005-06-21,1213.6099853515625,-0.0020496200337474,-0.2037975432447322,4.384766603556628e-05,0.976217737074381,0.02373841525958353,1,Low volatility
2005-06-22,1213.8800048828125,0.0002224680912794,-0.0037595151817789,4.026183614723864e-05,0.9780571044956653,0.0219026336681874,1,Low volatility
2005-06-23,1200.72998046875,-0.0108921560852186,-0.9823076086459184,0.0002550293529800505,0.9037401575239511,0.09600481312306892,1,Low volatility
2005-06-24,1191.5699462890625,-0.007657968670772,-0.6975649238681049,0.0004951519200657638,0.8688905830080346,0.1306142650718997,1,Low volatility
2005-06-27,1190.68994140625,-0.0007387984219393,-0.088390853037546,0.00030057153029654313,0.9178230280749731,0.08187640039473053,1,Low volatility
2005-06-28,1201.5699462890625,0.0090960684956602,0.7774855021918422,0.0004336015390746505,0.8990468416478193,0.1005195568131059,1,Low volatility
2005-06-29,1199.8499755859375,-0.0014324616711682,-0.1494620003170352,0.00024949989542040783,0.9331006351952967,0.06664986490928283,1,Low volatility
2005-06-30,1191.3299560546875,-0.0071262354410528,-0.6507503370759138,0.0003458431238510987,0.9101556724524571,0.0894984844236918,1,Low volatility
2005-07-01,1194.43994140625,0.0026071140527266,0.2061882727151174,0.00020358935037748837,0.9422313007075547,0.057565109942067955,1,Low volatility
2005-07-05,1204.989990234375,0.0087938528037954,0.7508779818301033,0.000281676338900154,0.9268042015821031,0.07291412207899678,1,Low volatility
2005-07-06,1194.93994140625,-0.0083753341656382,-0.7607228522128722,0.0005095604824303295,0.8798775059791838,0.1196129335383858,1,Low volatility
2005-07-07,1197.8699951171875,0.0024490496555653,0.1922720473861667,0.00028528427121093166,0.9255434387652308,0.0741712769635583,1,Low volatility
2005-07-08,1211.8599853515625,0.0116113817978247,0.9989374376970144,0.0007447491229048949,0.8525444386135044,0.1467108122635908,1,Low volatility
2005-07-11,1219.43994140625,0.0062353315852998,0.5256219569129151,0.0005403611739538766,0.8848210912858622,0.11463854754018402,1,Low volatility
2005-07-12,1222.2099609375,0.0022689745298754,0.1764179646816188,0.0002828366233651922,0.9286927547353854,0.07102440864124951,1,Low volatility
2005-07-13,1223.2900390625,0.000883318908385,0.05442277662349,0.00015581478951832742,0.9534992179327267,0.046344967277755,1,Low volatility
2005-07-14,1226.5,0.0026206023564183,0.2073758030941911,9.804809885910814e-05,0.9657545603101246,0.034147391591016346,1,Low volatility
2005-07-15,1227.9200439453125,0.0011571320950247,0.0785296980539222,6.540861599446798e-05,0.9729052244878864,0.027029366896119206,1,Low volatility
2005-07-18,1221.1300048828125,-0.0055450532453322,-0.5115406977330433,8.827087820447992e-05,0.9620764142261118,0.03783531489568383,1,Low volatility
2005-07-19,1229.3499755859375,0.0067088909926411,0.5673148335983637,0.00010888300691304641,0.9594065757772529,0.04048454121583406,1,Low volatility
2005-07-20,1235.199951171875,0.0047473061990919,0.3946139820522868,9.344244665838188e-05,0.964997788552153,0.03490876900118863,1,Low volatility
2005-07-21,1227.0400390625,-0.0066280638886802,-0.6068905704251375,0.00014523730454364358,0.947625565683123,0.052229197012333375,1,Low volatility
2005-07-22,1233.6800537109375,0.0053968192352815,0.4517980787118373,0.00013193861796740664,0.955606803387574,0.044261257994458736,1,Low volatility
2005-07-25,1229.030029296875,-0.0037763518915578,-0.3558215919711865,0.00011750292200356024,0.9581455216060177,0.04173697547197874,1,Low volatility
2005-07-26,1231.1600341796875,0.0017315779350903,0.1291047667803317,8.040165867578132e-05,0.9688542496094293,0.031065348731894944,1,Low volatility
2005-07-27,1236.7900390625,0.0045625028725142,0.3783436214879751,6.923737066819013e-05,0.9709947809914282,0.02893598163790368,1,Low volatility
2005-07-28,1243.719970703125,0.005587520020418,0.4685876603255841,7.09754947778043e-05,0.9696856591714988,0.03024336533372337,1,Low volatility
2005-07-29,1234.1800537109375,-0.0077000395768758,-0.7012689092035006,0.00015382295252658126,0.9421975338916703,0.05764864315580302,1,Low volatility
2005-08-01,1235.3499755859375,0.0009474855123388,0.0600721001602975,0.00010905888824110109,0.9606407108841231,0.039250230227635775,1,Low volatility
2005-08-02,1244.1199951171875,0.007074137786164,0.599471706180837,0.00012650956460572038,0.95646886676295,0.04340462367244444,1,Low volatility
2005-08-03,1245.0400390625,0.0007392405265855,0.0417379009515425,8.390660549599143e-05,0.9680608786788905,0.03185521471561347,1,Low volatility
2005-08-04,1235.8599853515625,-0.0074006171302292,-0.6749073103177777,0.00015624807506239125,0.9435197646089241,0.05632398731601356,1,Low volatility
2005-08-05,1226.4200439453125,-0.0076676799911794,-0.6984199230042678,0.00029736032748535495,0.91301341165183,0.08668922802068468,1,Low volatility
2005-08-08,1223.1300048828125,-0.0026862411261641,-0.2598466139421189,0.00021658630743127025,0.9360609317016644,0.06372248199090451,1,Low volatility
2005-08-09,1231.3800048828125,0.0067223446107131,0.5684993102037345,0.00020882407008541648,0.940628868290026,0.05916230763988858,1,Low volatility
2005-08-10,1229.1300048828125,-0.0018288896352602,-0.1843641096729562,0.00013692705269529925,0.9559211216127029,0.043941951334601756,1,Low volatility
2005-08-11,1237.81005859375,0.0070371304596958,0.5962135259504847,0.0001463313370166478,0.9531695220104328,0.04668414665255051,1,Low volatility
2005-08-12,1230.3900146484375,-0.0060125322731803,-0.552698248737108,0.00018093403598173785,0.9421671271775515,0.0576519387864668,1,Low volatility
2005-08-15,1233.8699951171875,0.002824363312543,0.2253152216451006,0.00012092149550631514,0.9594027116315565,0.04047636687293715,1,Low volatility
2005-08-16,1219.3399658203125,-0.0118458667931724,-1.0662737221342986,0.0007094922391030026,0.8299625239036187,0.16932798385727835,1,Low volatility
2005-08-17,1220.239990234375,0.0007378519836267,0.0416156515580002,0.00039883227304634547,0.8980924172476262,0.10150875047932746,1,Low volatility
2005-08-18,1219.02001953125,-0.0010002794289762,-0.1114120309784147,0.00023658953879942814,0.9339378933815788,0.06582551707962182,1,Low volatility
2005-08-19,1219.7099609375,0.0005658202672567,0.0264697226092566,0.0001386729914974137,0.9561629781377007,0.04369834887080195,1,Low volatility
2005-08-22,1221.72998046875,0.0016547775416793,0.1223431455724332,8.754715314472231e-05,0.9678572970442298,0.032055155802625454,1,Low volatility
2005-08-23,1217.5899658203125,-0.0033944039442888,-0.3221943248978716,7.849900515395914e-05,0.9675456427590379,0.0323758582358083,1,Low volatility
2005-08-24,1209.5899658203125,-0.0065920361862357,-0.6037186377552497,0.00012979325800059358,0.9503506138582097,0.04951959288378974,1,Low volatility
2005-08-25,1212.3699951171875,0.0022956866031229,0.1787697354598055,9.526186818587033e-05,0.9644002056075468,0.035504532524267364,1,Low volatility
2005-08-26,1205.0999755859375,-0.0060145867668053,-0.5528791294207779,0.00013069518169192443,0.9519413357240706,0.047927969094237556,1,Low volatility
2005-08-29,1212.280029296875,0.0059403774422035,0.4996537541376437,0.00012908317879765558,0.9560648324029448,0.04380608441825748,1,Low volatility
2005-08-30,1208.4100341796875,-0.0031974340479843,-0.3048528013845387,0.00010785453542728061,0.9607590667985708,0.03913307866600197,1,Low volatility
2005-08-31,1220.3299560546875,0.0098158037746474,0.8408520698659024,0.00022231910360251975,0.9336046721821797,0.06617300871421784,1,Low volatility
2005-09-01,1221.5899658203125,0.0010319829623908,0.0675113817174556,0.000135786156061438,0.9561228506330365,0.04374136321090214,1,Low volatility
2005-09-02,1218.02001953125,-0.0029266553741287,-0.281013042986551,0.00010633300751448815,0.9617398080381029,0.03815385895438264,1,Low volatility
2005-09-06,1233.3900146484375,0.0125398821997118,1.0806839982301646,0.00046094680167264895,0.8858669865987626,0.11367206659956475,1,Low volatility
2005-09-07,1236.3599853515625,0.0024050791657064,0.1884008198631442,0.00026442229733565495,0.929018397778545,0.07071717992411947,1,Low volatility
2005-09-08,1231.6700439453125,-0.0038005591470122,-0.3579528348541435,0.0002060704375764615,0.9401671546926625,0.059626774869761194,1,Low volatility
2005-09-09,1241.47998046875,0.0079331927913957,0.6751041903927477,0.00024297155696539,0.93397552579181,0.06578150265122461,1,Low volatility
2005-09-12,1240.56005859375,-0.0007412627537384,-0.0886078164854664,0.0001452815379873491,0.9546811901184189,0.045173528343593776,1,Low volatility
2005-09-13,1231.199951171875,-0.0075736739218887,-0.6901434884242318,0.000245655712163145,0.9268400921633029,0.07291425212453397,1,Low volatility
2005-09-14,1227.1600341796875,-0.0032866794553649,-0.3127101001879817,0.00019201757899191428,0.9416903768250509,0.05811760559595737,1,Low volatility
2005-09-15,1227.72998046875,0.0004643355066029,0.0175348528847878,0.0001184111865863046,0.9602126078154072,0.0396689809980065,1,Low volatility
2005-09-16,1237.9100341796875,0.0082575813959486,0.7036638470654353,0.00016332792296555119,0.9483001042064327,0.051536567870601825,1,Low volatility
2005-09-19,1231.02001953125,-0.0055813914408071,-0.5147399666725258,0.00018524122647799567,0.9416824130130617,0.05813234576046039,1,Low volatility
2005-09-20,1221.3399658203125,-0.0078945212311793,-0.718391364179068,0.0003387040196653405,0.9072341694903351,0.09242712648999965,1,Low volatility
2005-09-21,1210.199951171875,-0.0091629937998307,-0.8300695814497923,0.0007623858640342673,0.832763430868425,0.16647418326754065,1,Low volatility
2005-09-22,1214.6199951171875,0.0036456717931692,0.2976244455199041,0.00044852892894573556,0.8933108210357737,0.10624065003528059,1,Low volatility
2005-09-23,1215.2900390625,0.0005514969302318,0.0252086746498125,0.00024337942758026468,0.9341268911097164,0.0656297294627034,1,Low volatility
2005-09-26,1215.6300048828125,0.0002797013611175,0.0012793872762291,0.00014045980198838836,0.9560782639188724,0.043781276279139254,1,Low volatility
2005-09-27,1215.6600341796875,2.4702356686390203e-05,-0.0211711054852758,8.84102676188034e-05,0.9674920579709079,0.03241953176147333,1,Low volatility
2005-09-28,1216.8900146484375,0.0010112684622161,0.0656876462198689,6.099662346401805e-05,0.9737931956981191,0.02614580767841693,1,Low volatility
2005-09-29,1227.6800537109375,0.008827817434815,0.7538682786140217,0.00011252303111575847,0.9563444571429244,0.043543019825959824,1,Low volatility
2005-09-30,1228.81005859375,0.0009200158851507,0.0576536332030498,8.101066530115375e-05,0.9680289032694438,0.03189008606525504,1,Low volatility
2005-10-03,1226.699951171875,-0.0017186718302033,-0.1746603696911502,6.479835799435695e-05,0.9716949426863299,0.02824025895567575,1,Low volatility
2005-10-04,1214.469970703125,-0.0100198537435494,-0.9055088091714724,0.0002649177714647632,0.9102690640138493,0.08946601821468592,1,Low volatility
2005-10-05,1196.3900146484375,-0.0149990419345336,-1.3438839655343335,0.003498828782309754,0.4784047038230306,0.5180964673946596,2,Medium volatility
2005-10-06,1191.489990234375,-0.004104085030943,-0.3846757064799375,0.0023925643788429243,0.5728097827957845,0.4247976528253726,1,Low volatility
2005-10-07,1195.9000244140625,0.0036944438643393,0.3019184114246366,0.001440978517417713,0.708610764902988,0.2899482565795942,1,Low volatility
2005-10-10,1187.3299560546875,-0.0071920086354522,-0.6565411072322879,0.001683185457152654,0.6809279717858499,0.3173888427569974,1,Low volatility
2005-10-11,1184.8699951171875,-0.0020739919651937,-0.2059432844476822,0.0010001689246926853,0.7845690699085323,0.21443076116677506,1,Low volatility
2005-10-12,1177.6800537109375,-0.0060866127317487,-0.5592204028238239,0.0009996379063114333,0.7905824987330008,0.2084178633606878,1,Low volatility
2005-10-13,1176.8399658203125,-0.0007135959085546,-0.0861719861616646,0.0005493819369114268,0.8704229164944318,0.12902770156865676,1,Low volatility
2005-10-14,1186.5699462890625,0.0082338957713794,0.7015785293437881,0.0006094098648840215,0.8697567610886416,0.12963382904647433,1,Low volatility
2005-10-17,1190.0999755859375,0.0029705697541047,0.238187454873184,0.0003324021205314061,0.9183970789038877,0.08127051897558087,1,Low volatility
2005-10-18,1178.1400146484375,-0.0101003805897557,-0.912598512842648,0.0009028039861425003,0.8170645330986278,0.18203266291522968,1,Low volatility
2005-10-19,1195.760009765625,0.0148450385600931,1.2836334030654242,0.004223109997166034,0.49798411908634255,0.4977927709164913,1,Low volatility
2005-10-20,1177.800048828125,-0.0151336416769067,-1.3557343276508025,0.011652742762417869,0.09271056607380383,0.8956366911637783,2,Medium volatility
2005-10-21,1179.5899658203125,0.00151855851177,0.1103502189655995,0.006431802945741587,0.19487064794914438,0.798697549105114,2,Medium volatility
2005-10-24,1199.3800048828125,0.0166378691830253,1.441476885680344,0.01343985789707076,0.03373490009515305,0.9528252420077763,2,Medium volatility
2005-10-25,1196.5400390625,-0.0023706693865319,-0.2320632072101831,0.007857066741076694,0.08728401351617428,0.904858919742749,2,Medium volatility
2005-10-26,1191.3800048828125,-0.0043217880969663,-0.4038426091853711,0.00565719079891792,0.1413133032019429,0.8530295059991392,2,Medium volatility
2005-10-27,1178.9000244140625,-0.0105304821715561,-0.9504652977364312,0.007149890286389916,0.07397649251241792,0.9188736172011922,2,Medium volatility
2005-10-28,1198.4100341796875,0.0164138857010121,1.4217570457819395,0.013179534152204271,0.014264792343133412,0.9725556735046624,2,Medium volatility
2005-10-31,1207.010009765625,0.0071505284498289,0.6061972541706477,0.00911318215616731,0.04400050230194932,0.9468863155418833,2,Medium volatility
2005-11-01,1202.760009765625,-0.0035273112139897,-0.3338956791954235,0.0062221376214390495,0.09358157594352506,0.9001962864350359,2,Medium volatility
2005-11-02,1214.760009765625,0.0099276104936789,0.8506957002043982,0.006630417874730048,0.09299956500194807,0.9003700171233219,2,Medium volatility
2005-11-03,1219.93994140625,0.0042550947222137,0.3512789493393688,0.004840706479782275,0.17859288052082228,0.8165664129993955,2,Medium volatility
2005-11-04,1220.1400146484375,0.0001639890874391,-0.0089080939197455,0.0034106556366162296,0.3164891993741129,0.6801001449892708,2,Medium volatility
2005-11-07,1222.81005859375,0.0021859186053232,0.1691055971799526,0.0024000543986152398,0.48286823364977877,0.5147317119516059,2,Medium volatility
2005-11-08,1218.5899658203125,-0.0034571122587987,-0.3277152584565397,0.0018699546422423566,0.5939598578159265,0.40417018754183126,1,Low volatility
2005-11-09,1220.6500244140625,0.0016890991389004,0.1253648701932591,0.0011395407165261037,0.7392299134949771,0.2596305457884968,1,Low volatility
2005-11-10,1230.9599609375,0.008410797282881,0.7171532023207522,0.0012982274677242347,0.7466811474045744,0.25202062512770135,1,Low volatility
2005-11-11,1234.719970703125,0.0030498789659878,0.2451699562020597,0.0007194923019248911,0.8415976090309291,0.15768289866714608,1,Low volatility
2005-11-14,1233.760009765625,-0.0007777749817607,-0.0918224075100464,0.0003975092287027841,0.9015474595842968,0.09805503118700039,1,Low volatility
2005-11-15,1229.010009765625,-0.0038574498246255,-0.3629615749815958,0.00029988172705462316,0.9209100730391526,0.07879004523379275,1,Low volatility
2005-11-16,1231.2099609375,0.0017884187466492,0.1341091166259637,0.00017221000379190094,0.9491224833845912,0.05070530661161691,1,Low volatility
2005-11-17,1242.800048828125,0.0093695438856844,0.8015626835043157,0.0002778106766975939,0.9266482637130949,0.0730739256102076,1,Low volatility
2005-11-18,1248.27001953125,0.0043916705227253,0.3633032865622648,0.0001860814508335736,0.9467214234134156,0.053092495135750775,1,Low volatility
2005-11-21,1254.8499755859375,0.0052574157240385,0.4395247856177269,0.0001427957050992985,0.9556063854666097,0.04425081882829109,1,Low volatility
2005-11-22,1261.22998046875,0.0050713957173167,0.4231473067184667,0.000112629240740581,0.9617505766145592,0.03813679414470022,1,Low volatility
2005-11-23,1265.6099853515625,0.0034667880268317,0.2818752518700294,8.082124562586954e-05,0.9690553073674651,0.030863871386908937,1,Low volatility
2005-11-25,1268.25,0.002083789648192,0.1601140114365915,5.83860204630237e-05,0.9743405045195977,0.02560110945993928,1,Low volatility
2005-11-28,1257.4599609375,-0.0085442151885626,-0.775591389410413,0.0001595811046940603,0.9381392002580042,0.06170121863730177,1,Low volatility
2005-11-29,1257.47998046875,1.5920484558229475e-05,-0.0219442746083693,0.00011719941689757813,0.957966510510934,0.04191629007216855,1,Low volatility
2005-11-30,1249.47998046875,-0.0063822536299555,-0.5852490685435354,0.0001681314724719644,0.9431952150256421,0.05663665350188602,1,Low volatility
2005-12-01,1264.6700439453125,0.012083804199622,1.040530210718167,0.0005992767888452895,0.8661173518958418,0.13328337131531295,1,Low volatility
2005-12-02,1265.0799560546875,0.0003240732190628,0.0051859518443453,0.0003188231153793052,0.9186168830061134,0.08106429387850739,1,Low volatility
2005-12-05,1262.0899658203125,-0.0023662766825758,-0.2316764670007855,0.00020650962015360665,0.9410272965633911,0.05876619381645537,1,Low volatility
2005-12-06,1263.699951171875,0.0012748372766697,0.0888926378403267,0.00012232197223770934,0.9600409930646208,0.03983668496314161,1,Low volatility
2005-12-07,1257.3699951171875,-0.0050216531007993,-0.4654597681920771,0.00012833449968468775,0.9549262926428952,0.04494537285742015,1,Low volatility
2005-12-08,1255.8399658203125,-0.0012175898629092,-0.1305443657688839,9.2092981464322e-05,0.9653210922336097,0.03458681478492597,1,Low volatility
2005-12-09,1259.3699951171875,0.0028069478647454,0.2237819396403702,6.79504820760549e-05,0.9718256880314589,0.028106361486465073,1,Low volatility
2005-12-12,1260.4300537109375,0.0008413831540163,0.050730690248474,5.089615909238731e-05,0.9759930942426331,0.023956009598274403,1,Low volatility
2005-12-13,1267.4300537109375,0.0055382953129852,0.4642538436490337,5.641259170794033e-05,0.9729631350309533,0.026980452377338662,1,Low volatility
2005-12-14,1272.739990234375,0.0041807785824543,0.3447360455290045,5.4487670519634155e-05,0.9740819612467309,0.025863551082749632,1,Low volatility
2005-12-15,1270.93994140625,-0.0014153110273094,-0.1479520320461153,4.869318075067468e-05,0.9755032214283018,0.02444808539094764,1,Low volatility
2005-12-16,1267.3199462890625,-0.0028523458839302,-0.2744707246134483,5.135491419050822e-05,0.9737345302619643,0.026214114823845183,1,Low volatility
2005-12-19,1259.9200439453125,-0.0058561304191,-0.5389283961812157,8.57050556364953e-05,0.9610092039572324,0.038905090987131054,1,Low volatility
2005-12-20,1259.6199951171875,-0.0002381774648476,-0.044315437141241,7.033955332315098e-05,0.9698555673755835,0.030074093071093242,1,Low volatility
2005-12-21,1262.7900390625,0.0025135053946883,0.1979468268146068,5.594215148981142e-05,0.9744728562182373,0.025471201630272812,1,Low volatility
2005-12-22,1268.1199951171875,0.0042118952172804,0.347475600479363,5.222786112161565e-05,0.9748814330824591,0.025066339056419352,1,Low volatility
2005-12-23,1268.6600341796875,0.0004257673621061,0.0141392559067455,4.367371677402081e-05,0.977452015837988,0.022504310445238082,1,Low volatility
2005-12-27,1256.5400390625,-0.0095993092299027,-0.8684834428153204,0.00017977030070313966,0.9277570132935936,0.07206321640570325,1,Low volatility
2005-12-28,1258.1700439453125,0.0012963761684554,0.0907889540051858,0.00013479813488689489,0.952984608573726,0.04688059329138714,1,Low volatility
2005-12-29,1254.4200439453125,-0.0029849698145838,-0.2861471333185865,0.0001119315897074624,0.9595984675498094,0.04028960086048321,1,Low volatility
2005-12-30,1248.2900390625,-0.0048987033560585,-0.4546350892467993,0.0001231079099513958,0.9553025681658244,0.04457432392422423,1,Low volatility
2006-01-03,1268.800048828125,0.0162969643413788,1.4114631148547627,0.0018254364945209727,0.6944414454605209,0.3037331180449582,1,Low volatility
2006-01-04,1273.4599609375,0.0036659643862559,0.2994110356880559,0.0009961981038490715,0.8012852328415399,0.19771856905461094,1,Low volatility
2006-01-05,1273.47998046875,1.572045804820732e-05,-0.0219618852407143,0.000517424095184288,0.8797103836845772,0.11977219222023847,1,Low volatility
2006-01-06,1285.449951171875,0.0093555183842175,0.8003278574317136,0.0007146410698167824,0.855824933991424,0.14346042493875916,1,Low volatility
2006-01-09,1290.1500244140625,0.0036496959962182,0.2979787423597053,0.0003969984503517468,0.9074736052648932,0.09212939628475508,1,Low volatility
2006-01-10,1289.68994140625,-0.0003566756223527,-0.0547481917053422,0.00021577465688688848,0.9407658641097698,0.05901836123334333,1,Low volatility
2006-01-11,1294.1800537109375,0.003475497476943,0.2826420448507183,0.00013629468100620037,0.9574661268469999,0.04239757847199387,1,Low volatility
2006-01-12,1286.06005859375,-0.0062940048751594,-0.5774795165204533,0.00017505974957456895,0.9435305987263408,0.056294341524084544,1,Low volatility
2006-01-13,1287.6099853515625,0.001204448836658,0.0826955345751521,0.00011197922571406776,0.9613582038456341,0.038529816928651935,1,Low volatility
2006-01-17,1282.9300537109375,-0.0036412090379522,-0.3439234135315867,9.9483967807821e-05,0.9624938821607981,0.03740663387139407,1,Low volatility
2006-01-18,1277.9300537109375,-0.0039049429830875,-0.3671429435036059,9.718080830131549e-05,0.9621984530582572,0.03770436613344145,1,Low volatility
2006-01-19,1285.0400390625,0.0055482532633197,0.4651305564519047,9.433739514685477e-05,0.9642501729703633,0.03565548963448987,1,Low volatility
2006-01-20,1261.489990234375,-0.0184963224099918,-1.651789755889835,0.005076661315765718,0.32126842459052674,0.6736549140937075,2,Medium volatility
2006-01-23,1263.8199462890625,0.0018452837666602,0.1391155978198332,0.0028940823638336837,0.49009385672262173,0.5070120609135447,2,Medium volatility
2006-01-24,1266.8599853515625,0.0024025484114442,0.1881780084824824,0.001708459410780123,0.6512548986115545,0.3470366419776654,1,Low volatility
2006-01-25,1264.6800537109375,-0.0017222182116816,-0.1749725984070455,0.0010475239307664102,0.7665483083575791,0.23240416771165445,1,Low volatility
2006-01-26,1273.8299560546875,0.0072089075354897,0.6113370359630318,0.000960209212340305,0.8019328590574635,0.1971069317301962,1,Low volatility
2006-01-27,1283.719970703125,0.007734014372505,0.6575682252562184,0.0009107202421954682,0.8203129487033483,0.17877633105445626,1,Low volatility
2006-01-30,1285.18994140625,0.0011444316179671,0.0774115291070064,0.0004609720752856423,0.8925755007169007,0.10696352720781366,1,Low volatility
2006-01-31,1280.0799560546875,-0.0039839800993002,-0.3741014891237431,0.0003420518342677282,0.9135495633308293,0.08610838483490296,1,Low volatility
2006-02-01,1282.4599609375,0.0018575363851853,0.1401943366334255,0.00019243051973533216,0.945086236032088,0.05472133344817667,1,Low volatility
2006-02-02,1270.8399658203125,-0.0091020057755883,-0.82470010481263,0.00044729257182181105,0.8878513555248462,0.11170135190333202,1,Low volatility
2006-02-03,1264.030029296875,-0.0053730194603627,-0.4963945866617137,0.0004270330461352797,0.8943535756868052,0.10521939126705962,1,Low volatility
2006-02-06,1265.02001953125,0.0007828949730752,0.0455813035448623,0.00023667164316007233,0.9348424315293291,0.06492089682751087,1,Low volatility
2006-02-07,1254.780029296875,-0.008127666010111,-0.7389177783251393,0.00041905296764965344,0.8949070880964223,0.10467385893592798,1,Low volatility
2006-02-08,1265.6500244140625,0.0086255617332886,0.7360613849235083,0.0005196115105798092,0.8850154895409841,0.11446489894843616,1,Low volatility
2006-02-09,1263.780029296875,-0.0014785903687126,-0.1535232396643362,0.00029310948448847983,0.9246680567826585,0.07503883373285303,1,Low volatility
2006-02-10,1266.989990234375,0.0025367478151654,0.1999931241868068,0.00016967867592337647,0.9503325825851043,0.0494977387389724,1,Low volatility
2006-02-13,1262.8599853515625,-0.0032650225045891,-0.310803389933512,0.000129722946598755,0.9568791244765403,0.04299115257686101,1,Low volatility
2006-02-14,1275.530029296875,0.0099828230439857,0.8555566955003306,0.00026184783134042104,0.9271129454018225,0.07262520676683697,1,Low volatility
2006-02-15,1280.0,0.0034982764518369,0.2846475397823982,0.0001681577027205307,0.9497514747588917,0.05008036753838773,1,Low volatility
2006-02-16,1289.3800048828125,0.0073014085390754,0.6194809623131198,0.00017946790206929976,0.9468065564090381,0.053013975688892656,1,Low volatility
2006-02-17,1287.239990234375,-0.0016611026418837,-0.1695918924689026,0.00011900857467811716,0.959881372911011,0.03999961851431081,1,Low volatility
2006-02-21,1283.030029296875,-0.0032758929376539,-0.3117604390772143,9.95659295086609e-05,0.9628873253890394,0.03701310868145189,1,Low volatility
2006-02-22,1292.6700439453125,0.00748538990252,0.6356789560169763,0.00012694319188185588,0.9558142513066157,0.04405880550150244,1,Low volatility
2006-02-23,1287.7900390625,-0.0037822795497417,-0.3563434718406676,0.00011574636683507475,0.9582561316709344,0.04162812196223056,1,Low volatility
2006-02-24,1289.4300537109375,0.0012727006703121,0.0887045278291818,7.928121948090039e-05,0.9690284974895176,0.030892221291001522,1,Low volatility
2006-02-27,1294.1199951171875,0.0036306217950352,0.2962994212323708,6.318732524121787e-05,0.97278350462427,0.027153308050488843,1,Low volatility
2006-02-28,1280.6600341796875,-0.0104553269774365,-0.9438485223284808,0.0002915352711797167,0.9029484477710567,0.09676001695776362,1,Low volatility
2006-03-01,1291.239990234375,0.0082273926932998,0.7010059886482695,0.0003995617204430845,0.8985027884229113,0.10109764985664556,1,Low volatility
2006-03-02,1289.1400146484375,-0.0016276486762221,-0.166646555424921,0.0002453726507936546,0.9320434554886503,0.06771117186055606,1,Low volatility
2006-03-03,1287.22998046875,-0.001482733095977,-0.1538879715528775,0.00015497028966558494,0.9519539025585918,0.04789112715174261,1,Low volatility
2006-03-06,1278.260009765625,-0.0069928218699271,-0.6390044072456142,0.00022914270381676094,0.9311435608722869,0.06862729642389624,1,Low volatility
2006-03-07,1275.8800048828125,-0.0018636453428637,-0.1874240540194612,0.0001567137564625823,0.9503255192723953,0.04951776697114227,1,Low volatility
2006-03-08,1278.469970703125,0.0020278871201151,0.1551922694684603,0.00010034840512117618,0.9646071824820057,0.035292469112873044,1,Low volatility
2006-03-09,1272.22998046875,-0.0048927767296982,-0.4541133002206072,0.00010841049176264139,0.9590985887253092,0.04079300078292815,1,Low volatility
2006-03-10,1281.4200439453125,0.0071976214935594,0.6103433959947994,0.0001325104532713215,0.9546032468201783,0.04526424272655051,1,Low volatility
2006-03-13,1284.1300048828125,0.0021125777270372,0.1626485568446164,8.940594535070744e-05,0.9667930168077353,0.03311757724691388,1,Low volatility
2006-03-14,1297.47998046875,0.0103424565766223,0.8872193682204262,0.00021358039610368376,0.9341301026757863,0.06565631692810994,1,Low volatility
2006-03-15,1303.02001953125,0.0042607555805966,0.3517773397563539,0.00015537834086311236,0.95157767242786,0.04826694923127696,1,Low volatility
2006-03-16,1305.3299560546875,0.0017711864963931,0.1325919636060838,9.765004521731445e-05,0.9654155367648638,0.03448681318991896,1,Low volatility
2006-03-17,1307.25,0.0014698453814148,0.1060614422981395,6.599575655708362e-05,0.9726950643593201,0.027238939884122758,1,Low volatility
2006-03-20,1305.0799560546875,-0.001661386180892,-0.1696168556661811,5.424318497106688e-05,0.9743852753148458,0.02556048150018314,1,Low volatility
2006-03-21,1297.22998046875,-0.0060331010432186,-0.5545091539360837,8.822767422679428e-05,0.9605188354454447,0.039392936880328536,1,Low volatility
2006-03-22,1305.0400390625,0.0060025147159503,0.5051244124156413,0.00010075073909635773,0.9614707950322053,0.03842845422869831,1,Low volatility
2006-03-23,1301.6700439453125,-0.002585632377503,-0.2509888696203354,8.52163893534623e-05,0.966000214270657,0.03391456933998965,1,Low volatility
2006-03-24,1302.949951171875,0.0009827977455314,0.0631810418499001,6.227999015916772e-05,0.9730228782139104,0.026914841795930518,1,Low volatility
2006-03-27,1301.6099853515625,-0.0010289384550095,-0.113935214384357,5.078733350273315e-05,0.9754156943742203,0.02453351829227704,1,Low volatility
2006-03-28,1293.22998046875,-0.0064589987257219,-0.5920058212643093,9.162687367894258e-05,0.9587322726339575,0.04117610049236346,1,Low volatility
2006-03-29,1302.8900146484375,0.0074419354889663,0.631853164621754,0.00013270770382724828,0.952822354452607,0.047044937843565705,1,Low volatility
2006-03-30,1300.25,-0.002028331583161,-0.2019232762966714,0.00010184268194266994,0.9624049366775633,0.037493220640494006,1,Low volatility
2006-03-31,1294.8699951171875,-0.0041462534298419,-0.3883882752264549,0.00010138215979971521,0.9611158744024524,0.03878274343774778,1,Low volatility
2006-04-03,1297.81005859375,0.002267973429725,0.1763298263309212,7.408506891164412e-05,0.9700905631448656,0.029835351786222698,1,Low volatility
2006-04-04,1305.9300537109375,0.0062371981004565,0.5257862876918067,8.104659282623832e-05,0.9669658702259628,0.032953083181210936,1,Low volatility
2006-04-05,1311.56005859375,0.0043018413240023,0.355394589898128,7.055993723014362e-05,0.9704533820894253,0.029476057973344676,1,Low volatility
2006-04-06,1309.0400390625,-0.0019232391163139,-0.1926707787369136,5.974240238762745e-05,0.972691779061622,0.027248478535990443,1,Low volatility
2006-04-07,1295.5,-0.0103973529590453,-0.938744403262798,0.000282783369041888,0.9040717008211034,0.09564551580985468,1,Low volatility
2006-04-10,1296.6199951171875,0.0008641538115483,0.0527354529072042,0.00019054402758356421,0.9401816667605686,0.05962778921184785,1,Low volatility
2006-04-11,1286.5699462890625,-0.0077811541263788,-0.7084103551496623,0.0003385252650167905,0.9074118234085964,0.09224965132638677,1,Low volatility
2006-04-12,1288.1199951171875,0.001204066548337,0.0826618773410678,0.0001983183850830426,0.9420582081076776,0.05774347350723933,1,Low volatility
2006-04-13,1289.1199951171875,0.0007760240055052,0.0449763733097857,0.00011896264313688135,0.9605415911686997,0.03933944618816348,1,Low volatility
2006-04-17,1285.3299560546875,-0.0029443507331157,-0.2825709687899719,9.480794785110224e-05,0.964397085976198,0.035508106075950695,1,Low volatility
2006-04-18,1307.280029296875,0.0169332046460262,1.4674786604288754,0.001866051637953718,0.681789307636914,0.31634464072513224,1,Low volatility
2006-04-19,1309.9300537109375,0.0020250765018055,0.15494481843956,0.0009573195152595048,0.8024269831542397,0.19661569733050094,1,Low volatility
2006-04-20,1311.4599609375,0.0011672489722762,0.0794204030196554,0.0005014129963013622,0.8818294170946426,0.11766916990905608,1,Low volatility
2006-04-21,1311.280029296875,-0.0001372089048681,-0.0354260144942136,0.0002758386747400329,0.9267869744661047,0.07293718685915526,1,Low volatility
2006-04-24,1308.1099853515625,-0.0024204455810252,-0.2364455776302566,0.00018325678845781577,0.9457502018151179,0.054066541396424334,1,Low volatility
2006-04-25,1301.739990234375,-0.0048815125973344,-0.4531215892032945,0.0001768180649568013,0.9449823755751637,0.05484080635987944,1,Low volatility
2006-04-26,1305.4100341796875,0.0028153702971467,0.2245234631536933,0.00011589830001733305,0.9609401538730977,0.03894394782688496,1,Low volatility
2006-04-27,1309.719970703125,0.0032961576805394,0.2668527016335117,8.180358537677475e-05,0.9688730728664356,0.03104512354818763,1,Low volatility
2006-04-28,1310.6099853515625,0.0006793149699388,0.0364619655465109,5.780016881214799e-05,0.9744497479679887,0.025492451863199317,1,Low volatility
2006-05-01,1305.18994140625,-0.0041440873566891,-0.3881975709147016,6.511756356516141e-05,0.9693845205601346,0.030550361876300083,1,Low volatility
2006-05-02,1313.2099609375,0.0061259127030455,0.5159885552864951,7.82626955230085e-05,0.9668910559983162,0.033030681306160804,1,Low volatility
2006-05-03,1308.1199951171875,-0.0038835036433493,-0.3652553920495219,8.2574435774222e-05,0.9652233208023923,0.03469410476183358,1,Low volatility
2006-05-04,1312.25,0.003152232936836,0.2541813524887444,6.72647725761266e-05,0.971375607972252,0.028557127255171844,1,Low volatility
2006-05-05,1325.760009765625,0.0102426661226857,0.8784336677869321,0.00017261212212849177,0.9408837084532761,0.05894367942459547,1,Low volatility
2006-05-08,1324.6600341796875,-0.0008300387341275,-0.0964237862362795,0.00012000008663289322,0.9582985546179773,0.041581445295389895,1,Low volatility
2006-05-09,1325.1400146484375,0.0003622767493061,0.0085494476395724,8.037282491642977e-05,0.9688654436016446,0.031054183573438855,1,Low volatility
2006-05-10,1322.8499755859375,-0.0017296437236282,-0.1756263515563157,6.348312360076432e-05,0.9721436381811757,0.02779287869522355,1,Low volatility
2006-05-11,1305.9200439453125,-0.0128806746783585,-1.157379752088212,0.0006518876463277933,0.8210307190622788,0.17831739329139346,1,Low volatility
2006-05-12,1291.239990234375,-0.011304817461097,-1.0186389317927649,0.0023168658204847045,0.5976745620675704,0.40000857211194496,1,Low volatility
2006-05-15,1294.5,0.0025215307844028,0.1986533940974697,0.0012787228802037128,0.7386654415072048,0.26005583561259143,1,Low volatility
2006-05-16,1292.0799560546875,-0.001871231272629,-0.1880919305928035,0.000758862124430975,0.8280842665302097,0.17115687134535923,1,Low volatility
2006-05-17,1270.3199462890625,-0.0169844939825454,-1.5186861257688304,0.008597339665323703,0.18257758356177028,0.808825076772906,2,Medium volatility
2006-05-18,1261.81005859375,-0.006721550408602,-0.6151212631036639,0.006554726716636259,0.19453360621033175,0.798911667073032,2,Medium volatility
2006-05-19,1267.030029296875,0.0041283576149622,0.3401208253486041,0.004246520218340367,0.3178247984013093,0.6779286813803503,2,Medium volatility
2006-05-22,1262.0699462890625,-0.0039224146258121,-0.3686811729935418,0.003150071919970108,0.4173368313747733,0.5795130967052565,2,Medium volatility
2006-05-23,1256.5799560546875,-0.0043594776106488,-0.4071608501957677,0.0025092908703979577,0.5062105715159901,0.49128013761361183,1,Low volatility
2006-05-24,1258.5699462890625,0.0015824032180074,0.1159712021472432,0.0015244390528287822,0.6686662854412548,0.3298092755059163,1,Low volatility
2006-05-25,1272.8800048828125,0.0113059403113116,0.9720459135621496,0.0028748237614759004,0.5483264883043139,0.44879868793421035,1,Low volatility
2006-05-26,1280.1600341796875,0.0057030433657203,0.4787585079854807,0.0019414099329659671,0.6531688154188138,0.34488977464822024,1,Low volatility
2006-05-30,1259.8699951171875,-0.0159765596575205,-1.4299460841418947,0.009734707411249445,0.1211988949217297,0.8690663976670209,2,Medium volatility
2006-05-31,1270.0899658203125,0.0080792000284137,0.6879588853556277,0.007404819986712373,0.15392562905420024,0.8386695509590874,2,Medium volatility
2006-06-01,1285.7099609375,0.0122233273698579,1.0528140387685214,0.00892919329833703,0.09130023645695669,0.8997705702447063,2,Medium volatility
2006-06-02,1288.219970703125,0.0019503332475387,0.1483643108307883,0.005438128129672561,0.19158584972979764,0.8029760221405298,2,Medium volatility
2006-06-05,1265.2900390625,-0.0179600220173385,-1.6045730692595626,0.015487598627037602,0.008541542048816672,0.9759708593241457,2,Medium volatility
2006-06-06,1263.8499755859375,-0.0011387773107429,-0.1236055911023998,0.008736381150258692,0.05152027256150955,0.9397433462882318,2,Medium volatility
2006-06-07,1256.1500244140625,-0.0061110913770088,-0.5613755392701381,0.006761693734787239,0.07609491889730123,0.9171433873679115,2,Medium volatility
2006-06-08,1257.9300537109375,0.0014160484463516,0.1013250798800901,0.0046801771862267265,0.16857934853468456,0.8267404742790887,2,Medium volatility
2006-06-09,1252.300048828125,-0.0044856559701651,-0.418269781202377,0.004013185802770808,0.23605207301705242,0.7599347411801768,2,Medium volatility
2006-06-12,1237.43994140625,-0.0119372174925924,-1.0743163739895971,0.006970840385279136,0.08767814915508933,0.9053510104596316,2,Medium volatility
2006-06-13,1223.68994140625,-0.0111738459303234,-1.0071080028381367,0.008419515864733808,0.040709636375344777,0.9508708477599214,2,Medium volatility
2006-06-14,1230.0400390625,0.0051758847821616,0.4323466798657865,0.006098604415571252,0.09376864659759541,0.9001327489868333,2,Medium volatility
2006-06-15,1256.1600341796875,0.0210127547396172,1.8266483366034532,0.02127467348752788,0.0029023869949793956,0.9758229395174927,2,Medium volatility
2006-06-16,1251.5400390625,-0.0036846514409676,-0.3477481475010995,0.011789827518591586,0.03438264008709523,0.9538275323943132,2,Medium volatility
2006-06-19,1240.1300048828125,-0.0091586074677323,-0.8296834022282522,0.009916875776351147,0.032901595666071655,0.9571815285575772,2,Medium volatility
2006-06-20,1240.1199951171875,-8.071577966006771e-06,-0.0240565715847266,0.006200614374017133,0.09603992969027937,0.8977594559357035,2,Medium volatility
2006-06-21,1252.199951171875,0.009693820144399,0.8301124490817999,0.00648933403449649,0.09901414707795385,0.8944965188875497,2,Medium volatility
2006-06-22,1245.5999755859375,-0.0052846433977933,-0.4886138262723505,0.005282059633976328,0.1398073462323037,0.85491059413372,2,Medium volatility
2006-06-23,1244.5,-0.0008834791118985,-0.101128756818406,0.003809638005561362,0.25622943177783813,0.7399609302166005,2,Medium volatility
2006-06-26,1250.56005859375,0.00485765502067,0.4043292569240718,0.003088435532193061,0.3797332028124874,0.6171783616553195,2,Medium volatility
2006-06-27,1239.199951171875,-0.0091255271286003,-0.8267709598213183,0.004406096441299085,0.2762156213166673,0.7193782822420335,2,Medium volatility
2006-06-28,1246.0,0.0054724496476818,0.4584566930461582,0.0033676894133241996,0.389438355584977,0.6071939550016987,2,Medium volatility
2006-06-29,1272.8699951171875,0.0213357691851641,1.8550870102672612,0.019706640530277472,0.013064919846216605,0.967228439623506,2,Medium volatility
2006-06-30,1270.199951171875,-0.0020998596049777,-0.2082207100440037,0.010589534554492647,0.056028612418046644,0.9333818530274607,2,Medium volatility
2006-07-03,1280.18994140625,0.0078341287007477,0.666382440066782,0.007971567153876782,0.08703950706590509,0.9049889257802182,2,Medium volatility
2006-07-05,1270.9100341796875,-0.0072752524377062,-0.6638700157670993,0.0067600559948577535,0.09415713143656276,0.8990828125685795,2,Medium volatility
2006-07-06,1274.0799560546875,0.0024911088267076,0.1959749995580455,0.0046394025067264125,0.19376936900204045,0.8015912284912332,2,Medium volatility
2006-07-07,1265.47998046875,-0.0067728336209347,-0.6196363136225104,0.0046135056391832675,0.20347540266366035,0.7919110916971565,2,Medium volatility
2006-07-10,1267.3399658203125,0.0014687073896704,0.1059612518072891,0.0032216365607755804,0.35123872691707275,0.6455396365221517,2,Medium volatility
2006-07-11,1272.4300537109375,0.0040083115136386,0.3295517875014761,0.0023904247971201385,0.49990942381165904,0.49770015139122076,1,Low volatility
2006-07-12,1258.5999755859375,-0.0109285276046682,-0.9855098114778468,0.00481504233576755,0.2803836999358978,0.7148012577283346,2,Medium volatility
2006-07-13,1242.280029296875,-0.0130515481927453,-1.1724237112065314,0.008694315686169062,0.0784118569099089,0.912893827403922,2,Medium volatility
2006-07-14,1236.199951171875,-0.0049063057756866,-0.4553044176122623,0.006229508695179599,0.12194705328750048,0.8718234380173199,2,Medium volatility
2006-07-17,1234.489990234375,-0.0013841973303625,-0.1452127357510243,0.0042969185905388525,0.22647421467754697,0.7692288667319142,2,Medium volatility
2006-07-18,1236.8599853515625,0.0019179767067623,0.1455155927108548,0.003031170491669412,0.379106908030567,0.6178619214777636,2,Medium volatility
2006-07-19,1259.81005859375,0.0183850643312046,1.595302553018324,0.012496953215478186,0.042042661017645096,0.9454603857668769,2,Medium volatility
2006-07-20,1249.1300048828125,-0.0085136495493385,-0.7729003449348381,0.009881924581582817,0.04313494989083992,0.9469831255275772,2,Medium volatility
2006-07-21,1240.2900390625,-0.0071020581669509,-0.6486217337959576,0.007744223566734909,0.05735977086498409,0.934896005568281,2,Medium volatility
2006-07-24,1260.9100341796875,0.0164884548800152,1.4283222275448069,0.013806244077520886,0.011304793667134863,0.9748889622553442,2,Medium volatility
2006-07-25,1268.8800048828125,0.006300915845494,0.5313960930200085,0.009063622952972944,0.04465529666682757,0.9462810803801994,2,Medium volatility
2006-07-26,1268.4000244140625,-0.0003783425313201,-0.0566557786938562,0.005789097124968811,0.11470617747990094,0.8795047253951302,2,Medium volatility
2006-07-27,1263.199951171875,-0.0041081376249909,-0.3850325029056359,0.004607561681638653,0.17886699611330795,0.8165254422050534,2,Medium volatility
2006-07-28,1278.550048828125,0.0120785161997174,1.0400646473178474,0.006805575488671192,0.10907363741580757,0.8841207870955212,2,Medium volatility
2006-07-31,1276.6600341796875,-0.0014793421532655,-0.1535894278978971,0.0045946853619311095,0.20715426961315905,0.7882510450249098,2,Medium volatility
2006-08-01,1270.9200439453125,-0.0045062371124355,-0.4200817756711238,0.0038356503929775137,0.279814972344959,0.7163493772620636,2,Medium volatility
2006-08-02,1277.4100341796875,0.0050935350341712,0.4250964852021063,0.0030525066464870683,0.40181997095311367,0.5951275224003991,2,Medium volatility
2006-08-03,1280.27001953125,0.0022363911697382,0.1735492770467879,0.0020058573837539993,0.5707722596807321,0.42722188293551383,1,Low volatility
2006-08-04,1279.3599853515625,-0.0007110670028831,-0.0859493375336858,0.0012554517635160987,0.7143563155586411,0.28438823267784286,1,Low volatility
2006-08-07,1275.77001953125,-0.0028100082388711,-0.2707432551825028,0.0008627961256476769,0.7996007269143516,0.1995364769600006,1,Low volatility
2006-08-08,1271.47998046875,-0.0033683722592652,-0.3199024565139305,0.0006129179741041363,0.854215608052893,0.14517147397300284,1,Low volatility
2006-08-09,1265.949951171875,-0.0043587710409509,-0.4070986427454932,0.0004899106998738002,0.8815392133939983,0.1179708759061278,1,Low volatility
2006-08-10,1271.81005859375,0.0046183388619889,0.3832595052983053,0.00032435202179319905,0.9181145629724347,0.08156108500577232,1,Low volatility
2006-08-11,1266.739990234375,-0.003994465346949,-0.3750246259687952,0.0002506824305624497,0.9313716693451247,0.06837764822431289,1,Low volatility
2006-08-14,1268.2099609375,0.001159763227049,0.0787613468425043,0.00014516175704961878,0.9549460936359959,0.04490874460695445,1,Low volatility
2006-08-15,1285.5799560546875,0.0136035175554738,1.1743280416988389,0.0007884710442304829,0.8385740733738406,0.16063745558192893,1,Low volatility
2006-08-16,1295.4300537109375,0.0076327836317213,0.6486557198200639,0.0007272256265213866,0.8533328836001071,0.14593989077337147,1,Low volatility
2006-08-17,1297.47998046875,0.0015811787974744,0.1158634023369087,0.0003681141409704396,0.9116775305907798,0.0879543552682497,1,Low volatility
2006-08-18,1302.300048828125,0.0037080628575827,0.3031174479068066,0.00022090399671379496,0.9403341969223996,0.05944489908088667,1,Low volatility
2006-08-21,1297.52001953125,-0.0036772042352293,-0.3470924843980449,0.0001694482493607936,0.9484743240126685,0.05135622773797069,1,Low volatility
2006-08-22,1298.8199462890625,0.0010013533539874,0.064814705299905,0.00010393350913602073,0.9639483097963293,0.03594775669453471,1,Low volatility
2006-08-23,1292.989990234375,-0.0044987603490209,-0.4194235102661532,0.00010437767016721132,0.9605894172513778,0.039306205078454934,1,Low volatility
2006-08-24,1296.06005859375,0.0023715801088535,0.1854515129234127,7.577243741149294e-05,0.9697340503959515,0.03019017716663701,1,Low volatility
2006-08-25,1295.0899658203125,-0.0007487739494989,-0.0892691133655368,5.7566385406066244e-05,0.9739717210416297,0.025970712572964388,1,Low volatility
2006-08-28,1301.780029296875,0.0051524167859389,0.4302805224684267,5.89915675344379e-05,0.9726805499894597,0.027260458443005873,1,Low volatility
2006-08-29,1304.280029296875,0.0019186056427527,0.1455709651737059,4.851460884950088e-05,0.9762851608507164,0.02366632454043416,1,Low volatility
2006-08-30,1305.3699951171875,0.0008353349096585,0.0501981937923504,4.089220113332803e-05,0.9782663141590819,0.021692793639784692,1,Low volatility
2006-08-31,1303.8199462890625,-0.0011881457810911,-0.1279520648804896,3.908206514873983e-05,0.9780488683538731,0.021912049580978126,1,Low volatility
2006-09-01,1311.010009765625,0.0054994639948366,0.4608350764700805,4.914402674846415e-05,0.9743431351672107,0.025607720806040908,1,Low volatility
2006-09-05,1313.25,0.0017071408854656,0.1269532924758111,4.393489473625169e-05,0.9772105014115324,0.022745563693731395,1,Low volatility
2006-09-06,1300.260009765625,-0.0099407288712596,-0.8985425373753915,0.00020035364671583647,0.9215616385939862,0.07823800775929794,1,Low volatility
2006-09-07,1294.02001953125,-0.004810584977398,-0.4468770157331925,0.00023197172113272597,0.9272224107297742,0.07254561754909306,1,Low volatility
2006-09-08,1298.9200439453125,0.0037795167856353,0.3094083583286133,0.00016425175888225605,0.9490458492789267,0.05078989896219116,1,Low volatility
2006-09-11,1299.5400390625,0.0004772019651237,0.0186676350873374,0.00010231664496530234,0.9640913243204803,0.035806359034554446,1,Low volatility
2006-09-12,1313.0,0.0103042095666232,0.8838520444026347,0.00023263860787943227,0.9313363045660686,0.06843105682605197,1,Low volatility
2006-09-13,1318.0699462890625,0.003853909373543,0.3159579927480004,0.00015899916629556827,0.9511954514392373,0.04864554939446698,1,Low volatility
2006-09-14,1316.280029296875,-0.001358906207769,-0.1429860675882115,0.00010543424279547443,0.9630014675434564,0.03689309821374813,1,Low volatility
2006-09-15,1319.6600341796875,0.0025645550763115,0.2024413169414042,7.331419549049624e-05,0.9708376762170922,0.029089009587417412,1,Low volatility
2006-09-18,1321.1800537109375,0.0011511637573802,0.0780042367040436,5.3376362087064276e-05,0.975509031984111,0.024437591653802045,1,Low volatility
2006-09-19,1317.6400146484375,-0.0026830485553759,-0.2595655352472002,5.1650923676521515e-05,0.9741129002997079,0.025835448776615557,1,Low volatility
2006-09-20,1325.1800537109375,0.0057060710344423,0.4790250684564878,6.128329354232066e-05,0.971317554894479,0.02862116181197873,1,Low volatility
2006-09-21,1318.030029296875,-0.0054101199899028,-0.4996609726295579,8.823252932739685e-05,0.9615228430751086,0.03838892439556396,1,Low volatility
2006-09-22,1314.780029296875,-0.0024688462733379,-0.240706846786355,8.100351670210185e-05,0.966338407330351,0.03358058915294676,1,Low volatility
2006-09-25,1326.3699951171875,0.008776510314246,0.7493511231783848,0.00014428790421099394,0.9496925250985272,0.05016318699726178,1,Low volatility
2006-09-26,1336.3499755859375,0.0074961147332164,0.6366231861109527,0.00017653926655090757,0.9453596862135976,0.05446377451985143,1,Low volatility
2006-09-27,1336.5899658203125,0.0001795702412179,-0.007536305896858,0.00011055447671557736,0.9619615861915386,0.03792785933174582,1,Low volatility
2006-09-28,1338.8800048828125,0.0017118783965646,0.1273703900204581,7.372190828631309e-05,0.9708429656695414,0.029083312422172145,1,Low volatility
2006-09-29,1335.8499755859375,-0.0022656721352545,-0.2228190925712257,6.170607564273038e-05,0.9722571436305542,0.027681150293803206,1,Low volatility
2006-10-02,1331.3199462890625,-0.0033968841772349,-0.3224126883064954,6.380136887444714e-05,0.9703269463809077,0.029609252250217884,1,Low volatility
2006-10-03,1334.1099853515625,0.0020935009758709,0.1609690112129481,5.2975636313927425e-05,0.974989348725811,0.024957675637875005,1,Low volatility
2006-10-04,1350.199951171875,0.011988301577432,1.0321220173882963,0.00023879361835101167,0.9212024718841662,0.07855873449748285,1,Low volatility
2006-10-05,1353.219970703125,0.002234222484696,0.1733583427803953,0.00016036697763338264,0.948835688567612,0.05100394445475455,1,Low volatility
2006-10-06,1349.5899658203125,-0.002686098653359,-0.2598340704238148,0.00012179350590079323,0.9581011828961487,0.04177702359795054,1,Low volatility
2006-10-09,1350.6600341796875,0.0007925698845587,0.0464330971850497,8.06824890493974e-05,0.9689209253944212,0.030998392116529442,1,Low volatility
2006-10-10,1353.4200439453125,0.0020413675958845,0.1563791106655769,5.845681567296696e-05,0.9742931486719822,0.02564839451234472,1,Low volatility
2006-10-11,1349.949951171875,-0.0025672362166977,-0.2493692441793646,5.423278148785039e-05,0.9736407234790989,0.026305043739413326,1,Low volatility
2006-10-12,1362.8299560546875,0.0094958692612729,0.8126845580252423,0.0001276067239521969,0.9508887873847497,0.048983605891297965,1,Low volatility
2006-10-13,1365.6199951171875,0.0020451465739919,0.1567118175356893,9.321464768937368e-05,0.9648841372829067,0.03502264806940392,1,Low volatility
2006-10-16,1369.06005859375,0.0025158813634735,0.1981560106509622,6.784076933005837e-05,0.9718689306131886,0.028063228617481457,1,Low volatility
2006-10-17,1364.050048828125,-0.0036661643184787,-0.3461205136578065,6.845016992788231e-05,0.9692595510371437,0.03067199879292838,1,Low volatility
2006-10-18,1365.800048828125,0.0012821218580674,0.0895339832538294,5.4469176634139135e-05,0.9746918334314454,0.025253697391920495,1,Low volatility
2006-10-19,1366.9599609375,0.0008488942862783,0.0513919815380417,4.4248519312038285e-05,0.9774565174038188,0.02249923407686923,1,Low volatility
2006-10-20,1368.5999755859375,0.0011990341158503,0.0822188144774794,3.848518152804452e-05,0.9788798867996498,0.021081628018822178,1,Low volatility
2006-10-23,1377.02001953125,0.0061334564554513,0.5166527185021862,5.1869157745969594e-05,0.9731802792543268,0.026767851587927105,1,Low volatility
2006-10-24,1377.3800048828125,0.0002613893046916,-0.0003328334897111,4.595744606189078e-05,0.9765131915830385,0.0234408509708996,1,Low volatility
2006-10-25,1382.219970703125,0.0035077336032669,0.2854801615026176,4.399331943065785e-05,0.9770170685996922,0.022938938080877123,1,Low volatility
2006-10-26,1389.0799560546875,0.004950744808795,0.4125250207433574,4.898321948436409e-05,0.9749577997836952,0.024993216996820278,1,Low volatility
2006-10-27,1377.3399658203125,-0.008487547836852,-0.7706023112285952,0.00014759605729104588,0.9396539910339694,0.06019841290873961,1,Low volatility
2006-10-30,1377.9300537109375,0.0004283339893831,0.0143652256011461,0.00011155723705941176,0.9591001744588489,0.040788268304091775,1,Low volatility
2006-10-31,1377.93994140625,7.175734218378693e-06,-0.0227141754738412,7.804628572538479e-05,0.9690590845574025,0.03086286915687214,1,Low volatility
2006-11-01,1367.81005859375,-0.0073786242533495,-0.672971024627981,0.00014879973735110422,0.9448180564867316,0.05503314377591718,1,Low volatility
2006-11-02,1367.3399658203125,-0.0003437418597664,-0.0536094839524608,0.00010679169494007132,0.96114475470065,0.03874845360441003,1,Low volatility
2006-11-03,1364.300048828125,-0.0022257092668214,-0.2193007020171611,8.438698087778721e-05,0.9667315558161832,0.033184057202939,1,Low volatility
2006-11-06,1379.780029296875,0.0112825750269331,0.96998879906878,0.00027062794241042515,0.9203543517282057,0.07937502032938384,1,Low volatility
2006-11-07,1382.8399658203125,0.0022152433415971,0.171687390708594,0.0001686323696767646,0.9484052289578669,0.051426138672456316,1,Low volatility
2006-11-08,1385.719970703125,0.0020805082697785,0.1598251139858568,0.00010579225054617585,0.9635589267881683,0.036335280961285445,1,Low volatility
2006-11-09,1378.3299560546875,-0.0053472494729511,-0.4941257585259376,0.00012145922755239197,0.9557072537162047,0.044171287056242896,1,Low volatility
2006-11-10,1380.9000244140625,0.0018628886470652,0.1406655577539175,8.482789169280109e-05,0.9675221971516434,0.03239297495666381,1,Low volatility
2006-11-13,1384.4200439453125,0.0025458329201795,0.2007929903855458,6.24424112108402e-05,0.9732277245788481,0.02670983300994102,1,Low volatility
2006-11-14,1393.219970703125,0.0063362827100394,0.5345098445354115,7.231272026197004e-05,0.9687338769648,0.031193810314938047,1,Low volatility
2006-11-15,1396.5699462890625,0.0024015981817582,0.1880943488433599,5.763231334995873e-05,0.9739707344315884,0.02597163325506165,1,Low volatility
2006-11-16,1399.760009765625,0.0022816083299046,0.1775302632834844,4.7067104982607285e-05,0.9767694088767278,0.02318352401828952,1,Low volatility
2006-11-17,1401.199951171875,0.0010281771629614,0.0671763134581418,3.9950455790793476e-05,0.9785300784905496,0.021429971053659506,1,Low volatility
2006-11-20,1400.5,-0.0004996617758044,-0.0673369059641466,3.719127960705042e-05,0.9788261472310492,0.021136661489343685,1,Low volatility
2006-11-21,1402.81005859375,0.0016480939092362,0.1217547086013982,3.541075830754057e-05,0.9795141758289826,0.020450413412709832,1,Low volatility
2006-11-22,1406.0899658203125,0.002335368784049,0.1822634138670199,3.4839314288667977e-05,0.9795994186110487,0.020365742074662605,1,Low volatility
2006-11-24,1400.949951171875,-0.0036622353406023,-0.3457746005842593,4.5353549110159805e-05,0.9742858510005167,0.02566879545037315,1,Low volatility
2006-11-27,1381.9599609375,-0.0136477899701761,-1.2249177267740838,0.0007417606947213867,0.7899988758175412,0.20925936348773744,1,Low volatility
2006-11-28,1386.719970703125,0.0034384721766231,0.2793822821756486,0.0005118207706177822,0.8674368561497909,0.1320513230795913,1,Low volatility
2006-11-29,1399.47998046875,0.0091594998198738,0.7830700906034211,0.0007225422547316202,0.847978401654026,0.15129905609124242,1,Low volatility
2006-11-30,1400.6300048828125,0.0008214137907014,0.0489725577116305,0.0003732882049575078,0.9086910069678488,0.0909357048271937,1,Low volatility
2006-12-01,1396.7099609375,-0.0028026958176257,-0.2700994587072766,0.00024678122738332783,0.9327482191462712,0.06700499962634555,1,Low volatility
2006-12-04,1409.1199951171875,0.0088459495397561,0.7554646561827859,0.0003366882402490496,0.9171704156113426,0.08249289614840838,1,Low volatility
2006-12-05,1414.760009765625,0.0039945196949666,0.3283375352107485,0.0002093367206253826,0.94256467261146,0.05722599066791458,1,Low volatility
2006-12-06,1412.9000244140625,-0.0013155652358047,-0.1391702637597539,0.0001294071322278921,0.9582890232390238,0.04158156962874837,1,Low volatility
2006-12-07,1407.2900390625,-0.0039784501220792,-0.3736146216795022,0.0001149825758924483,0.9590533259830065,0.040831691441100916,1,Low volatility
2006-12-08,1409.8399658203125,0.0018103015833679,0.1360357142158264,7.877613855626109e-05,0.9692920551974652,0.030629168663978624,1,Low volatility
2006-12-11,1413.0400390625,0.0022672409790365,0.1762653402796246,5.7994064186852326e-05,0.9743550052807306,0.02558700065508252,1,Low volatility
2006-12-12,1411.56005859375,-0.001047922221212,-0.1156065734810961,4.802730664081507e-05,0.9761080038121425,0.023843968881216714,1,Low volatility
2006-12-13,1413.2099609375,0.0011681676879646,0.0795012881194162,4.1047068729142496e-05,0.9781949092473249,0.021764043683945952,1,Low volatility
2006-12-14,1425.489990234375,0.0086519224367398,0.73838222058065,8.528434580839996e-05,0.9616366964127838,0.03827801924140776,1,Low volatility
2006-12-15,1427.0899658203125,0.0011217745187641,0.0754167642929693,6.811368041237258e-05,0.9707780141823448,0.029153872137242843,1,Low volatility
2006-12-18,1422.47998046875,-0.0032355684964722,-0.3082102151189632,6.68082759911184e-05,0.969860396227885,0.03007279549612392,1,Low volatility
2006-12-19,1425.550048828125,0.0021559249845939,0.1664649140660059,5.437324891777565e-05,0.9747141617980661,0.025231464953016116,1,Low volatility
2006-12-20,1423.530029296875,-0.0014180155098069,-0.1481901387197833,4.7781673137778606e-05,0.9758452119360215,0.02410700639084075,1,Low volatility
2006-12-21,1418.300048828125,-0.0036807171642774,-0.3474017679120806,5.578299792416086e-05,0.9717990342402562,0.02814518276181968,1,Low volatility
2006-12-22,1410.760009765625,-0.0053304325532685,-0.4926451718293451,8.387080325164758e-05,0.9623272734607329,0.037588855736015454,1,Low volatility
2006-12-26,1416.9000244140625,0.0043428306262871,0.3590033492197459,7.877142205803416e-05,0.9677041121891067,0.03221711638883522,1,Low volatility
2006-12-27,1426.8399658203125,0.0069907810992626,0.5921328591132655,9.830845437227367e-05,0.962127148570134,0.03777454297549377,1,Low volatility
2006-12-28,1424.72998046875,-0.0014798765426649,-0.1536364763378305,7.620983199928579e-05,0.9688314761295326,0.031092314038468148,1,Low volatility
2006-12-29,1418.300048828125,-0.0045233026296163,-0.4215842492623193,8.600818800148091e-05,0.9639679695157021,0.03594602229629651,1,Low volatility
2007-01-03,1416.5999755859375,-0.001199388642525,-0.1289419031734017,6.943459302005735e-05,0.9702957505286048,0.029634814878374997,1,Low volatility
2007-01-04,1418.3399658203125,0.0012275324972153,0.0847278544871724,5.328727382483393e-05,0.9752275187382204,0.024719193987954757,1,Low volatility
2007-01-05,1409.7099609375,-0.0061031678324701,-0.5606779385884868,8.685233882083229e-05,0.9608328515165295,0.039080296144649716,1,Low volatility
2007-01-08,1412.8399658203125,0.0022178570774977,0.1719175079164938,7.112857668191114e-05,0.9699747538971903,0.029954117526127713,1,Low volatility
2007-01-09,1412.1099853515625,-0.0005168094993655,-0.0688466171277004,5.562751821013032e-05,0.9743268614685607,0.025617511013229188,1,Low volatility
2007-01-10,1414.8499755859375,0.0019384718073371,0.1473200119403627,4.5622122343338115e-05,0.9771231548414598,0.022831223036196807,1,Low volatility
2007-01-11,1423.8199462890625,0.0063198616292234,0.533064108083153,5.9070790300328104e-05,0.9714315298192503,0.02850939939044949,1,Low volatility
2007-01-12,1430.72998046875,0.0048414270930585,0.4029005259680863,6.144653723944478e-05,0.9718829333277096,0.028055620135051033,1,Low volatility
2007-01-16,1431.9000244140625,0.0008174608723257,0.0486245368808102,4.943025885394478e-05,0.9760169904940955,0.023933579247050488,1,Low volatility
2007-01-17,1430.6199951171875,-0.0008943374184005,-0.1020847383214287,4.343382322477836e-05,0.9771578009210191,0.02279876525575611,1,Low volatility
2007-01-18,1426.3699951171875,-0.0029751613757573,-0.2852835837319233,4.797579212733303e-05,0.9744562279143768,0.02549579629349606,1,Low volatility
2007-01-19,1430.5,0.0028912815542447,0.2312068034741681,4.557808389682095e-05,0.976566379155016,0.023388042761087097,1,Low volatility
2007-01-22,1422.949951171875,-0.0052918863667832,-0.4892515080673925,6.887651625418401e-05,0.9662769374747293,0.03365418600901644,1,Low volatility
2007-01-23,1427.989990234375,0.0035357071117871,0.2879429909240412,6.427171723627628e-05,0.9714146886666267,0.02852103961613696,1,Low volatility
2007-01-24,1440.1300048828125,0.0084655364283978,0.7219725183527406,0.0001124714855230303,0.956680751481024,0.04320677703345286,1,Low volatility
2007-01-25,1423.9000244140625,-0.0113337877307069,-1.0211895175475083,0.0006140096932483966,0.843414434944891,0.15597155536186064,1,Low volatility
2007-01-26,1422.1800537109375,-0.0012086595354299,-0.1297581264152081,0.0003776926024518714,0.90080692631363,0.09881538108391813,1,Low volatility
2007-01-29,1420.6199951171875,-0.0010975508115658,-0.1199759486125299,0.00022873440045221218,0.9352053425051483,0.06456592309439944,1,Low volatility
2007-01-30,1428.8199462890625,0.0057554986076455,0.4833767457381024,0.00018651580621893436,0.9459490914186998,0.05386439277508118,1,Low volatility
2007-01-31,1438.239990234375,0.0065712458415969,0.5551963491593042,0.00017304928240513938,0.9486940735214304,0.05113287719616446,1,Low volatility
2007-02-01,1445.93994140625,0.0053394515238318,0.4467473398137819,0.00013703766009241157,0.9565172677988409,0.04334569454106656,1,Low volatility
2007-02-02,1448.3900146484375,0.0016930162521955,0.1257097386913689,8.678220140629482e-05,0.9680268784415152,0.03188633935707843,1,Low volatility
2007-02-05,1446.989990234375,-0.0009670748024879,-0.1084886461272184,6.305724569796766e-05,0.9728114111351316,0.027125531619170536,1,Low volatility
2007-02-06,1448.0,0.0006977639370155,0.038086240130393,4.8584789960486484e-05,0.9764704683803439,0.02348094682969568,1,Low volatility
2007-02-07,1450.02001953125,0.0013940689469249,0.0993899719612122,4.078400340041234e-05,0.9783628042289273,0.021596411767672238,1,Low volatility
2007-02-08,1448.31005859375,-0.0011799630061508,-0.1272316411675576,3.8904482560490514e-05,0.978109816531903,0.02185127898553657,1,Low volatility
2007-02-09,1438.06005859375,-0.0071023761133712,-0.6486497262731181,9.034477370421532e-05,0.9567772152598438,0.04313243996645175,1,Low volatility
2007-02-12,1433.3699951171875,-0.0032667120978961,-0.3109521442488213,9.68102308298594e-05,0.9609438093297062,0.038959380439463905,1,Low volatility
2007-02-13,1444.260009765625,0.0075687747329178,0.6430202808799558,0.0001325187904616366,0.9537628027460202,0.04610467846351822,1,Low volatility
2007-02-14,1455.300048828125,0.007615012063125,0.6470910844089496,0.0001656639264737495,0.9477312278492649,0.05210310822426131,1,Low volatility
2007-02-15,1456.81005859375,0.0010370554994532,0.0679579754477172,0.00010412949511181714,0.9635609308340244,0.036334939670863764,1,Low volatility
2007-02-16,1455.5400390625,-0.0008721613605295,-0.1001323251038857,7.28345881581906e-05,0.9705330459871948,0.02939411942464687,1,Low volatility
2007-02-20,1459.6800537109375,0.0028402777834068,0.226716355401399,5.647694198327773e-05,0.9745481103306008,0.02539541272741585,1,Low volatility
2007-02-21,1457.6300048828125,-0.0014054379715542,-0.1470827934886529,4.846279698679651e-05,0.9757718701441046,0.02417966705890862,1,Low volatility
2007-02-22,1456.3800048828125,-0.0008579243533688,-0.0988788777544741,4.3471413256724886e-05,0.9770634698384533,0.02289305874828993,1,Low volatility
2007-02-23,1451.18994140625,-0.0035700389567878,-0.3376574934132643,5.165911550715771e-05,0.9729015918256005,0.027046749058892348,1,Low volatility
2007-02-26,1449.3699951171875,-0.001254893239734,-0.1338286107142837,4.920011045059366e-05,0.9750713938846413,0.024879406004908164,1,Low volatility
2007-02-27,1399.0400390625,-0.0353426608431011,-3.134966523164467,0.10636322487372459,1.4112175725702015e-05,0.8936226629505497,2,Medium volatility
2007-02-28,1406.8199462890625,0.0055454849527336,0.4648868302580968,0.05286036605638174,0.030003994452703433,0.9171356394909148,2,Medium volatility
2007-03-01,1403.1700439453125,-0.0025978059772997,-0.2520606515071981,0.024675201111697603,0.08057354681176788,0.8947512520765345,2,Medium volatility
2007-03-02,1387.1700439453125,-0.0114682618297496,-1.0330288178377325,0.020954467314324477,0.035071658938107014,0.9439738737475685,2,Medium volatility
2007-03-05,1374.1199951171875,-0.0094522095148414,-0.8555325644557332,0.015450697407842382,0.03119211265420177,0.9533571899379558,2,Medium volatility
2007-03-06,1395.4100341796875,0.0153747807178872,1.3302726929150184,0.019087604390359097,0.010586835408157204,0.9703255602014836,2,Medium volatility
2007-03-07,1391.969970703125,-0.0024683144867996,-0.2406600275061959,0.010433118419528334,0.050646440634479754,0.9389204409459919,2,Medium volatility
2007-03-08,1401.8900146484375,0.0071013477307833,0.6018673102973291,0.007585924885610122,0.08911963587006,0.9032944392443298,2,Medium volatility
2007-03-09,1402.8399658203125,0.0006773922729204,0.0362926884327024,0.004894453667907604,0.18896103269684955,0.8061445136352429,2,Medium volatility
2007-03-12,1406.5999755859375,0.0026766986224968,0.2123146020450044,0.0034627884361772645,0.3265929211180055,0.6699442904458173,2,Medium volatility
2007-03-13,1377.949951171875,-0.0205785755074057,-1.8351144249229692,0.018811828589836162,0.005061326575617312,0.9761268448345465,2,Medium volatility
2007-03-14,1387.1700439453125,0.006668880164959,0.5637922206404709,0.01162490072853251,0.034520233671444994,0.9538548656000225,2,Medium volatility
2007-03-15,1392.280029296875,0.0036769799595122,0.3003808631907401,0.007165040249704018,0.09370204285823686,0.8991329168920591,2,Medium volatility
2007-03-16,1386.949951171875,-0.0038356557012155,-0.3610427878437749,0.005214639675581104,0.1566136295633371,0.8381717307610819,2,Medium volatility
2007-03-19,1402.06005859375,0.0108355690427277,0.9306337253690165,0.006424701299648532,0.12379990783375551,0.8697753908665959,2,Medium volatility
2007-03-20,1410.93994140625,0.006313481911504,0.5325024282177772,0.0051014769205023755,0.1908535098564088,0.8040450132230887,2,Medium volatility
2007-03-21,1435.0400390625,0.01693664320298,1.4677813961127792,0.012256909935346888,0.029794088647872717,0.9579490014167804,2,Medium volatility
2007-03-22,1434.5400390625,-0.0003484830473077,-0.0540269051765725,0.007172216697071592,0.08995421776950185,0.9028735655334266,2,Medium volatility
2007-03-23,1436.1099853515625,0.0010937916027593,0.0729531066225674,0.004738935855214809,0.19057182887724755,0.8046892352675377,2,Medium volatility
2007-03-26,1437.5,0.0009674345258661,0.0618284410714825,0.0033130494813475315,0.33461872387615077,0.6620682266425018,2,Medium volatility
2007-03-27,1428.6099853515625,-0.0062035603687595,-0.5695166472505169,0.0033610129371205474,0.3596211161827625,0.637017870880117,2,Medium volatility
2007-03-28,1417.22998046875,-0.0079976848154936,-0.7274740400431019,0.004040253239334628,0.309704130302814,0.6862556164578514,2,Medium volatility
2007-03-29,1422.530029296875,0.0037327485166898,0.3052908101610371,0.0027797192805674433,0.45969393655120766,0.537526344168225,2,Medium volatility
2007-03-30,1420.8599853515625,-0.0011746852375145,-0.1267669785433623,0.0017920034299870125,0.6145788731398207,0.3836291234301923,1,Low volatility
2007-04-02,1424.550048828125,0.0025936968668176,0.2050070036517272,0.0011018356832647534,0.7510048607072084,0.24789330360952674,1,Low volatility
2007-04-03,1437.77001953125,0.0092373070725102,0.7899203571995717,0.0014488427444058032,0.730460088988444,0.2680910682671501,1,Low volatility
2007-04-04,1439.3699951171875,0.001112198740917,0.0745736985260197,0.0007455240478596168,0.8365530457285283,0.16270143022361208,1,Low volatility
2007-04-05,1443.760009765625,0.003045313970392,0.2447680471796757,0.00042107813608410186,0.8984152161265395,0.10116370573737633,1,Low volatility
2007-04-09,1444.6099853515625,0.0005885503670999,0.0284709145085603,0.00022972714400033102,0.9369704855571398,0.06279978729885989,1,Low volatility
2007-04-10,1448.3900146484375,0.0026132260269688,0.2067263800453367,0.00013810692857248023,0.9569006869525736,0.042961206118853956,1,Low volatility
2007-04-11,1438.8699951171875,-0.006594524912467,-0.6039377489253729,0.00018854188213989482,0.940225432342493,0.05958602577536716,1,Low volatility
2007-04-12,1447.800048828125,0.0061871166861129,0.5213770452607811,0.000175245599655291,0.9469363745223873,0.052888379877957456,1,Low volatility
2007-04-13,1452.8499755859375,0.003481931165326,0.2832084763738318,0.00011751818515479632,0.9608773247130077,0.03900515710183751,1,Low volatility
2007-04-16,1468.3299560546875,0.0105985428731569,0.9097655878007612,0.0002780339550911662,0.9232081018884059,0.07651386415650298,1,Low volatility
2007-04-17,1471.47998046875,0.002143013111473,0.1653281334943133,0.00016578911452781733,0.9500405237045509,0.04979368718092136,1,Low volatility
2007-04-18,1472.5,0.000692952791006,0.0376626596583759,0.00010109118693785948,0.9647023778811215,0.035196530931940764,1,Low volatility
2007-04-19,1470.72998046875,-0.0012027736577708,-0.1292399249654592,7.187103299208118e-05,0.9706957529433207,0.029232376023687244,1,Low volatility
2007-04-20,1484.3499755859375,0.0092180866602964,0.7882281634349656,0.00013941898088732174,0.9502497716049444,0.049610809414168164,1,Low volatility
2007-04-23,1480.9300537109375,-0.0023066444703703,-0.2264263580779729,0.00011000226018286575,0.9601436781485666,0.039746319591250495,1,Low volatility
2007-04-24,1480.4100341796875,-0.0003512055496237,-0.0542665983419434,7.71508011328604e-05,0.9692994491787781,0.030623400020088995,1,Low volatility
2007-04-25,1495.4200439453125,0.0100880337027087,0.864819598849163,0.000181373093334192,0.9401683946206266,0.05965023228603921,1,Low volatility
2007-04-26,1494.25,-0.0007827245066183,-0.0922581710622858,0.00012272806239027942,0.9579906563849565,0.041886615552653356,1,Low volatility
2007-04-27,1494.0699462890625,-0.0001205049756327,-0.0339553756451535,8.227529625768438e-05,0.968376667311323,0.031541057392419324,1,Low volatility
2007-04-30,1482.3699951171875,-0.0078617487090628,-0.715506022441385,0.00017194714499008592,0.9388892024892066,0.060938850365803425,1,Low volatility
2007-05-01,1486.300048828125,0.0026476879873138,0.2097604624449867,0.00012247075923379162,0.9578763554193926,0.042001173821373534,1,Low volatility
2007-05-02,1495.9200439453125,0.0064515885385025,0.5446615416882901,0.0001243509394529967,0.9577018233644843,0.04217382569606277,1,Low volatility
2007-05-03,1502.3900146484375,0.004315751619413,0.3566192730576761,9.603980292389093e-05,0.965112366881279,0.0347915933157972,1,Low volatility
2007-05-04,1505.6199951171875,0.0021475870756333,0.1657308321224953,6.717133480803486e-05,0.9722593333806202,0.02767349528457159,1,Low volatility
2007-05-07,1509.47998046875,0.0025604374591923,0.202078795787506,5.2075656660747064e-05,0.975693550649249,0.024254373694090302,1,Low volatility
2007-05-08,1507.719970703125,-0.0011666511956338,-0.1260596495108797,4.514712863278812e-05,0.9766902166387438,0.023264636232623395,1,Low volatility
2007-05-09,1512.5799560546875,0.0032182165109126,0.2599906447857469,4.268922750638695e-05,0.9774343945686621,0.022522916203831497,1,Low volatility
2007-05-10,1491.469970703125,-0.0140545818846558,-1.2607322937832366,0.0007741725955960332,0.7796711113712683,0.21955471603313556,1,Low volatility
2007-05-11,1505.8499755859375,0.0095953154624872,0.8214399499355035,0.0012583218305633741,0.7463903553986495,0.2523513227707871,1,Low volatility
2007-05-14,1503.1500244140625,-0.0017945841784525,-0.1813438060782045,0.0007344535561461213,0.8341289793230979,0.1651365671207561,1,Low volatility
2007-05-15,1501.18994140625,-0.0013048345448343,-0.138225517718512,0.0004247239573992306,0.8946622539440797,0.10491302209852119,1,Low volatility
2007-05-16,1514.1400146484375,0.0085895428045734,0.7328902247058368,0.0005193566780040851,0.8854033313261206,0.11407731199587537,1,Low volatility
2007-05-17,1512.75,-0.0009184441716891,-0.104207132843778,0.0002831427846918383,0.9268907336295137,0.07282612358579434,1,Low volatility
2007-05-18,1522.75,0.0065887242141631,0.5567351711545343,0.00024651551275632584,0.934987484231648,0.0647660002555957,1,Low volatility
2007-05-21,1525.0999755859375,0.0015420549373725,0.1124188793279684,0.00013987325002616003,0.9567857594540965,0.04307436729587734,1,Low volatility
2007-05-22,1524.1199951171875,-0.0006427745534312,-0.0799367684042266,8.937380646354361e-05,0.9671939250690264,0.03271670112451023,1,Low volatility
2007-05-23,1522.280029296875,-0.0012079608910857,-0.1296966167248964,6.569365481350863e-05,0.9720427038138703,0.027891602531316284,1,Low volatility
2007-05-24,1507.510009765625,-0.0097499406529557,-0.8817452580151527,0.0002437649883627379,0.9161305094110429,0.08362572560059439,1,Low volatility
2007-05-25,1515.72998046875,0.0054378686345302,0.4554121290598105,0.0002181270867258253,0.9352555132059245,0.06452635970734959,1,Low volatility
2007-05-29,1518.1099853515625,0.0015689722581671,0.1147887204063932,0.0001333367370293483,0.9569097710541153,0.04295689220885526,1,Low volatility
2007-05-30,1530.22998046875,0.0079519076731306,0.6767518764998333,0.00016872235369028705,0.9478286741737856,0.052002603472524035,1,Low volatility
2007-05-31,1530.6199951171875,0.0002548407492426,-0.0009093780806756,0.00010530983019519027,0.9633201283625531,0.036574561807251715,1,Low volatility
2007-06-01,1536.3399658203125,0.0037300632600247,0.3050543961583351,7.834875663919366e-05,0.9694841446745067,0.030437506568854123,1,Low volatility
2007-06-04,1539.1800537109375,0.0018468998282514,0.1392578782931877,5.6873726497350284e-05,0.9746723735481492,0.025270752725353486,1,Low volatility
2007-06-05,1530.949951171875,-0.0053614161226649,-0.4953730115007638,7.822950314736367e-05,0.9644492269279782,0.03547254356887449,1,Low volatility
2007-06-06,1517.3800048828125,-0.0089032592423672,-0.8072021635347457,0.00023965836728572775,0.9193288245440523,0.08043151708866199,1,Low volatility
2007-06-07,1490.719970703125,-0.0177259615455289,-1.583966036146477,0.006555528309100896,0.25794230034599763,0.7355021713449015,2,Medium volatility
2007-06-08,1507.6700439453125,0.0113062368277967,0.9720720193158456,0.00750307004367728,0.18472689675030063,0.807770033206022,2,Medium volatility
2007-06-11,1509.1199951171875,0.0009612543562846,0.0612843297218563,0.004303373809465443,0.3271987986804616,0.6684978275100729,2,Medium volatility
2007-06-12,1493.0,-0.0107391776941705,-0.9688391628825552,0.006359428141448293,0.17064492076445137,0.8229956510941003,2,Medium volatility
2007-06-13,1515.6700439453125,0.0150700958615308,1.3034477836279017,0.01106605627133281,0.04808664266813071,0.9408473010605366,2,Medium volatility
2007-06-14,1522.969970703125,0.0048047420992167,0.3996707243830229,0.007090446042839106,0.10763604134592816,0.8852735126112328,2,Medium volatility
2007-06-15,1532.9100341796875,0.006505555530853,0.5494128762036073,0.005535462623168423,0.1675291948456342,0.8269353425311974,2,Medium volatility
2007-06-18,1531.050048828125,-0.001214105621254,-0.1302376079357154,0.0037924457806028686,0.29102470376265455,0.7051828504567426,2,Medium volatility
2007-06-19,1533.699951171875,0.0017292784103801,0.1289023131943797,0.0025943554142881585,0.4566457265680932,0.5407599180176187,2,Medium volatility
2007-06-20,1512.8399658203125,-0.0136944283818012,-1.2290238421094488,0.007346697831054333,0.12563598304802284,0.8670173191209227,2,Medium volatility
2007-06-21,1522.18994140625,0.0061613924415659,0.5191122443950442,0.00544653100489352,0.19591465173744482,0.7986388172576617,2,Medium volatility
2007-06-22,1502.56005859375,-0.0129796898274321,-1.1660971935249558,0.008959959546628775,0.05322926054558062,0.9378107799077906,2,Medium volatility
2007-06-25,1497.739990234375,-0.0032130603124347,-0.3062285610182507,0.0060398667318228225,0.1094162291258528,0.8845439041423244,2,Medium volatility
2007-06-26,1492.8900146484375,-0.0032434502628655,-0.3089041375903682,0.004555394478086534,0.18590751322335675,0.8095370922985567,2,Medium volatility
2007-06-27,1506.3399658203125,0.0089689963237846,0.7662978786117174,0.004983234496724231,0.19727399830792927,0.7977427671953465,2,Medium volatility
2007-06-28,1505.7099609375,-0.0004183230074659,-0.0601757194572143,0.0033967976481395538,0.337572872101301,0.6590303302505595,2,Medium volatility
2007-06-29,1503.3499755859375,-0.0015685867913806,-0.1614466589740579,0.002399928552889157,0.48858914071208737,0.5090109307350236,2,Medium volatility
2007-07-02,1519.4300537109375,0.0106393648577496,0.9133596162231596,0.003708475214913479,0.407141157322717,0.5891503674623695,2,Medium volatility
2007-07-03,1524.8699951171875,0.0035738574444801,0.291301803127579,0.002306188217260623,0.563017291327947,0.43467652045479244,1,Low volatility
2007-07-05,1525.4000244140625,0.0003475294310435,0.0072510717394596,0.0013228591012855615,0.7145257346212186,0.28415140627749585,1,Low volatility
2007-07-06,1530.43994140625,0.0032985507214169,0.2670633885223415,0.000799252509482411,0.8182366715076798,0.1809640759828377,1,Low volatility
2007-07-09,1531.8499755859375,0.0009209018855544,0.0577316380003405,0.0004382238236561633,0.8912645011090325,0.10829727506731128,1,Low volatility
2007-07-10,1510.1199951171875,-0.0142870247254691,-1.281196908250202,0.003651071238366624,0.4959965680198503,0.500352360741783,2,Medium volatility
2007-07-11,1518.760009765625,0.005705104242657,0.4789399506654354,0.0023721906890945984,0.6062432653686622,0.391384543942243,1,Low volatility
2007-07-12,1547.699951171875,0.0188757075105625,1.6384995104779447,0.01378771034561904,0.0807992159855103,0.9054130736688706,2,Medium volatility
2007-07-13,1552.5,0.003096608437751,0.249284088607828,0.007550334577353273,0.17031657976027412,0.8221330856623726,2,Medium volatility
2007-07-16,1549.52001953125,-0.0019213166689402,-0.1925015236021969,0.00460157846226479,0.2862093328596886,0.7091890886780466,2,Medium volatility
2007-07-17,1549.3699951171875,-9.682461363347272e-05,-0.0318705212480177,0.0028731955865778864,0.4482105080083981,0.5489162964050239,2,Medium volatility
2007-07-18,1546.1700439453125,-0.0020674598107692,-0.2053681838273819,0.0019357107464346177,0.5908419331058996,0.40722235614766583,1,Low volatility
2007-07-19,1553.0799560546875,0.0044590940123052,0.3692393511682655,0.0013358491231113651,0.712753995985406,0.2859101548914826,1,Low volatility
2007-07-20,1534.0999755859375,-0.0122961537901264,-1.105917661091114,0.004383212903305243,0.38631804302401435,0.6092987440726805,2,Medium volatility
2007-07-23,1541.5699462890625,0.0048574688316342,0.4043128645636003,0.0028083902962552413,0.520435377032414,0.4767562326713307,1,Low volatility
2007-07-24,1511.0400390625,-0.0200031614596101,-1.7844541137436236,0.018168262595801767,0.014289173863066277,0.9675425635411319,2,Medium volatility
2007-07-25,1518.0899658203125,0.0046547619122065,0.3864662449759227,0.010386253430134109,0.05672551575730335,0.9328882308125626,2,Medium volatility
2007-07-26,1482.6600341796875,-0.0236151483184281,-2.102458825210848,0.04435682875280536,0.00016606401234952722,0.9554771072348451,2,Medium volatility
2007-07-27,1458.949951171875,-0.0161208294826877,-1.4426478147735324,0.050411562221922314,0.0014121515632163429,0.9481762862148613,2,Medium volatility
2007-07-30,1473.9100341796875,0.0102017913107266,0.8748349883643874,0.03270259566991623,0.016553960165920274,0.9507434441641635,2,Medium volatility
2007-07-31,1455.27001953125,-0.0127272929087878,-1.1438757922779528,0.028502985218669463,0.008501153562339624,0.962995861218991,2,Medium volatility
2007-08-01,1465.81005859375,0.0072165668337129,0.6120113720048598,0.016644144475325136,0.03639579742674103,0.9469600580979338,2,Medium volatility
2007-08-02,1472.199951171875,0.0043498168025948,0.3596184226039598,0.009424199367234102,0.09307239173297402,0.8975034088997919,2,Medium volatility
2007-08-03,1433.06005859375,-0.0269457884166621,-2.395693348158884,0.07215809642056084,3.4555892415192725e-05,0.927807347687024,2,Medium volatility
2007-08-06,1467.6700439453125,0.0238640801648672,2.0776832806930643,0.17756200805695174,0.00010457878237483796,0.8223334131606734,2,Medium volatility
2007-08-07,1476.7099609375,0.0061404746545443,0.51727061122019,0.09182138256865985,0.02713396433333496,0.8810446530980053,2,Medium volatility
2007-08-08,1497.489990234375,0.013973752789071,1.2069241039872844,0.07757548469025369,0.014547142313872462,0.9078773729958739,2,Medium volatility
2007-08-09,1453.0899658203125,-0.0300980667075814,-2.6732246315080785,0.43782328831564304,7.67401957338898e-07,0.5621759442823997,2,Medium volatility
2007-08-10,1453.6400146484375,0.0003784657249807,0.0099747492089241,0.23753957542008064,0.029031990265155714,0.7334284343147637,2,Medium volatility
2007-08-13,1452.9200439453125,-0.0004954108659971,-0.06696264952314,0.11038715852136483,0.09118591855959067,0.7984269229190445,2,Medium volatility
2007-08-14,1426.5400390625,-0.0183233954989878,-1.636565012670049,0.1571258456649978,0.003264327624872741,0.8396098267101294,2,Medium volatility
2007-08-15,1406.699951171875,-0.0140054582495308,-1.2564073756634462,0.13590666379067948,0.003227939456483796,0.8608653967528368,2,Medium volatility
2007-08-16,1411.27001953125,0.003243520983883,0.2622184883356582,0.06353644094192605,0.040858545374898185,0.8956050136831758,2,Medium volatility
2007-08-17,1445.93994140625,0.0242695665225198,2.1133829045315102,0.1742065524579325,0.00027268847256272185,0.8255207590695048,2,Medium volatility
2007-08-20,1445.550048828125,-0.0002696828152997,-0.0470892151952045,0.08065030989259699,0.03562352379049719,0.8837261663169058,2,Medium volatility
2007-08-21,1447.1199951171875,0.0010854652755822,0.0722200443565541,0.035370557246244716,0.1032674210547977,0.8613620216989576,2,Medium volatility
2007-08-22,1464.0699462890625,0.0116448208805781,1.0018814644275555,0.02717357845142327,0.07233356608033885,0.9004928554682379,2,Medium volatility
2007-08-23,1462.5,-0.001072891793787,-0.1178049319005869,0.012749373427168658,0.15648215544806282,0.8307684711247685,2,Medium volatility
2007-08-24,1479.3699951171875,0.0114690180502607,0.9864035209810776,0.011862458343847908,0.10930668035161571,0.8788308613045364,2,Medium volatility
2007-08-27,1466.7900390625,-0.0085399519130984,-0.7752160442785255,0.009526858376837258,0.09059869398573446,0.8998744476374283,2,Medium volatility
2007-08-28,1432.3599853515625,-0.0237529428961655,-2.114590465398894,0.04386042405099224,0.00022907624857886372,0.9559104997004289,2,Medium volatility
2007-08-29,1463.760009765625,0.0216850509809045,1.8858383006281367,0.08862644266029512,0.00033562280474250066,0.9110379345349623,2,Medium volatility
2007-08-30,1457.6400146484375,-0.0041897747783128,-0.392219959671642,0.04316352236663318,0.028074847484421794,0.9287616301489451,2,Medium volatility
2007-08-31,1473.989990234375,0.0111543032908532,0.9586955640665804,0.030535625248411375,0.03061707127762176,0.9388473034739668,2,Medium volatility
2007-09-04,1489.4200439453125,0.0104138090770478,0.8935013488026317,0.02136466769687065,0.03769674847271573,0.9409385838304136,2,Medium volatility
2007-09-05,1472.2900390625,-0.0115677736314108,-1.0417899853092023,0.018424423318210502,0.01909648029285631,0.9624790963889331,2,Medium volatility
2007-09-06,1478.550048828125,0.004242872517798,0.3502028882293402,0.010316415453908833,0.06617317207868426,0.923510412467407,2,Medium volatility
2007-09-07,1453.550048828125,-0.0170530370794876,-1.5247207622772556,0.018824134030176718,0.00445260048885896,0.9767232654809643,2,Medium volatility
2007-09-10,1451.699951171875,-0.0012736238921533,-0.1354776852959508,0.01017415087586298,0.044150674552290374,0.9456751745718466,2,Medium volatility
2007-09-11,1471.489990234375,0.0135402363950207,1.1687566739287512,0.012089883850445312,0.022925502928840772,0.9649846132207139,2,Medium volatility
2007-09-12,1471.56005859375,4.76161521048013e-05,-0.0191537407534906,0.007149219523320033,0.07903075812423205,0.913820022352448,2,Medium volatility
2007-09-13,1483.949951171875,0.0083843161538093,0.714821764212329,0.006416519383521821,0.10419624655216606,0.8893872340643122,2,Medium volatility
2007-09-14,1484.25,0.000202175617602,-0.0055460948369578,0.0043690394785089225,0.21085559298491607,0.784775367536575,2,Medium volatility
2007-09-17,1476.6500244140625,-0.0051335689917122,-0.4753130101858756,0.0038956355312025066,0.2673442126529441,0.7287601518158534,2,Medium volatility
2007-09-18,1519.780029296875,0.0287895816408063,2.5113317785726976,0.06277785772063131,0.00013887723708188592,0.9370832650422868,2,Medium volatility
2007-09-19,1529.030029296875,0.006067959764235,0.5108862920985439,0.03222768888458012,0.029304438598351443,0.9384678725170684,2,Medium volatility
2007-09-20,1518.75,-0.0067459384752552,-0.6172684248743001,0.01866934807808973,0.04783062366777416,0.933500028254136,2,Medium volatility
2007-09-21,1525.75,0.0045984643357455,0.3815097223587161,0.010265068231277054,0.10902509177261074,0.8807098399961122,2,Medium volatility
2007-09-24,1517.72998046875,-0.0052703077703659,-0.4873516962475353,0.006921528230019271,0.15158422236213578,0.841494249407845,2,Medium volatility
2007-09-25,1517.2099609375,-0.0003426885186383,-0.0535167462281525,0.00430796947201137,0.2769476231312107,0.7187444073967779,2,Medium volatility
2007-09-26,1525.4200439453125,0.0053967146323143,0.4517888693105567,0.003309089133367208,0.3919825374981028,0.60470837336853,2,Medium volatility
2007-09-27,1531.3800048828125,0.0038994820691842,0.3199702808582916,0.002268088732695118,0.5432656579694839,0.454466253297821,1,Low volatility
2007-09-28,1526.75,-0.0030279997338542,-0.28993555160384,0.0015991009857594508,0.6581114710161811,0.3402894279980594,1,Low volatility
2007-10-01,1547.0400390625,0.0132021598818248,1.138991913359304,0.004314199347480206,0.4199050398147404,0.5757807608377794,2,Medium volatility
2007-10-02,1546.6300048828125,-0.000265079453376,-0.0466839283440767,0.002311281764396583,0.5866625627834929,0.4110261554521103,1,Low volatility
2007-10-03,1539.5899658203125,-0.0045622485372653,-0.4250131050718342,0.0017516079058332596,0.6584032874513543,0.3398451046428124,1,Low volatility
2007-10-04,1542.8399658203125,0.0021087267359831,0.1623095098472465,0.00097891650643338,0.7856096942288385,0.2134113892647281,1,Low volatility
2007-10-05,1557.5899658203125,0.0095148812294745,0.8143584000680543,0.001338798122122347,0.7553661125301908,0.2432950893476869,1,Low volatility
2007-10-08,1552.5799560546875,-0.0032216979939061,-0.3069890353808173,0.0008342369104536332,0.8241444257941464,0.1750213372954,1,Low volatility
2007-10-09,1565.1500244140625,0.008063646659191,0.6865895435265085,0.0008454231490133125,0.8323859062040005,0.16676867064698614,1,Low volatility
2007-10-10,1562.469970703125,-0.0017137979492956,-0.1742312659451067,0.00046697879542754246,0.891306425332526,0.10822659587204653,1,Low volatility
2007-10-11,1554.4100341796875,-0.0051718092939996,-0.4786797434467224,0.00041247624321350744,0.8998174961663113,0.09977002759047515,1,Low volatility
2007-10-12,1561.800048828125,0.0047429591107057,0.3942312579057133,0.00027518539364926775,0.9288307998462773,0.07089401476007352,1,Low volatility
2007-10-15,1548.7099609375,-0.0084167323854273,-0.764367613241598,0.0005017807510506563,0.8814918430687468,0.11800637618020253,1,Low volatility
2007-10-16,1538.530029296875,-0.006594866980536,-0.6039678651084701,0.0005768993757152587,0.8685328285454353,0.13089027207884937,1,Low volatility
2007-10-17,1541.239990234375,0.0017598467546102,0.1315935958227182,0.00031152333542390574,0.9201781217076881,0.07951035495688794,1,Low volatility
2007-10-18,1540.0799560546875,-0.0007529463052931,-0.089636453794042,0.00018095204096462396,0.947036143808568,0.0527829041504674,1,Low volatility
2007-10-19,1500.6300048828125,-0.0259493114071025,-2.30796202567771,0.02678382505633561,0.007124029622513185,0.9660921453211512,2,Medium volatility
2007-10-22,1506.3299560546875,0.0037911765191722,0.3104348986633696,0.013905910897024837,0.04792448273470467,0.9381696063682705,2,Medium volatility
2007-10-23,1519.5899658203125,0.008764339431984,0.7482795805473312,0.010235051582393186,0.06792811773305256,0.9218368306845541,2,Medium volatility
2007-10-24,1515.8800048828125,-0.0024444075023621,-0.2385552209315157,0.0063236416228323634,0.1379766699080779,0.8556996884690897,2,Medium volatility
2007-10-25,1514.4000244140625,-0.0009767946012351,-0.1093443917090654,0.004208678503653709,0.2529478056312125,0.7428435158651338,2,Medium volatility
2007-10-26,1535.280029296875,0.013693456876032,1.182246433653628,0.007773059227254348,0.10738179733800164,0.884845143434744,2,Medium volatility
2007-10-29,1540.97998046875,0.0037057710835721,0.3029156767040101,0.005111443751028969,0.20492646535588777,0.7899620908930833,2,Medium volatility
2007-10-30,1531.02001953125,-0.0064843722893348,-0.5942397476574569,0.004699211424036509,0.22266069089792237,0.7726400976780411,2,Medium volatility
2007-10-31,1549.3800048828125,0.011920661356755,1.026166871453184,0.006720713104781997,0.14062274848296208,0.8526565384122559,2,Medium volatility
2007-11-01,1508.43994140625,-0.026778888689809,-2.380999247223188,0.05965629551668156,5.7932950206105565e-05,0.9402857715331124,2,Medium volatility
2007-11-02,1509.6500244140625,0.0008018866808869,0.0472533618327227,0.027407950095873795,0.03813553641822082,0.9344565134859054,2,Medium volatility
2007-11-05,1502.1700439453125,-0.004967093437072,-0.46065625400459,0.014877049197005518,0.0730320257595551,0.9120909250434394,2,Medium volatility
2007-11-06,1520.27001953125,0.0119772048944515,1.0311450488644929,0.013748718399806695,0.04988062292560585,0.9363706586745875,2,Medium volatility
2007-11-07,1475.6199951171875,-0.0298097263615746,-2.6478387172951297,0.14277675176674026,2.883435779101668e-06,0.8572203647974806,2,Medium volatility
2007-11-08,1474.77001953125,-0.0005761784748674,-0.0740735502984276,0.0654323320478755,0.03535885242730807,0.8992088155248164,2,Medium volatility
2007-11-09,1453.699951171875,-0.0143900618120111,-1.2902684470616512,0.06227827714092942,0.00748894977595642,0.9302327730831141,2,Medium volatility
2007-11-12,1439.1800537109375,-0.0100384525923686,-0.90714627956756,0.04117126579052092,0.013322849742119065,0.94550588446736,2,Medium volatility
2007-11-13,1481.050048828125,0.028677784387761,2.5014889816337487,0.22392802632861672,1.1121602610521732e-05,0.7760608520687727,2,Medium volatility
2007-11-14,1470.5799560546875,-0.0070944777433501,-0.6479543419935521,0.1263549773211698,0.016334745291253984,0.8573102773875761,2,Medium volatility
2007-11-15,1451.1500244140625,-0.013300488548972,-1.1943407915417368,0.10460169056639715,0.006804058270463504,0.8885942511631394,2,Medium volatility
2007-11-16,1458.739990234375,0.0052166803519844,0.4359383826924369,0.05115865130649456,0.04190317138058914,0.9069381773129163,2,Medium volatility
2007-11-19,1433.27001953125,-0.0176144820806181,-1.5741512177489696,0.06933712000774092,0.0024301651190062824,0.9282327148732529,2,Medium volatility
2007-11-20,1439.699951171875,0.0044761639989676,0.3707422182592887,0.033482205648275434,0.037585837297382726,0.9289319570543418,2,Medium volatility
2007-11-21,1416.77001953125,-0.0160550780643191,-1.4368589618113958,0.04042716976058796,0.004274377728632807,0.9552984525107792,2,Medium volatility
2007-11-23,1440.699951171875,0.0167494261229776,1.451298525096083,0.04684179898449915,0.003087824582136293,0.9500703764333644,2,Medium volatility
2007-11-26,1407.219970703125,-0.0235129665512978,-2.093462589996383,0.1286009677880897,4.706309782879777e-05,0.8713519691140816,2,Medium volatility
2007-11-27,1428.22998046875,0.0148197955564901,1.2814109713703197,0.11344171403677966,0.004429224727055386,0.882129061236165,2,Medium volatility
2007-11-28,1469.02001953125,0.0281596233998318,2.4558693152560256,0.4156416134031875,8.466738297855206e-06,0.5843499198585146,2,Medium volatility
2007-11-29,1469.719970703125,0.000476361425262,0.0185936327039832,0.22198534208321918,0.029745920206963955,0.748268737709817,2,Medium volatility
2007-11-30,1481.1400146484375,0.0077401849067433,0.6581114882958551,0.12402437031072083,0.05914109516686895,0.8168345345224101,2,Medium volatility
2007-12-03,1472.4200439453125,-0.0059047358888442,-0.5432076942478735,0.06366858155302473,0.08911289222989591,0.8472185262170794,2,Medium volatility
2007-12-04,1462.7900390625,-0.0065617377722411,-0.6010511201875307,0.03408211191654873,0.1095390152990273,0.856378872784424,2,Medium volatility
2007-12-05,1485.010009765625,0.0150759150455686,1.3039601132717369,0.0366609019260431,0.031011980409177572,0.9323271176647794,2,Medium volatility
2007-12-06,1507.3399658203125,0.0149249725092905,1.2906709071994436,0.036557252353654625,0.0120624627876556,0.9513802848586898,2,Medium volatility
2007-12-07,1504.6600341796875,-0.0017795035510106,-0.1800160851407104,0.017626871357846092,0.05546260183402358,0.9269105268081304,2,Medium volatility
2007-12-10,1515.9599609375,0.0074818941071708,0.6353711809793521,0.011219375954014286,0.09069146331592476,0.898089160730061,2,Medium volatility
2007-12-11,1477.6500244140625,-0.0255958713704247,-2.276844637581379,0.06456172080350464,7.777348250686423e-05,0.9353605057139884,2,Medium volatility
2007-12-12,1486.5899658203125,0.0060318790254934,0.5077096900339391,0.03304867311688223,0.02930166493848331,0.9376496619446345,2,Medium volatility
2007-12-13,1488.4100341796875,0.001223575520302,0.0843794763366472,0.015590532198512058,0.09133699268686561,0.8930724751146223,2,Medium volatility
2007-12-14,1467.949951171875,-0.0138416226517117,-1.241983045219018,0.018229898774292458,0.01914441400908597,0.9626256872166216,2,Medium volatility
2007-12-17,1445.9000244140625,-0.0151348544669955,-1.355841103499479,0.02223586673121498,0.004078992137661857,0.973685141131123,2,Medium volatility
2007-12-18,1454.97998046875,0.0062601594638191,0.5278078403763607,0.013025604610613249,0.034784921890092385,0.9521894734992944,2,Medium volatility
2007-12-19,1453.0,-0.0013617568126456,-0.143237039094123,0.007524786022443811,0.09450817490129212,0.8979670390762641,2,Medium volatility
2007-12-20,1460.1199951171875,0.0048882361912445,0.4070216688029058,0.005330206834596804,0.17370153994648235,0.8209682532189209,2,Medium volatility
2007-12-21,1484.4599609375,0.0165324226656187,1.43219321698115,0.011875661467382094,0.030865588543102444,0.9572587499895155,2,Medium volatility
2007-12-24,1496.449951171875,0.0080445603851142,0.6849091594835933,0.008828010286507584,0.05708863229661142,0.9340833574168811,2,Medium volatility
2007-12-26,1497.6600341796875,0.0008083090331476,0.0478187953067175,0.005587331194604547,0.13786864521686443,0.8565440235885311,2,Medium volatility
2007-12-27,1476.27001953125,-0.0143852633546597,-1.2898459837180225,0.010263475574631743,0.023576021978204503,0.9661605024471638,2,Medium volatility
2007-12-28,1478.489990234375,0.0015026405620073,0.108948778921852,0.0064345709122952096,0.08098049875258555,0.9125849303351193,2,Medium volatility
2007-12-31,1468.3599853515625,-0.0068751683110734,-0.6286460124067674,0.005845865979474613,0.09489561689160673,0.8992585171289186,2,Medium volatility
2008-01-02,1447.1600341796875,-0.0145430830039972,-1.303740661083447,0.010495777726693842,0.015646949750136824,0.9738572725231693,2,Medium volatility
2008-01-03,1447.1600341796875,0.0,-0.0233459378192967,0.006569404238409736,0.06624945531709049,0.9271811404444997,2,Medium volatility
2008-01-04,1411.6300048828125,-0.0248579702239553,-2.2118787198340684,0.04142548486886466,9.321185054923621e-05,0.958481303280586,2,Medium volatility
2008-01-07,1416.1800537109375,0.0032180752317447,0.2599782063570426,0.020154558144713376,0.03677562148331888,0.9430698203719677,2,Medium volatility
2008-01-08,1390.18994140625,-0.0185227574625868,-1.654117137356512,0.03520693289387431,0.0015269608828616308,0.963266106223264,2,Medium volatility
2008-01-09,1409.1300048828125,0.013532109841889,1.1680412000677207,0.030596992059204527,0.007572654286198593,0.9618303536545969,2,Medium volatility
2008-01-10,1420.3299560546875,0.0079167118971259,0.673653187874786,0.018328666521566003,0.03193712407287621,0.9497342094055577,2,Medium volatility
2008-01-11,1401.02001953125,-0.0136886513285663,-1.2285152217243525,0.019591043259942126,0.008990756598111372,0.9714182001419465,2,Medium volatility
2008-01-14,1416.25,0.0108119766488803,0.9285566158191996,0.015291838186921093,0.019975863733627825,0.9647322980794512,2,Medium volatility
2008-01-15,1380.949951171875,-0.0252409005948042,-2.245592480944952,0.07147367444018302,3.2460815247249284e-05,0.9284938647445697,2,Medium volatility
2008-01-16,1373.199951171875,-0.0056278857217879,-0.5188333925309503,0.036872812701563826,0.02306006242049844,0.9400671248779378,2,Medium volatility
2008-01-17,1333.25,-0.0295241765449123,-2.6226984854486246,0.2562558420433475,1.860794595387805e-06,0.7437422971620571,2,Medium volatility
2008-01-18,1325.18994140625,-0.0060637693295886,-0.5572092356195142,0.14052813607059111,0.01907119697559969,0.8404006669538092,2,Medium volatility
2008-01-22,1310.5,-0.0111470573876619,-1.0047494995786632,0.09887957346932992,0.014070340511697213,0.8870500860189728,2,Medium volatility
2008-01-23,1338.5999755859375,0.0212155296645759,1.844500943499532,0.1707022850648493,0.0006580557435094166,0.8286396591916412,2,Medium volatility
2008-01-24,1352.0699462890625,0.0100124382575454,0.8581640630825522,0.10644651159809568,0.015311022203044816,0.8782424661988595,2,Medium volatility
2008-01-25,1330.6099853515625,-0.0159992390082663,-1.431942808014955,0.11242839104139714,0.0025165317164503108,0.8850550772421526,2,Medium volatility
2008-01-28,1353.9599609375,0.0173961304104812,1.508235335331184,0.12662451135235425,0.0020980895089089935,0.8712773991387367,2,Medium volatility
2008-01-29,1362.300048828125,0.006140880526634,0.5173063448044534,0.06442733964175958,0.03097795883123885,0.9045947015270016,2,Medium volatility
2008-01-30,1355.81005859375,-0.0047753787088495,-0.4437774033289361,0.0319207798209082,0.06610806303005635,0.9019711571490354,2,Medium volatility
2008-01-31,1378.550048828125,0.0166331526297911,1.4410616332973794,0.03951751063360085,0.011973501705117722,0.9485089876612814,2,Medium volatility
2008-02-01,1395.4200439453125,0.0121632191673803,1.0475220229520636,0.030370119921608256,0.016057355288127476,0.9535725247902643,2,Medium volatility
2008-02-04,1380.8199462890625,-0.0105179900194496,-0.9493654700289924,0.02247497992747699,0.015679297041857863,0.9618457230306651,2,Medium volatility
2008-02-05,1336.6400146484375,-0.0325184734153438,-2.88632084885899,0.2918478949763157,1.6929669529567386e-07,0.708151935726989,2,Medium volatility
2008-02-06,1326.449951171875,-0.0076528493892382,-0.6971142146848472,0.17403324334128234,0.01385538047111917,0.8121113761875984,2,Medium volatility
2008-02-07,1336.9100341796875,0.0078548426395883,0.6682061261436771,0.09642442232372041,0.03857226936409909,0.8650033083121806,2,Medium volatility
2008-02-08,1331.2900390625,-0.0042125802217771,-0.3942277849357461,0.04609129986555699,0.08142372704331076,0.8724849730911323,2,Medium volatility
2008-02-11,1339.1300048828125,0.0058717267068635,0.4936096409840999,0.0228320763557515,0.14500890156972157,0.8321590220745269,2,Medium volatility
2008-02-12,1348.8599853515625,0.0072396273807111,0.6140416569646558,0.012985089108465894,0.19880357360038883,0.7882113372911452,2,Medium volatility
2008-02-13,1367.2099609375,0.0135123580384073,1.1663022218231514,0.014997514930763893,0.08674303704422737,0.8982594480250087,2,Medium volatility
2008-02-14,1348.8599853515625,-0.0135123580384073,-1.2129940974617446,0.01711836562263858,0.020354162683199346,0.9625274716941621,2,Medium volatility
2008-02-15,1349.989990234375,0.0008373973796755,0.0503797767294712,0.009201558627787286,0.07540658070713328,0.9153918606650794,2,Medium volatility
2008-02-19,1348.780029296875,-0.000896675900365,-0.1022906217621662,0.005662653027092123,0.16148648423165513,0.8328508627412528,2,Medium volatility
2008-02-20,1360.030029296875,0.008306277988261,0.7079511676989354,0.005337554493354569,0.19060176466113923,0.8040606808455063,2,Medium volatility
2008-02-21,1342.530029296875,-0.0129508645274825,-1.1635593711153729,0.00882409247857377,0.052123126147704535,0.9390527813737217,2,Medium volatility
2008-02-22,1353.1099853515625,0.0078497205291121,0.6677551678961103,0.007123907151226387,0.0824748419324834,0.9104012509162902,2,Medium volatility
2008-02-25,1371.800048828125,0.0137181458061128,1.184420083889263,0.010007611222831803,0.03560677084619412,0.9543856179309741,2,Medium volatility
2008-02-26,1381.2900390625,0.0068940917430708,0.5836201839514885,0.0073795514189126145,0.07251602315730218,0.9201044254237852,2,Medium volatility
2008-02-27,1380.02001953125,-0.0009198674497632,-0.1043324403686896,0.004978700031525227,0.1567703731310925,0.8382509268373823,2,Medium volatility
2008-02-28,1367.6800537109375,-0.0089820929904345,-0.8141428043199743,0.005841313851472984,0.11486423416306309,0.879294451985464,2,Medium volatility
2008-02-29,1330.6300048828125,-0.0274633950193701,-2.441264205634692,0.061319990210089874,3.064788814773146e-05,0.9386493619017624,2,Medium volatility
2008-03-03,1331.3399658203125,0.0005334101903082,0.0236162910848653,0.02811503271203989,0.03795499913334896,0.9339299681546112,2,Medium volatility
2008-03-04,1326.75,-0.0034535854252286,-0.3274047507676442,0.014345225165522018,0.08601186822762809,0.89964290660685,2,Medium volatility
2008-03-05,1333.699951171875,0.005224655309318,0.4366405098332496,0.008349311874112485,0.1581132115123944,0.8335374766134931,2,Medium volatility
2008-03-06,1304.3399658203125,-0.0222598585247641,-1.983137089934759,0.03403410713609052,0.0008941919204457756,0.9650717009434637,2,Medium volatility
2008-03-07,1293.3699951171875,-0.0084459282050168,-0.766938056753025,0.02152492920554108,0.014779231886105818,0.9636958389083532,2,Medium volatility
2008-03-10,1273.3699951171875,-0.015584285792662,-1.3954097078796397,0.026366956027542063,0.0030598061305008003,0.970573237841957,2,Medium volatility
2008-03-11,1320.6500244140625,0.0364571326133296,3.186394404762713,0.4978928701152211,2.1019320800441335e-08,0.5021071088654581,2,Medium volatility
2008-03-12,1308.77001953125,-0.0090362783594617,-0.8189133650436858,0.34896321439503825,0.008042643023995802,0.6429941425809659,2,Medium volatility
2008-03-13,1315.47998046875,0.0051138234240504,0.4268827053135993,0.18927680387482868,0.04144745563568836,0.7692757404894829,2,Medium volatility
2008-03-14,1288.1400146484375,-0.0210022743914946,-1.8724175067585904,0.3158947790638053,0.00042315518555509135,0.6836820657506396,2,Medium volatility
2008-03-17,1276.5999755859375,-0.0089990540836311,-0.8156360842678194,0.20313532039646995,0.010387670346841474,0.7864770092566886,2,Medium volatility
2008-03-18,1330.739990234375,0.0415348964290096,3.633448306180408,0.9657742032470976,2.7660230379778493e-11,0.03422579672524225,0,High volatility
2008-03-19,1298.4200439453125,-0.0245869966260841,-2.188021800034957,0.9791790393762383,2.79888988144652e-07,0.020820680734773583,0,High volatility
2008-03-20,1329.510009765625,0.023662286124142,2.059917032308201,0.9791958240435641,1.171443067059994e-06,0.02080300451336887,0,High volatility
2008-03-24,1349.8800048828125,0.0152052425852149,1.315346302794986,0.9424450767733736,0.00010266500036399375,0.05745225822626259,0,High volatility
2008-03-25,1352.989990234375,0.0023012477327091,0.1792593456047522,0.8176665539542454,0.00507601150677262,0.17725743453898207,0,High volatility
2008-03-26,1341.1300048828125,-0.0088044051386297,-0.7984989007696419,0.6841219490839401,0.008670730307462984,0.30720732060859696,0,High volatility
2008-03-27,1325.760009765625,-0.0115266585489388,-1.0381701521122628,0.5775745854139749,0.006284580328653588,0.4161408342573716,0,High volatility
2008-03-28,1315.219970703125,-0.0079819575314159,-0.7260893864906999,0.4071007410692064,0.015476654262414619,0.5774226046683789,2,Medium volatility
2008-03-31,1322.699951171875,0.0056711353928271,0.4759492824511645,0.23145687835608975,0.052085769799985235,0.716457351843925,2,Medium volatility
2008-04-01,1370.1800537109375,0.0352670921363937,3.0816214658528085,0.8808343852403623,4.862687507365856e-08,0.1191655661327628,0,High volatility
2008-04-02,1367.530029296875,-0.0019359429314116,-0.1937892415698596,0.7140723320383755,0.008258492411968035,0.27766917554965637,0,High volatility
2008-04-03,1369.31005859375,0.0013007917822775,0.0911777112333633,0.4805880514201225,0.04369235548547416,0.47571959309440337,0,High volatility
2008-04-04,1370.4000244140625,0.0007956797214259,0.0467068918621399,0.2551497323601988,0.13150876041472237,0.6133415072250789,2,Medium volatility
2008-04-07,1372.5400390625,0.0015603804918233,0.1140322884801574,0.10810984702597351,0.27883321794427046,0.6130569350297561,2,Medium volatility
2008-04-08,1365.5400390625,-0.0051130829272389,-0.473509386508224,0.049671235969714206,0.3560508509136015,0.5942779131166843,2,Medium volatility
2008-04-09,1354.489990234375,-0.0081249908997769,-0.7386822576205548,0.031113392927793342,0.30717064946368483,0.6617159576085219,2,Medium volatility
2008-04-10,1360.550048828125,0.0044640731409257,0.3696777210799541,0.012629841241458656,0.44948201798601783,0.5378881407725234,2,Medium volatility
2008-04-11,1332.8299560546875,-0.0205845974395009,-1.8356446048082409,0.0477661633194048,0.008165048200946275,0.9440687884796489,2,Medium volatility
2008-04-14,1328.3199462890625,-0.0033895227619904,-0.3217645783264984,0.02330657331976582,0.04298331097747934,0.9337101157027548,2,Medium volatility
2008-04-15,1334.4300537109375,0.0045893291868175,0.380705450219141,0.012293857073557107,0.10180171302147956,0.8859044299049634,2,Medium volatility
2008-04-16,1364.7099609375,0.0224376485954636,1.9520981173504788,0.039682689828154705,0.0016076945153425035,0.9587096156565028,2,Medium volatility
2008-04-17,1365.56005859375,0.0006227205936708,0.0314793122315256,0.01881371557025353,0.041302345708619445,0.9398839387211271,2,Medium volatility
2008-04-18,1390.3299560546875,0.0179764536061535,1.5593278552131355,0.029365796995162723,0.005165626411212761,0.9654685765936245,2,Medium volatility
2008-04-21,1388.1700439453125,-0.0015547328014768,-0.1602269330353347,0.014628095566576236,0.04456851002229084,0.9408033944111329,2,Medium volatility
2008-04-22,1375.93994140625,-0.0088492733031717,-0.8024491609109294,0.01129776726772275,0.041856300607173005,0.9468459321251043,2,Medium volatility
2008-04-23,1379.9300537109375,0.0028957208430835,0.2315976450861347,0.006839442328009948,0.10913477256851786,0.8840257851034723,2,Medium volatility
2008-04-24,1388.8199462890625,0.0064216149002849,0.5420226178644836,0.005388809454542492,0.17078486658091632,0.8238263239645411,2,Medium volatility
2008-04-25,1397.8399658203125,0.0064737365287355,0.5466114837891117,0.004487302000440336,0.24438816269977676,0.7511245352997828,2,Medium volatility
2008-04-28,1396.3699951171875,-0.0010521548912096,-0.1159792240620462,0.0030654390532774923,0.39028028419877675,0.6066542767479458,2,Medium volatility
2008-04-29,1390.93994140625,-0.0038962732556067,-0.366379647762565,0.0024621182578330987,0.4928416030365136,0.5046962787056533,2,Medium volatility
2008-04-30,1385.5899658203125,-0.0038537184080862,-0.362633055502892,0.001930117869668561,0.5930227333456294,0.40504714878470216,1,Low volatility
2008-05-01,1409.3399658203125,0.0169954684034419,1.472960454517773,0.009276543608066354,0.14482054107453168,0.8459029153174019,2,Medium volatility
2008-05-02,1413.9000244140625,0.0032303754374387,0.2610611348159761,0.005376905693103181,0.2626899724762132,0.7319331218306836,2,Medium volatility
2008-05-05,1407.489990234375,-0.0045438916104298,-0.4233969338480944,0.00395777411233766,0.34055704843162915,0.6554851774560332,2,Medium volatility
2008-05-06,1418.260009765625,0.0076228057559779,0.6477772527544683,0.0036023848194592953,0.39553820220506275,0.6008594129754778,2,Medium volatility
2008-05-07,1392.5699462890625,-0.0182798527423706,-1.6327314434197249,0.014837784729620272,0.019142801148345757,0.966019414122034,2,Medium volatility
2008-05-08,1397.6800537109375,0.0036628353266756,0.2991355486146276,0.0086369506717259,0.06855649376730595,0.9228065555609682,2,Medium volatility
2008-05-09,1388.280029296875,-0.0067481656630263,-0.6174645098082203,0.006909188013027287,0.08507905477848322,0.9080117572084895,2,Medium volatility
2008-05-12,1403.5799560546875,0.0109604922924848,0.941632154640034,0.007662919070283476,0.07049863384317544,0.9218384470865412,2,Medium volatility
2008-05-13,1403.0400390625,-0.0003847453519085,-0.057219492570284,0.00506780182814991,0.1564223448266819,0.8385098533451683,2,Medium volatility
2008-05-14,1408.6600341796875,0.0039975832806238,0.328607257862312,0.0038491534764669827,0.26975553537573826,0.7263953111477948,2,Medium volatility
2008-05-15,1423.5699462890625,0.0105288411960371,0.903628948165113,0.005155249785324656,0.22127284217454363,0.7735719080401318,2,Medium volatility
2008-05-16,1425.3499755859375,0.0012496171021449,0.0866722160513237,0.003319443898205137,0.37432587967878317,0.6223546764230117,2,Medium volatility
2008-05-19,1426.6300048828125,0.0008976426143174,0.0556838570621007,0.002135929712114218,0.5467821885781504,0.4510818817097353,1,Low volatility
2008-05-20,1413.4000244140625,-0.0093168565354586,-0.8436158862292398,0.0034954453661411094,0.41173307834125744,0.5847714762926014,2,Medium volatility
2008-05-21,1390.7099609375,-0.0161837865360716,-1.44819064767374,0.011360934420965831,0.04696271576051214,0.941676349818522,2,Medium volatility
2008-05-22,1394.3499755859375,0.0026139593430798,0.2067909422897213,0.0067851586836154805,0.11859646659024584,0.8746183747261387,2,Medium volatility
2008-05-23,1375.9300537109375,-0.0132984341947146,-1.1941599231281983,0.010152371423500946,0.029012482010389983,0.960835146566109,2,Medium volatility
2008-05-27,1385.3499755859375,0.0068228925121216,0.5773516974426262,0.007455762188488029,0.06475027862336558,0.9277939591881463,2,Medium volatility
2008-05-28,1390.8399658203125,0.00395505891648,0.3248633494045992,0.005289620904713503,0.13936716275111882,0.8553432163441677,2,Medium volatility
2008-05-29,1398.260009765625,0.0053207568862037,0.4451014360280595,0.004277019092407857,0.2277490867215637,0.7679738941860285,2,Medium volatility
2008-05-30,1400.3800048828125,0.0015150183743459,0.1100385399855509,0.0030015362794347,0.3819585338869017,0.6150399298336636,2,Medium volatility
2008-06-02,1385.6700439453125,-0.0105598229547778,-0.953048504062296,0.005202424205942595,0.21317219754769215,0.7816253782463654,2,Medium volatility
2008-06-03,1377.6500244140625,-0.0058046421345538,-0.5343952907987629,0.004466062534670897,0.2509167252409821,0.744617212224347,2,Medium volatility
2008-06-04,1377.199951171875,-0.0003267497324213,-0.0521134717118844,0.0029821499837079544,0.40516023355524333,0.5918576164610487,2,Medium volatility
2008-06-05,1404.050048828125,0.0193085352541535,1.6766063107227018,0.014237722745656812,0.03266077889872977,0.9531014983556134,2,Medium volatility
2008-06-06,1360.6800537109375,-0.0313763380185383,-2.785765544669292,0.18773883003154612,6.701365425898637e-07,0.8122604998319114,2,Medium volatility
2008-06-09,1361.760009765625,0.0007933736546297,0.0465038623011769,0.08739267711624707,0.0354981717412184,0.8771091511425345,2,Medium volatility
2008-06-10,1358.43994140625,-0.0024410485020096,-0.2382594895294738,0.03964403292987731,0.09070236965703601,0.8696535974130867,2,Medium volatility
2008-06-11,1335.489990234375,-0.017038681020649,-1.5234568334405183,0.0542791614112293,0.005823063396551095,0.9398977751922196,2,Medium volatility
2008-06-12,1339.8699951171875,0.0032743322917703,0.2649311618468334,0.025693339233446275,0.0466342795472425,0.9276723812193112,2,Medium volatility
2008-06-13,1360.030029296875,0.0149341891825907,1.2914823568663665,0.027354228892708065,0.01590932985674031,0.9567364412505517,2,Medium volatility
2008-06-16,1360.1400146484375,8.086652661098981e-05,-0.0162263281785518,0.013434392689537002,0.066814523232113,0.91975108407835,2,Medium volatility
2008-06-17,1350.9300537109375,-0.0067943624734683,-0.6215317459166378,0.009288906018737959,0.08289679357318042,0.9078143004080818,2,Medium volatility
2008-06-18,1337.81005859375,-0.0097592914913047,-0.8825685197731213,0.008896597754705513,0.055060103860505735,0.9360432983847888,2,Medium volatility
2008-06-19,1342.8299560546875,0.0037453020931321,0.3063960457586334,0.0059035791816005705,0.12592911105827947,0.86816730976012,2,Medium volatility
2008-06-20,1317.9300537109375,-0.0187169298745102,-1.6712123661716032,0.01709626858631983,0.003949530397341793,0.9789542010163383,2,Medium volatility
2008-06-23,1318.0,5.307143031352268e-05,-0.0186734499217279,0.009367901087671217,0.04548757686110611,0.9451445220512227,2,Medium volatility
2008-06-24,1314.2900390625,-0.0028188104950155,-0.2715182189447953,0.006180096493207317,0.10170664415861684,0.8921132593481759,2,Medium volatility
2008-06-25,1321.969970703125,0.0058264005356178,0.4896190572493573,0.004961590271267253,0.17069811534748605,0.8243402943812467,2,Medium volatility
2008-06-26,1283.1500244140625,-0.0298050148105826,-2.6474239053170305,0.08789884518911692,9.452858789375683e-06,0.9120917019520938,2,Medium volatility
2008-06-27,1278.3800048828125,-0.0037243561390027,-0.3512438083481817,0.042234048968651225,0.02909103908586349,0.9286749119454852,2,Medium volatility
2008-06-30,1280.0,0.0012664227601932,0.0881518112568321,0.019381772678971152,0.0910679349799845,0.8895502923410443,2,Medium volatility
2008-07-01,1284.9100341796875,0.0038286256531536,0.3137319762862793,0.009877883092266202,0.1806135931530639,0.80950852375467,2,Medium volatility
2008-07-02,1261.52001953125,-0.0183713449871705,-1.640786557141429,0.023067139063931874,0.006689749760316101,0.970243111175752,2,Medium volatility
2008-07-03,1262.9000244140625,0.0010933244042243,0.0729119737665721,0.011809944493965375,0.050957592124491656,0.937232463381543,2,Medium volatility
2008-07-07,1252.31005859375,-0.0084207903501969,-0.7647248825136471,0.009444464885161851,0.050317665179988265,0.9402378699348498,2,Medium volatility
2008-07-08,1273.699951171875,0.0169361196263837,1.4677352996481616,0.016274703461301426,0.008751775435664341,0.9749735211030343,2,Medium volatility
2008-07-09,1244.68994140625,-0.0230395564248073,-2.0517828562197384,0.053331241901077305,8.205897150154263e-05,0.9465866991274211,2,Medium volatility
2008-07-10,1253.3900146484375,0.0069654363115265,0.5899014661912397,0.028747559279395103,0.026413016508103262,0.9448394242125016,2,Medium volatility
2008-07-11,1239.489990234375,-0.0111518953520821,-1.0051754411835665,0.022604590733039914,0.017129206081533083,0.960266203185427,2,Medium volatility
2008-07-14,1228.300048828125,-0.0090688574970414,-0.8217816809182553,0.01593990004646899,0.022900327179535978,0.961159772773995,2,Medium volatility
2008-07-15,1214.9100341796875,-0.0109611112071839,-0.9883785204520422,0.01395255436820884,0.016674787863269425,0.9693726577685217,2,Medium volatility
2008-07-16,1245.3599853515625,0.0247546048747127,2.156086404646158,0.05702292787800977,0.00013849072869272209,0.9428385813932976,2,Medium volatility
2008-07-17,1260.3199462890625,0.0119409813729269,1.027955875990667,0.041394551286511476,0.010538552958211338,0.9480668957552771,2,Medium volatility
2008-07-18,1260.6800537109375,0.0002856861755846,0.0018062992701497,0.019354499351358186,0.05738679961891971,0.9232587010297222,2,Medium volatility
2008-07-21,1260.0,-0.0005395795681693,-0.0708513279539216,0.00974732313261148,0.13523693211393678,0.8550157447534517,2,Medium volatility
2008-07-22,1277.0,0.0134018560870154,1.1565734651741182,0.011896705721277736,0.06063139866433468,0.9274718956143877,2,Medium volatility
2008-07-23,1282.18994140625,0.004055930696718,0.3337442514188075,0.007156357070746983,0.13247209158163906,0.860371551347614,2,Medium volatility
2008-07-24,1252.5400390625,-0.023395986965812,-2.0831635327782903,0.03606190168295149,0.00040414319938527276,0.9635339551176633,2,Medium volatility
2008-07-25,1257.760009765625,0.0041588480463001,0.3428052484096817,0.018220741317706554,0.035513288444079937,0.9462659702382135,2,Medium volatility
2008-07-28,1234.3699951171875,-0.0187716543170859,-1.676030387734723,0.03356271057193615,0.0013372367225883929,0.9651000527054755,2,Medium volatility
2008-07-29,1263.199951171875,0.0230874307944617,2.0093059115052307,0.08555149730318554,0.00018267287415143327,0.914265829822663,2,Medium volatility
2008-07-30,1284.260009765625,0.0165345392799292,1.4323795668626436,0.08998538859817261,0.0026332512192448585,0.9073813601825826,2,Medium volatility
2008-07-31,1267.3800048828125,-0.0132309032871615,-1.1882144012835891,0.07406593146451322,0.004291960880263793,0.921642107655223,2,Medium volatility
2008-08-01,1260.31005859375,-0.0055940123576432,-0.5158511310188516,0.03806378784384005,0.028150889715442294,0.9337853224407175,2,Medium volatility
2008-08-04,1249.010009765625,-0.0090065236049028,-0.8162937120637254,0.024706698772628162,0.03011285906481527,0.9451804421625565,2,Medium volatility
2008-08-05,1284.8800048828125,0.0283140872375078,2.4694685419565205,0.1489936196871783,2.30137490847991e-05,0.8509833665637369,2,Medium volatility
2008-08-06,1289.18994140625,0.0033487361579265,0.2714817892200435,0.07029610224327697,0.03443038902671784,0.8952735087300052,2,Medium volatility
2008-08-07,1266.0699462890625,-0.0180964967014887,-1.616588504047154,0.09652579862013287,0.0017011405714939909,0.9017730608083732,2,Medium volatility
2008-08-08,1296.3199462890625,0.0236118675696417,2.055478107554829,0.21878275027685518,0.00012276301013154268,0.7810944867130133,2,Medium volatility
2008-08-11,1305.3199462890625,0.0069187406968787,0.5857903146164198,0.11864987792918673,0.024022543236746324,0.857327578834067,2,Medium volatility
2008-08-12,1289.5899658203125,-0.0121238684022477,-1.0907493985243133,0.0900707857836453,0.012117473067929643,0.8978117411484251,2,Medium volatility
2008-08-13,1285.8299560546875,-0.0029199218388873,-0.2804202124987079,0.04203018502202735,0.05080646719568099,0.9071633477822917,2,Medium volatility
2008-08-14,1292.9300537109375,0.0055066121473705,0.4614644104828876,0.02104666408697079,0.10627392970383366,0.8726794062091956,2,Medium volatility
2008-08-15,1298.199951171875,0.0040676498031482,0.3347760190316634,0.010488515681357074,0.20062504872747638,0.7888864355911666,2,Medium volatility
2008-08-18,1278.5999755859375,-0.0152129417489375,-1.3627160242934466,0.016960891337256208,0.0262860925602141,0.9567530161025296,2,Medium volatility
2008-08-19,1266.68994140625,-0.0093585575662942,-0.8472873071942377,0.013020292858295356,0.0267510355129502,0.9602286716287544,2,Medium volatility
2008-08-20,1274.5400390625,0.0061782071568332,0.5205926370116251,0.00855072819800866,0.06653688184750357,0.9249123899544878,2,Medium volatility
2008-08-21,1277.719970703125,0.00249185684366,0.1960408560864379,0.005511148250397119,0.15072718149096356,0.8437616702586394,2,Medium volatility
2008-08-22,1292.199951171875,0.0112689376647932,0.9687881453615592,0.006898528462760464,0.10971930518660654,0.883382166350633,2,Medium volatility
2008-08-25,1266.8399658203125,-0.0198205705279157,-1.768378535725322,0.02118897580033361,0.002085576464276199,0.9767254477353903,2,Medium volatility
2008-08-26,1271.510009765625,0.0036795944289531,0.3006110449806222,0.011521776560142508,0.03968947417988545,0.948788749259972,2,Medium volatility
2008-08-27,1281.6600341796875,0.0079509611276487,0.6766685412235359,0.00856438971255374,0.06763859438964835,0.9237970158977978,2,Medium volatility
2008-08-28,1300.6800537109375,0.0147311065442297,1.2736026584232978,0.012260434786130201,0.022603594655658994,0.9651359705582109,2,Medium volatility
2008-08-29,1282.8299560546875,-0.0138187052787808,-1.2399653655176963,0.014761182355236931,0.007044444145010987,0.978194373499752,2,Medium volatility
2008-09-02,1277.5799560546875,-0.0041009116023289,-0.3843963130905831,0.009030701300388695,0.038623987442979735,0.9523453112566316,2,Medium volatility
2008-09-03,1274.97998046875,-0.0020371521529352,-0.2026998524182521,0.005965360751248346,0.09686303159412969,0.897171607654622,2,Medium volatility
2008-09-04,1236.8299560546875,-0.0303788577228472,-2.6979458913803835,0.10220552569736772,3.5308124513223385e-06,0.897790943490181,2,Medium volatility
2008-09-05,1242.31005859375,0.0044209777845676,0.3658835416158794,0.049005400716975275,0.033071192324193935,0.9179234069588308,2,Medium volatility
2008-09-08,1267.7900390625,0.0203026610131651,1.7641306255979985,0.08438498937054015,0.001682575851215438,0.9139324347782445,2,Medium volatility
2008-09-09,1224.510009765625,-0.0347344860183875,-3.0814219043122355,0.6921002437072132,8.025919226377475e-09,0.30789974826686745,0,High volatility
2008-09-10,1232.0400390625,0.0061305918718019,0.5164005162842636,0.49139051776966486,0.01423093949802973,0.4943785427323054,2,Medium volatility
2008-09-11,1249.050048828125,0.013711937637729,1.183873507483313,0.4203142591304109,0.009201075412807215,0.5704846654567818,2,Medium volatility
2008-09-12,1251.699951171875,0.0021192868823822,0.1632392408900101,0.22472691272021822,0.05082547613798187,0.7244476111418,2,Medium volatility
2008-09-15,1192.699951171875,-0.0482829846790577,-4.274251938253839,0.9965196306429427,9.15702458849976e-16,0.0034803693570565506,0,High volatility
2008-09-16,1213.5999755859375,0.017371525271792,1.506069062214667,0.9685888307194377,6.631533669388674e-06,0.03140453774689287,0,High volatility
2008-09-17,1156.3900146484375,-0.048288032671885,-4.274696371073027,0.9999298016070126,2.151513006429014e-18,7.019839298753259e-05,0,High volatility
2008-09-18,1206.510009765625,0.0424288063170985,3.7121494662761103,0.9997665445337824,1.125898849959633e-16,0.00023345546621735916,0,High volatility
2008-09-19,1255.0799560546875,0.0394673779777461,3.451420897375723,0.9994861609634157,1.140017976667491e-14,0.0005138390365729427,0,High volatility
2008-09-22,1207.0899658203125,-0.0389868045010182,-3.455802367196377,0.9994936181316119,5.2319636649287525e-15,0.0005063818683829077,0,High volatility
2008-09-23,1188.219970703125,-0.0157561117321929,-1.4105375199284875,0.9678355595654203,8.523661314352781e-07,0.03216358806844821,0,High volatility
2008-09-24,1185.8699951171875,-0.0019796860163383,-0.1976404480234051,0.8662220040936722,0.0024565346683859198,0.1313214612379419,0,High volatility
2008-09-25,1209.1800537109375,0.0194658100360847,1.6904530171488346,0.8840567415492395,0.00017391839813025073,0.11576934005263026,0,High volatility
2008-09-26,1213.27001953125,0.003376721569392,0.2739456665945283,0.7217351824789656,0.008953953564905286,0.26931086395612913,0,High volatility
2008-09-29,1106.4200439453125,-0.0921895923455364,-8.13985517775519,0.9999999999992262,4.849982951197015e-56,7.737702070523555e-13,0,High volatility
2008-09-30,1166.3599853515625,0.0527581580038249,4.621560998259324,0.9999903295698852,1.1655750273479323e-30,9.670430114774828e-06,0,High volatility
2008-10-01,1161.06005859375,-0.0045543441395912,-0.4243171901087059,0.9345046095604708,5.640140300142896e-07,0.06549482642549923,0,High volatility
2008-10-02,1114.280029296875,-0.0411249487185543,-3.6440477738242927,0.9990937747732225,5.699286417837626e-14,0.0009062252267204864,0,High volatility
2008-10-03,1099.22998046875,-0.0135985657923445,-1.2205839567244132,0.960138253581003,3.9973280684396275e-06,0.039857749090928436,0,High volatility
2008-10-06,1056.8900146484375,-0.039279269706542,-3.4815514401947305,0.9989384456945871,3.0257852836784786e-13,0.0010615543051103126,0,High volatility
2008-10-07,996.22998046875,-0.0591077911819635,-5.227284051380511,0.9999991967728862,2.777121361487126e-27,8.032271137648253e-07,0,High volatility
2008-10-08,984.9400024414062,-0.0113974069255178,-1.026790646366742,0.9537553848625645,8.245755297336508e-09,0.046244606891680175,0,High volatility
2008-10-09,909.9199829101562,-0.079224063313136,-6.998350659569411,0.9999999997810972,2.806261788296163e-43,2.1890284025116742e-10,0,High volatility
2008-10-10,899.219970703125,-0.0118289764721506,-1.064786673074302,0.9552091528353308,1.92547002624311e-12,0.044790847162743605,0,High volatility
2008-10-13,1003.3499755859376,0.1095719675953388,9.623533550400758,1.0,5.943975182748945e-77,2.4137776703146238e-18,0,High volatility
2008-10-14,998.010009765625,-0.005336349813537,-0.4931661362508426,0.9361348549827396,6.222008335383131e-16,0.06386514501725973,0,High volatility
2008-10-15,907.8400268554688,-0.0946951248842351,-8.360446000253742,0.9999999999999586,3.7329405718291314e-60,4.152672500962691e-14,0,High volatility
2008-10-16,946.4299926757812,0.0416288222909413,3.641717679184903,0.9997104898926616,2.2209943728934197e-25,0.0002895101073383355,0,High volatility
2008-10-17,940.5499877929688,-0.0062322059327275,-0.5720386454361472,0.9376833489095497,1.2479544699116273e-05,0.062304171545750964,0,High volatility
2008-10-20,985.4000244140624,0.0465828773252319,4.0778800749384345,0.9997833258047809,5.828079465635278e-16,0.00021667419521847437,0,High volatility
2008-10-21,955.0499877929688,-0.0312839925360703,-2.7776353106304152,0.99704191081432,6.619680795912714e-12,0.0029580891790601236,0,High volatility
2008-10-22,896.780029296875,-0.0629530796878512,-5.565828987898694,0.9999998170257323,8.061515598987367e-30,1.8297426771841266e-07,0,High volatility
2008-10-23,908.1099853515624,0.0125548978458178,1.082005998113906,0.9557295715888543,2.404882681777671e-09,0.044270426006263026,0,High volatility
2008-10-24,876.77001953125,-0.0351207779512554,-3.115431622358101,0.9968854455795513,3.2418247490954963e-11,0.003114554388030396,0,High volatility
2008-10-27,848.9199829101562,-0.0322797893201292,-2.865306745043736,0.9973794635387425,3.732148804515284e-11,0.0026205364239360405,0,High volatility
2008-10-28,940.510009765625,0.102457358473937,8.997152749670535,0.9999999999999998,7.629642479697688e-69,1.4201491352425793e-16,0,High volatility
2008-10-29,930.0900268554688,-0.0111409071775172,-1.004208025902547,0.9528977977280947,1.380502692528743e-16,0.04710220227190519,0,High volatility
2008-10-30,954.0900268554688,0.0254766502363734,2.219656355445009,0.9762017740475865,7.879557925896325e-07,0.023797437996621037,0,High volatility
2008-10-31,968.75,0.0152485458986006,1.3191587911060043,0.9394976759968693,0.00011522670303320034,0.06038709730009757,0,High volatility
2008-11-03,966.2999877929688,-0.0025322482950489,-0.246288855361891,0.8147436880206427,0.004632391224618619,0.18062392075473882,0,High volatility
2008-11-04,1005.75,0.0400144784573894,3.4995884397763297,0.9964981545608383,1.3085826439123683e-11,0.003501845426075871,0,High volatility
2008-11-05,952.77001953125,-0.0541152589311639,-4.787734064084631,0.9999945143779245,3.629667329683034e-23,5.4856220754670796e-06,0,High volatility
2008-11-06,904.8800048828124,-0.0515712082795198,-4.563752049460461,0.9999880801914405,2.924931801141798e-24,1.1919808559548356e-05,0,High volatility
2008-11-07,930.989990234375,0.0284461819721002,2.4810983594509683,0.9943112796291613,2.085636224864262e-11,0.005688720349982373,0,High volatility
2008-11-10,919.2100219726562,-0.012733896186857,-1.1444571547300355,0.9511408066757718,3.549501395792409e-05,0.0488236983102703,0,High volatility
2008-11-11,898.9500122070312,-0.0222872002529426,-1.9855442964724,0.9638715577714856,2.0782905039391787e-06,0.03612636393801041,0,High volatility
2008-11-12,852.2999877929688,-0.0532888659457206,-4.714977192820588,0.9999856495444903,1.4263852411555555e-21,1.4350455509631286e-05,0,High volatility
2008-11-13,911.2899780273438,0.0669225907896873,5.868618791442738,0.9999999601800473,7.617660146237046e-34,3.981995265471421e-08,0,High volatility
2008-11-14,873.2899780273438,-0.0425934906208667,-3.773340393697004,0.9998100086057696,5.294575371533851e-21,0.0001899913942304181,0,High volatility
2008-11-17,850.75,-0.0261493499935987,-2.325573721253438,0.9922430702323312,4.6526801964871186e-10,0.007756929302400863,0,High volatility
2008-11-18,859.1199951171875,0.0097902904854407,0.838605841823032,0.9342626932317949,0.00022713462983392225,0.06551017213837135,0,High volatility
2008-11-19,806.5800170898438,-0.0631054959842067,-5.579247946006779,0.9999994981959275,1.6788261469510487e-28,5.01804072478112e-07,0,High volatility
2008-11-20,752.4400024414062,-0.0694818454127768,-6.14063126203307,0.9999999900912256,4.4243285565265405e-39,9.908774463981875e-09,0,High volatility
2008-11-21,800.030029296875,0.0613280011150667,5.376062770395242,0.9999995926872759,1.4030882059099302e-32,4.0731272417765843e-07,0,High volatility
2008-11-24,851.8099975585938,0.0627142308145565,5.498108501136856,0.9999997666979278,5.021189915725545e-32,2.3330207214393496e-07,0,High volatility
2008-11-25,857.3900146484375,0.0065294136139666,0.5515133774327797,0.9375544717750012,1.3418074570436363e-08,0.06244551480692436,0,High volatility
2008-11-26,887.6799926757812,0.0347184014223822,3.0333139168460903,0.9951156299104175,4.5700445274464245e-10,0.004884369632578059,0,High volatility
2008-11-28,896.239990234375,0.0095969139188065,0.8215806804144562,0.9381477101007143,0.00015037137497809705,0.0617019185243076,0,High volatility
2008-12-01,816.2100219726562,-0.0935365216382093,-8.2584408420517,0.9999999999999174,9.621460666972127e-59,8.258358027027769e-14,0,High volatility
2008-12-02,848.8099975585938,0.0391636639764225,3.424681463614031,0.9994489709224406,6.472438333191357e-24,0.0005510290775594715,0,High volatility
2008-12-03,870.739990234375,0.0255080479198142,2.2224206543346785,0.9903985310525522,8.722970239643066e-09,0.009601460224477618,0,High volatility
2008-12-04,845.219970703125,-0.0297464997738421,-2.642272154188776,0.994800269493472,1.1907978959867492e-09,0.005199729315730123,0,High volatility
2008-12-05,876.0700073242188,0.0358490909415376,3.132861508892339,0.9985697778747328,1.1750802664077172e-11,0.001430222113516371,0,High volatility
2008-12-08,909.7000122070312,0.0376688834667859,3.2930787576093445,0.9991658243138812,4.919174609464291e-13,0.0008341756856269172,0,High volatility
2008-12-09,888.6699829101562,-0.0233889444763262,-2.0825435014978675,0.987644018330807,1.5731187573190597e-08,0.01235596593800556,0,High volatility
2008-12-10,899.239990234375,0.0118240075055098,1.0176573221998726,0.9359714549595193,0.00020412627653353853,0.06382441876394722,0,High volatility
2008-12-11,873.5900268554688,-0.0289387624957644,-2.5711577592320687,0.9855352036757388,1.9381536824735247e-08,0.014464776942724359,0,High volatility
2008-12-12,879.72998046875,0.007003831230512,0.5932818121368468,0.9123540934812494,0.0007584419761709843,0.08688746454257965,0,High volatility
2008-12-15,868.5700073242188,-0.0127668304114845,-1.1473567329980177,0.85214150523087,0.000742522325628815,0.1471159724435013,0,High volatility
2008-12-16,913.1799926757812,0.0500848157885922,4.386195961497694,0.9998494776625563,1.557357833100867e-17,0.00015052233744364217,0,High volatility
2008-12-17,904.4199829101562,-0.0096391700156122,-0.8719928458541106,0.9477496152725471,2.7441038768882002e-06,0.052247640623576015,0,High volatility
2008-12-18,885.280029296875,-0.021389823129045,-1.906537875763624,0.9573047857688127,3.869564821229359e-06,0.042691344666365975,0,High volatility
2008-12-19,887.8800048828125,0.0029325919817235,0.2348438351369252,0.8467431545782479,0.0034482592820057325,0.14980858613974635,0,High volatility
2008-12-22,871.6300048828125,-0.0184715766863368,-1.649611105463202,0.8641978554810026,0.000136544604889244,0.13566559991410818,0,High volatility
2008-12-23,863.1599731445312,-0.0097649849842316,-0.8830697833840448,0.7551191667082976,0.002298149559480651,0.24258268373222175,0,High volatility
2008-12-24,868.1500244140625,0.0057644963577896,0.4841689210837694,0.5592116252750821,0.017988349106174015,0.4228000256187439,0,High volatility
2008-12-26,872.7999877929688,0.0053418816207164,0.4469612891687576,0.34776970007327374,0.05823624097383801,0.5939940589528881,2,Medium volatility
2008-12-29,869.4199829101562,-0.0038801175284808,-0.3649572734450415,0.1809978734118437,0.12112693803645333,0.697875188551703,2,Medium volatility
2008-12-30,890.6400146484375,0.0241140188632202,2.0996882565584114,0.41306955959993863,0.0006094701651662159,0.5863209702348952,2,Medium volatility
2008-12-31,903.25,0.0140590481602069,1.2144336357070198,0.35128366303611946,0.004175841372431414,0.6445404955914492,2,Medium volatility
2009-01-02,931.7999877929688,0.0311188162544624,2.716401068746575,0.8349734772208319,3.792795588733663e-07,0.16502614349960912,0,High volatility
2009-01-05,927.4500122070312,-0.0046792884475959,-0.4353174733792571,0.6611521121496001,0.007985328559727466,0.33086255929067243,0,High volatility
2009-01-06,934.7000122070312,0.0077867374137605,0.6622100404613868,0.4765697505503562,0.025216938283938648,0.4982133111657051,2,Medium volatility
2009-01-07,906.6500244140624,-0.0304691202205731,-2.7058927363351373,0.8956531037297091,2.0738783289226882e-07,0.10434668888245802,0,High volatility
2009-01-08,909.72998046875,0.0033913156919744,0.2752305549184166,0.7406000347132091,0.007614483370215561,0.25178548191657546,0,High volatility
2009-01-09,890.3499755859375,-0.0215332142932025,-1.919162247769168,0.8428651365608348,4.6945235195175434e-05,0.15708791820396986,0,High volatility
2009-01-12,870.260009765625,-0.0228225876286689,-2.0326805997303663,0.9168892766746046,4.891504169104056e-06,0.08310583182122616,0,High volatility
2009-01-13,871.7899780273438,0.0017565152157663,0.131300282172861,0.7713732174775052,0.006685418884138796,0.22194136363835595,0,High volatility
2009-01-14,842.6199951171875,-0.034032464490183,-3.019614881682726,0.9839459015240036,1.4848915402779948e-09,0.016054096991104713,0,High volatility
2009-01-15,843.739990234375,0.0013282991669525,0.0935995024160848,0.8965822917617142,0.001405981275980571,0.10201172696230518,0,High volatility
2009-01-16,850.1199951171875,0.0075331315563733,0.6398822024439456,0.7691970969258897,0.00749271805519962,0.22331018501891065,0,High volatility
2009-01-20,805.219970703125,-0.0542620146239132,-4.800654654206652,0.9999527748523502,6.214691963615205e-21,4.7225147649884584e-05,0,High volatility
2009-01-21,840.239990234375,0.0425720580691937,3.724761564235713,0.9997757176414112,6.379559438399756e-17,0.00022428235858888378,0,High volatility
2009-01-22,827.5,-0.0152784464408783,-1.3684831550928096,0.9665533393896578,4.7274365946306653e-07,0.03344618786668266,0,High volatility
2009-01-23,831.9500122070312,0.0053632502830929,0.4488426180824799,0.8716580532783138,0.0021909606025237167,0.1261509861191625,0,High volatility
2009-01-26,836.5700073242188,0.0055378501548499,0.4642146512627083,0.7140027980954012,0.013477498274137682,0.2725197036304611,0,High volatility
2009-01-27,845.7100219726562,0.0108663295344824,0.9333419249520692,0.5853628216724047,0.01755996207865432,0.397077216248941,0,High volatility
2009-01-28,874.0900268554688,0.03300683868264,2.882625379903881,0.9512306533539523,7.060373690746378e-08,0.04876927604231081,0,High volatility
2009-01-29,845.1400146484375,-0.0336810644666734,-2.9886770993890464,0.9954229569786396,1.55291623515078e-10,0.004577042866068803,0,High volatility
2009-01-30,825.8800048828125,-0.023052821010677,-2.052950690148017,0.9855312759668485,1.0925114055101111e-07,0.014468614782010884,0,High volatility
2009-02-02,825.4400024414062,-0.0005329099748898,-0.0702641270117939,0.8997267805310466,0.0012339994501866256,0.09903922001876674,0,High volatility
2009-02-03,838.510009765625,0.0157099384429457,1.3597804790225565,0.8654554666584858,0.0006314854174678329,0.13391304792404637,0,High volatility
2009-02-04,832.22998046875,-0.0075176974397948,-0.6852152354341182,0.7308468454555804,0.004773572117616482,0.26437958242680304,0,High volatility
2009-02-05,845.8499755859375,0.0162331886007587,1.40584820350895,0.7101249659416669,0.0015839133283834718,0.2882911207299498,0,High volatility
2009-02-06,868.5999755859375,0.0265406819353977,2.313335293565768,0.9012984032541763,3.496534203235164e-06,0.09869810021162062,0,High volatility
2009-02-09,869.8900146484375,0.0014840917192797,0.1073157111366686,0.7444588673210792,0.007827675525422058,0.2477134571534988,0,High volatility
2009-02-10,827.1599731445312,-0.0503686694941487,-4.457878740830753,0.9997973046445333,2.7045684607531664e-18,0.00020269535546669392,0,High volatility
2009-02-11,833.739990234375,0.0079234772233904,0.6742488172917291,0.9407839237885924,9.085848038446058e-06,0.05920699036336902,0,High volatility
2009-02-12,835.1900024414062,0.0017376553579211,0.129639832152747,0.8137752948306245,0.0049223938042536695,0.18130231136512187,0,High volatility
2009-02-13,826.8400268554688,-0.0100480083891145,-0.907987586168552,0.6974467285547996,0.006077221584133021,0.2964760498610674,0,High volatility
2009-02-17,789.1699829101562,-0.0466294998181044,-4.128676664401667,0.9991679893735601,5.603089561569845e-16,0.0008320106264393183,0,High volatility
2009-02-18,788.4199829101562,-0.0009508174782455,-0.1070573270479941,0.9282668529287372,7.074932621693099e-05,0.07166239774504582,0,High volatility
2009-02-19,778.9400024414062,-0.0120968968984955,-1.0883747870974705,0.8640841475534907,0.0005822628208509221,0.1353335896256584,0,High volatility
2009-02-20,770.0499877929688,-0.0114785922636162,-1.0339383246464462,0.7776766762200606,0.0015369470217922185,0.22078637675814713,0,High volatility
2009-02-23,743.3300170898438,-0.0353153174902249,-3.1325591735860168,0.9881093046694291,2.1459216489859353e-10,0.011890695115978678,0,High volatility
2009-02-24,773.1400146484375,0.0393200492217262,3.4384498539084545,0.9992713218207407,6.915523954560441e-13,0.0007286781785676139,0,High volatility
2009-02-25,764.9000244140625,-0.0107150254379186,-0.966712762211435,0.9504220518276247,9.443944132631065e-06,0.049568504228242716,0,High volatility
2009-02-26,752.8300170898438,-0.0159056768457634,-1.4237054556507438,0.9218464917144236,7.843841955657889e-05,0.07807506986601985,0,High volatility
2009-02-27,735.0900268554688,-0.023846484170293,-2.1228259787193733,0.9602439696891082,1.176281990589713e-06,0.03975485402890126,0,High volatility
2009-03-02,700.8200073242188,-0.0477418887510729,-4.226613045538929,0.9999050345871773,5.885262122782287e-18,9.496541282281143e-05,0,High volatility
2009-03-03,696.3300170898438,-0.0064273780383512,-0.589221888775971,0.938530559467795,3.932426174762633e-06,0.061465508106030416,0,High volatility
2009-03-04,712.8699951171875,0.0234753583099154,2.043459628681937,0.9615355991334317,4.01128787390959e-06,0.03846038957869433,0,High volatility
2009-03-05,682.5499877929688,-0.0434633021856969,-3.849919901462765,0.9996655547388382,1.7744273155964428e-15,0.0003344452611600985,0,High volatility
2009-03-06,683.3800048828125,0.0012153143959858,0.0836521546277782,0.9291731502944346,2.99129782202491e-05,0.07079693672734512,0,High volatility
2009-03-09,676.530029296875,-0.0100742451303066,-0.9102975080034736,0.846343448628986,0.0011048690849917201,0.15255168228602223,0,High volatility
2009-03-10,719.5999755859375,0.0617186323188923,5.410454524329613,0.9999976892715011,1.7397249560885194e-25,2.31072849882958e-06,0,High volatility
2009-03-11,721.3599853515625,0.0024428307358475,0.1917245244167327,0.9306774913076193,2.0048459437293118e-07,0.06932230820778636,0,High volatility
2009-03-12,750.739990234375,0.0399210748684524,3.491365048465423,0.9984906828960419,2.187503618211466e-12,0.001509317101770664,0,High volatility
2009-03-13,756.5499877929688,0.0077092350090426,0.6553866131307576,0.9378582743002264,7.046530503687005e-05,0.06207126039473679,0,High volatility
2009-03-16,753.8900146484375,-0.003522120560965,-0.3334386863596338,0.8154232319856423,0.004117843898526118,0.18045892411583175,0,High volatility
2009-03-17,778.1199951171875,0.0316342594529892,2.7617814568908705,0.9761826124638413,5.500720354968287e-08,0.02381733252895516,0,High volatility
2009-03-18,794.3499755859375,0.0206433917769155,1.794129070345915,0.9665710846791229,8.405600238724513e-06,0.033420509720638376,0,High volatility
2009-03-19,784.0399780273438,-0.0130641279992342,-1.1735312561365607,0.9188915958135602,0.00018384672418002247,0.08092455746225978,0,High volatility
2009-03-20,768.5399780273438,-0.0199674289511841,-1.7813081703954996,0.930549120613572,1.613308383834422e-05,0.06943474630258958,0,High volatility
2009-03-23,822.9199829101562,0.0683663873577362,5.995732795171424,0.9999999296080121,2.4921944673178057e-31,7.039198786341906e-08,0,High volatility
2009-03-24,806.1199951171875,-0.0206263610965988,-1.8393215394827984,0.9821178464281795,8.197737047191024e-12,0.017882153563623028,0,High volatility
2009-03-25,813.8800048828125,0.0095803322450178,0.8201208051173061,0.9172967535166795,0.0005476275826365739,0.08215561890068412,0,High volatility
2009-03-26,832.8599853515625,0.0230526022398303,2.006239553597715,0.9495405895183253,9.372065721187123e-06,0.05045003841595352,0,High volatility
2009-03-27,815.9400024414062,-0.0205247173858955,-1.8303726755588476,0.9531802607541218,6.451266274528234e-06,0.04681328797960364,0,High volatility
2009-03-30,787.530029296875,-0.0354393234278207,-3.143476841325893,0.9970034928245937,2.4814584862524188e-11,0.0029965071505917698,0,High volatility
2009-03-31,797.8699951171875,0.0130441683777569,1.1250821056470393,0.953536796730689,3.3337431438504534e-05,0.04642986583787253,0,High volatility
2009-04-01,811.0800170898438,0.0164210431797426,1.4223872008870082,0.9243442009049283,0.00014134396999794388,0.07551445512507358,0,High volatility
2009-04-02,834.3800048828125,0.0283222259613058,2.4701850873411684,0.9796387727838684,1.6931650210533254e-07,0.020361057899629553,0,High volatility
2009-04-03,842.5,0.0096847222944695,0.829311460801696,0.913887395675408,0.0006069391835691192,0.08550566514102297,0,High volatility
2009-04-06,835.47998046875,-0.0083672756166803,-0.7600133655407528,0.8090751108249403,0.0028132267985833855,0.18811166237647636,0,High volatility
2009-04-07,815.5499877929688,-0.0241436693176488,-2.148990602437897,0.9178632011954894,4.0923132642163615e-06,0.0821327064912464,0,High volatility
2009-04-08,825.1599731445312,0.0117145570868482,1.008021144061107,0.8408891565156031,0.0013598870632345302,0.15775095642116232,0,High volatility
2009-04-09,856.5599975585938,0.0373470906207336,3.264747635387442,0.9941094360267906,1.2735211608454027e-10,0.005890563845857385,0,High volatility
2009-04-13,858.72998046875,0.0025301658560268,0.1994136386851777,0.9185131947760766,0.0005053904829160734,0.08098141474100731,0,High volatility
2009-04-14,841.5,-0.0202685172249355,-1.8078164311846356,0.9330355104334144,1.5821211287773952e-05,0.06694866835529792,0,High volatility
2009-04-15,852.0599975585938,0.0124709303888179,1.0746133779357063,0.8678976505975176,0.0008904284831817252,0.13121192091930065,0,High volatility
2009-04-16,865.2999877929688,0.0154193094857326,1.33419307206482,0.8290297769686482,0.0007782365657267835,0.17019198646562506,0,High volatility
2009-04-17,869.5999755859375,0.0049570542265389,0.4130805112940157,0.6489258166965612,0.012393489906847247,0.33868069339659146,0,High volatility
2009-04-20,832.3900146484375,-0.0437322091416563,-3.873594871024914,0.9976269386368912,4.493576907684931e-14,0.0023730613630638885,0,High volatility
2009-04-21,850.0800170898438,0.0210293842161455,1.8281124205251107,0.9803775965477931,6.660936164229361e-07,0.01962173735859039,0,High volatility
2009-04-22,843.5499877929688,-0.0077113202254786,-0.7022620743351341,0.9086999333553099,0.0005975660840272082,0.09070250056066301,0,High volatility
2009-04-23,851.9199829101562,0.009873443065782,0.8459267190445632,0.8097817606301564,0.003242241549464529,0.18697599782037908,0,High volatility
2009-04-24,866.22998046875,0.0166578340203313,1.4432346197406118,0.7932964151154371,0.0009175446969818085,0.20578604018758098,0,High volatility
2009-04-27,857.510009765625,-0.010117587499046,-0.9141134348060947,0.6716711038968997,0.0035033941331947083,0.3248255019699057,0,High volatility
2009-04-28,855.1599731445312,-0.0027442976398495,-0.2649579960165709,0.4468144316353829,0.02598180904864142,0.5272037593159757,2,Medium volatility
2009-04-29,873.6400146484375,0.0213798537271641,1.858968279110931,0.5988682032917088,0.000552219168182403,0.4005795775401088,0,High volatility
2009-04-30,872.8099975585938,-0.000950519220745,-0.107031068012705,0.369364222331285,0.024024594166832152,0.6066111835018828,2,Medium volatility
2009-05-01,877.52001953125,0.0053818803258085,0.4504828348357422,0.20209561638431855,0.06936954585807069,0.7285348377576109,2,Medium volatility
2009-05-04,907.239990234375,0.0333072435877257,2.909073475896229,0.8050347543520731,4.2157491320994084e-07,0.19496482407301374,0,High volatility
2009-05-05,903.7999877929688,-0.0037989294772939,-0.3578093563009783,0.6135307275158068,0.01035103423396958,0.3761182382502236,0,High volatility
2009-05-06,919.530029296875,0.0172546183294191,1.4957764006046037,0.6256691324403838,0.0018446219354471122,0.3724862456241691,0,High volatility
2009-05-07,907.3900146484376,-0.0132903389857608,-1.19344720885535,0.550987084178301,0.0021126991288643988,0.44690021669283453,0,High volatility
2009-05-08,929.22998046875,0.0237839023791135,2.0706243088248697,0.7526029277201824,3.8742325061536664e-05,0.24735832995475593,0,High volatility
2009-05-11,909.239990234375,-0.0217471902027535,-1.938001006058552,0.8509122090524026,1.6318150894512843e-05,0.14907147279670288,0,High volatility
2009-05-12,908.3499755859376,-0.0009793349834765,-0.1095680507513791,0.6654080088719163,0.010698372866957743,0.32389361826112595,0,High volatility
2009-05-13,883.9199829101562,-0.0272631985366125,-2.4236386086365576,0.9062916653239084,1.1600833927709626e-06,0.09370717459269895,0,High volatility
2009-05-14,893.0700073242188,0.0102984319927719,0.8833433781816937,0.8106287245349415,0.002280967279344545,0.18709030818571393,0,High volatility
2009-05-15,882.8800048828125,-0.0114756769040669,-1.033681652042548,0.7146106690488866,0.0027397060427156485,0.2826496249083978,0,High volatility
2009-05-18,909.7100219726562,0.0299365949965331,2.6123165455428405,0.9455187891958926,2.863097045900384e-07,0.05448092449440285,0,High volatility
2009-05-19,908.1300048828124,-0.0017383460198727,-0.1763925146998993,0.8237400380190494,0.004125003291331395,0.17213495868961917,0,High volatility
2009-05-20,903.469970703125,-0.005144672688047,-0.4762905961758543,0.6482739987424772,0.016514872346214935,0.33521112891130794,0,High volatility
2009-05-21,888.3300170898438,-0.0168995580303361,-1.5112082378275795,0.6680466907167415,0.0011457003939249573,0.33080760888933364,0,High volatility
2009-05-22,887.0,-0.0014983325081701,-0.1552613670737982,0.4384149325305655,0.02235346132425358,0.539231606145181,2,Medium volatility
2009-05-26,910.3300170898438,0.0259622076001573,2.2624055501143983,0.7426464991562588,3.144189334349985e-05,0.25732205895039767,0,High volatility
2009-05-27,893.0599975585938,-0.0191534247743678,-1.7096420283247913,0.7930066147016944,7.918399069309842e-05,0.2069142013076126,0,High volatility
2009-05-28,906.8300170898438,0.0153012551665527,1.323799393688994,0.7500950410910292,0.000978324171811925,0.248926634737159,0,High volatility
2009-05-29,919.1400146484376,0.0134834458878509,1.1637567529565804,0.6707403595728567,0.002630515288104609,0.3266291251390386,0,High volatility
2009-06-01,942.8699951171876,0.0254899438614231,2.2208267460260167,0.8660413814295179,9.45251718446875e-06,0.1339491660532977,0,High volatility
2009-06-02,944.739990234375,0.0019813369747483,0.1510939252261529,0.6889501607251878,0.01012942463091416,0.30092041464389796,0,High volatility
2009-06-03,931.760009765625,-0.0138344657507101,-1.2413529409780637,0.6318467648015508,0.0030039618692749596,0.3651492733291743,0,High volatility
2009-06-04,942.4600219726562,0.0114182201421657,0.9819311973713026,0.5060910011990193,0.008046746324826331,0.4858622524761544,0,High volatility
2009-06-05,940.0900268554688,-0.002517857488816,-0.245021867312723,0.2929786607810796,0.04085180722185038,0.6661695319970701,2,Medium volatility
2009-06-08,939.1400146484376,-0.0010110654544455,-0.1123616487514886,0.13954104126231337,0.11318222377686737,0.7472767349608193,2,Medium volatility
2009-06-09,942.4299926757812,0.0034970597611723,0.2845404205212092,0.059693992940904286,0.22581999100158343,0.7144860160575123,2,Medium volatility
2009-06-10,939.1500244140624,-0.003486401379968,-0.3302939163782409,0.025221673414031656,0.3332663594728209,0.6415119671131474,2,Medium volatility
2009-06-11,944.8900146484376,0.0060932972495431,0.5131170421039146,0.011610896224987705,0.43919979132144527,0.549189312453567,2,Medium volatility
2009-06-12,946.2100219726562,0.0013960208482197,0.0995618202630824,0.004355020660075502,0.6113926948249744,0.38425228451495014,1,Low volatility
2009-06-15,923.719970703125,-0.0240555912535969,-2.141236078282573,0.04648289274336551,0.002483899120842283,0.9510332081357923,2,Medium volatility
2009-06-16,911.969970703125,-0.0128019010278865,-1.1504444023849285,0.03869125311707621,0.005044085584833099,0.9562646612980907,2,Medium volatility
2009-06-17,910.7100219726562,-0.0013825234667823,-0.1450653663043284,0.018542837092292826,0.04467763162546855,0.9367795312822386,2,Medium volatility
2009-06-18,918.3699951171876,0.0083758150048822,0.714073310378644,0.012376374196264984,0.06880429409434811,0.9188193317093869,2,Medium volatility
2009-06-19,921.22998046875,0.0031093582232424,0.2504065987428146,0.007090715887078175,0.15150951644276764,0.8413997676701542,2,Medium volatility
2009-06-22,893.0399780273438,-0.0310783643308232,-2.759531496681179,0.12994803130180213,3.242801835423525e-06,0.8700487258963625,2,Medium volatility
2009-06-23,895.0999755859375,0.0023040684995176,0.1795076901226353,0.059897605468198056,0.036161251234447425,0.9039411432973545,2,Medium volatility
2009-06-24,900.9400024414062,0.0065032488243268,0.5492097903198608,0.030825040390777103,0.07709951692419409,0.8920754426850289,2,Medium volatility
2009-06-25,920.260009765625,0.021217583998248,1.8446818101007096,0.06631761702288454,0.0021681067477237834,0.9315142762293918,2,Medium volatility
2009-06-26,918.9000244140624,-0.0014789203486031,-0.1535522915861648,0.030605479187804728,0.03908186134331317,0.9303126594688821,2,Medium volatility
2009-06-29,927.22998046875,0.0090242968412619,0.7711666186685713,0.019441253039923397,0.056819276006243376,0.9237394709538334,2,Medium volatility
2009-06-30,919.3200073242188,-0.0085673516331663,-0.7776283565086223,0.013744385991028072,0.05298044633011702,0.9332751676788549,2,Medium volatility
2009-07-01,923.3300170898438,0.0043524446236515,0.359849779890015,0.008059720613410695,0.11859572574398422,0.8733445536426051,2,Medium volatility
2009-07-02,896.4199829101562,-0.0295776848259574,-2.627409434336302,0.10474108058404961,7.462928778457164e-06,0.8952514564871719,2,Medium volatility
2009-07-06,898.719970703125,0.0025624621042563,0.2022570485593368,0.04824238574238441,0.03638828870555921,0.9153693255520564,2,Medium volatility
2009-07-07,881.030029296875,-0.0198797853628844,-1.7735918981335572,0.08506775970868882,0.0007921860960325499,0.9141400541952786,2,Medium volatility
2009-07-08,879.5599975585938,-0.0016699311679353,-0.1703691690730148,0.03911367372820594,0.03595012547819448,0.9249362007935996,2,Medium volatility
2009-07-09,882.6799926757812,0.0035409460623174,0.2884042359442748,0.018646682315148284,0.09711933099088034,0.8842339866939714,2,Medium volatility
2009-07-10,879.1300048828125,-0.0040299380776831,-0.3781476981013841,0.010083247135158869,0.15870044470940892,0.8312163081554322,2,Medium volatility
2009-07-13,901.0499877929688,0.0246279487772271,2.1449354128760345,0.049856310315695776,0.0008295929035339844,0.9493140967807703,2,Medium volatility
2009-07-14,905.8400268554688,0.0053019832360989,0.4434485758660164,0.02525025168326195,0.03291672044519059,0.9418330278715474,2,Medium volatility
2009-07-15,932.6799926757812,0.0291994348751014,2.547415868745322,0.17396171893428886,1.3700056035844895e-05,0.8260245810096752,2,Medium volatility
2009-07-16,940.739990234375,0.0086046346917054,0.7342189369632446,0.10036652333705473,0.019131351821592778,0.8805021248413526,2,Medium volatility
2009-07-17,940.3800048828124,-0.0003827351332095,-0.0570425099171492,0.044713869440012204,0.07179146466181482,0.8834946658981729,2,Medium volatility
2009-07-20,951.1300048828124,0.0113667024627313,0.977395504019041,0.03241713370914036,0.05662451841780896,0.9109583478730506,2,Medium volatility
2009-07-21,954.5800170898438,0.0036207145224276,0.2954271701721778,0.015540530765747773,0.12995509086140922,0.854504378372843,2,Medium volatility
2009-07-22,954.0700073242188,-0.0005344193762502,-0.0703970169593114,0.0076204454153333614,0.24587175140874165,0.7465078031759249,2,Medium volatility
2009-07-23,976.2899780273438,0.0230225992243129,2.003598043352609,0.03520421670112194,0.0031271475053821886,0.9616686357934958,2,Medium volatility
2009-07-24,979.260009765625,0.0030375434434768,0.2440839183978713,0.017335358905844603,0.04257082880868796,0.9400938122854674,2,Medium volatility
2009-07-27,982.1799926757812,0.0029773891259701,0.2387878425454564,0.009298936012280181,0.11012403543300557,0.8805770285547142,2,Medium volatility
2009-07-28,979.6199951171876,-0.0026098471073492,-0.2531207705598969,0.00572397563548611,0.19593981636341368,0.7983362080011003,2,Medium volatility
2009-07-29,975.1500244140624,-0.0045734060269344,-0.4259954271072145,0.004363656567520209,0.26553223366078277,0.730104109771697,2,Medium volatility
2009-07-30,986.75,0.0118253841881577,1.01777852739395,0.006362633651887584,0.1722326016175326,0.8214047647305799,2,Medium volatility
2009-07-31,987.47998046875,0.0007395090837833,0.0417615451278745,0.003968912376351172,0.309931338298246,0.6860997493254029,2,Medium volatility
2009-08-03,1002.6300048828124,0.0152256078272809,1.3171392890876543,0.00918480518624083,0.09038770536378793,0.9004274894499712,2,Medium volatility
2009-08-04,1005.6500244140624,0.0030075704221061,0.2414450488821861,0.005659422610510579,0.1852930522054529,0.8090475251840366,2,Medium volatility
2009-08-05,1002.719970703125,-0.0029178446171664,-0.280237330799569,0.003993772277488302,0.2889393199438885,0.7070669077786231,2,Medium volatility
2009-08-06,997.0800170898438,-0.005640532654179,-0.5199468473255487,0.003623162906736301,0.3340104317006709,0.6623664053925927,2,Medium volatility
2009-08-07,1010.47998046875,0.0133497005322524,1.1519816123263342,0.006955475974209416,0.16090493139165973,0.8321395926341308,2,Medium volatility
2009-08-10,1007.0999755859376,-0.0033505567248806,-0.3183339502892254,0.004696771477797862,0.25053666718088247,0.7447665613413197,2,Medium volatility
2009-08-11,994.3499755859376,-0.0127409356094299,-1.1450769159948715,0.008222188555928404,0.07511562567395655,0.916662185770115,2,Medium volatility
2009-08-12,1005.8099975585938,0.0114592307928722,0.9855418362398148,0.008850123970657185,0.05728569171904153,0.9338641843103014,2,Medium volatility
2009-08-13,1012.72998046875,0.0068564507961443,0.5803062188307427,0.006711586489927025,0.10001257037520428,0.8932758431348687,2,Medium volatility
2009-08-14,1004.0900268554688,-0.0085679499772792,-0.7776810356169409,0.0066878206027666575,0.08330837459192543,0.910003804805308,2,Medium volatility
2009-08-17,979.72998046875,-0.0245599608491735,-2.1856415299033647,0.040290969080611846,0.00013491945554244253,0.9595741114638457,2,Medium volatility
2009-08-18,989.6699829101562,0.0100945333938859,0.8653918413567419,0.02653618318362078,0.01600532138377425,0.9574584954326049,2,Medium volatility
2009-08-19,996.4600219726562,0.0068374834470192,0.5786363051179894,0.015333907246455869,0.047954626478478216,0.9367114662750659,2,Medium volatility
2009-08-20,1007.3699951171876,0.010889227984113,0.9353579386178024,0.012811438193999838,0.04597115598260579,0.9412174058233944,2,Medium volatility
2009-08-21,1026.1300048828125,0.0184514797254209,1.6011498634046213,0.023547991606105708,0.0046670206984166214,0.9717849876954777,2,Medium volatility
2009-08-24,1025.5699462890625,-0.0005459459189838,-0.0714118309770491,0.012054965740133905,0.0458889064393898,0.9420561278204763,2,Medium volatility
2009-08-25,1028.0,0.0023666638183668,0.1850186753747668,0.007041060815607159,0.11762656409376994,0.8753323750906229,2,Medium volatility
2009-08-26,1028.1199951171875,0.0001167199556535,-0.0130697387989589,0.004524209169346329,0.230661337701949,0.7648144531287048,2,Medium volatility
2009-08-27,1030.97998046875,0.0027779002715915,0.2212245462054599,0.0031542251564770957,0.37878945580240936,0.6180563190411136,2,Medium volatility
2009-08-28,1028.9300537109375,-0.0019903077323775,-0.1985755997491337,0.0022295308585847553,0.5245042469318063,0.47326622220960884,1,Low volatility
2009-08-31,1020.6199951171876,-0.0081091985403825,-0.7372918747401902,0.0030132296543029504,0.4557708762588693,0.5412158940868278,2,Medium volatility
2009-09-01,998.0399780273438,-0.022372226316806,-1.993030117978108,0.02483945550666775,0.0034387004905822773,0.97172184400275,2,Medium volatility
2009-09-02,994.75,-0.0033018843457508,-0.3140487614204429,0.013209553482211507,0.036478621779956144,0.9503118247378324,2,Medium volatility
2009-09-03,1003.239990234375,0.0084985824509411,0.7248819394760112,0.009741630504046266,0.0590674656204816,0.9311909038754721,2,Medium volatility
2009-09-04,1016.4000244140624,0.013032243708162,1.124032239946501,0.01126815344972394,0.03254504814642116,0.9561867984038549,2,Medium volatility
2009-09-08,1025.3900146484375,0.0088060458298393,0.75195147403275,0.008924554942382245,0.052389656646788324,0.9386857884108295,2,Medium volatility
2009-09-09,1033.3699951171875,0.0077522590254428,0.6591745117185128,0.007129870103794416,0.08388565906094439,0.9089844708352611,2,Medium volatility
2009-09-10,1044.1400146484375,0.0103682927766577,0.8894940258143786,0.007427795687299182,0.07833561081880047,0.9142365934939003,2,Medium volatility
2009-09-11,1042.72998046875,-0.0013513389885906,-0.1423198383228526,0.004998885594270613,0.16278782466758443,0.8322132897381449,2,Medium volatility
2009-09-14,1049.3399658203125,0.0063191074071058,0.5329977052427594,0.004306820895391957,0.23817460751931457,0.7575185715852935,2,Medium volatility
2009-09-15,1052.6300048828125,0.003130436490645,0.2522623608498191,0.003082825147603014,0.3845560304096287,0.6123611444427683,2,Medium volatility
2009-09-16,1068.760009765625,0.0152073080624424,1.3155281504914056,0.008278380180032621,0.1203874788180963,0.871334141001871,2,Medium volatility
2009-09-17,1065.489990234375,-0.0030643290055714,-0.2931340348823819,0.0053585590785914985,0.2033073026840952,0.7913341382373134,2,Medium volatility
2009-09-18,1068.300048828125,0.0026338675941071,0.2085436944095962,0.003555379505059973,0.345622787086885,0.6508218334080551,2,Medium volatility
2009-09-21,1064.6600341796875,-0.0034131142078885,-0.3238416044174447,0.002690858808012806,0.4600024736649738,0.5373066675270133,2,Medium volatility
2009-09-22,1071.6600341796875,0.0065533485882678,0.5536206482768158,0.0023302336026055,0.5490726344680994,0.44859713192929507,1,Low volatility
2009-09-23,1060.8699951171875,-0.0101195584531232,-0.9142869605433508,0.0041253543089671265,0.36765692530745053,0.6282177203835824,2,Medium volatility
2009-09-24,1050.780029296875,-0.0095565481917736,-0.864718697226868,0.005374178184670201,0.24733657049220367,0.7472892513231262,2,Medium volatility
2009-09-25,1044.3800048828125,-0.0061093608278186,-0.5612231791377733,0.004546208142276635,0.2764269137719568,0.7190268780857666,2,Medium volatility
2009-09-28,1062.97998046875,0.017652853549567,1.530837623479778,0.013113320039915588,0.03576156611014413,0.9511251138499403,2,Medium volatility
2009-09-29,1060.6099853515625,-0.0022320656428957,-0.2198603268492809,0.007681824019636622,0.09127407767633423,0.9010440983040292,2,Medium volatility
2009-09-30,1057.0799560546875,-0.0033338521352126,-0.3168632532946939,0.005329356960287972,0.16047802024428953,0.8341926227954225,2,Medium volatility
2009-10-01,1029.8499755859375,-0.0260972114932815,-2.3209833699045057,0.047843839486640616,0.00010235361160685442,0.9520538069017526,2,Medium volatility
2009-10-02,1025.2099609375,-0.0045157053093634,-0.4209153698534563,0.02427876608112076,0.02725096144352628,0.948470272475353,2,Medium volatility
2009-10-05,1040.4599609375,0.014765453960325,1.276626656176325,0.02541562545351397,0.011748452960145029,0.962835921586341,2,Medium volatility
2009-10-06,1054.719970703125,0.0136124155690531,1.1751114360885524,0.023546883376155965,0.010977441208695806,0.9654756754151482,2,Medium volatility
2009-10-07,1057.5799560546875,0.0027079365605269,0.2150648367104051,0.012172756479648219,0.05717579128038703,0.9306514522399647,2,Medium volatility
2009-10-08,1065.47998046875,0.0074421458766931,0.6318716874710811,0.008543134273251443,0.09306175451296929,0.8983951112137794,2,Medium volatility
2009-10-09,1071.489990234375,0.0056248105435727,0.471870773614693,0.00596566165035624,0.1622587256092815,0.8317756127403623,2,Medium volatility
2009-10-12,1076.18994140625,0.0043767775685665,0.3619920886605887,0.0042322447193950275,0.2724505677125885,0.7233171875680164,2,Medium volatility
2009-10-13,1073.18994140625,-0.0027915046308129,-0.2691141699250952,0.0030843318451666112,0.39481467965587114,0.6021009884989623,2,Medium volatility
2009-10-14,1092.02001953125,0.0173937430582586,1.508025149280018,0.011125417137843983,0.0635365293041276,0.9253380535580285,2,Medium volatility
2009-10-15,1096.56005859375,0.0041488503163931,0.341925033353904,0.0068392105834901105,0.13615011154899698,0.857010677867513,2,Medium volatility
2009-10-16,1087.6800537109375,-0.0081310234683291,-0.739213373955368,0.006483668619978999,0.11877352572389857,0.8747428056561225,2,Medium volatility
2009-10-19,1097.9100341796875,0.0093613667395144,0.8008427553567181,0.006412798541261103,0.12530366590577002,0.8682835355529689,2,Medium volatility
2009-10-20,1091.06005859375,-0.0062586491870249,-0.5743667489929389,0.005476604264982828,0.14933042152261933,0.8451929742123978,2,Medium volatility
2009-10-21,1081.4000244140625,-0.0088932339171821,-0.806319518949517,0.006094597220823557,0.11173138385982462,0.8821740189193518,2,Medium volatility
2009-10-22,1092.9100341796875,0.0105873743585087,0.908782295109774,0.00689273269547595,0.09573710357427771,0.8973701637302464,2,Medium volatility
2009-10-23,1079.5999755859375,-0.0122533153528996,-1.1021461011706348,0.009216390535393705,0.03262580680764813,0.9581578026569582,2,Medium volatility
2009-10-26,1066.949951171875,-0.011786514446439,-1.0610482529851573,0.010311773888010276,0.016355540672950898,0.9733326854390388,2,Medium volatility
2009-10-27,1063.4100341796875,-0.0033233071166751,-0.3159348541314335,0.00685309072487168,0.05558455279236979,0.9375623564827585,2,Medium volatility
2009-10-28,1042.6300048828125,-0.0197343861452417,-1.7607907341035314,0.02025587190303582,0.001202166249252221,0.978541961847712,2,Medium volatility
2009-10-29,1066.1099853515625,0.0222701243339678,1.9373490314531492,0.051577912900331084,0.00027881808331255956,0.9481432690163564,2,Medium volatility
2009-10-30,1036.18994140625,-0.0284660280152504,-2.5295375103351336,0.2733226945383371,1.7181781666732331e-06,0.7266755872834962,2,Medium volatility
2009-11-02,1042.8800048828125,0.006435653191021,0.5432585699234252,0.1492671365674806,0.024328536982223925,0.8264043264502955,2,Medium volatility
2009-11-03,1045.4100341796875,0.002423064313306,0.1899842590883295,0.06768795398107723,0.08199480976246334,0.8503172362564594,2,Medium volatility
2009-11-04,1046.5,0.0010420772415047,0.0684000971094424,0.028517828885873203,0.18165738379329205,0.7898247873208347,2,Medium volatility
2009-11-05,1066.6300048828125,0.0190528872206146,1.6540986764703156,0.052108158273619656,0.012726063470417178,0.935165778255963,2,Medium volatility
2009-11-06,1069.300048828125,0.0025001243195763,0.1967687369996551,0.024221002227349575,0.06050793649560071,0.9152710612770497,2,Medium volatility
2009-11-09,1093.0799560546875,0.0219950849152743,1.913134150723389,0.059651185697362295,0.0012422181211759996,0.9391065961814616,2,Medium volatility
2009-11-10,1093.010009765625,-6.3992141384972e-05,-0.0289799014112786,0.027375840014601478,0.03979739058007651,0.932826769405322,2,Medium volatility
2009-11-11,1098.510009765625,0.0050193577956907,0.4185658104675514,0.014308378000042274,0.09391380216145459,0.8917778198385032,2,Medium volatility
2009-11-12,1087.239990234375,-0.0103123590590774,-0.9312614135144324,0.012506560248457027,0.053810389052459925,0.933683050699083,2,Medium volatility
2009-11-13,1093.47998046875,0.005722887256427,0.4805055937267163,0.007966850357301571,0.1077249299960265,0.8843082196466718,2,Medium volatility
2009-11-16,1109.300048828125,0.0143639765684984,1.241279987669837,0.011463002336629835,0.03768726384714024,0.9508497338162298,2,Medium volatility
2009-11-17,1110.3199462890625,0.0009189839116237,0.057562776714219,0.006773377754276748,0.10547382944852794,0.8877527927971953,2,Medium volatility
2009-11-18,1109.800048828125,-0.0004683507842679,-0.0645802395590601,0.004520480021904058,0.20967889012221014,0.7858006298558858,2,Medium volatility
2009-11-19,1094.9000244140625,-0.0135168057116663,-1.2133856772505736,0.008652582753742357,0.04866507303527794,0.9426823442109797,2,Medium volatility
2009-11-20,1091.3800048828125,-0.0032201022062015,-0.3068485398506839,0.005939795970976935,0.10287088279814713,0.8911893212308759,2,Medium volatility
2009-11-23,1106.239990234375,0.0135239139343354,1.1673196201399223,0.00892592989584437,0.04553259000519465,0.9455414800989611,2,Medium volatility
2009-11-24,1105.6500244140625,-0.0005334495209039,-0.0703116294477781,0.005736484640731428,0.11559126086210392,0.8786722544971646,2,Medium volatility
2009-11-25,1110.6300048828125,0.0044940068802361,0.372313132144449,0.004403254262887182,0.20782445543040312,0.7877722903067097,2,Medium volatility
2009-11-27,1091.489990234375,-0.0173836999679339,-1.5538328162639896,0.013115845322154363,0.011917368452076043,0.9749667862257696,2,Medium volatility
2009-11-30,1095.6300048828125,0.0037858184300647,0.3099631645050666,0.008000304233342886,0.05610641227175169,0.9358932834949055,2,Medium volatility
2009-12-01,1108.8599853515625,0.012002902588402,1.0334075121761053,0.009120645461807327,0.04029977746988773,0.950579577068305,2,Medium volatility
2009-12-02,1109.239990234375,0.0003426399988395,0.0068205988340902,0.005823219821297292,0.1092561138128388,0.8849206663658639,2,Medium volatility
2009-12-03,1099.9200439453125,-0.0084375974920334,-0.7662046083540821,0.006121252701135579,0.0922302017749717,0.9016485455238926,2,Medium volatility
2009-12-04,1105.97998046875,0.0054943122542923,0.4603815095471155,0.004899736329861925,0.16277964408667722,0.8323206195834609,2,Medium volatility
2009-12-07,1103.25,-0.0024714329268036,-0.2409345796162842,0.0037326073988657614,0.2679330410043001,0.7283343515968341,2,Medium volatility
2009-12-08,1091.93994140625,-0.0103044920695154,-0.9305687920172994,0.005674440193004055,0.14970000772777092,0.8446255520792251,2,Medium volatility
2009-12-09,1095.949951171875,0.0036656453959773,0.2993829513080534,0.004061749335499024,0.26466656762322144,0.7312716830412795,2,Medium volatility
2009-12-10,1102.3499755859375,0.0058227200195837,0.4892950191270654,0.003364173314448058,0.368093016558024,0.6285428101275279,2,Medium volatility
2009-12-11,1106.4100341796875,0.0036763280289129,0.3003234662482177,0.002337775715275172,0.5224374605038147,0.4752247637809103,1,Low volatility
2009-12-14,1114.1099853515625,0.0069352962072164,0.5872478864443129,0.002094189535285463,0.5960813746166503,0.40182443584806415,1,Low volatility
2009-12-15,1107.9300537109375,-0.005562408837016,-0.5130687099162206,0.0018656254469916376,0.6353252113080655,0.3628091632449429,1,Low volatility
2009-12-16,1109.1800537109375,0.0011275940949078,0.0759291284583928,0.001040006916722253,0.770846536134087,0.2281134569491907,1,Low volatility
2009-12-17,1096.0799560546875,-0.0118809135380324,-1.0693592898350397,0.0034543801249177957,0.48643455694773235,0.5101110629273499,2,Medium volatility
2009-12-18,1102.469970703125,0.0058129520408813,0.488435031710087,0.0023565121988472493,0.5946842259936215,0.4029592618075312,1,Low volatility
2009-12-21,1114.050048828125,0.0104489771202258,0.896597595788244,0.0032506501471315395,0.5191436044423964,0.477605745410472,1,Low volatility
2009-12-22,1118.02001953125,0.0035572134993948,0.2898364453725789,0.0018228926227166309,0.6657050011352903,0.33247210624199314,1,Low volatility
2009-12-23,1120.5899658203125,0.0022960206868374,0.1787991486884213,0.0009877626964481998,0.7900789015584382,0.20893333574511366,1,Low volatility
2009-12-24,1126.47998046875,0.0052424074717238,0.4382034366944019,0.0006735104962953585,0.8519220265145693,0.1474044629891353,1,Low volatility
2009-12-28,1127.780029296875,0.0011534152818413,0.0782024642764572,0.00035618817759712045,0.9110391304111813,0.08860468141122164,1,Low volatility
2009-12-29,1126.199951171875,-0.0014020340886089,-0.1467831105561844,0.00021206205420277102,0.940161772879829,0.059626165065968184,1,Low volatility
2009-12-30,1126.4200439453125,0.000195410477235,-0.0061417078872077,0.00012544501921456203,0.9592225998418568,0.04065195513892871,1,Low volatility
2009-12-31,1115.0999755859375,-0.0101004358639622,-0.9126033792662472,0.0004226648421952567,0.8863381918954009,0.11323914326240386,1,Low volatility
2010-01-04,1132.989990234375,0.0159160821671262,1.3779296800277478,0.0036283238613355087,0.536881226150028,0.4594904499886365,1,Low volatility
2010-01-05,1136.52001953125,0.0031108319667598,0.2505363493206395,0.0018402620047319317,0.6856418733192429,0.3125178646760253,1,Low volatility
2010-01-06,1137.1400146484375,0.0005453718878234,0.0246694167787457,0.0009298360111844951,0.8059445567782993,0.1931256072105161,1,Low volatility
2010-01-07,1141.68994140625,0.0039932183546547,0.3282229632683296,0.0005531638850265776,0.874166123994898,0.1252807121200753,1,Low volatility
2010-01-08,1144.97998046875,0.0028775830750955,0.2300007689342732,0.00031040809185823193,0.9212264346826983,0.0784631572254436,1,Low volatility
2010-01-11,1146.97998046875,0.0017452316285844,0.1303068583243397,0.00017392266238827866,0.9493261766499719,0.050499900687639813,1,Low volatility
2010-01-12,1136.219970703125,-0.0094254464389438,-0.8531763033281452,0.0004479043729597659,0.8866219285877395,0.11293016703930078,1,Low volatility
2010-01-13,1145.6800537109375,0.0082914563333602,0.7066462470902989,0.0005230773931910859,0.8831157527378258,0.11636116986898318,1,Low volatility
2010-01-14,1148.4599609375,0.0024234864214136,0.1900214221158299,0.00028315234849572257,0.9274402470081569,0.07227660064334737,1,Low volatility
2010-01-15,1136.030029296875,-0.0108821263012082,-0.9814245714990586,0.000992067590906803,0.8016476262976432,0.19736030611144997,1,Low volatility
2010-01-19,1150.22998046875,0.0124221512077369,1.0703187860638117,0.002486702800187815,0.6406439541906722,0.35686934300913997,1,Low volatility
2010-01-20,1138.0400390625,-0.0106543866018613,-0.9613740286230132,0.0044792463774193806,0.4221250971582831,0.5733956564642977,2,Medium volatility
2010-01-21,1116.47998046875,-0.019126657272988,-1.707285377571148,0.018952382174889107,0.014653992681282355,0.9663936251438285,2,Medium volatility
2010-01-22,1091.760009765625,-0.0223897796301084,-1.9945755378675505,0.054530789845549994,0.00013990404940601676,0.945329306105044,2,Medium volatility
2010-01-25,1096.780029296875,0.004587559053796,0.3805496050672168,0.026819282339785262,0.033717303063723086,0.9394634145964916,2,Medium volatility
2010-01-26,1092.1700439453125,-0.0042120578477859,-0.3941817943502754,0.014200355512514893,0.07396557053441859,0.9118340739530666,2,Medium volatility
2010-01-27,1097.5,0.0048682828686121,0.4052649485116793,0.008247671056326778,0.1450926462696314,0.8466596826740418,2,Medium volatility
2010-01-28,1084.530029296875,-0.0118881255342797,-1.0699942447436177,0.010052913757336674,0.0534675398345239,0.9364795464081394,2,Medium volatility
2010-01-29,1073.8699951171875,-0.009877799049982,-0.8930021020304479,0.009415307539624782,0.03783517376042108,0.9527495186999542,2,Medium volatility
2010-02-01,1089.18994140625,0.0141653055463697,1.2237886945011762,0.012178723191094708,0.017309716865655144,0.9705115599432502,2,Medium volatility
2010-02-02,1103.3199462890625,0.0128895204452028,1.1114666709588403,0.01276135413203116,0.015738912031619118,0.9714997338363497,2,Medium volatility
2010-02-03,1097.280029296875,-0.0054893503825388,-0.5066365345943351,0.00854776735400526,0.042375663307785444,0.9490765693382093,2,Medium volatility
2010-02-04,1063.1099853515625,-0.0316358560498066,-2.808613899295096,0.14873905722422148,6.911919495367269e-07,0.851260251583829,2,Medium volatility
2010-02-05,1066.18994140625,0.0028929303608267,0.2313519668653621,0.06957520535019668,0.03509548623209636,0.8953293084177069,2,Medium volatility
2010-02-08,1056.739990234375,-0.0089028031003746,-0.8071620041132377,0.042815122545392,0.035365765700732577,0.9218191117538754,2,Medium volatility
2010-02-09,1070.52001953125,0.0129558417735866,1.1173056996489157,0.03514620727474413,0.02295121375611444,0.9419025789691414,2,Medium volatility
2010-02-10,1068.1300048828125,-0.0022350694280079,-0.2201247845716513,0.01701488054169704,0.07133410097023962,0.9116510184880633,2,Medium volatility
2010-02-11,1078.469970703125,0.0096338823351018,0.8248354349351397,0.012561176217353637,0.07885135367031741,0.9085874701123289,2,Medium volatility
2010-02-12,1075.510009765625,-0.0027483661199418,-0.2653161910733174,0.007252966231153935,0.15071101883195978,0.8420360149368862,2,Medium volatility
2010-02-16,1094.8699951171875,0.017840653536262,1.5473718144712802,0.01621920396116003,0.016779125714321726,0.9670016703245183,2,Medium volatility
2010-02-17,1099.510009765625,0.0042290045967101,0.3489819357683861,0.009387722435490119,0.062487672322193606,0.9281246052423162,2,Medium volatility
2010-02-18,1106.75,0.0065631577337956,0.5544842600825156,0.006824113490780485,0.11002787386393706,0.8831480126452824,2,Medium volatility
2010-02-19,1109.1700439453125,0.0021842348635905,0.1689573580459742,0.0045421238077937446,0.21911390841224193,0.7763439677799643,2,Medium volatility
2010-02-22,1108.010009765625,-0.0010464051249199,-0.1154730060603123,0.003190211555059133,0.35937826173380966,0.6374315267111311,2,Medium volatility
2010-02-23,1094.5999755859375,-0.0121766449451987,-1.095395924098568,0.006534265121813197,0.1358871018967468,0.85757863298144,2,Medium volatility
2010-02-24,1105.239990234375,0.0096735196971904,0.828325167425039,0.00656571168527168,0.13388981288686558,0.8595444754278627,2,Medium volatility
2010-02-25,1102.93994140625,-0.0020832085528654,-0.2067547265757442,0.004446099780343008,0.23521594639193935,0.7603379538277176,2,Medium volatility
2010-02-26,1104.489990234375,0.001404392556858,0.1002988779806405,0.003022992899017058,0.3914480553692265,0.6055289517317565,2,Medium volatility
2010-03-01,1115.7099609375,0.0101072574236029,0.8665120839149275,0.004089171153309225,0.34410629345994076,0.65180453538675,2,Medium volatility
2010-03-02,1118.31005859375,0.0023277310028868,0.1815909722193418,0.002525289336254266,0.5117912358858545,0.48568347477789126,1,Low volatility
2010-03-03,1118.7900390625,0.0004291095214004,0.0144335045968997,0.0015092080990508445,0.6727560172163186,0.3257347746846305,1,Low volatility
2010-03-04,1122.969970703125,0.0037291560795713,0.3049745266378721,0.000960178252276039,0.7849480952561226,0.21409172649160133,1,Low volatility
2010-03-05,1138.699951171875,0.0139102828016035,1.2013361116051535,0.003596161652457968,0.5207165182885153,0.47568732005902675,1,Low volatility
2010-03-08,1138.5,-0.0001756114321764,-0.0388070302879102,0.001798616253150955,0.6776027635173124,0.3205986202295366,1,Low volatility
2010-03-09,1140.449951171875,0.0017112720239724,0.127317004072845,0.000941804323326738,0.8003272836171528,0.19873091205952056,1,Low volatility
2010-03-10,1145.6099853515625,0.004514354904213,0.3741046025308667,0.000592856883795543,0.8663496798224547,0.13305746329374987,1,Low volatility
2010-03-11,1150.239990234375,0.0040333743135061,0.3317583537908765,0.00035948278726717295,0.9119636925957109,0.08767682461702196,1,Low volatility
2010-03-12,1149.989990234375,-0.0002173695700928,-0.0424834790454948,0.00019980320421667108,0.9434853787282729,0.05631481806751052,1,Low volatility
2010-03-15,1150.510009765625,0.0004520926234361,0.0164569711866636,0.00011766993696887693,0.9611573240678756,0.03872500599515546,1,Low volatility
2010-03-16,1159.4599609375,0.0077490149831591,0.6588889013963443,0.00014514473619671748,0.9527696515630755,0.047085203700727885,1,Low volatility
2010-03-17,1166.2099609375,0.0058047953325637,0.4877169029415041,0.0001295149091872754,0.9572112899230936,0.042659195167719176,1,Low volatility
2010-03-18,1165.8299560546875,-0.0003258991266887,-0.0520385831142397,8.538765259781135e-05,0.9677756701597936,0.03213894218760858,1,Low volatility
2010-03-19,1159.9000244140625,-0.005099426451613,-0.4723070500211819,9.992738532586547e-05,0.9604114109743848,0.0394886616402894,1,Low volatility
2010-03-22,1165.81005859375,0.0050823590991804,0.4241125392130865,9.285039851068721e-05,0.9646364214305005,0.03527072817098889,1,Low volatility
2010-03-23,1174.1700439453125,0.0071453777848002,0.6057437819376807,0.00011306236859476233,0.959071914463725,0.040815023167680105,1,Low volatility
2010-03-24,1167.719970703125,-0.0055084478872888,-0.508317907402473,0.00013824780659747794,0.9510481517828405,0.048813600410561986,1,Low volatility
2010-03-25,1165.72998046875,-0.0017056210833281,-0.1735113624669551,0.00010324910934809868,0.9621725481481099,0.037724202742542005,1,Low volatility
2010-03-26,1166.5899658203125,0.000737450615988,0.0415803145523228,7.12715722935888e-05,0.9710133262170009,0.02891540221070548,1,Low volatility
2010-03-29,1173.219970703125,0.0056671463127981,0.4755980778944412,7.229217294563373e-05,0.9694617275327722,0.03046598029428207,1,Low volatility
2010-03-30,1173.27001953125,4.265846293094455e-05,-0.019590223104313,5.5546155553925094e-05,0.9744821475897315,0.02546230625471457,1,Low volatility
2010-03-31,1169.4300537109375,-0.003278242318033,-0.3119672820306315,5.7474247351309444e-05,0.9720590477925619,0.027883477960086864,1,Low volatility
2010-04-01,1178.0999755859375,0.0073864540055241,0.6269684920513826,8.695487369285292e-05,0.9634850148418227,0.036428030284484436,1,Low volatility
2010-04-05,1187.43994140625,0.0078967294430878,0.6718939028111433,0.00013025967949340382,0.953685388135886,0.046184352184620546,1,Low volatility
2010-04-06,1189.43994140625,0.0016828788753491,0.124817228910719,8.91186189375692e-05,0.9665511501821485,0.03335973119891389,1,Low volatility
2010-04-07,1182.449951171875,-0.0058940429672622,-0.5422662734799313,0.00011981331118769009,0.9546477118034439,0.045232474885368495,1,Low volatility
2010-04-08,1186.43994140625,0.003368661430855,0.2732360399734936,9.22563715599961e-05,0.9653247333229248,0.034583010305515395,1,Low volatility
2010-04-09,1194.3699951171875,0.0066616682968314,0.5631572770117425,0.00010265450716564799,0.9619428459321187,0.037954499560715775,1,Low volatility
2010-04-12,1196.47998046875,0.0017650508571405,0.1320517727730451,7.211839403578806e-05,0.9708103708633712,0.029117510742592945,1,Low volatility
2010-04-13,1197.300048828125,0.0006851660398368,0.0369771024690458,5.31639862142872e-05,0.9754439463880133,0.02450288962577232,1,Low volatility
2010-04-14,1210.6500244140625,0.0110883630999083,0.9528900912852126,0.00018183723744827257,0.9357659705975736,0.06405219216497812,1,Low volatility
2010-04-15,1211.6700439453125,0.0008421839911774,0.0508011971468383,0.00012396635805958525,0.9572268333798387,0.042649200262101616,1,Low volatility
2010-04-16,1192.1300048828125,-0.0162579824185478,-1.45472296385349,0.0030861475468185397,0.5128696979523204,0.48404415450086097,1,Low volatility
2010-04-19,1197.52001953125,0.0045111407395301,0.3738216226772444,0.0019093763590911984,0.6461980171584761,0.35189260648243265,1,Low volatility
2010-04-20,1207.1700439453125,0.0080260457370711,0.6832791022494454,0.001835772509327066,0.6738395623961859,0.32432466509448704,1,Low volatility
2010-04-21,1205.93994140625,-0.0010195164357016,-0.1131056857485779,0.0009945605373728437,0.7899628848804736,0.2090425545821536,1,Low volatility
2010-04-22,1208.6700439453125,0.0022613206430897,0.1757441050708211,0.0005433656935456647,0.8726209288706398,0.12683570543581454,1,Low volatility
2010-04-23,1217.280029296875,0.0070982676832187,0.6015961383148799,0.0004913235046892449,0.8891591343617545,0.11034954213355613,1,Low volatility
2010-04-26,1212.050048828125,-0.0043057043550929,-0.4024265725568665,0.0003741624793383227,0.9080237986790493,0.09160203884161235,1,Low volatility
2010-04-27,1183.7099609375,-0.0236596401787014,-2.1063759549629424,0.022179791037205267,0.016674568283328136,0.9611456406794666,2,Medium volatility
2010-04-28,1191.3599853515625,0.0064419583781809,0.5438136880071569,0.012998029760347574,0.05115802547638485,0.9358439447632676,2,Medium volatility
2010-04-29,1206.780029296875,0.0128601802812893,1.1088835191577933,0.013424553203265974,0.03050559180187372,0.9560698549948603,2,Medium volatility
2010-04-30,1186.68994140625,-0.0167878101398661,-1.5013697868433995,0.021326677231446534,0.002821419550011028,0.9758519032185424,2,Medium volatility
2010-05-03,1202.260009765625,0.0130352574532617,1.1242975745610293,0.019398745404232764,0.009268564767064806,0.9713326898287025,2,Medium volatility
2010-05-04,1173.5999755859375,-0.0241271999574177,-2.147540615393909,0.07093669498251481,4.505179237966872e-05,0.9290182532251055,2,Medium volatility
2010-05-05,1165.8699951171875,-0.0066083418007805,-0.6051542083847375,0.03820536707288175,0.01973638400257644,0.9420582489245419,2,Medium volatility
2010-05-06,1128.1500244140625,-0.0328884406439637,-2.91889331558942,0.41421562645663484,1.1915294061434777e-07,0.5857842543904245,2,Medium volatility
2010-05-07,1110.8800048828125,-0.0154266461809067,-1.3815308812915343,0.39674477495008237,0.0011315121217457197,0.6021237129281719,2,Medium volatility
2010-05-10,1159.72998046875,0.0430347041456151,3.7654936149863,0.9906258068222779,1.2562807640971971e-12,0.009374193176465765,0,High volatility
2010-05-11,1155.7900390625,-0.0034030759184666,-0.3229578184414679,0.9137150452625299,0.0006351449739010589,0.08564980976356909,0,High volatility
2010-05-12,1171.6700439453125,0.013645992401825,1.1780675905362197,0.8566389094734046,0.0010224752971430503,0.14233861522945243,0,High volatility
2010-05-13,1157.43994140625,-0.0122194998892251,-1.0991689373023092,0.7793747039355969,0.0013869522561332402,0.21923834380826995,0,High volatility
2010-05-14,1135.6800537109375,-0.0189789813879501,-1.694283772347282,0.8189968900637041,9.533638914823551e-05,0.18090777354714768,0,High volatility
2010-05-17,1136.93994140625,0.0011087536210085,0.0742703850297931,0.6182207224068317,0.013466822581360373,0.36831245501180804,0,High volatility
2010-05-18,1120.800048828125,-0.0142976317849976,-1.2821307695948636,0.5727203482102559,0.0031991462325708475,0.4240805055571733,0,High volatility
2010-05-19,1115.050048828125,-0.005143468860016,-0.4761846093601162,0.36914232876179565,0.021007751131857353,0.6098499201063469,2,Medium volatility
2010-05-20,1071.5899658203125,-0.0397557958377658,-3.523505511676598,0.9791159057550233,1.7784309674189372e-11,0.020884094227192413,0,High volatility
2010-05-21,1087.68994140625,0.0149126325857045,1.2895844819180466,0.9408014073827687,0.0001155994003734629,0.05908299321685787,0,High volatility
2010-05-24,1073.6500244140625,-0.0129920463236876,-1.167185077888899,0.8876387016049555,0.0003590284726975467,0.11200226992234687,0,High volatility
2010-05-25,1074.030029296875,0.0003538747646523,0.0078097243764435,0.720651790981626,0.010060574302505535,0.26928763471586853,0,High volatility
2010-05-26,1067.949951171875,-0.005677078693651,-0.5231644151606006,0.5245005937419798,0.028151065314375875,0.4473483409436444,0,High volatility
2010-05-27,1103.06005859375,0.0323473117686763,2.824559646506244,0.931661274469639,2.0458524203842926e-07,0.06833852094511898,0,High volatility
2010-05-28,1089.4100341796875,-0.0124518923454051,-1.119629115830994,0.8716033068526866,0.00046537239101939777,0.12793132075629413,0,High volatility
2010-06-01,1070.7099609375,-0.0173143533245987,-1.5477274343323824,0.866425760088759,0.00011848722408734822,0.13345575268715343,0,High volatility
2010-06-02,1098.3800048828125,0.0255144281083419,2.2229823756507194,0.9475779928880695,2.418491444104037e-06,0.052419588620486346,0,High volatility
2010-06-03,1102.8299560546875,0.0040431919834427,0.332622716098244,0.8321440706781796,0.0038651040253954595,0.16399082529642484,0,High volatility
2010-06-04,1064.8800048828125,-0.0350174420898303,-3.1063337789602268,0.9907323411486713,3.2608864627666293e-10,0.009267658525240073,0,High volatility
2010-06-07,1050.469970703125,-0.0136244661657158,-1.222864264234593,0.9504872529559933,4.036718118524995e-05,0.049472379862821395,0,High volatility
2010-06-08,1062.0,0.0109162676435188,0.9377385505700638,0.8781824831328453,0.001088015763731653,0.12072950110342298,0,High volatility
2010-06-09,1055.68994140625,-0.005959396741888,-0.5480201172937409,0.7341027786442992,0.007030677029680821,0.2588665443260199,0,High volatility
2010-06-10,1086.8399658203125,0.0290798456661773,2.536887056386645,0.9424605142088058,8.117277474246232e-07,0.057538674063446774,0,High volatility
2010-06-11,1091.5999755859375,0.004370115742617,0.3614055715657815,0.8242535826626808,0.004090334839704076,0.1716560824976152,0,High volatility
2010-06-14,1089.6300048828125,-0.0018062939317564,-0.1823747502278678,0.6257141723488093,0.02420907723631941,0.3500767504148713,0,High volatility
2010-06-15,1115.22998046875,0.0232224505985003,2.021193256477385,0.7988084744899788,0.00014467569551565056,0.20104684981450557,0,High volatility
2010-06-16,1114.6099853515625,-0.0005560893540952,-0.0723048741363874,0.590882029298819,0.014336621460977137,0.39478134924020386,0,High volatility
2010-06-17,1116.0400390625,0.0012821858123892,0.0895396138877288,0.3545157505750764,0.06250335192682385,0.5829808974980997,2,Medium volatility
2010-06-18,1117.510009765625,0.0013162641384552,0.0925399205531441,0.16986496967387715,0.16436659503298526,0.6657684352931377,2,Medium volatility
2010-06-21,1113.199951171875,-0.0038642979433989,-0.3635644935745336,0.07636492057655775,0.26143359946506645,0.6622014799583759,2,Medium volatility
2010-06-22,1095.31005859375,-0.0162012250869896,-1.4497259637116562,0.10675455442112816,0.024725103031234253,0.8685203425476377,2,Medium volatility
2010-06-23,1092.0400390625,-0.0029899392610692,-0.2865846508006569,0.04946967983398792,0.07035922630382266,0.8801710938621894,2,Medium volatility
2010-06-24,1073.68994140625,-0.0169462832049509,-1.515321991905992,0.0641750112241598,0.004821247065853184,0.931003741709987,2,Medium volatility
2010-06-25,1076.760009765625,0.002855281931545,0.2280373429869023,0.029863798421203677,0.04552685008844274,0.9246093514903535,2,Medium volatility
2010-06-28,1074.5699462890625,-0.0020360096106539,-0.2025992612913445,0.014430137658481258,0.10807922007531406,0.8774906422662047,2,Medium volatility
2010-06-29,1041.239990234375,-0.0315082303422089,-2.797377541604224,0.20265878070785798,1.5617221483318123e-06,0.7973396575699937,2,Medium volatility
2010-06-30,1030.7099609375,-0.0101644539733349,-0.918239629118608,0.13363136028275358,0.008385124293213371,0.8579835154240331,2,Medium volatility
2010-07-01,1027.3699951171875,-0.0032457133092442,-0.309103379569596,0.06332644481411763,0.04317524966439702,0.8934983055214853,2,Medium volatility
2010-07-02,1022.5800170898438,-0.0046732717543021,-0.4347877547258764,0.031110166858638526,0.08266902558442427,0.8862208075569372,2,Medium volatility
2010-07-06,1028.06005859375,0.0053447258874577,0.447211702655782,0.01565989537941823,0.15278432202752884,0.831555782593053,2,Medium volatility
2010-07-07,1060.27001953125,0.0308500230082637,2.692736110361392,0.1795218739829714,1.7195743677729072e-05,0.8204609302733509,2,Medium volatility
2010-07-08,1070.25,0.0093686549516585,0.8014844204265503,0.10810204214310229,0.016630438417557587,0.8752675194393402,2,Medium volatility
2010-07-09,1077.9599609375,0.0071780637666289,0.6086215045393238,0.05706659263163673,0.04642417686011044,0.8965092305082528,2,Medium volatility
2010-07-12,1078.75,0.0007326336059527,0.0411562178027262,0.02507756428488443,0.1214414630523706,0.8534809726627449,2,Medium volatility
2010-07-13,1095.3399658203125,0.0152618227355736,1.3203277036396943,0.02903233405498044,0.03230721317396807,0.9386604527710515,2,Medium volatility
2010-07-14,1095.1700439453125,-0.0001551436647933,-0.0370050175133757,0.013897813283509725,0.09497004128201067,0.8911321454344796,2,Medium volatility
2010-07-15,1096.47998046875,0.0011953885564128,0.081897853986101,0.007246583540005138,0.19879292692089237,0.7939604895391025,2,Medium volatility
2010-07-16,1064.8800048828125,-0.0292429097007493,-2.5979353328903616,0.09803258035389792,1.6325127513173178e-05,0.9019510945185888,2,Medium volatility
2010-07-19,1071.25,0.0059640695879084,0.5017396459898061,0.049476006938273365,0.028887160190025497,0.9216368328717012,2,Medium volatility
2010-07-20,1083.47998046875,0.0113518741689926,0.976089998917212,0.03507704661754268,0.029794768761357587,0.9351281846210997,2,Medium volatility
2010-07-21,1069.5899658203125,-0.0129026995822858,-1.159318857487058,0.030989300893547927,0.01104028742861822,0.9579704116778338,2,Medium volatility
2010-07-22,1093.6700439453125,0.0222636878224253,1.9367823513748617,0.07235535845058447,0.00040172943676431507,0.9272429121126512,2,Medium volatility
2010-07-23,1102.6600341796875,0.0081864201843444,0.6973987078364245,0.0406963555362767,0.022320620022615596,0.9369830244411077,2,Medium volatility
2010-07-26,1115.010009765625,0.01113790871673,0.9572521613030992,0.028898715710997454,0.027019212231010798,0.9440820720579918,2,Medium volatility
2010-07-27,1113.8399658203125,-0.0010499083075199,-0.1157814314825173,0.01403195801175556,0.0831836358438422,0.9027844061444021,2,Medium volatility
2010-07-28,1106.1300048828125,-0.0069460326382797,-0.6348850134904903,0.00963097608355875,0.09604908768436556,0.8943199362320757,2,Medium volatility
2010-07-29,1101.530029296875,-0.0041672922205169,-0.3902405617434696,0.006324409463943468,0.15474705243840783,0.8389285380976488,2,Medium volatility
2010-07-30,1101.5999755859375,6.34971961988029e-05,-0.0177555499398718,0.004058432841948114,0.2835963528248137,0.7123452143332383,2,Medium volatility
2010-08-02,1125.8599853515625,0.0217835287811665,1.8945084330738824,0.021441976133426032,0.006801374342707579,0.9717566495238663,2,Medium volatility
2010-08-03,1120.4599609375,-0.0048078946413303,-0.4466401545323079,0.012285819827078461,0.03511569269367517,0.9525984874792464,2,Medium volatility
2010-08-04,1127.239990234375,0.0060328780600285,0.5077976465247841,0.008106606310598877,0.07909882301644253,0.9127945706729587,2,Medium volatility
2010-08-05,1125.81005859375,-0.0012693298432147,-0.135099630821469,0.005249274529243726,0.16459292294523106,0.8301578025255253,2,Medium volatility
2010-08-06,1121.6400146484375,-0.0037109155663976,-0.3500604802851782,0.004083848313140267,0.24792495549371424,0.7479911961931455,2,Medium volatility
2010-08-09,1127.7900390625,0.0054680871074062,0.4580726084921906,0.003353933829263313,0.35734505782318476,0.6393010083475519,2,Medium volatility
2010-08-10,1121.06005859375,-0.0059852816039276,-0.5502990591631378,0.003237415389044821,0.390305701960624,0.6064568826503312,2,Medium volatility
2010-08-11,1089.469970703125,-0.0285834059979617,-2.539871643039295,0.06655029906864773,6.393390273829288e-05,0.9333857670286139,2,Medium volatility
2010-08-12,1083.6099853515625,-0.0053932664000715,-0.4981771574383688,0.034119290706231105,0.023964984150573375,0.9419157251431955,2,Medium volatility
2010-08-13,1079.25,-0.0040316907121891,-0.3783020026578992,0.017429038126132834,0.06217162795055869,0.9203993339233084,2,Medium volatility
2010-08-16,1079.3800048828125,0.0001204512887111,-0.0127412266701084,0.008897593283667389,0.1453029604982124,0.8457994462181202,2,Medium volatility
2010-08-17,1092.5400390625,0.0121184896013479,1.0435839652303247,0.009889926328172106,0.0885002207590003,0.9016098529128276,2,Medium volatility
2010-08-18,1094.1600341796875,0.0014816804859387,0.1071034225562125,0.005791899924646827,0.18825288315261843,0.8059552169227348,2,Medium volatility
2010-08-19,1075.6300048828125,-0.0170804358568963,-1.5271329915142298,0.014405228765984168,0.012048457758039238,0.9735463134759766,2,Medium volatility
2010-08-20,1071.68994140625,-0.00366975392292,-0.346436547787845,0.008720256161351192,0.047607079083619316,0.9436726647550294,2,Medium volatility
2010-08-23,1067.3599853515625,-0.0040484907945526,-0.3797811069717999,0.006153472062014252,0.09362146563921929,0.9002250622987664,2,Medium volatility
2010-08-24,1051.8699951171875,-0.0146187683619913,-1.310404112909815,0.0108592347458143,0.015056646507662884,0.9740841187465229,2,Medium volatility
2010-08-25,1055.3299560546875,0.0032839446916375,0.2657774518710659,0.006934369878404331,0.06291806236704693,0.9301475677545488,2,Medium volatility
2010-08-26,1047.219970703125,-0.0077144665808921,-0.7025390841595194,0.006472337607083153,0.0674109128560772,0.9261167495368396,2,Medium volatility
2010-08-27,1064.5899658203125,0.0164507104032827,1.4249991475054935,0.012495454687135109,0.013039843634199817,0.9744647016786651,2,Medium volatility
2010-08-30,1048.9200439453125,-0.014828611113085,-1.3288789817627094,0.016383151233612763,0.0038486320793677717,0.9797682166870194,2,Medium volatility
2010-08-31,1049.3299560546875,0.0003907180884921,0.0110534655707299,0.009071898118936534,0.04560995636571167,0.9453181455153518,2,Medium volatility
2010-09-01,1080.2900390625,0.0290777363867507,2.536701352279272,0.08909783040919078,2.0203814788052064e-05,0.9108819657760212,2,Medium volatility
2010-09-02,1090.0999755859375,0.0090398529867341,0.7725362049228379,0.05218001201785329,0.01880345228895405,0.9290165356931928,2,Medium volatility
2010-09-03,1104.510009765625,0.0131323937931613,1.1328496028352582,0.04230713367250272,0.015187914800305012,0.9425049515271923,2,Medium volatility
2010-09-07,1091.8399658203125,-0.0115374914127679,-1.0391238936044076,0.03236941877372225,0.01158780097084972,0.956042780255428,2,Medium volatility
2010-09-08,1098.8699951171875,0.0064180594909029,0.5417095943184785,0.017837162068656806,0.04433551538487837,0.9378273225464647,2,Medium volatility
2010-09-09,1104.1800537109375,0.0048206520589966,0.4010714609767651,0.010024044064811225,0.10204308835377982,0.8879328675814089,2,Medium volatility
2010-09-10,1109.550048828125,0.0048515450406902,0.4037913251716892,0.006307058827055057,0.18480756790278022,0.8088853732701647,2,Medium volatility
2010-09-13,1121.9000244140625,0.0110691266031448,0.9511964814128558,0.00723484866588406,0.13855733674370924,0.8542078145904067,2,Medium volatility
2010-09-14,1121.0999755859375,-0.0007133739296074,-0.0861524428040015,0.004518615318725511,0.256048242872446,0.7394331418088286,2,Medium volatility
2010-09-15,1125.0699462890625,0.0035348838022688,0.2878705055258244,0.003130923286595788,0.40125826266106746,0.5956108140523367,2,Medium volatility
2010-09-16,1124.6600341796875,-0.0003644100558464,-0.055429142768473,0.0020215563960253786,0.5675959912288564,0.43038245237511813,1,Low volatility
2010-09-17,1125.5899658203125,0.0008265141149328,0.0494215978657042,0.0012317578382784978,0.7192526395683851,0.27951560259333624,1,Low volatility
2010-09-20,1142.7099609375,0.0150952878895571,1.3056657273571874,0.005476076586927946,0.35354393102536325,0.6409799923877088,2,Medium volatility
2010-09-21,1139.780029296875,-0.0025673131207142,-0.2493760149237038,0.00317461251603724,0.48802257307278185,0.5088028144111809,2,Medium volatility
2010-09-22,1134.280029296875,-0.0048371727944509,-0.4492178468106393,0.002421492717212094,0.5593309204156836,0.4382475868671044,1,Low volatility
2010-09-23,1124.8299560546875,-0.0083662401778417,-0.7599222039607192,0.003155308270970619,0.4760088683195223,0.5208358234095071,2,Medium volatility
2010-09-24,1148.6700439453125,0.0209729155478086,1.8231408347239124,0.019328644237537957,0.02140040978061813,0.9592709459818438,2,Medium volatility
2010-09-27,1142.1600341796875,-0.0056835531819343,-0.5237344387678025,0.011664199656942887,0.04754129265413142,0.9407945076889256,2,Medium volatility
2010-09-28,1147.699951171875,0.0048386607358485,0.4026569717524241,0.0073587248235608815,0.10656806155148471,0.8860732136249544,2,Medium volatility
2010-09-29,1144.72998046875,-0.0025911128831443,-0.2514713815128971,0.004976946481784444,0.19114593887641126,0.8038771146418042,2,Medium volatility
2010-09-30,1141.199951171875,-0.0030884867064555,-0.2952609149070434,0.0037400810502210224,0.2928437647787032,0.7034161541710757,2,Medium volatility
2010-10-01,1146.239990234375,0.0044067143598951,0.3646277684293189,0.0028409640826005445,0.4299525276214068,0.5672065082959927,2,Medium volatility
2010-10-04,1137.030029296875,-0.0080673865197216,-0.7336106820653967,0.0036024144863198828,0.36965788450208165,0.6267397010115985,2,Medium volatility
2010-10-05,1160.75,0.0206467225071635,1.7944223128057828,0.018255910170382198,0.016337548098810262,0.9654065417308075,2,Medium volatility
2010-10-06,1159.969970703125,-0.0006722304595951,-0.0825301103256648,0.00974946826426226,0.06609036220657523,0.9241601695291626,2,Medium volatility
2010-10-07,1158.06005859375,-0.0016478755817939,-0.1684273623662673,0.006019350747104948,0.1419982903433997,0.8519823589094954,2,Medium volatility
2010-10-08,1165.1500244140625,0.0061036131712839,0.5140252712434235,0.004776333865672947,0.21724408334528045,0.7779795827890466,2,Medium volatility
2010-10-11,1165.3199462890625,0.0001458262731874,-0.0105071751820275,0.003211931710518329,0.36674620509654265,0.630041863192939,2,Medium volatility
2010-10-12,1169.77001953125,0.0038114836641494,0.3122227700016698,0.002308927214302591,0.5190493210158433,0.478641751769854,1,Low volatility
2010-10-13,1178.0999755859375,0.0070957855615594,0.6013776086211284,0.002133930308877318,0.5878142465260798,0.4100518231650428,1,Low volatility
2010-10-14,1173.81005859375,-0.0036480321844027,-0.3445241335239623,0.001526944176735384,0.6829415941821537,0.3155314616411109,1,Low volatility
2010-10-15,1176.18994140625,0.0020254328732747,0.1549761939153487,0.000869046137000533,0.8031407263097107,0.19599022755328874,1,Low volatility
2010-10-18,1184.7099609375,0.007217634690706,0.6121053877275776,0.0007983116197745388,0.831827922716302,0.16737376566392356,1,Low volatility
2010-10-19,1165.9000244140625,-0.0160046440290546,-1.4324186741084493,0.007286068359891436,0.251887100168986,0.7408268314711225,2,Medium volatility
2010-10-20,1178.1700439453125,0.0104690826136781,0.8983677134254653,0.007297871051165066,0.20894833511441974,0.7837537938344151,2,Medium volatility
2010-10-21,1180.260009765625,0.0017723369527997,0.1326932515043893,0.004133573468951573,0.3578844766562159,0.6379819498748325,2,Medium volatility
2010-10-22,1183.0799560546875,0.0023864087842904,0.1867570516305208,0.0024941097551252752,0.5258013719449751,0.4717045182998997,1,Low volatility
2010-10-25,1185.6199951171875,0.0021446701468814,0.1654740213636594,0.0014874650491787508,0.6831523538131697,0.3153601811376515,1,Low volatility
2010-10-26,1185.6400146484375,1.6885142217759608e-05,-0.0218593447089333,0.0008535238091641157,0.8025642169404483,0.19658225925038758,1,Low volatility
2010-10-27,1182.449951171875,-0.0026942096392161,-0.2605481737187659,0.0005643159514912347,0.8638649204933375,0.13557076355517114,1,Low volatility
2010-10-28,1183.780029296875,0.0011242172367564,0.0756318248290952,0.00031298654578337115,0.9178555955571568,0.08183141789705986,1,Low volatility
2010-10-29,1183.260009765625,-0.0004393838135685,-0.0620299442453178,0.00018226528055485352,0.9463543393417666,0.05346339537767861,1,Low volatility
2010-11-01,1184.3800048828125,0.0009460857172536,0.0599488601127609,0.00010958293415690543,0.9628340470023792,0.03705637006346384,1,Low volatility
2010-11-02,1193.5699462890625,0.0077293360646937,0.6571563400573408,0.000137086718264849,0.9542580151326577,0.04560489814907733,1,Low volatility
2010-11-03,1197.9599609375,0.0036713064436852,0.2998813583934939,9.903771932143072e-05,0.9645659166660392,0.03533504561463941,1,Low volatility
2010-11-04,1221.06005859375,0.0190993044096652,1.6581853150401984,0.0039106345137872025,0.4867332283967948,0.509356137089418,2,Medium volatility
2010-11-05,1225.8499755859375,0.0039150790536108,0.3213434626350278,0.0021611697013560597,0.6326815840734323,0.3651572462252117,1,Low volatility
2010-11-08,1223.25,-0.0021232098228605,-0.2102764980606153,0.0012466840718806087,0.7474339551285192,0.25131936079960027,1,Low volatility
2010-11-09,1213.4000244140625,-0.0080848945406613,-0.7351521143476595,0.0017313977528768455,0.6831511915292452,0.315117410717878,1,Low volatility
2010-11-10,1218.7099609375,0.0043665335797253,0.3610901926008711,0.0010486058997645868,0.7856259696592287,0.2133254244410067,1,Low volatility
2010-11-11,1213.5400390625,-0.004251149890857,-0.397623516140359,0.0007736696438822861,0.8309499698507808,0.1682763605053369,1,Low volatility
2010-11-12,1199.2099609375,-0.0118787662447532,-1.0691702389313742,0.0027999821826511983,0.5734191669672523,0.42378085085009654,1,Low volatility
2010-11-15,1197.75,-0.0012181773094548,-0.1305960854391202,0.001497726709355026,0.7118419707188335,0.2866603025718115,1,Low volatility
2010-11-16,1178.3399658203125,-0.0163381574146885,-1.461781690119995,0.00951610770173893,0.13434224589722915,0.856141646401032,2,Medium volatility
2010-11-17,1178.5899658203125,0.0002121403759884,-0.0046687826430411,0.005325689078864719,0.2556568340647347,0.7390174768564006,2,Medium volatility
2010-11-18,1196.68994140625,0.0152405835436475,1.318457773497571,0.010533452222658014,0.0713328929312413,0.9181336548461007,2,Medium volatility
2010-11-19,1199.72998046875,0.0025371519119099,0.2000287014670302,0.006258443111174257,0.15826698848873044,0.8354745684000953,2,Medium volatility
2010-11-22,1197.8399658203125,-0.0015766088850606,-0.1621529360691264,0.004140412241326531,0.27455296954666747,0.7213066182120059,2,Medium volatility
2010-11-23,1180.72998046875,-0.0143870315905498,-1.2900016618436678,0.00932465477489574,0.05044394157675441,0.9402314036483499,2,Medium volatility
2010-11-24,1198.3499755859375,0.0148127155186168,1.2807876342738462,0.012942071669249716,0.017540108273595117,0.9695178200571551,2,Medium volatility
2010-11-26,1189.4000244140625,-0.0074965914242337,-0.6833570303378442,0.009537014795277332,0.03198419734644465,0.9584787878582781,2,Medium volatility
2010-11-29,1187.760009765625,-0.0013798102652371,-0.1448264919926936,0.006140929336140756,0.08981649873533644,0.9040425719285228,2,Medium volatility
2010-11-30,1180.550048828125,-0.0060887156101641,-0.5594055433766217,0.005405483575036085,0.11618101279562543,0.8784135036293385,2,Medium volatility
2010-12-01,1206.0699462890625,0.0213866222631295,1.8595641911147291,0.021281558925776954,0.003005065480019142,0.9757133755942039,2,Medium volatility
2010-12-02,1221.530029296875,0.0127371001606206,1.0980473617213264,0.018894205268147574,0.010099917736059226,0.9710058769957932,2,Medium volatility
2010-12-03,1224.7099609375,0.0025998540163518,0.2055490882820474,0.010217121235896128,0.05585946019108555,0.9339234185730183,2,Medium volatility
2010-12-06,1223.1199951171875,-0.0012990821033005,-0.1377190641842966,0.006233938134335603,0.1285065331747648,0.8652595286908996,2,Medium volatility
2010-12-07,1223.75,0.0005149475844579,0.0219908157230089,0.004159166561826572,0.24786125232484946,0.747979581113324,2,Medium volatility
2010-12-08,1228.280029296875,0.0036949257526153,0.3019608375873439,0.0030600596750435115,0.389347140618147,0.6075927997068095,2,Medium volatility
2010-12-09,1233.0,0.0038353835670088,0.3143269531036497,0.0021874185792734343,0.5415608620668708,0.4562517193538557,1,Low volatility
2010-12-10,1240.4000244140625,0.0059837037443601,0.5034682664143468,0.0017721421749565985,0.6402432239856071,0.35798463383943624,1,Low volatility
2010-12-13,1240.4599609375,4.83191504585534e-05,-0.0190918477296827,0.0010135045030174783,0.7721459469077296,0.22684054858925293,1,Low volatility
2010-12-14,1241.5899658203125,0.0009105416846804,0.0568195104598884,0.0005656558613967024,0.8631081138609255,0.13632623027767787,1,Low volatility
2010-12-15,1235.22998046875,-0.0051356170153358,-0.4754933212409701,0.0005112742787412738,0.8776625175364507,0.12182620818480791,1,Low volatility
2010-12-16,1242.8699951171875,0.0061660457042735,0.5195219245856294,0.00040567992587458397,0.9035578791006408,0.09603644097348459,1,Low volatility
2010-12-17,1243.9100341796875,0.0008364544598933,0.0502967606651843,0.00021853633515468831,0.9399239940544702,0.059857469610375025,1,Low volatility
2010-12-20,1247.0799560546875,0.0025451114605434,0.2007294720028992,0.00013094125562330974,0.9585831889220999,0.0412858698222768,1,Low volatility
2010-12-21,1254.5999755859375,0.0060119938497864,0.5059589694996874,0.00011779740404915572,0.9601606441202976,0.03972155847565336,1,Low volatility
2010-12-22,1258.8399658203125,0.0033738576255419,0.2736935207054906,8.380888606176219e-05,0.9683322351842856,0.03158395592965263,1,Low volatility
2010-12-23,1256.77001953125,-0.001645681777604,-0.1682342165726381,6.467191285732607e-05,0.9719901203953681,0.027945207691774457,1,Low volatility
2010-12-27,1257.5400390625,0.000612509624811,0.0305803233002303,5.0043180395350596e-05,0.9760292200345827,0.023920736785021955,1,Low volatility
2010-12-28,1258.510009765625,0.0007710265951414,0.044536393846144,4.15632329963708e-05,0.9781263768111221,0.02183205995588154,1,Low volatility
2010-12-29,1259.780029296875,0.0010086365106651,0.0654559252789335,3.700180476301545e-05,0.979218454233839,0.020744543961397854,1,Low volatility
2010-12-30,1257.8800048828125,-0.0015093576964178,-0.156232041094669,3.764939282278619e-05,0.9781852855646229,0.021777065042554344,1,Low volatility
2010-12-31,1257.6400146484375,-0.0001908076526833,-0.0401449282112904,3.673473442383888e-05,0.9788556063632696,0.021107658902306477,1,Low volatility
2011-01-03,1271.8699951171875,0.0112512941477609,0.9672347838011688,0.00015562390674394604,0.938522150788032,0.06132222530522412,1,Low volatility
2011-01-04,1270.199951171875,-0.001313924652635,-0.1390258243700466,0.00012276370618933646,0.9560107835767524,0.04386645271705835,1,Low volatility
2011-01-05,1276.56005859375,0.0049946760743084,0.4163927948964866,0.00010550512346804662,0.9622360111923445,0.03765848368418734,1,Low volatility
2011-01-06,1273.8499755859375,-0.0021252143706371,-0.210452981437282,8.168460199885474e-05,0.967598232628781,0.03232008276922017,1,Low volatility
2011-01-07,1271.5,-0.0018464857690823,-0.1859132995448338,6.622854936206132e-05,0.9712233906134525,0.028710380837185367,1,Low volatility
2011-01-10,1269.75,-0.0013772751808192,-0.1446032993786643,5.5322104865804086e-05,0.9739955734528981,0.025949104442236068,1,Low volatility
2011-01-11,1274.47998046875,0.0037182062584069,0.3040104880474487,5.060992519089953e-05,0.975375572392163,0.024573817682646142,1,Low volatility
2011-01-12,1285.9599609375,0.0089672537988505,0.766144464116994,0.00010549504370264422,0.9568548040572578,0.04303970089903956,1,Low volatility
2011-01-13,1283.760009765625,-0.0017122112404592,-0.1740915697320737,8.692011890459623e-05,0.9654348091974093,0.034478270683686245,1,Low volatility
2011-01-14,1293.239990234375,0.0073574103473017,0.6244114450537118,0.0001132310115963932,0.9585315297304754,0.04135523925792826,1,Low volatility
2011-01-18,1295.02001953125,0.0013754642661831,0.0977519881139586,7.845870123137127e-05,0.9691567810474145,0.030764760251354054,1,Low volatility
2011-01-19,1281.9200439453125,-0.0101671657933852,-0.9184783818013708,0.0003099378622222022,0.9025702256039926,0.09711983653378516,1,Low volatility
2011-01-20,1280.260009765625,-0.0012957984038344,-0.1374299623846284,0.0002125968974099955,0.9355847476554848,0.06420265544710528,1,Low volatility
2011-01-21,1283.3499755859375,0.0024106376042603,0.1888901930855926,0.00013498969200230143,0.9564079690426787,0.043457041265319137,1,Low volatility
2011-01-24,1290.8399658203125,0.0058193152345955,0.4889952567773943,0.00011993453127442,0.9595243646960554,0.04035570077267017,1,Low volatility
2011-01-25,1291.1800537109375,0.0002634277736186,-0.0001533636443591,7.884892776551159e-05,0.9694516775282045,0.030469473544029953,1,Low volatility
2011-01-26,1296.6300048828125,0.0042120241484804,0.3474869517745526,6.560920511887681e-05,0.9720445976511813,0.027889793143699732,1,Low volatility
2011-01-27,1299.5400390625,0.0022417910607996,0.1740246915114731,5.133560073568098e-05,0.9757966856302817,0.02415197876898265,1,Low volatility
2011-01-28,1276.3399658203125,-0.0180138054241831,-1.6093082406330648,0.0032514859260959063,0.42710984776730165,0.5696386663066025,2,Medium volatility
2011-01-31,1286.1199951171875,0.0076333499328811,0.6487055778189893,0.0029952472708355514,0.4812951417535316,0.5157096109756328,2,Medium volatility
2011-02-01,1307.5899658203125,0.0165557918378347,1.434250673765533,0.010158254600123293,0.11353043408295621,0.8763113113169205,2,Medium volatility
2011-02-02,1304.030029296875,-0.0027262302593635,-0.2633673168853907,0.006067237574031967,0.1991027645026996,0.7948299979232684,2,Medium volatility
2011-02-03,1307.0999755859375,0.0023514322901272,0.1836776689059271,0.0037989115095115704,0.34223615189824075,0.6539649365922477,2,Medium volatility
2011-02-04,1310.8699951171875,0.0028801110627521,0.2302233367388507,0.0024836814008944667,0.5051858312256141,0.4923304873734915,1,Low volatility
2011-02-07,1319.050048828125,0.0062207823459532,0.5243410201760641,0.0020346748240740085,0.6010893520167807,0.3968759731591454,1,Low volatility
2011-02-08,1324.5699462890625,0.0041760203758389,0.3443171259202197,0.001311265230497915,0.7251161083948222,0.2735726263746798,1,Low volatility
2011-02-09,1320.8800048828125,-0.0027896530778006,-0.2689511564357174,0.0008546855489711872,0.8078580824009945,0.19128723205003423,1,Low volatility
2011-02-10,1321.8699951171875,0.0007492122074985,0.0426158226150281,0.0004682236993867568,0.8849345940946564,0.1145971822059569,1,Low volatility
2011-02-11,1329.1500244140625,0.005492261501887,0.4602009582460092,0.00034454625343023415,0.9144150128171074,0.08524044092946234,1,Low volatility
2011-02-14,1332.3199462890625,0.0023820846440685,0.1863763478745666,0.0001950887648078327,0.9449529879355367,0.05485192329965549,1,Low volatility
2011-02-15,1328.010009765625,-0.0032401546915794,-0.3086139905779567,0.00014558633824105472,0.9535608641685187,0.04629354949324021,1,Low volatility
2011-02-16,1336.3199462890625,0.0062379386988515,0.5258514910793384,0.00013630456390917493,0.9557672726974534,0.04409642273863749,1,Low volatility
2011-02-17,1340.4300537109375,0.0030709708803797,0.247026919810361,9.270813123182069e-05,0.9663989414782452,0.03350835039052292,1,Low volatility
2011-02-18,1343.010009765625,0.0019228727220248,0.1459466451985153,6.424832966258439e-05,0.9730485962217432,0.02688715544859424,1,Low volatility
2011-02-22,1315.43994140625,-0.0207422049204542,-1.8495206025526043,0.007235347344252984,0.1668729743054187,0.8258916783503284,2,Medium volatility
2011-02-23,1307.4000244140625,-0.0061307150105092,-0.563103233238348,0.0056780089610264884,0.19455186310417122,0.7997701279348024,2,Medium volatility
2011-02-24,1306.0999755859375,-0.0009948719612431,-0.1109359494522501,0.0036938156551426095,0.32890406100210146,0.6674021233427561,2,Medium volatility
2011-02-25,1319.8800048828125,0.0104952481653253,0.9006713676266523,0.004896158413251783,0.27213305857256875,0.7229707830141794,2,Medium volatility
2011-02-28,1327.219970703125,0.0055456799512327,0.4649039982168592,0.0035921597549489637,0.383227122418998,0.613180717826053,2,Medium volatility
2011-03-01,1306.3299560546875,-0.0158648617910586,-1.4201120373460143,0.010890700611185305,0.04734363495679013,0.9417656644320246,2,Medium volatility
2011-03-02,1308.43994140625,0.0016138978895199,0.1187440400114333,0.0064989886193731455,0.12156361487448841,0.8719373965061384,2,Medium volatility
2011-03-03,1330.969970703125,0.017072434579239,1.4797366714542606,0.013732302214595402,0.017842792655849288,0.9684249051295553,2,Medium volatility
2011-03-04,1321.1500244140625,-0.0074053897893691,-0.6753275023483799,0.009889201692479123,0.03278601898620113,0.9573247793213197,2,Medium volatility
2011-03-07,1310.1300048828125,-0.0083762152562698,-0.7608004247465027,0.008393197312778279,0.03773572494962326,0.9538710777375985,2,Medium volatility
2011-03-08,1321.8199462890625,0.0088831615301767,0.7587408553328283,0.007433968967577232,0.056742190149366975,0.9358238408830558,2,Medium volatility
2011-03-09,1320.02001953125,-0.0013626313929711,-0.1433140384506923,0.005135084451029343,0.12940735862009348,0.8654575569288772,2,Medium volatility
2011-03-10,1295.1099853515625,-0.0190512804763303,-1.7006490919451531,0.016630786283038785,0.0034967268661534306,0.9798724868508077,2,Medium volatility
2011-03-11,1304.280029296875,0.0070555645245695,0.5978364885221834,0.01079351474418299,0.030945453326103597,0.9582610319297135,2,Medium volatility
2011-03-14,1296.3900146484375,-0.0060676969567738,-0.5575550297761931,0.007788500018932697,0.05496535311447855,0.9372461468665888,2,Medium volatility
2011-03-15,1281.8699951171875,-0.0112635443948461,-1.015005189468248,0.00898159422222158,0.027193667540565476,0.963824738237213,2,Medium volatility
2011-03-16,1256.8800048828125,-0.0196874819493722,-1.7566612187267885,0.02313129426434932,0.000749876786682174,0.9761188289489685,2,Medium volatility
2011-03-17,1273.719970703125,0.0133092662318743,1.1484217162005426,0.021156694038903752,0.007832390442565923,0.9710109155185302,2,Medium volatility
2011-03-18,1279.2099609375,0.0043009395825457,0.3553151992350574,0.011634579861461773,0.04763796060915805,0.9407274595293801,2,Medium volatility
2011-03-21,1298.3800048828125,0.0148746679301829,1.2862420170096749,0.01500856012437798,0.01649571601348567,0.9684957238621363,2,Medium volatility
2011-03-22,1293.77001953125,-0.0035568853410383,-0.3364994294599144,0.008919353930446561,0.05454081062962551,0.9365398354399279,2,Medium volatility
2011-03-23,1297.5400390625,0.0029097422585024,0.2328321114169752,0.005789475429489811,0.1297006745682144,0.8645098500022957,2,Medium volatility
2011-03-24,1309.6600341796875,0.0092973934354754,0.7952104502327773,0.005970618897421131,0.13656538695734757,0.8574639941452313,2,Medium volatility
2011-03-25,1313.800048828125,0.0031561510021891,0.2545263048074608,0.004172041755874133,0.2514803994917885,0.7443475587523374,2,Medium volatility
2011-03-28,1310.18994140625,-0.0027516184993912,-0.2656025354119917,0.003136478818579241,0.3715496340936068,0.625313887087814,2,Medium volatility
2011-03-29,1319.43994140625,0.0070352396073021,0.5960470524849409,0.0029347096199442272,0.44668878095547837,0.5503765094245773,2,Medium volatility
2011-03-30,1328.260009765625,0.0066624626262346,0.5632272109573928,0.002497409712832322,0.5329821257895581,0.46452046449760953,1,Low volatility
2011-03-31,1325.8299560546875,-0.0018311771049752,-0.1845655019191469,0.001563364299158241,0.6704712205624679,0.32796541513837385,1,Low volatility
2011-04-01,1332.4100341796875,0.0049507129444563,0.4125222153594425,0.0010834304055940527,0.7680069074610054,0.23090966213340047,1,Low volatility
2011-04-04,1332.8699951171875,0.000345150180852,0.0070415990031984,0.0005918972328344606,0.8597748920851729,0.13963321068199275,1,Low volatility
2011-04-05,1332.6300048828125,-0.0001800714575308,-0.0391996975736452,0.0003306387717126257,0.9140528563226915,0.08561650490559582,1,Low volatility
2011-04-06,1335.5400390625,0.0021812967581533,0.1686986828601728,0.0001910185402986204,0.9450209339099912,0.054788047549710193,1,Low volatility
2011-04-07,1333.510009765625,-0.001521162699225,-0.1572713711526975,0.00012320063676928572,0.9592029056546539,0.04067389370857682,1,Low volatility
2011-04-08,1328.1700439453125,-0.0040124830009746,-0.3766109271082191,0.0001119346031896366,0.9595208538991007,0.04036721149770972,1,Low volatility
2011-04-11,1324.4599609375,-0.0027972882914015,-0.2696233720314683,9.313895020280292e-05,0.9642221615360118,0.03568469951378537,1,Low volatility
2011-04-12,1314.1600341796875,-0.0078070954457247,-0.7106942676045298,0.0001918492183568461,0.9346907291729544,0.06511742160868876,1,Low volatility
2011-04-13,1314.4100341796875,0.0001902174903101,-0.0065989062030527,0.000128585004883747,0.9562916431122113,0.043579771882905065,1,Low volatility
2011-04-14,1314.52001953125,8.36730908613248e-05,-0.0159792340750771,8.540288354875958e-05,0.9676451314537835,0.032269465662667675,1,Low volatility
2011-04-15,1319.6800537109375,0.0039177288255682,0.3215767525111274,6.821790519731278e-05,0.9715598741852451,0.028371907909557566,1,Low volatility
2011-04-18,1305.1400146484375,-0.0110789977285783,-0.9987574256605096,0.00037223855890085685,0.8847190463587181,0.114908715082381,1,Low volatility
2011-04-19,1312.6199951171875,0.0057148102180946,0.4797944792224833,0.0003254451152534265,0.9124791584937498,0.08719539639099665,1,Low volatility
2011-04-20,1330.3599853515625,0.0134244351323475,1.1585613580089191,0.001431911997053753,0.7593519878197716,0.23921610018317452,1,Low volatility
2011-04-21,1337.3800048828125,0.005262908499656,0.4400083777772978,0.0008746616053920218,0.8298170279478511,0.16930831044675682,1,Low volatility
2011-04-25,1335.25,-0.0015939395500961,-0.1636787536730013,0.0004749373962163849,0.8904174353934919,0.10910762721029157,1,Low volatility
2011-04-26,1347.239990234375,0.0089395077901928,0.7637016641228527,0.0005980508693655153,0.8751159138940192,0.12428603523661534,1,Low volatility
2011-04-27,1355.6600341796875,0.006230397799829,0.5251875790797698,0.0004432562563291481,0.9011236876545969,0.09843305608907396,1,Low volatility
2011-04-28,1360.47998046875,0.0035491184714349,0.2891237470347036,0.00025319212284610765,0.9347500279941875,0.06499677988296641,1,Low volatility
2011-04-29,1363.6099853515625,0.0022980197420201,0.1789751484889271,0.0001446612538868038,0.956099043091998,0.043756295654115214,1,Low volatility
2011-05-02,1361.219970703125,-0.0017542491090454,-0.1777926463951339,9.766684706695467e-05,0.964928764904302,0.03497356824863098,1,Low volatility
2011-05-03,1356.6199951171875,-0.0033850263710526,-0.3213687093605502,8.624146984229403e-05,0.9657137827508581,0.034199975779299716,1,Low volatility
2011-05-04,1347.3199462890625,-0.006878914252832,-0.6289758107074473,0.0001473828557593173,0.9461011789195453,0.05375143822469549,1,Low volatility
2011-05-05,1335.0999755859375,-0.0091112171806946,-0.8255110906599027,0.00040474007106258936,0.8890786194230033,0.11051664050593414,1,Low volatility
2011-05-06,1340.199951171875,0.0038126429958769,0.3123248392964676,0.0002681864299605083,0.926684265149142,0.07304754842089743,1,Low volatility
2011-05-09,1346.2900390625,0.0045338701019312,0.3758227496510455,0.00018610042207761277,0.946202413381732,0.053611486196190425,1,Low volatility
2011-05-10,1357.1600341796875,0.0080416160096632,0.6846499322764232,0.00022327044209412256,0.9380709051411178,0.06170582441678806,1,Low volatility
2011-05-11,1342.0799560546875,-0.0111736896878857,-1.0070942470208368,0.0009076587254368779,0.8101200748417349,0.18897226643282822,1,Low volatility
2011-05-12,1348.6500244140625,0.0048834936721675,0.4066041303484046,0.000585503484746789,0.8695593737865281,0.12985512272872513,1,Low volatility
2011-05-13,1337.77001953125,-0.0081000470454251,-0.7364861634718014,0.0008903540083309309,0.8186545579740231,0.18045508801764604,1,Low volatility
2011-05-16,1329.469970703125,-0.006223718638096,-0.5712914113553149,0.0008807900885859067,0.8182005824231713,0.18091862748824267,1,Low volatility
2011-05-17,1328.97998046875,-0.0003686285233301,-0.0558005429389118,0.0004672303204049263,0.8888812987255433,0.11065147095405169,1,Low volatility
2011-05-18,1340.6800537109375,0.0087652719837034,0.7483616837919019,0.0005776652021848029,0.8769152998213599,0.12250703497645543,1,Low volatility
2011-05-19,1343.5999755859375,0.0021755725891674,0.1681947184832519,0.0003024937098556844,0.9243812140934806,0.07531629219666368,1,Low volatility
2011-05-20,1333.27001953125,-0.0077179746126141,-0.7028479365056595,0.0004575976766130518,0.8906808360620493,0.1088615662613376,1,Low volatility
2011-05-23,1317.3699951171875,-0.0119972648409882,-1.0796030321219103,0.0019902812793412142,0.6701967338576114,0.3278129848630475,1,Low volatility
2011-05-24,1316.280029296875,-0.0008277226453321,-0.096219874323556,0.001034087027589499,0.7888400440564505,0.21012586891596005,1,Low volatility
2011-05-25,1320.469970703125,0.0031781131566699,0.2564598856514262,0.0005791834623925228,0.8682322259587236,0.13118859057888396,1,Low volatility
2011-05-26,1325.68994140625,0.0039453227676986,0.3240061643413501,0.00035019302486445273,0.913562645312758,0.08608716166237754,1,Low volatility
2011-05-27,1331.0999755859375,0.0040726153187664,0.3352131904343213,0.00021997847169924432,0.9401656124488337,0.059614409079467134,1,Low volatility
2011-05-31,1345.199951171875,0.0105370148563679,0.9043485694142273,0.0004464447383076599,0.8982083014816272,0.1013452537800651,1,Low volatility
2011-06-01,1314.550048828125,-0.0230482257006405,-2.0525461121970507,0.021118963921701296,0.021113421161127067,0.9577676149171716,2,Medium volatility
2011-06-02,1312.93994140625,-0.0012255861140477,-0.1312483676480464,0.010934718360895447,0.07257053654639282,0.9164947450927118,2,Medium volatility
2011-06-03,1300.1600341796875,-0.0097814926651915,-0.8845231442421638,0.009897074205707831,0.049099746070871995,0.9410031797234202,2,Medium volatility
2011-06-06,1286.1700439453125,-0.0108185160137219,-0.9758242268939712,0.010014297641522313,0.02812797094139722,0.9618577314170804,2,Medium volatility
2011-06-07,1284.93994140625,-0.0009568650426681,-0.1075897636416083,0.006324773517371786,0.08519622002558196,0.9084790064570463,2,Medium volatility
2011-06-08,1279.56005859375,-0.0041956644216076,-0.3927384926535756,0.004984027293952887,0.14045210530580696,0.8545638674002402,2,Medium volatility
2011-06-09,1289.0,0.0073504093289917,0.6237950649574738,0.004717275356488699,0.19003367089003037,0.805249053753481,2,Medium volatility
2011-06-10,1270.97998046875,-0.0140784828818461,-1.2628365732317417,0.009309603691435894,0.03649639950321627,0.9541939968053478,2,Medium volatility
2011-06-13,1271.8299560546875,0.0006685325595015,0.0355126660462473,0.00592626995613985,0.10322844907093169,0.8908452809729285,2,Medium volatility
2011-06-14,1287.8699951171875,0.0125329134851073,1.08007046220035,0.0081061025013204,0.058667222139705294,0.9332266753589744,2,Medium volatility
2011-06-15,1265.4200439453125,-0.0175855695072577,-1.5716057116581037,0.017164881796617324,0.0032462201845012578,0.9795888980188814,2,Medium volatility
2011-06-16,1267.6400146484375,0.0017527979756826,0.1309730108104568,0.009464050204329114,0.044570750526585386,0.9459651992690855,2,Medium volatility
2011-06-17,1271.5,0.0030403902917992,0.244334559171147,0.006097686223882766,0.11295750436256347,0.8809448094135538,2,Medium volatility
2011-06-20,1278.3599853515625,0.0053806890901588,0.4503779566720391,0.004756131366472214,0.19217165668803646,0.8030722119454914,2,Medium volatility
2011-06-21,1295.52001953125,0.0133341790614638,1.15061507888294,0.007890254416732698,0.0874468358695357,0.9046629097137315,2,Medium volatility
2011-06-22,1287.1400146484375,-0.0064894598444071,-0.5946876635957142,0.00638665808334381,0.10725589845717813,0.8863574434594781,2,Medium volatility
2011-06-23,1283.5,-0.0028319928581943,-0.2726788138647066,0.004630861964422675,0.18884901462493692,0.8065201234106404,2,Medium volatility
2011-06-24,1268.449951171875,-0.011795077176858,-1.0618021285452577,0.007310333645831114,0.07160469245351969,0.9210849739006491,2,Medium volatility
2011-06-27,1280.0999755859375,0.0091425366557302,0.7815766283263126,0.0068828051493000295,0.08579892424565158,0.9073182706050483,2,Medium volatility
2011-06-28,1296.6700439453125,0.0128612927359972,1.108981461329854,0.009054237778280185,0.04607043886182088,0.944875323359899,2,Medium volatility
2011-06-29,1307.4100341796875,0.0082486335349125,0.7028760640312619,0.0074437321807877665,0.07151133382529566,0.9210449339939165,2,Medium volatility
2011-06-30,1320.6400146484375,0.010068371595163,0.8630885175686088,0.007456363860127717,0.07290998717978801,0.9196336489600843,2,Medium volatility
2011-07-01,1339.6700439453125,0.0143068691060825,1.2362521614849609,0.010851838945022181,0.027223776642012715,0.961924384412965,2,Medium volatility
2011-07-05,1337.8800048828125,-0.0013370725450787,-0.1410637993531677,0.006703107462593455,0.08222779850471741,0.9110690940326891,2,Medium volatility
2011-07-06,1339.219970703125,0.0010010578196055,0.0647886860120399,0.004607520793199955,0.17841261109183115,0.8169798681149689,2,Medium volatility
2011-07-07,1353.219970703125,0.0103995828920924,0.8922488542563193,0.005753731870488868,0.15146483978301958,0.8427814283464915,2,Medium volatility
2011-07-08,1343.800048828125,-0.0069854581069357,-0.6383560905664778,0.005362390484574382,0.15820131004456509,0.8364362994708605,2,Medium volatility
2011-07-11,1319.489990234375,-0.0182561669365739,-1.630646109742538,0.015643565110021213,0.006107471550895124,0.9782489633390837,2,Medium volatility
2011-07-12,1313.6400146484375,-0.0044433698298371,-0.4145468463247931,0.009535452489417213,0.035874761801209534,0.9545897857093733,2,Medium volatility
2011-07-13,1317.719970703125,0.003101027109122,0.2496731150271719,0.006199509260996549,0.09842249945083222,0.8953779912881712,2,Medium volatility
2011-07-14,1308.8699951171875,-0.006738782369335,-0.6166383906334981,0.0056319430941485435,0.11360154751395561,0.8807665093918958,2,Medium volatility
2011-07-15,1316.1400146484375,0.0055390555402832,0.4643207751944683,0.004595929452435007,0.19061721448399563,0.8047868560635693,2,Medium volatility
2011-07-18,1305.43994140625,-0.0081631175393681,-0.7420389838480644,0.005176886635709029,0.16107064791669357,0.8337524654475974,2,Medium volatility
2011-07-19,1326.72998046875,0.0161771496468432,1.400914450406466,0.011180492714580895,0.032064382724249677,0.9567551245611694,2,Medium volatility
2011-07-20,1325.8399658203125,-0.0006710584073994,-0.0824269211018701,0.006741719200920846,0.09279364349700425,0.9004646373020748,2,Medium volatility
2011-07-21,1343.800048828125,0.0134552627862651,1.1612754706489872,0.009478828436613887,0.042311323243823556,0.9482098483195626,2,Medium volatility
2011-07-22,1345.02001953125,0.0009074395131127,0.0565463906472014,0.005952437183790839,0.11328399789545868,0.8807635649207505,2,Medium volatility
2011-07-25,1337.4300537109375,-0.0056589952232437,-0.521572319448746,0.005101109278366451,0.1487732340095963,0.8461256567120372,2,Medium volatility
2011-07-26,1331.93994140625,-0.0041134200623291,-0.3854975765693114,0.004179130549125517,0.22053761219704998,0.7752832572538244,2,Medium volatility
2011-07-27,1304.8900146484375,-0.0205177248072914,-1.8297570385069075,0.01913398073112415,0.003147386740380408,0.9777186325284954,2,Medium volatility
2011-07-28,1300.6700439453125,-0.0032392071555049,-0.308530568088409,0.010716444760847802,0.036327255994973495,0.9529562992441787,2,Medium volatility
2011-07-29,1292.280029296875,-0.006471427287173,-0.5931000503555811,0.007897006581136661,0.05694561405606732,0.9351573793627961,2,Medium volatility
2011-08-01,1286.93994140625,-0.0041408608662312,-0.3879135058814605,0.00577508270255067,0.10491270413234172,0.8893122131651076,2,Medium volatility
2011-08-02,1254.050048828125,-0.0258889091906242,-2.302644124430016,0.046686445636517006,7.576248868528977e-05,0.9532377918747977,2,Medium volatility
2011-08-03,1260.3399658203125,0.0050031459527177,0.4171384956271348,0.023550341911650736,0.032640396697184035,0.9438092613911653,2,Medium volatility
2011-08-04,1200.0699462890625,-0.0490016550437415,-4.337524749283972,0.972651266985307,1.9901945863118387e-15,0.027348733014690957,0,High volatility
2011-08-05,1199.3800048828125,-0.0005750829892727,-0.0739771021124081,0.8738587147969048,0.002290288887813445,0.12385099631528185,0,High volatility
2011-08-08,1119.4599609375,-0.0689583693926243,-6.094543652289362,0.9999999318329534,6.815121993538837e-33,6.816704654632381e-08,0,High volatility
2011-08-09,1172.530029296875,0.0463174410633877,4.054510670463822,0.9999237047405111,8.393615619770118e-22,7.629525948878707e-05,0,High volatility
2011-08-10,1120.760009765625,-0.0451567970274746,-3.999017713714215,0.9999088638978282,3.7008987751733873e-19,9.113610217182104e-05,0,High volatility
2011-08-11,1172.6400146484375,0.0452505943637717,3.9605838954915096,0.9998950487000152,4.458016254355522e-18,0.00010495129998488583,0,High volatility
2011-08-12,1178.81005859375,0.0052478750672761,0.4386848119634686,0.9345541874460219,7.226262036132404e-06,0.0654385862919419,0,High volatility
2011-08-15,1204.489990234375,0.0215507279760336,1.874012302894203,0.9475825538951248,1.4025400108067677e-05,0.05240342070476721,0,High volatility
2011-08-16,1192.760009765625,-0.0097862751776203,-0.88494420377102,0.8700957343716262,0.0008957372118263915,0.1290085284165474,0,High volatility
2011-08-17,1193.8900146484375,0.0009469381398128,0.0600239086665298,0.692381541961925,0.013196425487319708,0.2944220325507553,0,High volatility
2011-08-18,1140.6500244140625,-0.0456185989323634,-4.039675442343724,0.9988701972287982,3.511941799736209e-15,0.0011298027711982225,0,High volatility
2011-08-19,1123.530029296875,-0.0151227561282079,-1.354775947704133,0.9651175605554252,2.5587483240016696e-06,0.03487988069625085,0,High volatility
2011-08-22,1123.8199462890625,0.0002580078732243,-0.0006305397605631,0.8587386656793699,0.002980107679457035,0.1382812266411731,0,High volatility
2011-08-23,1162.3499755859375,0.0337102483864741,2.944554619586721,0.9881382165283955,5.888656884175568e-09,0.01186177758294769,0,High volatility
2011-08-24,1177.5999755859375,0.0130346513685468,1.124244213958563,0.9421514561342894,0.00013199519641619306,0.05771654866929431,0,High volatility
2011-08-25,1159.27001953125,-0.0156879347379614,-1.4045351156488703,0.9122880289872545,0.00011143521177247098,0.08760053580097302,0,High volatility
2011-08-26,1176.800048828125,0.015008418274915,1.2980175968906855,0.8696304198876655,0.0004909980257273104,0.12987858208660702,0,High volatility
2011-08-29,1210.0799560546875,0.0278875050121643,2.4319116064554325,0.9653839915384308,4.64847518045087e-07,0.03461554361405113,0,High volatility
2011-08-30,1212.9200439453125,0.0023442750237698,0.1830475324985029,0.8609413888603122,0.0028911229477397026,0.13616748819194802,0,High volatility
2011-08-31,1218.8900146484375,0.0049099087120705,0.4089297498678227,0.692700054428177,0.01700984344830776,0.2902901021235153,0,High volatility
2011-09-01,1204.4200439453125,-0.0119424607923042,-1.0747780019182582,0.5993147080530563,0.00847603197015729,0.3922092599767864,0,High volatility
2011-09-02,1173.969970703125,-0.0256070172917528,-2.2778259411227597,0.8458112364770528,4.22974640407484e-06,0.154184533776543,0,High volatility
2011-09-06,1165.239990234375,-0.0074640764576097,-0.6804943641699459,0.7029750182924961,0.004468357353902779,0.2925566243536011,0,High volatility
2011-09-07,1198.6199951171875,0.028243824959147,2.463282546151301,0.9233837883327265,1.3757319104109539e-06,0.07661483593536306,0,High volatility
2011-09-08,1185.9000244140625,-0.0106688903873024,-0.9626509635302152,0.8439252948838479,0.0009693870455667592,0.15510531807058536,0,High volatility
2011-09-09,1154.22998046875,-0.0270685625109621,-2.406502562577315,0.9573138781673812,2.721582963225932e-07,0.0426858496743224,0,High volatility
2011-09-12,1162.27001953125,0.0069415681820235,0.5878000804629573,0.8626380107793875,0.002202485531094378,0.135159503689518,0,High volatility
2011-09-13,1172.8699951171875,0.0090787261803537,0.7759586588807285,0.7369643803723174,0.007634709108038944,0.2554009105196437,0,High volatility
2011-09-14,1188.6800537109375,0.0133897605182307,1.1555085532539595,0.6580616891161454,0.005726467886269272,0.33621184299758533,0,High volatility
2011-09-15,1209.1099853515625,0.0170410467181048,1.476973237335117,0.6599326717032289,0.0014028207547367904,0.3386645075420343,0,High volatility
2011-09-16,1216.010009765625,0.005690475561936,0.4776520197914702,0.45224723240639364,0.019306464013756762,0.5284463035798496,2,Medium volatility
2011-09-19,1204.0899658203125,-0.0098509486880802,-0.8906381561128355,0.3250616698190321,0.018796342831164308,0.6561419873498036,2,Medium volatility
2011-09-20,1202.0899658203125,-0.0016623864527245,-0.1697049210905352,0.1626123427258302,0.06760066271283953,0.7697869945613303,2,Medium volatility
2011-09-21,1166.760009765625,-0.0298309950871473,-2.649711247623558,0.63584528320332,1.7586174329127264e-06,0.36415295817924703,0,High volatility
2011-09-22,1129.56005859375,-0.0324024567592298,-2.876106569379303,0.9579088339802899,5.82272955204166e-09,0.04209116019698046,0,High volatility
2011-09-23,1136.4300537109375,0.0060635888294697,0.5105014684811799,0.8592009532812972,0.002488293488833418,0.13831075322986944,0,High volatility
2011-09-26,1162.949951171875,0.0230680212969689,2.007597070390581,0.9223727022932429,2.2900019754345476e-05,0.07760439768700284,0,High volatility
2011-09-27,1175.3800048828125,0.0106316653572946,0.9126817407168696,0.8362760558613151,0.001771317166428916,0.16195262697225596,0,High volatility
2011-09-28,1151.06005859375,-0.0209081958526953,-1.8641346918549064,0.8900786889408272,2.6162453108158888e-05,0.10989514860606478,0,High volatility
2011-09-29,1160.4000244140625,0.0080814864353593,0.6881601840340149,0.7650612366378972,0.004404068352605574,0.2305346950094971,0,High volatility
2011-09-30,1131.4200439453125,-0.0252912744788664,-2.2500274728463143,0.9144768929581524,2.5238438605424257e-06,0.0855205831979872,0,High volatility
2011-10-03,1099.22998046875,-0.028863602903784,-2.5645405966298926,0.9816924118437168,2.4494974081704368e-08,0.01830756366130917,0,High volatility
2011-10-04,1123.949951171875,0.0222393061311541,1.934635750902368,0.975680350805858,2.5245111809878404e-06,0.024317124682961072,0,High volatility
2011-10-05,1144.030029296875,0.0177079189455113,1.5356856630861089,0.9522757817152183,3.9799959661607955e-05,0.047684418325120013,0,High volatility
2011-10-06,1164.969970703125,0.0181381684664803,1.5735654727649933,0.9356419359219532,6.586547090503664e-05,0.06429219860714178,0,High volatility
2011-10-07,1155.4599609375,-0.0081968111876227,-0.745005422905096,0.8400772485573925,0.0017543468259610905,0.15816840461664644,0,High volatility
2011-10-10,1194.8900146484375,0.0335556439192883,2.930943011654389,0.9860357444688892,5.979482275395053e-09,0.013964249551628555,0,High volatility
2011-10-11,1195.5400390625,0.000543855637253,0.024535923816562,0.9005532677541466,0.0012258744249858736,0.0982208578208674,0,High volatility
2011-10-12,1207.25,0.0097470469376377,0.8347986153630742,0.7970970121423461,0.004379639983755476,0.19852334787389847,0,High volatility
2011-10-13,1203.6600341796875,-0.0029781023951365,-0.2855425154655255,0.5949556903104839,0.02362095419870502,0.381423355490811,0,High volatility
2011-10-14,1224.5799560546875,0.0172309488024779,1.4936925001421402,0.6140629814401312,0.003280142232165051,0.38265687632770395,0,High volatility
2011-10-17,1200.8599853515625,-0.0195599375994488,-1.7454320238869323,0.7001176953727076,0.00013912943372242035,0.29974317519356997,0,High volatility
2011-10-18,1225.3800048828125,0.0202130493803105,1.7562410837574831,0.7703955805090931,0.00015269876507836635,0.22945172072582842,0,High volatility
2011-10-19,1209.8800048828125,-0.0127298187870259,-1.1440981743661789,0.6894626811053335,0.0013823092445608644,0.3091550096501055,0,High volatility
2011-10-20,1215.3900146484375,0.0045438398210837,0.3767004985982101,0.47364265860845045,0.020564310836779134,0.5057930305547704,2,Medium volatility
2011-10-21,1238.25,0.0186340674924343,1.6172251627996863,0.535490883845265,0.001774354818728357,0.4627347613360066,0,High volatility
2011-10-24,1254.18994140625,0.0127908066803721,1.102775763840451,0.4386258115547471,0.005674947042801883,0.555699241402451,2,Medium volatility
2011-10-25,1229.050048828125,-0.0202483461993816,-1.8060405440034275,0.5641044751562053,0.00015855631129225466,0.43573696853250243,0,High volatility
2011-10-26,1242.0,0.010481430544087,0.8994548436394949,0.42196834596864347,0.00854769916415254,0.569483954867204,2,Medium volatility
2011-10-27,1284.5899658203125,0.033716591168134,2.9451130475463163,0.9214921147464734,3.839254794937967e-08,0.07850784686097854,0,High volatility
2011-10-28,1285.0899658203125,0.000389153528542,0.0109157193786888,0.7781721010019305,0.006356541233528222,0.21547135776454132,0,High volatility
2011-10-31,1253.300048828125,-0.0250486166129784,-2.2286635123328424,0.9172183133294156,3.522116286784437e-06,0.08277816455429747,0,High volatility
2011-11-01,1218.280029296875,-0.0283400596215939,-2.5184470650360518,0.980350471143678,3.688952507421851e-08,0.01964949196679678,0,High volatility
2011-11-02,1237.9000244140625,0.0159763633043965,1.383236921281342,0.9476414192004085,7.012654632747782e-05,0.052288454253264165,0,High volatility
2011-11-03,1261.1500244140625,0.0186076072009306,1.614895559261836,0.9353459036880577,5.864889521987725e-05,0.06459544741672257,0,High volatility
2011-11-04,1253.22998046875,-0.0062998195371894,-0.5779914480399756,0.8260252122714765,0.0026974419224585367,0.171277345806065,0,High volatility
2011-11-07,1261.1199951171875,0.0062760082111665,0.529203187736228,0.6551974404965752,0.015256132582566626,0.3295464269208581,0,High volatility
2011-11-08,1275.9200439453125,0.0116673103217248,1.003861468376201,0.5383582322141502,0.01599766457881019,0.4456441032070395,0,High volatility
2011-11-09,1229.0999755859375,-0.0373853470989882,-3.314807668443166,0.980454761099299,1.368669765621069e-10,0.01954523876383408,0,High volatility
2011-11-10,1239.699951171875,0.0085872010994823,0.7326840574962251,0.9100067643458947,0.000751120740538921,0.08924211491356634,0,High volatility
2011-11-11,1263.8499755859375,0.0192932230045137,1.6752581974213672,0.9133301219093967,9.415793486987655e-05,0.08657572015573352,0,High volatility
2011-11-14,1251.780029296875,-0.0095960366875553,-0.8681953233050269,0.8197254101062759,0.0015928515735048464,0.17868173832021927,0,High volatility
2011-11-15,1257.81005859375,0.0048055982773007,0.3997461035787977,0.6343214702603647,0.015334626030389062,0.3503439037092463,0,High volatility
2011-11-16,1236.9100341796875,-0.016755798341955,-1.4985514203996195,0.6505667673361358,0.0011817325901809972,0.3482515000736833,0,High volatility
2011-11-17,1216.1300048828125,-0.0169426719877066,-1.5150040549525352,0.6625722142411202,0.00039607294457927973,0.33703171281430055,0,High volatility
2011-11-18,1215.6500244140625,-0.000394756490472,-0.0581008881441831,0.4305114156517872,0.021668888982979483,0.5478196953652333,2,Medium volatility
2011-11-21,1192.97998046875,-0.0188245711049486,-1.6806892606802233,0.5170563152688815,0.0006592455489679476,0.4822844391821506,0,High volatility
2011-11-22,1188.0400390625,-0.0041494388570058,-0.3886687249860333,0.3131640975204915,0.020556732354900426,0.666279170124608,2,Medium volatility
2011-11-23,1161.7900390625,-0.0223429704585962,-1.9904543885769828,0.5121608774692152,0.00010480354959942934,0.4877343189811853,0,High volatility
2011-11-25,1158.6700439453125,-0.0026891193002507,-0.260100012682407,0.30079555136252234,0.022945811825663857,0.6762586368118138,2,Medium volatility
2011-11-28,1192.550048828125,0.02882107903861,2.514104856463632,0.7269121652911955,5.552735106830702e-06,0.27308228197369766,0,High volatility
2011-11-29,1195.18994140625,0.0022112069693971,0.1713320224785847,0.5036710926404319,0.017782100246694268,0.4785468071128739,0,High volatility
2011-11-30,1246.9599609375,0.042403438336227,3.709916031395844,0.9928821359320148,4.336336676026911e-12,0.007117864063648725,0,High volatility
2011-12-01,1244.5799560546875,-0.0019104695778526,-0.1915465295209893,0.9159734851735079,0.0005629529714359017,0.08346356185505617,0,High volatility
2011-12-02,1244.280029296875,-0.0002410153733274,-0.0445652908374376,0.7680132151973513,0.008758434715087696,0.22322835008756092,0,High volatility
2011-12-05,1257.0799560546875,0.0102344632992661,0.877711478975974,0.6347757083775947,0.014768273801617899,0.3504560178207874,0,High volatility
2011-12-06,1258.469970703125,0.0011051379065261,0.0739520521327849,0.3944253095992136,0.06346248518047996,0.5421122052203065,2,Medium volatility
2011-12-07,1261.010009765625,0.0020163207826575,0.1541739518638552,0.19481916605945626,0.16747336213042766,0.637707471810116,2,Medium volatility
2011-12-08,1234.3499755859375,-0.0213684989509292,-1.904660463310576,0.37357212489394576,0.0012179257433466513,0.6252099493627077,2,Medium volatility
2011-12-09,1255.18994140625,0.0167424129070852,1.450681071106494,0.37622535244566335,0.0017913618585798715,0.6219832856957568,2,Medium volatility
2011-12-12,1236.469970703125,-0.015026386904779,-1.3462914575083806,0.3516764315208075,0.0016071798375743322,0.6467163886416182,2,Medium volatility
2011-12-13,1225.72998046875,-0.0087239530203051,-0.7914157762526514,0.22673517956737763,0.011602116418483579,0.7616627040141387,2,Medium volatility
2011-12-14,1211.8199462890625,-0.0114132514971379,-1.0281856260893485,0.16403227746448829,0.010037406637688949,0.8259303158978227,2,Medium volatility
2011-12-15,1215.75,0.0032378528580823,0.2617194580843684,0.07692532014315337,0.05326082945235992,0.8698138504044868,2,Medium volatility
2011-12-16,1219.6600341796875,0.0032109891019,0.259354332914319,0.034248250422635095,0.128379147457549,0.8373726021198159,2,Medium volatility
2011-12-19,1205.3499755859375,-0.0118021984585574,-1.062429096809709,0.029289352915552663,0.04885311819825915,0.9218575288861882,2,Medium volatility
2011-12-20,1241.300048828125,0.0293892959309438,2.5641315193392957,0.2007632839507096,1.5571161784776785e-05,0.7992211448875056,2,Medium volatility
2011-12-21,1243.719970703125,0.0019476081648539,0.1481243904858988,0.09475584636072745,0.03500519355054805,0.8702389600887246,2,Medium volatility
2011-12-22,1254.0,0.0082315771698304,0.7013743962044892,0.05269840062246017,0.06038307817214703,0.8869185212053927,2,Medium volatility
2011-12-23,1265.3299560546875,0.0089944807831052,0.7685415684284067,0.031436385727497004,0.07787030764395932,0.8906933066285437,2,Medium volatility
2011-12-27,1265.4300537109375,7.910481903916633e-05,-0.0163814315413173,0.014183883536854054,0.17116201905645342,0.8146540974066925,2,Medium volatility
2011-12-28,1249.6400146484375,-0.0125565062565025,-1.1288394806286317,0.01570166941459084,0.05234702208858097,0.9319513084968282,2,Medium volatility
2011-12-29,1263.02001953125,0.010650172463281,0.9143111339370942,0.0127976629650148,0.051442388610594185,0.935759948424391,2,Medium volatility
2011-12-30,1257.5999755859375,-0.0043005707400647,-0.4019746014313788,0.007964416600204732,0.09616361124330798,0.8958719721564873,2,Medium volatility
2012-01-03,1277.06005859375,0.0153554836701772,1.328573752047001,0.012645008098077993,0.02528610384301499,0.962068888058907,2,Medium volatility
2012-01-04,1277.300048828125,0.0001879063444372,-0.0068023829335053,0.0073484897707825295,0.08336321348400533,0.9092882967452122,2,Medium volatility
2012-01-05,1281.06005859375,0.0029393926694947,0.235442577833671,0.004981069392153524,0.17486683744831527,0.8201520931595312,2,Medium volatility
2012-01-06,1277.81005859375,-0.0025401850025392,-0.2469876149294379,0.003719530078799958,0.2823717785799627,0.7139086913412374,2,Medium volatility
2012-01-09,1280.699951171875,0.0022590443626082,0.1755436979414401,0.002631074872532443,0.44418585755254675,0.5531830675749209,2,Medium volatility
2012-01-10,1292.0799560546875,0.0088465236130605,0.7555151984529166,0.003105283394397185,0.4497533200599894,0.5471413965456134,2,Medium volatility
2012-01-11,1292.47998046875,0.0003095493446325,0.0039072482725651,0.001845670550099368,0.6177277632386327,0.3804265662112679,1,Low volatility
2012-01-12,1295.5,0.0023338827385686,0.1821325802060203,0.0010986517061400032,0.7548418293271093,0.24405951896675052,1,Low volatility
2012-01-13,1289.0899658203125,-0.0049602044478689,-0.4600497371180503,0.0009453481898235928,0.7923335209219913,0.20672113088818522,1,Low volatility
2012-01-17,1293.6700439453125,0.0035466577681741,0.2889071030487082,0.0005636539591737284,0.8683372827844449,0.13109906325638138,1,Low volatility
2012-01-18,1308.0400390625,0.0110466891302216,0.9492210528241342,0.0011519820090487643,0.793652299156162,0.2051957188347893,1,Low volatility
2012-01-19,1314.5,0.0049265017172448,0.4103906227970654,0.0006914701183233921,0.8579318084884098,0.1413767213932667,1,Low volatility
2012-01-20,1315.3800048828125,0.0006692357932855,0.0355745797976855,0.00035100646032003264,0.9143207275302417,0.08532826600943816,1,Low volatility
2012-01-23,1316.0,0.0004712319220407,0.0181420235881091,0.00019155948545778768,0.945576603685615,0.054231836828927335,1,Low volatility
2012-01-24,1314.6500244140625,-0.0010263438252238,-0.1137067793073159,0.00011883700580518945,0.9605326826056835,0.03934848038851134,1,Low volatility
2012-01-25,1326.06005859375,0.0086416947171956,0.7374817568941111,0.0001761652506125689,0.9454252377638612,0.05439859698552635,1,Low volatility
2012-01-26,1318.4300537109375,-0.0057705082879886,-0.5313900960257716,0.00020396821373874088,0.9376554015079328,0.062140630278328404,1,Low volatility
2012-01-27,1316.3299560546875,-0.0015941475452905,-0.1636970658802067,0.00013786676569985083,0.9548475303229627,0.04501460291133761,1,Low volatility
2012-01-30,1313.010009765625,-0.0025253090863452,-0.2456779170756003,0.00010460102178684922,0.9622281993772913,0.03766719960092198,1,Low volatility
2012-01-31,1312.4100341796875,-0.0004570511280785,-0.0635854009711465,7.341241409087451e-05,0.970296885145621,0.029629702440288244,1,Low volatility
2012-02-01,1324.0899658203125,0.0088602374742663,0.7567225872520217,0.00013067075383661354,0.9527771426925649,0.04709218655359856,1,Low volatility
2012-02-02,1325.5400390625,0.0010945478306672,0.0730196860557312,8.975427967302017e-05,0.9661911024099025,0.03371914331042448,1,Low volatility
2012-02-03,1344.9000244140625,0.0144997259481076,1.2532315655636184,0.0007632729791960399,0.8306947191134818,0.1685420079073222,1,Low volatility
2012-02-06,1344.3299560546875,-0.0004239640135317,-0.0606723620465859,0.00041977648030414586,0.8962332670742074,0.10334695644548858,1,Low volatility
2012-02-07,1347.050048828125,0.0020213375254707,0.1546156333851825,0.00023611813562597587,0.9354117737729957,0.06435210809137844,1,Low volatility
2012-02-08,1349.9599609375,0.0021578809333249,0.1666371187101971,0.00013919047871715552,0.95659440649915,0.04326640302213287,1,Low volatility
2012-02-09,1351.949951171875,0.0014730251258781,0.1063413917442795,8.679470138423857e-05,0.9681376209937413,0.031775584304874316,1,Low volatility
2012-02-10,1342.6400146484375,-0.0069101226436156,-0.6317234439891872,0.00014127826130727898,0.9482400554618154,0.05161866627687719,1,Low volatility
2012-02-13,1351.77001953125,0.0067770233264967,0.5733133059118618,0.00015808381481926552,0.949085990513821,0.05075592567135981,1,Low volatility
2012-02-14,1350.5,-0.0009399650039254,-0.1061018590189664,0.00010567505726214765,0.9625988034573325,0.03729552148540538,1,Low volatility
2012-02-15,1343.22998046875,-0.0053977475362163,-0.498571683349584,0.00012469420214700954,0.954626379262686,0.04524892653516707,1,Low volatility
2012-02-16,1358.0400390625,0.0109653658332762,0.9420612284417308,0.0003445137089149773,0.9089048851074581,0.09075060118362685,1,Low volatility
2012-02-17,1361.22998046875,0.0023461758829403,0.1832148869756044,0.00020286261922127847,0.9419687155211586,0.05782842185962015,1,Low volatility
2012-02-21,1362.2099609375,0.000719663757696,0.0400143330135896,0.00012010759352859318,0.9604777461818935,0.03940214622457789,1,Low volatility
2012-02-22,1357.6600341796875,-0.0033456974121452,-0.3179061291468041,9.967951791808207e-05,0.9630199769867167,0.03688034349536537,1,Low volatility
2012-02-23,1363.4599609375,0.0042629031806056,0.3519664176649685,8.108366150850976e-05,0.9682823169310384,0.03163659940745305,1,Low volatility
2012-02-24,1365.739990234375,0.0016708411755086,0.1237574118587378,5.88285257962196e-05,0.97411604201909,0.02582512945511377,1,Low volatility
2012-02-27,1367.5899658203125,0.0013536425518791,0.0958307718326694,4.604826746643806e-05,0.9771687580236362,0.022785193708897263,1,Low volatility
2012-02-28,1372.1800537109375,0.0033507134923151,0.2716558766894334,4.259930013515536e-05,0.9775500988721912,0.022407301827673632,1,Low volatility
2012-02-29,1365.6800537109375,-0.0047482427569534,-0.441388313642178,5.9879175450309995e-05,0.96934429608208,0.030595824742469732,1,Low volatility
2012-03-01,1374.0899658203125,0.006139156544533,0.5171545628484187,7.684377629132812e-05,0.9668150093756185,0.03310814684809015,1,Low volatility
2012-03-02,1369.6300048828125,-0.0032510350278585,-0.3095719116154196,7.597655632891541e-05,0.9673310383175872,0.032592985126083794,1,Low volatility
2012-03-05,1364.3299560546875,-0.0038772005028215,-0.3647004541543335,8.102587162476916e-05,0.9655401827076985,0.03437879142067691,1,Low volatility
2012-03-06,1343.3599853515625,-0.0154895061275439,-1.387065164768897,0.0019315061936407282,0.6211845015142593,0.3768839922921,1,Low volatility
2012-03-07,1352.6300048828125,0.006876921722994,0.5821085097694301,0.001633332837078745,0.6867678483278966,0.3115988188350247,1,Low volatility
2012-03-08,1365.9100341796875,0.0097700491747225,0.8368237666311067,0.002153134743496345,0.644810857689363,0.3530360075671407,1,Low volatility
2012-03-09,1370.8699951171875,0.0036246730207318,0.2957756822682275,0.0011935533075316336,0.7654667682640034,0.23333967842846504,1,Low volatility
2012-03-12,1371.0899658203125,0.0001604477867873,-0.0092198753120961,0.0006246431127532767,0.8577577140883813,0.14161764279886546,1,Low volatility
2012-03-13,1395.949951171875,0.0179691330904345,1.5586833460883782,0.007438330693259449,0.3089033749214205,0.68365829438532,2,Medium volatility
2012-03-14,1394.280029296875,-0.001196978088596,-0.1287296744093916,0.0037921363004122695,0.46342919967419116,0.5327786640253965,2,Medium volatility
2012-03-15,1402.5999755859375,0.0059494657015601,0.5004538980494022,0.0025864002601405154,0.5696390490263347,0.4277745507135248,1,Low volatility
2012-03-16,1404.1700439453125,0.0011187724767003,0.0751524600311804,0.0013784028211392728,0.721198267795633,0.27742332938322756,1,Low volatility
2012-03-19,1409.75,0.0039659715140709,0.325824110776081,0.0008375655325566618,0.8173180668896263,0.18184436757781708,1,Low volatility
2012-03-20,1405.52001953125,-0.0030050287343899,-0.2879131505425169,0.0005484707437869146,0.8708375490840642,0.1286139801721489,1,Low volatility
2012-03-21,1402.8900146484375,-0.0018729499037748,-0.1882432414427598,0.00033186850921678205,0.9142768911380404,0.08539124035274284,1,Low volatility
2012-03-22,1392.780029296875,-0.0072326342268977,-0.6601178449090245,0.000459230362665432,0.8888979790176297,0.11064279061970486,1,Low volatility
2012-03-23,1397.1099853515625,0.0031040360075564,0.2499380229340569,0.00026865214224556383,0.9290687292880551,0.0706626185696993,1,Low volatility
2012-03-26,1416.510009765625,0.0137902999640884,1.190772643598104,0.0013383228814330067,0.7742676275378652,0.22439404958070183,1,Low volatility
2012-03-27,1412.52001953125,-0.002820749754246,-0.2716889542204649,0.0007634273944964608,0.8429338870159057,0.15630268558959792,1,Low volatility
2012-03-28,1405.5400390625,-0.004953758683289,-0.4594822423885464,0.0006140823930261041,0.8643279634777782,0.13505795412919563,1,Low volatility
2012-03-29,1403.280029296875,-0.0016092239433875,-0.1650244144598663,0.00035245573509035713,0.9116486133675412,0.08799893089736854,1,Low volatility
2012-03-30,1408.469970703125,0.0036916136216209,0.3016692326335096,0.0002168307905332767,0.9403661976459927,0.05941697156347391,1,Low volatility
2012-04-02,1419.0400390625,0.007476626120983,0.6349073796165163,0.00022697419884310234,0.9381587121352946,0.06161431366586246,1,Low volatility
2012-04-03,1413.3800048828125,-0.0039966118201419,-0.3752136046708395,0.0001826933517799651,0.9452217282169166,0.05459557843130348,1,Low volatility
2012-04-04,1398.9599609375,-0.0102549268525375,-0.9262049963724212,0.0006020366657803291,0.8572556799862833,0.14214228334793644,1,Low volatility
2012-04-05,1398.0799560546875,-0.0006292401524214,-0.0787451795484987,0.00034231688015047904,0.911360388046228,0.08829729507362143,1,Low volatility
2012-04-09,1382.199951171875,-0.0114234379995421,-1.0290824609573932,0.0013773135529332266,0.744699641952119,0.25392304449494774,1,Low volatility
2012-04-10,1358.5899658203125,-0.017229025277186,-1.5402150257444904,0.010856532377744275,0.11269110842290109,0.8764523591993547,2,Medium volatility
2012-04-11,1368.7099609375,0.0074212898001233,0.630035487376464,0.00763365957435445,0.15744841914196972,0.8349179212836759,2,Medium volatility
2012-04-12,1387.5699462890625,0.0136853152359766,1.1815296315173285,0.01056444427758047,0.06530917937690445,0.924126376345515,2,Medium volatility
2012-04-13,1370.260009765625,-0.0125534671250564,-1.1285719109622945,0.012150824668715011,0.021568022185790337,0.9662811531454946,2,Medium volatility
2012-04-16,1369.5699462890625,-0.0005037272401731,-0.0676948355120884,0.007207769351384647,0.07550343445770583,0.9172887961909095,2,Medium volatility
2012-04-17,1390.780029296875,0.0153679791579541,1.3296738734318376,0.011857277079199856,0.020392567842009598,0.9677501550787905,2,Medium volatility
2012-04-18,1385.1400146484375,-0.0040635337617462,-0.3811055122448515,0.007665084675162945,0.05703192067390912,0.9353029946509279,2,Medium volatility
2012-04-19,1376.9200439453125,-0.005952075477202,-0.5473755422288116,0.006184721787276154,0.08375245530607811,0.9100628229066456,2,Medium volatility
2012-04-20,1378.530029296875,0.0011685826213376,0.079537819472579,0.004405500882454764,0.1808039497125354,0.8147905494050098,2,Medium volatility
2012-04-23,1366.93994140625,-0.0084431131028877,-0.7666902109619669,0.0052175923616875975,0.14571349576604548,0.849068911872267,2,Medium volatility
2012-04-24,1371.969970703125,0.0036730196416288,0.3000321908962232,0.003909934559489287,0.25908770215432264,0.7370023632861881,2,Medium volatility
2012-04-25,1390.68994140625,0.0135523428987411,1.1698225485769616,0.007384848993609795,0.11423918339996626,0.8783759676064239,2,Medium volatility
2012-04-26,1399.97998046875,0.0066579521335077,0.5628301004488949,0.005688536440375487,0.1730199917136294,0.8212914718459952,2,Medium volatility
2012-04-27,1403.3599853515625,0.0024114139290238,0.1889585418759042,0.0038001542500203027,0.30729740898294994,0.6889024367670298,2,Medium volatility
2012-04-30,1397.9100341796875,-0.00389106227537,-0.3659208652887065,0.003010747983315193,0.4068530884222003,0.5901361635944845,2,Medium volatility
2012-05-01,1405.8199462890625,0.0056424357196842,0.473422520413055,0.0024116920378587023,0.5226097633346563,0.474978544627485,1,Low volatility
2012-05-02,1402.31005859375,-0.0024998055766589,-0.2434325500362951,0.0016335763329856105,0.6504628166219403,0.3479036070450743,1,Low volatility
2012-05-03,1391.5699462890625,-0.007688351103507,-0.7002398385710693,0.00212790293594047,0.60075517048171,0.3971169265823494,1,Low volatility
2012-05-04,1369.0999755859375,-0.0162789957215894,-1.4565730064012372,0.010239216697398119,0.09009521915612947,0.8996655641464725,2,Medium volatility
2012-05-07,1369.5799560546875,0.0003505195828967,0.0075143291693693,0.005891616532129824,0.1899642281879726,0.8041441552798976,2,Medium volatility
2012-05-08,1363.719970703125,-0.0042878531349686,-0.4008549245064016,0.004377365158526114,0.2655997098607204,0.7300229249807535,2,Medium volatility
2012-05-09,1354.5799560546875,-0.0067248275317819,-0.6154097859172845,0.004262333762410045,0.27354701422366856,0.7221906520139214,2,Medium volatility
2012-05-10,1357.989990234375,0.0025142474063848,0.198012154631311,0.0028634496891609593,0.43229642474175545,0.5648401255690836,2,Medium volatility
2012-05-11,1353.3900146484375,-0.0033930913342814,-0.3220787607546485,0.0021660880354278577,0.5476797573049966,0.45015415465957553,1,Low volatility
2012-05-14,1338.3499755859375,-0.011175073102339,-1.0072160448931042,0.004722859098033846,0.3045879934029232,0.6906891474990431,2,Medium volatility
2012-05-15,1330.6600341796875,-0.0057624082765022,-0.5306769589307887,0.003936473062636768,0.34586436966009215,0.6501991572772712,2,Medium volatility
2012-05-16,1324.800048828125,-0.0044135439289476,-0.4119209295157494,0.003055111138415563,0.43251246566575957,0.5644324231958248,2,Medium volatility
2012-05-17,1304.8599853515625,-0.0151657974056043,-1.358565365975744,0.009479772322306415,0.07270594661056069,0.9178142810671329,2,Medium volatility
2012-05-18,1295.219970703125,-0.0074152018267552,-0.6761913687575987,0.007623359883223861,0.07960733285904226,0.912769307257734,2,Medium volatility
2012-05-21,1315.989990234375,0.0159086843958391,1.377278369207524,0.01297903465426793,0.017953312784260548,0.9690676525614714,2,Medium volatility
2012-05-22,1316.6300048828125,0.0004862187951424,0.0194614902536278,0.0075465764911689754,0.07091586998934872,0.9215375535194823,2,Medium volatility
2012-05-23,1318.8599853515625,0.0016922705145487,0.1256440828364419,0.005027902712516158,0.15997155110258796,0.8350005461848959,2,Medium volatility
2012-05-24,1320.6800537109375,0.0013790801585873,0.0980703366754676,0.0035702023666857033,0.29312744234421323,0.7033023552891011,2,Medium volatility
2012-05-25,1317.8199462890625,-0.0021679807027599,-0.2142181931168375,0.002682703711148238,0.4301675974522489,0.5671496988366028,2,Medium volatility
2012-05-29,1332.4200439453125,0.0110180552788277,0.9467000858310006,0.0042887881852260185,0.3353523562596845,0.6603588555550896,2,Medium volatility
2012-05-30,1313.3199462890625,-0.0144386293047968,-1.294544401580228,0.009799640748479166,0.06411353202297583,0.926086827228545,2,Medium volatility
2012-05-31,1310.3299560546875,-0.0022792610600435,-0.2240154817818138,0.006144750216133706,0.1338443853513708,0.8600108644324955,2,Medium volatility
2012-06-01,1278.0400390625,-0.0249512954143611,-2.2200952088213324,0.04215200228105354,0.00016853580974528188,0.9576794619092012,2,Medium volatility
2012-06-04,1278.1800537109375,0.0001095481949873,-0.0137011513069527,0.019890181791908115,0.038275901802306805,0.9418339164057852,2,Medium volatility
2012-06-05,1285.5,0.0057105145943596,0.479416286100577,0.011367041658540434,0.08619955706196682,0.9024334012794927,2,Medium volatility
2012-06-06,1315.1300048828125,0.0227877760480481,1.9829238606014727,0.039118311397996645,0.0011665135635386971,0.9597151750384647,2,Medium volatility
2012-06-07,1314.989990234375,-0.0001064701601674,-0.0327197295542375,0.01859687118709113,0.03995292951715931,0.9414501992957496,2,Medium volatility
2012-06-08,1325.6600341796875,0.0080814207999893,0.6881544053981242,0.012201210944201894,0.06672291543401258,0.9210758736217856,2,Medium volatility
2012-06-11,1308.9300537109375,-0.0127004238154011,-1.141510197212466,0.013570929089148696,0.020995877425123106,0.9654331934857282,2,Medium volatility
2012-06-12,1324.1800537109375,0.01158338990124,0.9964729893629608,0.012366632790125688,0.023777955981231134,0.9638554112286432,2,Medium volatility
2012-06-13,1314.8800048828125,-0.0070480300711039,-0.6438650196376532,0.00900329699119123,0.040351317274245666,0.9506453857345631,2,Medium volatility
2012-06-14,1329.0999755859375,0.0107565926498693,0.9236805259235796,0.008854666718448718,0.04192255093703539,0.949222782344516,2,Medium volatility
2012-06-15,1342.8399658203125,0.0102847456521466,0.8821384123355515,0.00845670282985098,0.047292996856468116,0.944250300313681,2,Medium volatility
2012-06-18,1344.780029296875,0.0014437039589356,0.1037599124648994,0.005531796848870886,0.1215759012504206,0.8728923019007085,2,Medium volatility
2012-06-19,1357.97998046875,0.0097678344176124,0.8366287761111253,0.006087313391226749,0.11949575258275605,0.8744169340260171,2,Medium volatility
2012-06-20,1355.68994140625,-0.0016877805127712,-0.1719406520202913,0.004288910230650407,0.21986393231222626,0.7758471574571233,2,Medium volatility
2012-06-21,1325.510009765625,-0.0225132081833763,-2.005442371829848,0.025590763757226905,0.0011392781394936914,0.9732699581032794,2,Medium volatility
2012-06-22,1335.02001953125,0.007148989234504,0.6060617393572189,0.015220264563425207,0.027506054499738326,0.9572736809368365,2,Medium volatility
2012-06-25,1313.719970703125,-0.0160835023906029,-1.4393614819012637,0.02156544356156195,0.0034905243744222784,0.9749440320640158,2,Medium volatility
2012-06-26,1319.989990234375,0.004761368161021,0.3958520181583733,0.012027621257984972,0.03916006510590809,0.948812313636107,2,Medium volatility
2012-06-27,1331.8499755859375,0.0089447814196175,0.7641659623246838,0.009387485085486163,0.05755305665789398,0.9330594582566198,2,Medium volatility
2012-06-28,1329.0400390625,-0.0021120283457669,-0.2092920641365973,0.005995771924943624,0.12539799772337365,0.8686062303516827,2,Medium volatility
2012-06-29,1362.1600341796875,0.0246147937349201,2.1437772233264343,0.03595417138748847,0.0006619164857299362,0.9633839121267816,2,Medium volatility
2012-07-02,1365.510009765625,0.0024562921587065,0.1929096881671942,0.01752623295839656,0.0389626332669049,0.9435111337746985,2,Medium volatility
2012-07-03,1374.02001953125,0.0062127715684248,0.523635739371864,0.010541970824270903,0.08290404157636876,0.9065539875993603,2,Medium volatility
2012-07-05,1367.5799560546875,-0.0046980415663213,-0.4369685259280288,0.006950812717205237,0.13046516813606848,0.8625840191467262,2,Medium volatility
2012-07-06,1354.6800537109375,-0.0094774186555817,-0.8577520148138884,0.007308579924763058,0.08736690419975625,0.9053245158754808,2,Medium volatility
2012-07-09,1352.4599609375,-0.0016401761705182,-0.167749494711456,0.004929609643849098,0.17395502199345006,0.8211153683627008,2,Medium volatility
2012-07-10,1341.469970703125,-0.0081591217895908,-0.7416871920767508,0.005390457251510409,0.1478889357734107,0.846720606975079,2,Medium volatility
2012-07-11,1341.449951171875,-1.492368899036478e-05,-0.0246598416613944,0.003761811964226146,0.2735211283185401,0.7227170597172338,2,Medium volatility
2012-07-12,1334.760009765625,-0.0049995743524595,-0.4635159222508287,0.0033845585710098754,0.3385149454573639,0.6581004959716263,2,Medium volatility
2012-07-13,1356.780029296875,0.0163627592475732,1.4172557965499586,0.009921139929343315,0.07185880954006749,0.9182200505305892,2,Medium volatility
2012-07-16,1353.6400146484375,-0.0023169958916202,-0.2273377126472216,0.006149896301642693,0.14493698456895068,0.8489131191294066,2,Medium volatility
2012-07-17,1363.6700439453125,0.0073823558099119,0.626607680795934,0.005255440989178576,0.19446809431795065,0.8002764646928708,2,Medium volatility
2012-07-18,1372.780029296875,0.0066582753300847,0.5628585551576837,0.004387763883921697,0.26766764526750564,0.7279445908485727,2,Medium volatility
2012-07-19,1376.510009765625,0.002713415248511,0.2155471885737153,0.0029461913746350204,0.4238275381228462,0.5732262705025188,2,Medium volatility
2012-07-20,1362.6600341796875,-0.0101126205341683,-0.9136761358084684,0.004819164149906864,0.2641468457193186,0.7310339901307744,2,Medium volatility
2012-07-23,1350.52001953125,-0.0089489790037076,-0.8112273995285892,0.005583498330438865,0.19326558419473533,0.8011509174748259,2,Medium volatility
2012-07-24,1338.31005859375,-0.0090820501924238,-0.8229431855007852,0.006209327066906894,0.13771211529407612,0.8560785576390169,2,Medium volatility
2012-07-25,1337.8900146484375,-0.0003139107221183,-0.0509831060913776,0.004123787202791266,0.2575388726361333,0.7383373401610753,2,Medium volatility
2012-07-26,1360.02001953125,0.0164056628649511,1.421033095028177,0.01063256038220996,0.05017936690999897,0.9391880727077911,2,Medium volatility
2012-07-27,1385.969970703125,0.0189008144904505,1.6407099664422584,0.021990373329289173,0.004180626685191573,0.9738289999855193,2,Medium volatility
2012-07-30,1385.300048828125,-0.0004834764446108,-0.065911925260339,0.011410279603243971,0.04514387631268571,0.9434458440840704,2,Medium volatility
2012-07-31,1379.3199462890625,-0.0043261727662198,-0.4042286420075655,0.007404061240524289,0.08772839745680486,0.9048675413026709,2,Medium volatility
2012-08-01,1375.3199462890625,-0.0029041929017452,-0.27903541340805,0.005151691141610557,0.1611114382206618,0.8337368706377276,2,Medium volatility
2012-08-02,1365.0,-0.0075319636241362,-0.6864712515860457,0.005259414209188533,0.1533337031374261,0.8414068826533854,2,Medium volatility
2012-08-03,1390.989990234375,0.0188612881853025,1.6372300115710856,0.015422371726441694,0.0115891135135861,0.9729885147599722,2,Medium volatility
2012-08-06,1394.22998046875,0.0023265607240574,0.1814879391253617,0.008719978759424506,0.058955702301741617,0.9323243189388339,2,Medium volatility
2012-08-07,1401.3499755859375,0.0050937627425931,0.4251165329912692,0.006094412162875673,0.12100974787626521,0.8728958399608591,2,Medium volatility
2012-08-08,1402.219970703125,0.0006206338074532,0.0312955884598287,0.004149394545095268,0.23709663810918516,0.7587539673457195,2,Medium volatility
2012-08-09,1402.800048828125,0.0004135999951726,0.0130680227704572,0.002909299018145141,0.3925990893873212,0.6044916115945337,2,Medium volatility
2012-08-10,1405.8699951171875,0.0021860506671051,0.1691172240962429,0.001988658371881928,0.561982787566189,0.4360285540619291,1,Low volatility
2012-08-13,1404.1099853515625,-0.0012526850781942,-0.1336342008781508,0.001300359835842216,0.701984567241171,0.2967150729229869,1,Low volatility
2012-08-14,1403.9300537109375,-0.0001281546120202,-0.0346288610445528,0.0007725687479951204,0.8149286499808249,0.18429878127117985,1,Low volatility
2012-08-15,1405.530029296875,0.0011389916294488,0.0769325844023977,0.000437691186830594,0.8893221459710141,0.11024016284215538,1,Low volatility
2012-08-16,1415.510009765625,0.0070754203875056,0.5995846283163557,0.00041076983649467855,0.9023856860862871,0.09720354407721825,1,Low volatility
2012-08-17,1418.1600341796875,0.0018703837394768,0.1413254368711275,0.00022407174933682003,0.9389770199600489,0.06079890829061434,1,Low volatility
2012-08-20,1418.1300048828125,-2.117505365362149e-05,-0.0252102211322283,0.00013037683384380043,0.9583955281125925,0.04147409505356363,1,Low volatility
2012-08-21,1413.1700439453125,-0.0035036668144439,-0.3318139909863367,0.0001081681138916277,0.9611003869085532,0.038791444977555205,1,Low volatility
2012-08-22,1413.489990234375,0.0002263776234565,-0.0034153141366075,7.423570552696988e-05,0.9702494874215676,0.029676276872905548,1,Low volatility
2012-08-23,1402.0799560546875,-0.0081049995977222,-0.7369221935643309,0.000169643858567396,0.9382825041423354,0.061547851999097306,1,Low volatility
2012-08-24,1411.1300048828125,0.0064339883432618,0.5431119942430601,0.00017951365821946059,0.9441090443178953,0.05571144202388523,1,Low volatility
2012-08-27,1410.43994140625,-0.0004891344205226,-0.0664100619002683,0.00011522839559844303,0.9605835541223525,0.03930121748204911,1,Low volatility
2012-08-28,1409.300048828125,-0.0008085090427956,-0.0945282800930983,7.92272820388227e-05,0.9690161769247319,0.03090459579322943,1,Low volatility
2012-08-29,1410.489990234375,0.0008439929642989,0.0509604618391087,5.701320897625087e-05,0.9745555284253103,0.02538745836571345,1,Low volatility
2012-08-30,1399.47998046875,-0.0078364297296733,-0.713276901724695,0.00013193779111795304,0.9464019130810933,0.05346614912778862,1,Low volatility
2012-08-31,1406.5799560546875,0.0050604697676455,0.4221853698099165,0.00012515252856517626,0.9561410595128538,0.043733787958580926,1,Low volatility
2012-09-04,1404.93994140625,-0.0011666393226885,-0.1260586041990632,8.935388007943702e-05,0.9660752655036396,0.03383538061628086,1,Low volatility
2012-09-05,1403.43994140625,-0.0010682316532886,-0.1173946461790393,6.671941601467778e-05,0.9716284318504376,0.028304848733547643,1,Low volatility
2012-09-06,1432.1199951171875,0.0202295366120068,1.7576926442319285,0.004542236579590003,0.40675033336178956,0.5887074300586204,2,Medium volatility
2012-09-07,1437.9200439453125,0.004041794988943,0.3324997226184328,0.0026415033270099876,0.5558800648984259,0.4414784317745641,1,Low volatility
2012-09-10,1429.0799560546875,-0.0061668056546526,-0.5662807073893044,0.002388801763508262,0.5752048441785635,0.42240635405792826,1,Low volatility
2012-09-11,1433.56005859375,0.0031300521014525,0.2522285186518738,0.0013886216419291,0.7164559900842676,0.2821553882738033,1,Low volatility
2012-09-12,1436.56005859375,0.002090505602597,0.1607052940813705,0.0007701320501611826,0.8257790199491656,0.1734508480006732,1,Low volatility
2012-09-13,1459.989990234375,0.016178172153844,1.4010044734482083,0.00540769441260535,0.40539355194336774,0.5891987536440269,2,Medium volatility
2012-09-14,1465.77001953125,0.0039511352928087,0.3245179077232565,0.002913509935409608,0.5561637460843387,0.44092274398025155,1,Low volatility
2012-09-17,1461.18994140625,-0.0031295828602662,-0.2988790815964042,0.0017856545744729796,0.6673433432267589,0.3308710021987681,1,Low volatility
2012-09-18,1459.3199462890625,-0.0012805951321173,-0.1360914436621831,0.0010079064569741957,0.7830148920491439,0.21597720149388183,1,Low volatility
2012-09-19,1461.050048828125,0.0011848517443748,0.0809701773352991,0.0005461704829454642,0.8699343666042783,0.1295194629127764,1,Low volatility
2012-09-20,1460.260009765625,-0.0005408799928217,-0.0709658192803122,0.0003083084422991453,0.919029348831239,0.08066234272646182,1,Low volatility
2012-09-21,1460.1500244140625,-7.532185571701433e-05,-0.0299773863629116,0.00017738790453860828,0.9475616714595454,0.05226094063591612,1,Low volatility
2012-09-24,1456.8900146484375,-0.0022351500693797,-0.2201318843583266,0.00012292932028343668,0.9587817125559734,0.04109535812374309,1,Low volatility
2012-09-25,1441.5899658203125,-0.0105573894185679,-0.95283425190399,0.0004833722169362034,0.8731667687548892,0.12634985902817467,1,Low volatility
2012-09-26,1433.3199462890625,-0.0057532532117408,-0.5298709333715304,0.0005072868848716496,0.8762474359272618,0.12324527718786644,1,Low volatility
2012-09-27,1447.1500244140625,0.0096027277082342,0.8220925351087703,0.0007605352681498757,0.8463851210296328,0.15285434370221745,1,Low volatility
2012-09-28,1440.6700439453125,-0.0044878082367665,-0.4184592699647483,0.0005652729297652247,0.8739415924805075,0.12549313458972727,1,Low volatility
2012-10-01,1444.489990234375,0.0026479976679949,0.209787727194137,0.0003100633542269135,0.9217090298585799,0.07798090678719322,1,Low volatility
2012-10-02,1445.75,0.0008719067272657,0.0534180311728816,0.0001715657024098341,0.949760719731889,0.050067714565701076,1,Low volatility
2012-10-03,1450.989990234375,0.0036178572930332,0.2951756154338366,0.00011358795623735766,0.9621753562168275,0.03771105582693523,1,Low volatility
2012-10-04,1461.4000244140625,0.0071488217316977,0.6060469921602689,0.00012635999065638878,0.9572086150927845,0.042665024916559005,1,Low volatility
2012-10-05,1460.9300537109375,-0.0003216410840751,-0.0516636986903257,8.468236474562464e-05,0.9677776649957112,0.03213765263954338,1,Low volatility
2012-10-08,1455.8800048828125,-0.0034627238474289,-0.3282093110909957,7.848833114165371e-05,0.9672749548872073,0.032646556781651175,1,Low volatility
2012-10-09,1441.47998046875,-0.0099401821351419,-0.8984944019119598,0.0003019432536607926,0.9041632701679146,0.09553478657842465,1,Low volatility
2012-10-10,1432.56005859375,-0.0062072555664816,-0.5698419779705227,0.00038694799841889086,0.8962772505140182,0.10333580148756294,1,Low volatility
2012-10-11,1432.8399658203125,0.0001953704369848,-0.0061452330905679,0.00022652567701219751,0.9353943716962755,0.06437910262671219,1,Low volatility
2012-10-12,1428.5899658203125,-0.0029705449560166,-0.2848771472511069,0.0001657317884722601,0.948702291218209,0.05113197699331874,1,Low volatility
2012-10-15,1440.1300048828125,0.0080454707526671,0.6849893096010508,0.00020785095151646123,0.9401548201859012,0.05963732886258218,1,Low volatility
2012-10-16,1454.9200439453125,0.0102175558171708,0.876222919029465,0.0004033678973566102,0.9040740817365841,0.09552255036605924,1,Low volatility
2012-10-17,1460.9100341796875,0.0041086061259543,0.3383818747907771,0.00024967546190640645,0.934407240435703,0.06534308410239047,1,Low volatility
2012-10-18,1457.3399658203125,-0.0024467198768949,-0.2387588058350189,0.0001647175341785396,0.9502512465382141,0.04958403592760716,1,Low volatility
2012-10-19,1433.18994140625,-0.0167101446000357,-1.4945319968540989,0.004076111776827788,0.4404139743854538,0.5555099138377184,2,Medium volatility
2012-10-22,1433.8199462890625,0.0004394856785507,0.015347036951721,0.00215213531525094,0.609840212964126,0.3880076517206229,1,Low volatility
2012-10-23,1413.1099853515625,-0.0145492349707376,-1.3042822894128694,0.008027410578767345,0.16302885219683774,0.8289437372243948,2,Medium volatility
2012-10-24,1408.75,-0.0030901524835877,-0.2954075724107939,0.005045692675169221,0.25810825670237975,0.736846050622451,2,Medium volatility
2012-10-25,1412.969970703125,0.0029910649483948,0.2399918823535268,0.003237404412860556,0.4100548907380154,0.5867077048491242,2,Medium volatility
2012-10-26,1411.93994140625,-0.0007292475686444,-0.0875499816653549,0.0020461855032089193,0.5728575319974438,0.42509628249934733,1,Low volatility
2012-10-31,1412.1600341796875,0.00015586755128,-0.0096231260790237,0.0012333238090416318,0.7215116048832232,0.2772550713077353,1,Low volatility
2012-11-01,1427.5899658203125,0.0108672126009858,0.9334196714444006,0.0022280433858135134,0.6291380453192612,0.36863391129492523,1,Low volatility
2012-11-02,1414.199951171875,-0.0094237182428917,-0.853024150369569,0.0034133743708005845,0.4863352853078215,0.5102513403213779,2,Medium volatility
2012-11-05,1417.260009765625,0.0021614713450572,0.1669532239153396,0.0018550776857654482,0.6495037038321291,0.34864121848210533,1,Low volatility
2012-11-06,1428.3900146484375,0.007822509122727,0.6653594350835765,0.0017460098758970595,0.6835937249037661,0.3146602652203368,1,Low volatility
2012-11-07,1394.530029296875,-0.0239904841792046,-2.135503954325352,0.030775444492517914,0.003521605838772982,0.9657029496687092,2,Medium volatility
2012-11-08,1377.510009765625,-0.0122799333135095,-1.1044895861318085,0.025880198750829288,0.006255131915552351,0.9678646693336183,2,Medium volatility
2012-11-09,1379.8499755859375,0.0016972512798218,0.1260825968414669,0.013039160634337734,0.04995885189488522,0.937001987470777,2,Medium volatility
2012-11-12,1380.030029296875,0.0001304793765486,-0.0118583388568411,0.007291163393648593,0.12509555299002223,0.8676132836163292,2,Medium volatility
2012-11-13,1374.530029296875,-0.0039933834747456,-0.3749293763260545,0.005156391415655419,0.19391802636083938,0.8009255822235052,2,Medium volatility
2012-11-14,1355.489990234375,-0.0139488704443273,-1.2514253008747822,0.009619469386720132,0.03892213012409103,0.951458400489189,2,Medium volatility
2012-11-15,1353.3299560546875,-0.0015948159570164,-0.1637559138457017,0.00614757627498678,0.09992076219681946,0.8939316615281937,2,Medium volatility
2012-11-16,1359.8800048828125,0.0048282747351757,0.4017425727591972,0.004719442901318289,0.18190978934799584,0.8133707677506858,2,Medium volatility
2012-11-19,1386.8900146484375,0.0196673767395472,1.7081992504219443,0.016409296748594017,0.010066367521924982,0.9735243357294809,2,Medium volatility
2012-11-20,1387.81005859375,0.000663166435828,0.0350402245127675,0.00901876352622611,0.05699746877275773,0.9339837677010162,2,Medium volatility
2012-11-21,1391.030029296875,0.0023174936609713,0.180689661364879,0.005744807912992229,0.13596414910297036,0.8582910429840374,2,Medium volatility
2012-11-23,1409.1500244140625,0.0129422020689684,1.1161048397064106,0.008310337120337748,0.06840169419969462,0.9232879686799677,2,Medium volatility
2012-11-26,1406.2900390625,-0.0020316442693264,-0.2022149301285888,0.005485718698791961,0.14233406362004566,0.8521802176811625,2,Medium volatility
2012-11-27,1398.93994140625,-0.0052402936852278,-0.4847092114165087,0.004659964390258932,0.18931777614399853,0.8060222594657426,2,Medium volatility
2012-11-28,1409.9300537109375,0.0078253307601254,0.6656078562494931,0.004548492523828521,0.23202871911056802,0.7634227883656034,2,Medium volatility
2012-11-29,1415.949951171875,0.0042605535668815,0.3517595541675093,0.0033537427400632124,0.3619349721521953,0.6347112851077414,2,Medium volatility
2012-11-30,1416.1800537109375,0.0001624943340683,-0.0090396942364065,0.002195974685088628,0.5317275395814935,0.4660764857334177,1,Low volatility
2012-12-03,1409.4599609375,-0.0047565191662606,-0.442116981064457,0.0019002516495184231,0.6026475384821024,0.3954522098683792,1,Low volatility
2012-12-04,1407.050048828125,-0.0017112757910542,-0.1740092113709398,0.0012097993678828539,0.729214422977017,0.2695757776551001,1,Low volatility
2012-12-05,1409.280029296875,0.0015836076545872,0.1160772425405256,0.0006933412767697438,0.8353459326306598,0.16396072609257045,1,Low volatility
2012-12-06,1413.93994140625,0.0033011358587096,0.267290987866138,0.00041670607972085864,0.8965875485890338,0.1029957453312454,1,Low volatility
2012-12-07,1418.0699462890625,0.0029166619993503,0.2334413357241989,0.00024396685088319916,0.9339650866181628,0.06579094653095402,1,Low volatility
2012-12-10,1418.550048828125,0.000338503249976,0.0064563932928828,0.00014067128198203644,0.9560367733148124,0.04382255540320556,1,Low volatility
2012-12-11,1427.8399658203125,0.0065275313152923,0.5513476570494525,0.00013569349899443672,0.9560454992389886,0.04381880726201688,1,Low volatility
2012-12-12,1428.47998046875,0.0004481393339572,0.0161089176833639,8.669615464669745e-05,0.967736005384992,0.032177298460361214,1,Low volatility
2012-12-13,1419.449951171875,-0.0063414899770082,-0.5816601757262181,0.00012646746477489685,0.9524940469776132,0.047379485557611914,1,Low volatility
2012-12-14,1413.5799560546875,-0.0041439756794918,-0.3881877386876495,0.00012776082495252628,0.9542810839743473,0.04559115520070018,1,Low volatility
2012-12-17,1430.3599853515625,0.0118006880378107,1.0156042414753077,0.0004402361348431802,0.8912146016502195,0.10834516221493724,1,Low volatility
2012-12-18,1446.7900390625,0.0114211856667756,0.9821922865819728,0.0010346692827746713,0.8102262772199498,0.1887390534972755,1,Low volatility
2012-12-19,1435.81005859375,-0.0076181455628212,-0.6940588380353989,0.001259549438628224,0.7690001856647999,0.22974026489657182,1,Low volatility
2012-12-20,1443.68994140625,0.0054731046935687,0.4585143642632484,0.0008206035567968156,0.8339897667675018,0.16518962967570158,1,Low volatility
2012-12-21,1430.1500244140625,-0.0094229444501445,-0.8529560245017499,0.001575088658465773,0.7235264430354528,0.2748984683060815,1,Low volatility
2012-12-24,1426.6600341796875,-0.002443278971266,-0.2384558633702552,0.0009066783702013,0.8112324362798161,0.18786088534998266,1,Low volatility
2012-12-26,1419.8299560546875,-0.0047989567899255,-0.4458532527610068,0.0007230683998031781,0.8416067659665827,0.15767016563361405,1,Low volatility
2012-12-27,1418.0999755859375,-0.001219184916267,-0.1306847966460294,0.0004074121634650807,0.8996825652734983,0.09991002256303658,1,Low volatility
2012-12-28,1402.4300537109375,-0.0111114456749614,-1.0016141912664172,0.0014324800962077315,0.7392585647325757,0.25930895517121655,1,Low volatility
2012-12-31,1426.18994140625,0.0168000272698858,1.4557535255574408,0.008255436920521275,0.25471990918085047,0.7370246538986283,2,Medium volatility
2013-01-02,1462.4200439453125,0.0250861159586976,2.1852731350334613,0.05068389531196373,0.0011218997630698556,0.9481942049249663,2,Medium volatility
2013-01-03,1459.3699951171875,-0.0020877954235247,-0.2071585615113523,0.024022964883274975,0.03608994934644563,0.9398870857702795,2,Medium volatility
2013-01-04,1466.469970703125,0.0048532999789809,0.4039458325568461,0.012797930459338573,0.08945160676255748,0.897750462778104,2,Medium volatility
2013-01-07,1461.8900146484375,-0.0031280032591221,-0.2987400111552046,0.0073758485018582546,0.16097701218505783,0.8316471393130839,2,Medium volatility
2013-01-08,1457.1500244140625,-0.0032476391807332,-0.3092729361685319,0.004837937849496462,0.252582715481174,0.7425793466693296,2,Medium volatility
2013-01-09,1461.02001953125,0.0026523453586815,0.2101705043681364,0.0031556920139519905,0.40655001788932466,0.5902942900967233,2,Medium volatility
2013-01-10,1472.1199951171875,0.0075687001092106,0.6430137108974491,0.0029975621504928587,0.4633884778494903,0.5336139600000169,2,Medium volatility
2013-01-11,1472.050048828125,-4.751511497769201e-05,-0.0275292394257033,0.001785015825456698,0.6282558192069871,0.36995916496755615,1,Low volatility
2013-01-14,1470.6800537109375,-0.0009311049049189,-0.1053218026848038,0.0010748763329155701,0.7570946861625516,0.24183043750453279,1,Low volatility
2013-01-15,1472.3399658203125,0.0011280332953038,0.0759677963164625,0.0006069567064369494,0.8536712992098023,0.14572174408376073,1,Low volatility
2013-01-16,1472.6300048828125,0.0001969725099559,-0.0060041841961955,0.00034046086808509757,0.9112607032813219,0.08839883585059301,1,Low volatility
2013-01-17,1480.93994140625,0.0056270605413546,0.4720688667759923,0.0002614732735390721,0.9309275129637362,0.06881101376272479,1,Low volatility
2013-01-18,1485.97998046875,0.0033974923781512,0.2757743595838964,0.00016113281468266947,0.9521455485744048,0.047693318610912444,1,Low volatility
2013-01-22,1492.56005859375,0.0044183316277122,0.365650570018753,0.0001152407170991546,0.9616356574614259,0.038249101821474916,1,Low volatility
2013-01-23,1494.81005859375,0.0015063419242924,0.1092746523791807,7.488223908662022e-05,0.9707387654798159,0.02918635228109747,1,Low volatility
2013-01-24,1494.8199462890625,6.614661544723788e-06,-0.0227635731490466,5.445826487917331e-05,0.9751242448659204,0.024821296869200433,1,Low volatility
2013-01-25,1502.9599609375,0.0054307086618683,0.4547817543853008,5.8159685480299405e-05,0.9726989236876288,0.027242916626890934,1,Low volatility
2013-01-28,1500.1800537109375,-0.0018513342747921,-0.1863401692205991,5.315239677710148e-05,0.9740786428011271,0.025868204802095746,1,Low volatility
2013-01-29,1507.8399658203125,0.0050930037812051,0.4250497128984395,5.719263251033404e-05,0.9728844556579885,0.027058351709501226,1,Low volatility
2013-01-30,1501.9599609375,-0.003907244671752,-0.3673455876073226,6.565799989247093e-05,0.9691371742647672,0.030797167735340237,1,Low volatility
2013-01-31,1498.1099853515625,-0.0025665919583923,-0.2493125227170428,6.40869472110085e-05,0.970596344074128,0.029339568978661027,1,Low volatility
2013-02-01,1513.1700439453125,0.01000251322401,0.8572902483237798,0.0001634225973527923,0.9426112515320184,0.05722532587062877,1,Low volatility
2013-02-04,1495.7099609375,-0.0116058327096517,-1.0451407633346428,0.0008889259824141761,0.8008581062074578,0.19825296781012808,1,Low volatility
2013-02-05,1511.2900390625,0.0103626322220593,0.8889956621430342,0.001475766902211824,0.7400756534988454,0.25844857959894285,1,Low volatility
2013-02-06,1512.1199951171875,0.0005490198591342,0.0249905896150475,0.0007349671553567317,0.8423473816653885,0.15691765117925477,1,Low volatility
2013-02-07,1509.3900146484375,-0.0018070310558568,-0.18243964773332,0.0004249018823338659,0.8969852070603561,0.10258989105731013,1,Low volatility
2013-02-08,1517.9300537109375,0.0056419945850434,0.4733836822611877,0.0003146362883278162,0.9213405198279813,0.0783448438836909,1,Low volatility
2013-02-11,1517.010009765625,-0.0006063012476387,-0.076725604150823,0.00017879809844504398,0.947976568805427,0.05184463309612799,1,Low volatility
2013-02-12,1519.4300537109375,0.0015940011376045,0.1169923002905246,0.00010729195731018926,0.9636086377513917,0.036284070291298154,1,Low volatility
2013-02-13,1520.3299560546875,0.0005920877747911,0.0287823531588521,7.030859704735657e-05,0.9717161694877255,0.028213521915227007,1,Low volatility
2013-02-14,1521.3800048828125,0.0006904332650528,0.0374408368347891,5.158169870205846e-05,0.9759094250221617,0.0240389932791363,1,Low volatility
2013-02-15,1519.7900390625,-0.0010456277960129,-0.1154045688637089,4.442360578562486e-05,0.9769424837258681,0.023013092668346277,1,Low volatility
2013-02-19,1530.93994140625,0.0073096944413606,0.6202104655113437,6.955792787765474e-05,0.9675862622535747,0.03234417981854762,1,Low volatility
2013-02-20,1511.949951171875,-0.0124817114300057,-1.1222544325237946,0.000644214195851607,0.8249718141121851,0.17438397169196335,1,Low volatility
2013-02-21,1502.4200439453125,-0.0063230054656653,-0.5800327717721143,0.0007675486686705898,0.8215161984347606,0.17771625289656887,1,Low volatility
2013-02-22,1515.5999755859375,0.0087342133867744,0.7456272385845859,0.0009324412555547642,0.8141088874509428,0.18495867129350244,1,Low volatility
2013-02-25,1487.8499755859375,-0.0184792755847746,-1.6502889279669997,0.012021333985635863,0.09822216709236299,0.8897564989220013,2,Medium volatility
2013-02-26,1496.93994140625,0.0060908768625678,0.5129039476238391,0.007615377580432164,0.16250557070333,0.8298790517162378,2,Medium volatility
2013-02-27,1515.989990234375,0.0126456991190195,1.0900002776653028,0.00948275365816935,0.08731257825768594,0.9032046680841448,2,Medium volatility
2013-02-28,1514.6800537109375,-0.0008644534614576,-0.0994537101708347,0.005687932508881809,0.1799955960191302,0.814316471471988,2,Medium volatility
2013-03-01,1518.199951171875,0.0023211594495267,0.1810124028579754,0.0037573842013965916,0.31720405449565026,0.6790385613029533,2,Medium volatility
2013-03-04,1525.199951171875,0.0046001265483504,0.3816560660361655,0.002788975609871826,0.4532046594910157,0.5440063648991126,2,Medium volatility
2013-03-05,1539.7900390625,0.0095205518724998,0.8148576519395532,0.003465931211139646,0.4284910776264063,0.5680429911624539,2,Medium volatility
2013-03-06,1541.4599609375,0.0010839250554139,0.0720844410752131,0.002009183041165132,0.5998036884102931,0.39818712854854177,1,Low volatility
2013-03-07,1544.260009765625,0.0018148436172067,0.1364356016508695,0.0011660244335383097,0.743394283614385,0.2554396919520768,1,Low volatility
2013-03-08,1551.1800537109375,0.0044711287129546,0.3702989041669881,0.0007661845360999968,0.8277573276282946,0.17147648783560548,1,Low volatility
2013-03-11,1556.219970703125,0.0032438188658741,0.2622447143105396,0.00044609360234999806,0.8922117846102484,0.10734212178740143,1,Low volatility
2013-03-12,1552.47998046875,-0.0024061453968018,-0.2351865680779963,0.0002837426784924693,0.924604140966397,0.07511211635511046,1,Low volatility
2013-03-13,1554.52001953125,0.0013131891571704,0.0922691946135265,0.0001620554850235353,0.9513217967584767,0.04851614775649978,1,Low volatility
2013-03-14,1563.22998046875,0.0055873521589724,0.4685728815534952,0.00013340321928235474,0.9571893751154918,0.04267722166522587,1,Low volatility
2013-03-15,1560.699951171875,-0.0016197737499892,-0.1659532351714418,9.24481766345148e-05,0.9658223360082931,0.03408521581507235,1,Low volatility
2013-03-18,1552.0999755859375,-0.005525570335024,-0.5098253932446077,0.00011491466093534903,0.9564280319774936,0.04345705336157097,1,Low volatility
2013-03-19,1548.3399658203125,-0.0024254697268757,-0.2368879109260317,9.533606781991022e-05,0.9634481907919088,0.0364564731402713,1,Low volatility
2013-03-20,1558.7099609375,0.0066751638158173,0.5643454426360813,0.00010784638909794234,0.9605482968628632,0.03934385674803887,1,Low volatility
2013-03-21,1545.800048828125,-0.0083169237560047,-0.7555803126112022,0.00024303684758660837,0.9233545290091408,0.07640243414327247,1,Low volatility
2013-03-22,1556.8900146484375,0.0071486438032994,0.6060313270786463,0.0002631720202759648,0.9277559332811467,0.07198089469857741,1,Low volatility
2013-03-25,1551.68994140625,-0.0033456293009468,-0.3179001325352877,0.00019666397464674818,0.9419718341132554,0.05783150191209783,1,Low volatility
2013-03-26,1563.77001953125,0.0077549631946354,0.65941259080835,0.00022642849562340918,0.9370832284599163,0.06269034304446026,1,Low volatility
2013-03-27,1562.8499755859375,-0.0005885230525652,-0.0751603853347705,0.00013615782554175063,0.9566372145340115,0.04322662764044685,1,Low volatility
2013-03-28,1569.18994140625,0.0040484633961916,0.3330868191406307,9.827631861921542e-05,0.9651213525959705,0.03478037108541024,1,Low volatility
2013-04-01,1562.1700439453125,-0.0044836168653565,-0.4180902553730604,9.997964885202979e-05,0.9614982777310014,0.0384017426201465,1,Low volatility
2013-04-02,1570.25,0.005158933898854,0.4308542988118001,9.185411954793152e-05,0.9650688573597246,0.03483928852072765,1,Low volatility
2013-04-03,1553.68994140625,-0.0106021332188417,-0.9567735628295766,0.0004019279375393039,0.8841764442683012,0.11542162779415951,1,Low volatility
2013-04-04,1559.97998046875,0.0040402790127371,0.332366253811709,0.000280633519447497,0.9227485950666503,0.07697077141390207,1,Low volatility
2013-04-05,1553.280029296875,-0.0043041451689074,-0.4022892994790774,0.00023839878368794003,0.9323202717720316,0.06744132944428047,1,Low volatility
2013-04-08,1563.0699462890625,0.0062829587652712,0.529815124888548,0.00020982985027634922,0.9409226519265055,0.0588675182232181,1,Low volatility
2013-04-09,1568.6099853515625,0.0035380658065768,0.2881506539320631,0.00013525118772037052,0.957416308064482,0.04244844074779765,1,Low volatility
2013-04-10,1587.72998046875,0.0121154433295487,1.0433157669166484,0.0004700641008618565,0.888877124529843,0.11065281136929518,1,Low volatility
2013-04-11,1593.3699951171875,0.0035459561795772,0.2888453341419967,0.0002792223544278453,0.927612495948731,0.07210828169684115,1,Low volatility
2013-04-12,1588.8499755859375,-0.0028407983185489,-0.2734540597304452,0.00019049013567521992,0.9444313033850744,0.05537820647925025,1,Low volatility
2013-04-15,1552.3599853515625,-0.0232341245503651,-2.068912924253534,0.017219446804014236,0.0320637650525964,0.9507167881433893,2,Medium volatility
2013-04-16,1574.5699462890625,0.0142058408280645,1.2273574811727357,0.018479550374325547,0.015340228765534019,0.9661802208601404,2,Medium volatility
2013-04-17,1552.010009765625,-0.0144313136859839,-1.2939003235863888,0.020925625867843457,0.00472218426042558,0.9743521898717309,2,Medium volatility
2013-04-18,1541.6099853515625,-0.0067235559695442,-0.6152978356809415,0.013106869968658777,0.024377716593940106,0.9625154134374011,2,Medium volatility
2013-04-19,1555.25,0.0088089890510545,0.7522105996192784,0.009921730015893629,0.04436510344509223,0.9457131665390142,2,Medium volatility
2013-04-22,1562.5,0.0046507982154269,0.3861172751983435,0.006590864814795738,0.10319146071759687,0.8902176744676075,2,Medium volatility
2013-04-23,1578.780029296875,0.0103653128055531,0.8892316647127635,0.007072419794387408,0.09323076056892031,0.8996968196366923,2,Medium volatility
2013-04-24,1578.7900390625,6.340170072505202e-06,-0.0227877397877512,0.004684913086919355,0.1934775544792936,0.8018375324337871,2,Medium volatility
2013-04-25,1585.1600341796875,0.0040266145649914,0.3311632154473468,0.003535289182208143,0.31771489716229834,0.6787498136554935,2,Medium volatility
2013-04-26,1582.239990234375,-0.0018438118015176,-0.1856778794513721,0.002543881777635003,0.46289958360453587,0.534556534617829,2,Medium volatility
2013-04-29,1593.6099853515625,0.0071603153694068,0.6070589091705615,0.002422719203655733,0.5325042266023965,0.4650730541939478,1,Low volatility
2013-04-30,1597.5699462890625,0.0024818174185821,0.1951569701256126,0.0014659204196968813,0.6867827692476272,0.31175131033267595,1,Low volatility
2013-05-01,1582.699951171875,-0.0093514726495635,-0.8466635405558803,0.002614072925046314,0.5514145561981169,0.4459713708768368,1,Low volatility
2013-05-02,1597.5899658203125,0.0093640038103206,0.8010749270045181,0.0029869237716198312,0.5299517543908691,0.4670613218375111,1,Low volatility
2013-05-03,1614.4200439453125,0.01047956394817,0.8992905057503462,0.0038894685023657134,0.4545270291740133,0.541583502323621,2,Medium volatility
2013-05-06,1617.5,0.0019059611284841,0.1444577232742198,0.0020742956700793105,0.622379592618756,0.37554611171116464,1,Low volatility
2013-05-07,1625.9599609375,0.0052166391598369,0.43593475607432,0.0013921691770540446,0.7256901250882366,0.2729177057347093,1,Low volatility
2013-05-08,1632.68994140625,0.004130538866697,0.3403128660053604,0.0008428613597631088,0.8188789998200826,0.18027813882015423,1,Low volatility
2013-05-09,1626.6700439453125,-0.0036939180287731,-0.3485639917155322,0.000590145957008091,0.8640323975716112,0.1353774564713807,1,Low volatility
2013-05-10,1633.699951171875,0.004312343771585,0.3563192410510198,0.00037168872386781016,0.9089756315010006,0.09065267977513171,1,Low volatility
2013-05-13,1633.77001953125,4.288844886968235e-05,-0.01956997479917,0.00020539232678216552,0.9422194352597927,0.05757517241342515,1,Low volatility
2013-05-14,1650.3399658203125,0.0100910669691502,0.8650866521517457,0.0003809167566320586,0.9086522931944686,0.09096679004889925,1,Low volatility
2013-05-15,1658.780029296875,0.0051011034902108,0.4257628233625704,0.00026133434546025193,0.9324204512670744,0.06731821438746527,1,Low volatility
2013-05-16,1650.469970703125,-0.005022331985411,-0.4655195382060614,0.0002377833129423062,0.9337201002294286,0.0660421164576291,1,Low volatility
2013-05-17,1667.469970703125,0.0102474119865627,0.8788515007226151,0.0004547018639805968,0.8959397275228467,0.10360557061317274,1,Low volatility
2013-05-20,1666.2900390625,-0.0007078684047074,-0.0856677281785798,0.0002493730994467167,0.9335201781831846,0.06623044871736879,1,Low volatility
2013-05-21,1669.1600341796875,0.0017209046830028,0.1281650777440285,0.00014304021194531285,0.9559204561815993,0.04393650360645536,1,Low volatility
2013-05-22,1655.3499755859375,-0.0083080742657788,-0.7548011902899099,0.00028632047441388454,0.9176580701221562,0.08205560940342989,1,Low volatility
2013-05-23,1650.510009765625,-0.0029281151046065,-0.2811415598354646,0.00021107767002413201,0.9377283929064656,0.06206052942351034,1,Low volatility
2013-05-24,1649.5999755859375,-0.0005515174989882,-0.0719023611924042,0.00013158510943495427,0.957042275134993,0.042826139755572167,1,Low volatility
2013-05-28,1660.06005859375,0.00632096210916,0.5331609959784839,0.0001265178764321344,0.9577499644010147,0.04212351772255319,1,Low volatility
2013-05-29,1648.3599853515625,-0.0070729362431656,-0.6460577961813713,0.00019999333878695913,0.936130401667523,0.06366960499368997,1,Low volatility
2013-05-30,1654.4100341796875,0.0036636251143127,0.2992050826964151,0.0001414157697928127,0.954422983136335,0.045435601093872256,1,Low volatility
2013-05-31,1630.739990234375,-0.0144105769218567,-1.2920746279372104,0.0018384538353037369,0.6647054057944148,0.33345614037028143,1,Low volatility
2013-06-03,1640.4200439453125,0.0059184398597418,0.4977223366508967,0.001309012976867002,0.7463850667609147,0.2523059202622183,1,Low volatility
2013-06-04,1631.3800048828125,-0.0055260480056054,-0.5098674480751904,0.0011336968104811974,0.7714500229842053,0.22741628020531357,1,Low volatility
2013-06-05,1608.9000244140625,-0.0138755545439224,-1.2449704596293605,0.005492647761408557,0.3372681255813131,0.6572392266572784,2,Medium volatility
2013-06-06,1622.56005859375,0.008454454144231,0.7209968175219755,0.004722217751661421,0.36221787005256273,0.6330599121957758,2,Medium volatility
2013-06-07,1643.3800048828125,0.0127499145269451,1.099175557649202,0.007367386886919401,0.20220766890037428,0.7904249442127063,2,Medium volatility
2013-06-10,1642.81005859375,-0.0003468736036369,-0.0538852073548027,0.004196556477277262,0.34480851750500435,0.6509949260177184,2,Medium volatility
2013-06-11,1626.1300048828125,-0.0102052641848207,-0.9218326210191116,0.0058882004038021095,0.2030178912300551,0.7910939083661429,2,Medium volatility
2013-06-12,1612.52001953125,-0.0084047769080513,-0.7633150351780521,0.005994680718077446,0.16403867079952267,0.8299666484823999,2,Medium volatility
2013-06-13,1636.3599853515625,0.0146760690973595,1.2687570794951455,0.010237836123805183,0.051809031412172586,0.9379531324640223,2,Medium volatility
2013-06-14,1626.72998046875,-0.0059024010624586,-0.5430021326497557,0.007386997523867869,0.07880151274267078,0.9138114897334614,2,Medium volatility
2013-06-17,1639.0400390625,0.007538875562715,0.6403879133312648,0.0061809235448559915,0.11664553019790225,0.8771735462572418,2,Medium volatility
2013-06-18,1651.81005859375,0.0077609634287831,0.659940860373954,0.005531719803840461,0.15516059159526124,0.8393076886008983,2,Medium volatility
2013-06-19,1628.9300537109375,-0.0139483013284813,-1.2513751950666847,0.00982975369799612,0.0307383826607958,0.959431863641208,2,Medium volatility
2013-06-20,1588.18994140625,-0.025328424392299,-2.253298206645726,0.05486351486752695,3.99681453388103e-05,0.9450965169871343,2,Medium volatility
2013-06-21,1592.4300537109375,0.002666219053526,0.211391965159235,0.025799913467962513,0.037248623273100544,0.936951463258937,2,Medium volatility
2013-06-24,1573.0899658203125,-0.0122193689596272,-1.0991574100651873,0.022645514560289588,0.01570757186988583,0.9616469135698246,2,Medium volatility
2013-06-25,1588.030029296875,0.0094524565593028,0.8088624389800662,0.015620561413760886,0.032036419284748784,0.9523430193014903,2,Medium volatility
2013-06-26,1603.260009765625,0.0095447896661893,0.8169915834542857,0.011781600292471562,0.045722371231923145,0.9424960284756053,2,Medium volatility
2013-06-27,1613.199951171875,0.0061806913002966,0.5208113447080258,0.00786654250266233,0.0922172787427142,0.8999161787546235,2,Medium volatility
2013-06-28,1606.280029296875,-0.0042987889804679,-0.4018177326584205,0.005631893547952388,0.14782855990351876,0.8465395465485288,2,Medium volatility
2013-07-01,1614.9599609375,0.0053891996093904,0.4511272354813112,0.0043934063640248,0.23752784279644926,0.7580787508395258,2,Medium volatility
2013-07-02,1614.0799560546875,-0.0005450566900506,-0.0713335419352049,0.0030254537306783303,0.38711455664389555,0.6098599896254261,2,Medium volatility
2013-07-03,1615.4100341796875,0.0008237078945754,0.0491745340390765,0.002006352230236508,0.5594437053962039,0.4385499423735596,1,Low volatility
2013-07-05,1631.8900146484375,0.0101500457032255,0.8702792278851069,0.00297346659369376,0.4997323166097019,0.4972942167966044,1,Low volatility
2013-07-08,1640.4599609375,0.0052378052138362,0.4377982470442594,0.002029301673823744,0.6202765193606434,0.37769417896553276,1,Low volatility
2013-07-09,1652.3199462890625,0.0072036619348629,0.6108752054583816,0.0017487298930053538,0.676612510109295,0.32163875999769953,1,Low volatility
2013-07-10,1652.6199951171875,0.0001815759646284,-0.0073597190156289,0.0009295938790040156,0.7986634777004078,0.20040692842058822,1,Low volatility
2013-07-11,1675.02001953125,0.0134632127653535,1.1619753986678296,0.0031242838374945206,0.5709264010622351,0.4259493151002703,1,Low volatility
2013-07-12,1680.18994140625,0.0030817302206287,0.2479741881768303,0.0016028324891677937,0.7136459153346678,0.2847512521761644,1,Low volatility
2013-07-15,1682.5,0.0013739351515562,0.0976173625810499,0.0008168120419585091,0.8253614710638898,0.17382171689415163,1,Low volatility
2013-07-16,1676.260009765625,-0.0037156554177073,-0.3504777838654664,0.0005704636783641403,0.8684513035397847,0.13097823278185106,1,Low volatility
2013-07-17,1680.9100341796875,0.0027702066483987,0.2205471881421018,0.00032177455464515016,0.9182125592480401,0.0814656661973146,1,Low volatility
2013-07-18,1689.3699951171875,0.0050203417120062,0.4186524359277893,0.0002256289721905284,0.9388663208280883,0.06090805019972122,1,Low volatility
2013-07-19,1692.0899658203125,0.001608755579646,0.1182913033787591,0.00013008154148792396,0.9588109267445788,0.04105899171393334,1,Low volatility
2013-07-22,1695.530029296875,0.0020309625424266,0.1554630342367265,8.290466761087811e-05,0.9690520803112801,0.03086501502110904,1,Low volatility
2013-07-23,1692.3900146484375,-0.0018536538683369,-0.1865443896966881,6.442235772182185e-05,0.9720302241595973,0.027905353482680865,1,Low volatility
2013-07-24,1685.93994140625,-0.0038185027297181,-0.3595326146440803,6.853812874868316e-05,0.968868299873355,0.03106316199789626,1,Low volatility
2013-07-25,1690.25,0.002553209985189,0.2014424781941999,5.699084876285124e-05,0.9739236292244686,0.026019379926768643,1,Low volatility
2013-07-26,1691.6500244140625,0.000827951437909,0.0495481419247491,4.579695359909003e-05,0.9770617001109171,0.022892502935483765,1,Low volatility
2013-07-29,1685.3299560546875,-0.0037430341753674,-0.3528882505339084,5.350878875657104e-05,0.9724102925581911,0.027536198653052204,1,Low volatility
2013-07-30,1685.9599609375,0.0003737470853337,0.0095593131350639,4.723468752614286e-05,0.9761638360700158,0.0237889292424581,1,Low volatility
2013-07-31,1685.72998046875,-0.0001364185159982,-0.0353564274789935,4.143444264721832e-05,0.9778437482139252,0.022114817343427646,1,Low volatility
2013-08-01,1706.8699951171875,0.0124625882304165,1.0738789218650884,0.0002377057411045895,0.9175727877191303,0.08218950653976502,1,Low volatility
2013-08-02,1709.6700439453125,0.001639114087947,0.1209641117388632,0.00016259978249068654,0.9473980271419351,0.05243937307557426,1,Low volatility
2013-08-05,1707.1400146484375,-0.0014809308775634,-0.1537293015551673,0.00011268500359359265,0.9606242626300767,0.03926305236632963,1,Low volatility
2013-08-06,1697.3699951171875,-0.0057394728305544,-0.5286576880540976,0.0001402409844306853,0.9507065507405151,0.04915320827505425,1,Low volatility
2013-08-07,1690.9100341796875,-0.0038131256619413,-0.3590592095754194,0.00012946098076171438,0.9547035098300235,0.04516702918921475,1,Low volatility
2013-08-08,1697.47998046875,0.0038779210740464,0.3180720186813395,9.814766008171979e-05,0.9643939081754139,0.03550794416450443,1,Low volatility
2013-08-09,1691.4200439453125,-0.0035763480414265,-0.3382129546368437,8.938129056148388e-05,0.9647095000911904,0.035201118618248234,1,Low volatility
2013-08-12,1689.469970703125,-0.0011535858605249,-0.1249093579168267,6.897417643154572e-05,0.9707680786361951,0.02916294718737341,1,Low volatility
2013-08-13,1694.1600341796875,0.0027722100072677,0.2207235668455698,5.508068989517337e-05,0.9747344220789675,0.025210497231137247,1,Low volatility
2013-08-14,1685.3900146484375,-0.0051900632278574,-0.480286847015059,7.514466552554561e-05,0.9653266136180035,0.034598241716470864,1,Low volatility
2013-08-15,1661.3199462890625,-0.0143845649479619,-1.2897844949504542,0.0013074840049177748,0.7082592698161563,0.29043324617892585,1,Low volatility
2013-08-16,1655.8299560546875,-0.0033100676234782,-0.3147692293995013,0.0009345182468772058,0.7873515931234657,0.2117138886296571,1,Low volatility
2013-08-19,1646.06005859375,-0.0059177779571539,-0.5443559373982152,0.0009366597994017846,0.7974689598804758,0.20159438032012247,1,Low volatility
2013-08-20,1652.3499755859375,0.0038139130983712,0.312436661014824,0.0005627995495875812,0.8699159111093586,0.12952128934105375,1,Low volatility
2013-08-21,1642.800048828125,-0.0057963694673466,-0.5336669528365503,0.0005519521583009113,0.8727373245278408,0.12671072331385833,1,Low volatility
2013-08-22,1656.9599609375,0.0085824417434139,0.7322650366878835,0.0006463361013210252,0.8653313781580014,0.13402228574067757,1,Low volatility
2013-08-23,1663.5,0.0039392419102126,0.323470796576767,0.000372105018406921,0.9118379622989291,0.08778993268266413,1,Low volatility
2013-08-26,1656.780029296875,-0.0040478392300578,-0.3797237422616639,0.00027947368113502157,0.9265840020724851,0.07313652424637986,1,Low volatility
2013-08-27,1630.47998046875,-0.0160015392291841,-1.4321453228960628,0.004457150003026534,0.4303737844305316,0.565169065566442,2,Medium volatility
2013-08-28,1634.9599609375,0.0027438773089691,0.2182291138202111,0.0023742950540701383,0.594717809765947,0.402907895179983,1,Low volatility
2013-08-29,1638.1700439453125,0.0019614766490958,0.1493453925277712,0.0012787602338090941,0.739109393820487,0.2596118459457038,1,Low volatility
2013-08-30,1632.969970703125,-0.0031793671926347,-0.3032621684871506,0.0008472550549389038,0.8127046016144421,0.18644814333061904,1,Low volatility
2013-09-03,1639.77001953125,0.0041555752269593,0.342517104512476,0.0005260010613078898,0.8773658621915476,0.12210813674714452,1,Low volatility
2013-09-04,1653.0799560546875,0.00808418792856,0.6883980275255331,0.0005629625897922663,0.8784369512145788,0.12100008619562896,1,Low volatility
2013-09-05,1655.0799560546875,0.0012091315394675,0.0831078067162277,0.0002908506024607706,0.9260889534645979,0.07362019593294138,1,Low volatility
2013-09-06,1655.1700439453125,5.442965978197378e-05,-0.0185538693730981,0.00016291036992854184,0.9515546541906057,0.04828243543946562,1,Low volatility
2013-09-09,1671.7099609375,0.0099432821389706,0.8520754552350782,0.0003024523409368744,0.9216090453382914,0.07808850232077172,1,Low volatility
2013-09-10,1683.989990234375,0.0073189404848017,0.6210245009692863,0.0002980016372539905,0.9248364129504265,0.07486558541231947,1,Low volatility
2013-09-11,1689.1300048828125,0.0030476346138188,0.2449723600889423,0.00017511272795440035,0.9495199995550476,0.05030488771699799,1,Low volatility
2013-09-12,1683.4200439453125,-0.0033861418278018,-0.3214669158368051,0.0001345365966460599,0.95585812388989,0.04400733951346404,1,Low volatility
2013-09-13,1687.989990234375,0.0027110016531031,0.2153346920333654,9.036052501279797e-05,0.9669057210369473,0.033003918438039986,1,Low volatility
2013-09-16,1697.5999755859375,0.0056770082958212,0.476466341592051,8.54172820699178e-05,0.9668152217720614,0.033099360945868794,1,Low volatility
2013-09-17,1704.760009765625,0.0042088695965523,0.3472092203167942,7.127183859147954e-05,0.9705549506820411,0.029373777479367317,1,Low volatility
2013-09-18,1725.52001953125,0.0121041215584156,1.0423189812961002,0.0003007468549077218,0.9114741314846249,0.08822512166046743,1,Low volatility
2013-09-19,1722.3399658203125,-0.0018446541484813,-0.1857520409346823,0.00020444574911187153,0.9388579501939517,0.060937604056936594,1,Low volatility
2013-09-20,1709.9100341796875,-0.0072430539628474,-0.6610352140063565,0.00031155572250629224,0.9143870844346981,0.08530135984279565,1,Low volatility
2013-09-23,1701.8399658203125,-0.0047307589419514,-0.4398490124867811,0.00028224948783208976,0.9225598454567971,0.07715790505537087,1,Low volatility
2013-09-24,1697.4200439453125,-0.0026005214977313,-0.2522997299770508,0.00019503476424951834,0.9423956446173729,0.05740932061837754,1,Low volatility
2013-09-25,1692.77001953125,-0.0027432251543784,-0.2648635727957452,0.0001420727642434213,0.9539740451141239,0.0458838821216327,1,Low volatility
2013-09-26,1698.6700439453125,0.0034793658479985,0.2829826220093392,9.92350614420401e-05,0.9647683786172581,0.03513238632129999,1,Low volatility
2013-09-27,1691.75,-0.0040821216634441,-0.3827420188400489,9.52471500076588e-05,0.9630117232000768,0.03689302964991571,1,Low volatility
2013-09-30,1681.550048828125,-0.0060474799811904,-0.5557750970858392,0.00013508983562939656,0.9504825766741609,0.049382333490209686,1,Low volatility
2013-10-01,1695.0,0.0079667246834063,0.6780563881887471,0.00018679651097499187,0.9423185081208518,0.05749469536817313,1,Low volatility
2013-10-02,1693.8699951171875,-0.0006668918703409,-0.0820600929635365,0.00012025895325272324,0.9593555003284593,0.04052424071828793,1,Low volatility
2013-10-03,1678.6600341796875,-0.0090199725005524,-0.8174777728999829,0.00030787510464666215,0.9100298029006653,0.08966232199468813,1,Low volatility
2013-10-04,1690.5,0.0070284667042832,0.5954507559992374,0.00031205132413185545,0.9187337839431943,0.08095416473267393,1,Low volatility
2013-10-07,1676.1199951171875,-0.0085427475368193,-0.7754621751614676,0.0005869600899360061,0.8657261372737736,0.13368690263629038,1,Low volatility
2013-10-08,1655.449951171875,-0.0124087499310832,-1.115830793313585,0.0026523092377076477,0.5943795623291431,0.4029681284331491,1,Low volatility
2013-10-09,1656.4000244140625,0.000573741730605,0.0271671400598003,0.0013371893323968903,0.7397918558308064,0.2588709548367968,1,Low volatility
2013-10-10,1692.56005859375,0.0215956228828364,1.8779649174640256,0.01831006157310992,0.046798940921645854,0.9348909975052443,2,Medium volatility
2013-10-11,1703.199951171875,0.006266595617328,0.5283744889328359,0.010870305957907672,0.09294880864945161,0.8961808853926407,2,Medium volatility
2013-10-14,1710.1400146484375,0.0040664411452882,0.3346696069905748,0.006507238598706323,0.1806557198312594,0.8128370415700343,2,Medium volatility
2013-10-15,1698.06005859375,-0.0070887896137588,-0.6474535505786958,0.0057064440003737555,0.18249917211019698,0.8117943838894293,2,Medium volatility
2013-10-16,1721.5400390625,0.013732804307132,1.1857106401867676,0.009040490564010647,0.0748935740499434,0.916065935386046,2,Medium volatility
2013-10-17,1733.1500244140625,0.0067213144137374,0.5684086101251303,0.006659131398004898,0.12364670450229993,0.8696941640996952,2,Medium volatility
2013-10-18,1744.5,0.0065274054636228,0.5513365768807224,0.005274597089009977,0.18679781881087196,0.8079275841001181,2,Medium volatility
2013-10-21,1744.6600341796875,9.173220960434492e-05,-0.0152696972382258,0.0035253027266933,0.32712938855844986,0.6693453087148569,2,Medium volatility
2013-10-22,1754.6700439453125,0.0057211162396271,0.4803496707656234,0.0028959344424934574,0.43883232557946555,0.558271739978041,2,Medium volatility
2013-10-23,1746.3800048828125,-0.0047357532400367,-0.4402887179407806,0.0024352484397390907,0.5153084061834348,0.4822563453768261,1,Low volatility
2013-10-24,1752.0699462890625,0.0032528385443555,0.2630388202597354,0.0015647544302155234,0.6656835075144206,0.33275173805536384,1,Low volatility
2013-10-25,1759.77001953125,0.0043852143927747,0.3627348792500612,0.0010410706931651304,0.7722954317333114,0.22666349757352358,1,Low volatility
2013-10-28,1762.1099853515625,0.0013288165192371,0.093645050883015,0.0005732276104670183,0.8632111956431858,0.1362155767463471,1,Low volatility
2013-10-29,1771.949951171875,0.0055686612140943,0.4669273028829917,0.0004218643390749501,0.8991433182185297,0.10043481744239535,1,Low volatility
2013-10-30,1763.31005859375,-0.0048878496945699,-0.4536795166976858,0.0003612038008675422,0.9093423736662057,0.09029642253292675,1,Low volatility
2013-10-31,1756.5400390625,-0.0038467705679376,-0.3620213572913157,0.0002735906834684476,0.9263897613884883,0.07333664792804319,1,Low volatility
2013-11-01,1761.6400146484375,0.002899214412209,0.2319052241237032,0.00016570811130632357,0.9506653361339132,0.049168955754780405,1,Low volatility
2013-11-04,1767.9300537109375,0.0035641993780988,0.2904514925553191,0.00011039120979017749,0.9627841781265006,0.03710543066370917,1,Low volatility
2013-11-05,1762.969970703125,-0.0028095308483404,-0.2707012250080015,8.759135200560451e-05,0.9661679370188311,0.0337444716291633,1,Low volatility
2013-11-06,1770.489990234375,0.0042564687122874,0.3513999174751966,7.31322914854371e-05,0.9700916301759095,0.029835237532605193,1,Low volatility
2013-11-07,1747.1500244140625,-0.0132704359995949,-1.191694920261727,0.0008108516914435354,0.7950285044365415,0.20416064387201502,1,Low volatility
2013-11-08,1770.6099853515625,0.0133382087922644,1.1509698623942386,0.00288107060931529,0.5742153211357287,0.422903608254956,1,Low volatility
2013-11-11,1771.8900146484375,0.0007226700649729,0.0402790127911027,0.00144524338142479,0.7245138189428041,0.27404093767577103,1,Low volatility
2013-11-12,1767.68994140625,-0.00237320544562,-0.2322864856356309,0.000863288504691824,0.8127533423951893,0.18638336910011893,1,Low volatility
2013-11-13,1782.0,0.008062752720499,0.6865108398304736,0.0008901738430103211,0.822382176410829,0.1767276497461608,1,Low volatility
2013-11-14,1790.6199951171875,0.0048255968204511,0.4015068051518896,0.0005532470011160823,0.8783496412161863,0.12109711178269769,1,Low volatility
2013-11-15,1798.1800537109375,0.004213146273881,0.3475857453688252,0.00033407498909595354,0.918390159284626,0.08127576572627818,1,Low volatility
2013-11-18,1791.530029296875,-0.0037050524235047,-0.3495442804381616,0.0002437601853736157,0.933588055371124,0.06616818444350232,1,Low volatility
2013-11-19,1787.8699951171875,-0.002045055277601,-0.2033956553038306,0.0001588111418065967,0.9511770768459756,0.04866411201221776,1,Low volatility
2013-11-20,1781.3699951171875,-0.0036422359961614,-0.3440138284643566,0.00013116967401395922,0.9558137298252128,0.044055100500773194,1,Low volatility
2013-11-21,1795.8499755859375,0.0080957054207564,0.6894120447204741,0.00017553212924000317,0.9457841523892869,0.054040315481473096,1,Low volatility
2013-11-22,1804.760009765625,0.0049491905000289,0.4123881770808485,0.00013648241511016743,0.9561801637875783,0.04368335379731156,1,Low volatility
2013-11-25,1802.47998046875,-0.0012641407872395,-0.1346427785922998,9.244155846399925e-05,0.965932864063153,0.03397469437838298,1,Low volatility
2013-11-26,1802.75,0.0001497932355034,-0.0101579179017522,6.44703497847612e-05,0.9727171508070221,0.027218378843193055,1,Low volatility
2013-11-27,1807.22998046875,0.0024819986774611,0.1951729284277245,5.0671722146509105e-05,0.9759896693834568,0.023959658894396798,1,Low volatility
2013-11-29,1805.81005859375,-0.0007859984571165,-0.0925464145482765,4.35125930556828e-05,0.9772493858039623,0.022707101602981998,1,Low volatility
2013-12-02,1800.9000244140625,-0.002722723534716,-0.2630585796160397,4.6576003543907934e-05,0.9750620989343661,0.02489132506208983,1,Low volatility
2013-12-03,1795.1500244140625,-0.0031979559918937,-0.3048987541049661,5.353003928783287e-05,0.9726284687387575,0.027318001221954793,1,Low volatility
2013-12-04,1792.81005859375,-0.001304343469787,-0.1381822827387545,5.0166274922665065e-05,0.9748587209795062,0.02509111274557108,1,Low volatility
2013-12-05,1785.030029296875,-0.0043490158130801,-0.4062397779307508,6.388083144013751e-05,0.9689306906596131,0.03100542850894678,1,Low volatility
2013-12-06,1805.0899658203125,0.0111751948768761,0.9605348904664224,0.00023177092091738235,0.9252454794925656,0.0745227495865171,1,Low volatility
2013-12-09,1808.3699951171875,0.0018154512479506,0.1364890983680352,0.00015107299900959007,0.9514226169943768,0.04842631000661355,1,Low volatility
2013-12-10,1802.6199951171875,-0.0031847248956573,-0.303733868653963,0.00012157057201754328,0.9578829938014186,0.041995435626563785,1,Low volatility
2013-12-11,1782.219970703125,-0.0113813976746071,-1.02538116803372,0.000627516793512296,0.8443691466843389,0.15500333652214873,1,Low volatility
2013-12-12,1775.5,-0.0037776883791558,-0.355939258333107,0.00047814211495619797,0.8813553738329044,0.11816648405213954,1,Low volatility
2013-12-13,1775.3199462890625,-0.0001014152865064,-0.0322746909361857,0.0002709799890657683,0.9265789051957817,0.07315011481515257,1,Low volatility
2013-12-16,1786.5400390625,0.0063001521293966,0.5313288543154702,0.00023265094701911218,0.9368209017157617,0.06294644733721912,1,Low volatility
2013-12-17,1781.0,-0.0031058059363715,-0.2967857257459384,0.00016744806125955431,0.9489948951554824,0.050837656783258064,1,Low volatility
2013-12-18,1810.6500244140625,0.0165109060091745,1.4302988584489271,0.0023121148149789924,0.6565599685671114,0.3411279166179096,1,Low volatility
2013-12-19,1809.5999755859373,-0.0005800974283936,-0.0744185808132286,0.0011368633216902685,0.780781565876282,0.21808157080202775,1,Low volatility
2013-12-20,1818.3199462890625,0.0048071554406901,0.3998831985666005,0.0007048248638106906,0.8502745939821098,0.14902058115407946,1,Low volatility
2013-12-23,1827.989990234375,0.005304028886206,0.4436286779531774,0.0004723520139792207,0.8927744401722042,0.10675320781381667,1,Low volatility
2013-12-24,1833.3199462890625,0.0029115043043059,0.2329872445581621,0.00026283467688046323,0.9318211811571772,0.0679159841659423,1,Low volatility
2013-12-26,1842.02001953125,0.0047343046211327,0.3934693037328073,0.00017987043872192543,0.9485196730860438,0.05130045647523431,1,Low volatility
2013-12-27,1841.4000244140625,-0.0003366410106071,-0.0529843145993213,0.00010852827985204279,0.9631464659001789,0.036745005819969014,1,Low volatility
2013-12-30,1841.0699462890625,-0.0001792699620146,-0.0391291327127157,7.231795577415496e-05,0.9710370284484228,0.02889065359580303,1,Low volatility
2013-12-31,1848.3599853515625,0.0039518563491114,0.3245813905958289,6.014472503979798e-05,0.9733907750582502,0.026549080216709965,1,Low volatility
2014-01-02,1831.97998046875,-0.0089014130166296,-0.8070396190665798,0.00018144711884995505,0.9320649567607578,0.06775359612039225,1,Low volatility
2014-01-03,1831.3699951171875,-0.0003330205201601,-0.0526655612192648,0.00013183833096115497,0.9542766275778548,0.045591534091184126,1,Low volatility
2014-01-06,1826.77001953125,-0.0025149272537596,-0.2447638850469884,0.00010385830798158766,0.9619162159928618,0.03797992569915671,1,Low volatility
2014-01-07,1837.8800048828125,0.0060633453753915,0.5104800344209468,0.00010383626496847685,0.9621596244955181,0.03773653923951341,1,Low volatility
2014-01-08,1837.489990234375,-0.0002122315034513,-0.0420311159933313,7.270051842830643e-05,0.9704892509630728,0.029438048518498818,1,Low volatility
2014-01-09,1838.1300048828125,0.0003482485435144,0.0073143834741806,5.3923680567049085e-05,0.9751691951337188,0.02477688118571401,1,Low volatility
2014-01-10,1842.3699951171875,0.0023040304904551,0.1795043437480703,4.468142211209636e-05,0.9773760074072277,0.022579311170660178,1,Low volatility
2014-01-13,1819.199951171875,-0.0126559664587944,-1.1375961052146517,0.00047920503016489084,0.8474338124229528,0.15208698254688235,1,Low volatility
2014-01-14,1838.8800048828125,0.0107598761199341,0.9239696075264152,0.0010979576680633261,0.7784016899021143,0.22050035242982238,1,Low volatility
2014-01-15,1848.3800048828125,0.005152889134683,0.4303221087565143,0.0007239064993099285,0.8447438847375808,0.15453220876310933,1,Low volatility
2014-01-16,1845.8900146484373,-0.0013480284864266,-0.1420283767736766,0.0004054741965699891,0.9009844997207906,0.09861002608263937,1,Low volatility
2014-01-17,1838.699951171875,-0.0039027803200148,-0.3669525394203917,0.00030516904490885354,0.920149450004355,0.07954538095073622,1,Low volatility
2014-01-21,1843.800048828125,0.0027699122428179,0.2205212682355694,0.0001809969536403391,0.9474639157418562,0.052355087304503535,1,Low volatility
2014-01-22,1844.8599853515625,0.0005747000497677,0.0272515119085195,0.00010798891973285972,0.9633098376293974,0.03658217345086978,1,Low volatility
2014-01-23,1828.4599609375,-0.0089293247645709,-0.8094970109945017,0.00027141182583021947,0.9172908874570681,0.08243770071710171,1,Low volatility
2014-01-24,1790.2900390625,-0.0210964214273401,-1.8807063522444072,0.013131966620663762,0.06733068207373884,0.9195373513055974,2,Medium volatility
2014-01-27,1781.56005859375,-0.0048882218533394,-0.4537122821109447,0.008238139249620151,0.10906466912839548,0.8826971916219843,2,Medium volatility
2014-01-28,1792.5,0.0061218756224317,0.5156331246866779,0.005906330662341574,0.17571995096635562,0.8183737183713029,2,Medium volatility
2014-01-29,1774.199951171875,-0.0102617039084957,-0.926801658489096,0.007148344380261512,0.09747993810677427,0.8953717175129643,2,Medium volatility
2014-01-30,1794.18994140625,0.0112040443722181,0.9630748430744476,0.007964103039285506,0.07520777706942533,0.9168281198912892,2,Medium volatility
2014-01-31,1782.5899658203125,-0.0064862902142497,-0.5944086046281543,0.006458262820995623,0.09522800689968304,0.8983137302793214,2,Medium volatility
2014-02-03,1741.8900146484375,-0.0230966047044871,-2.056805471868239,0.031896436927889356,0.0003468467148332516,0.9677567163572773,2,Medium volatility
2014-02-04,1755.199951171875,0.0076120436830819,0.6468297438016806,0.018741084210468748,0.02479982907865517,0.9564590867108761,2,Medium volatility
2014-02-05,1751.6400146484375,-0.0020302824086568,-0.2020950298835928,0.010057896371897737,0.07520671093388447,0.9147353926942178,2,Medium volatility
2014-02-06,1773.4300537109375,0.0123630544533757,1.0651158196484152,0.01085976857436984,0.046629920174210894,0.9425103112514193,2,Medium volatility
2014-02-07,1797.02001953125,0.0132141935042966,1.1400513714336622,0.01225250912731619,0.026010443681449516,0.9617370471912343,2,Medium volatility
2014-02-10,1799.8399658203125,0.0015680048032544,0.1147035442326151,0.0072182319462034215,0.08519653959031583,0.9075852284634808,2,Medium volatility
2014-02-11,1819.75,0.0110013759442546,0.9452316123327,0.007881672497879716,0.06999403685356526,0.9221242906485551,2,Medium volatility
2014-02-12,1819.260009765625,-0.000269298647721,-0.0470553925084687,0.005149961882433032,0.1561256303352884,0.8387244077822785,2,Medium volatility
2014-02-13,1829.8299560546875,0.0057932119787764,0.486697087193847,0.004256872049220726,0.24061416255711562,0.7551289653936637,2,Medium volatility
2014-02-14,1838.6300048828125,0.0047976893855485,0.3990497929503291,0.00330782858517301,0.362690201157836,0.634001970256991,2,Medium volatility
2014-02-18,1840.760009765625,0.0011578033925587,0.0785888000902674,0.002172752605534279,0.5350491002338448,0.4627781471606209,1,Low volatility
2014-02-19,1828.75,-0.0065458617731959,-0.5996533735475346,0.0023546353635119275,0.5395404751599743,0.4581048894765138,1,Low volatility
2014-02-20,1839.780029296875,0.0060133418269341,0.5060776474187038,0.0018437799316146837,0.6377329560268762,0.36042326404150915,1,Low volatility
2014-02-21,1836.25,-0.0019205666731814,-0.1924354928567371,0.0011289075117014765,0.7539203856177061,0.24495070687059248,1,Low volatility
2014-02-24,1847.6099853515625,0.0061674555523314,0.5196460497118797,0.0008847011626772211,0.8120229050519083,0.1870923937854144,1,Low volatility
2014-02-25,1845.1199951171875,-0.0013485906767742,-0.1420778728505634,0.0005007469429467924,0.8806265358392505,0.11887271721780271,1,Low volatility
2014-02-26,1845.1600341796875,2.169974212495873e-05,-0.0214354601506102,0.0002763267695596888,0.9263893371126897,0.07333433611775068,1,Low volatility
2014-02-27,1854.2900390625,0.0049358814084161,0.4112164248005525,0.0001968750116363069,0.9443465075685941,0.0554566174197696,1,Low volatility
2014-02-28,1859.449951171875,0.0027788242813375,0.2213058974019495,0.00012115437149592727,0.9606532230688258,0.03922562255967822,1,Low volatility
2014-03-03,1845.72998046875,-0.0074058662004548,-0.6753694462910823,0.00020259240422508749,0.9354515627472302,0.06434584484854473,1,Low volatility
2014-03-04,1873.9100341796875,0.0151523226761423,1.3106871550535095,0.0017679270828952032,0.7121097652095282,0.28612230770757674,1,Low volatility
2014-03-05,1873.81005859375,-5.335274966444814e-05,-0.0280431934921974,0.0008678788909060699,0.8222368914631095,0.17689522964598425,1,Low volatility
2014-03-06,1877.030029296875,0.0017169334968567,0.12781544859145,0.0004514228448588727,0.8933330571308375,0.10621552002430351,1,Low volatility
2014-03-07,1878.0400390625,0.0005379445771156,0.024015505263856,0.00024402724045449932,0.9341292579806284,0.06562671477891707,1,Low volatility
2014-03-10,1877.1700439453125,-0.0004633536412192,-0.0641402836302386,0.00014359291776217773,0.9552260356347775,0.04463037144746034,1,Low volatility
2014-03-11,1867.6300048828125,-0.0050950969752152,-0.4719258764603408,0.00014805809962066798,0.9507757073137549,0.049076234586624363,1,Low volatility
2014-03-12,1868.199951171875,0.0003051243232095,0.00351766278517,9.670463406156168e-05,0.9649001925773021,0.03500310278863636,1,Low volatility
2014-03-13,1846.3399658203125,-0.0117700916958831,-1.0596023695265069,0.0005901182972387019,0.8466066512187951,0.1528032304839662,1,Low volatility
2014-03-14,1841.1300048828125,-0.0028257664174455,-0.2721306287324833,0.00041588517698205315,0.8923265805327228,0.10725753429029503,1,Low volatility
2014-03-17,1858.8299560546875,0.009567717695039,0.8190102013185951,0.0006424937260471903,0.8640789236139848,0.1352785826599681,1,Low volatility
2014-03-18,1872.25,0.0071936822454734,0.6099965787166778,0.000557550309546811,0.8811669644423559,0.11827548524809738,1,Low volatility
2014-03-19,1860.77001953125,-0.0061505250967348,-0.5648473427826375,0.0005555867028379606,0.8765267925404321,0.12291762075672995,1,Low volatility
2014-03-20,1872.010009765625,0.0060223340875218,0.5068693394556358,0.000414178795563064,0.9041563240316993,0.09542949717273769,1,Low volatility
2014-03-21,1866.52001953125,-0.0029369801166092,-0.2819220487171419,0.0002692076804634313,0.9291003469452219,0.07063044537431458,1,Low volatility
2014-03-24,1857.43994140625,-0.0048765809593627,-0.4526874004391735,0.00024215329958230964,0.932407344156445,0.06735050254397267,1,Low volatility
2014-03-25,1865.6199951171875,0.004394270848822,0.3635322231510242,0.00016751793321065662,0.9501231975898563,0.04970928447693308,1,Low volatility
2014-03-26,1852.56005859375,-0.0070249369548758,-0.6418318672342695,0.00024295729673827495,0.9289128038289046,0.07084423887435705,1,Low volatility
2014-03-27,1849.0400390625,-0.0019018913439774,-0.190791289013477,0.00016399458116950354,0.948904096435869,0.050931908982961606,1,Low volatility
2014-03-28,1857.6199951171875,0.0046294892434097,0.384241201512901,0.00012374145883134967,0.9591170011101323,0.04075925743103623,1,Low volatility
2014-03-31,1872.3399658203125,0.0078928713847963,0.6715542336036495,0.00015703457883436525,0.9501001383134078,0.04974282710775792,1,Low volatility
2014-04-01,1885.52001953125,0.0070146880442134,0.5942376622114778,0.00016599793750159066,0.9489764514539647,0.050857550608533766,1,Low volatility
2014-04-02,1890.9000244140625,0.0028492638318393,0.2275075005109199,0.00010793607121261055,0.963048163570489,0.03684390035829854,1,Low volatility
2014-04-03,1888.77001953125,-0.0011270852130111,-0.122576201375643,7.544187909160444e-05,0.9699076767757858,0.030016881345122575,1,Low volatility
2014-04-04,1865.0899658203125,-0.012616542925314,-1.1341251985144112,0.0006573621558236189,0.8259382721929663,0.17340436565120992,1,Low volatility
2014-04-07,1845.0400390625,-0.0108083123321494,-0.9749258795463212,0.0020386541444878522,0.6368661232977992,0.361095222557713,1,Low volatility
2014-04-08,1851.9599609375,0.0037435379801769,0.306240730622327,0.0011890669715364666,0.7582099603451022,0.24060097268336128,1,Low volatility
2014-04-09,1872.1800537109373,0.0108590393419651,0.932700085527226,0.0020513996302946387,0.6703954994857912,0.32755310088391415,1,Low volatility
2014-04-10,1833.0799560546875,-0.0211059677373866,-1.8815468236222312,0.021283555715542996,0.015234926408041345,0.9634815178764157,2,Medium volatility
2014-04-11,1815.68994140625,-0.0095320597398975,-0.8625626973914514,0.01566194935026233,0.019555455325725276,0.9647825953240124,2,Medium volatility
2014-04-14,1830.6099853515625,0.0081837081507405,0.6971599363520842,0.010872796012351978,0.043753635523988796,0.9453735684636592,2,Medium volatility
2014-04-15,1842.97998046875,0.0067345795177038,0.5695764896674159,0.00767769928686212,0.08430833017258217,0.9080139705405558,2,Medium volatility
2014-04-16,1862.31005859375,0.0104338679487661,0.8952673617928405,0.007792222197181721,0.07768682280013123,0.9145209550026872,2,Medium volatility
2014-04-17,1864.8499755859373,0.0013629237070942,0.0966478985835752,0.005061691969502688,0.17121199754840144,0.8237263104820958,2,Medium volatility
2014-04-21,1871.8900146484373,0.0037680156555719,0.308395781680271,0.0037399637449725535,0.29228580352011496,0.7039742327349124,2,Medium volatility
2014-04-22,1879.550048828125,0.0040837889961284,0.3361969376583335,0.002792252271914077,0.4348601059760025,0.5623476417520835,2,Medium volatility
2014-04-23,1875.3900146484373,-0.0022157668625224,-0.2184253579104473,0.0019663215207660545,0.5755540621871059,0.4224796162921281,1,Low volatility
2014-04-24,1878.6099853515625,0.0017154882753311,0.1276882091323327,0.0012079647552879463,0.7249097848046784,0.2738822504400336,1,Low volatility
2014-04-25,1863.4000244140625,-0.0081293447435015,-0.739065576517199,0.00179595531798567,0.656944599335534,0.3412594453464803,1,Low volatility
2014-04-28,1869.4300537109373,0.0032308111625019,0.2610994967005615,0.0010419066588182434,0.7779427220118414,0.2210153713293402,1,Low volatility
2014-04-29,1878.3299560546875,0.0047494605046338,0.3948036503260214,0.000679419635069068,0.84888507817314,0.15043550219179097,1,Low volatility
2014-04-30,1883.949951171875,0.0029875498027012,0.2396824036827144,0.000383323072480004,0.9060280349293346,0.0935886419981856,1,Low volatility
2014-05-01,1883.6800537109373,-0.0001432717443323,-0.0359597959252779,0.0002133231997644379,0.9403243343851106,0.059462342415124915,1,Low volatility
2014-05-02,1881.1400146484373,-0.0013493550298715,-0.1421451676375233,0.00013390083125421474,0.9569587974194147,0.042907301749331064,1,Low volatility
2014-05-05,1884.6600341796875,0.00186946758234,0.1412447770300665,8.586506674558603e-05,0.9681761559868273,0.031737978946427166,1,Low volatility
2014-05-06,1867.719970703125,-0.0090290314619911,-0.8182753373793424,0.00023579440795415754,0.9226214549662841,0.07714275062576187,1,Low volatility
2014-05-07,1878.2099609375,0.0056007548710335,0.469752876317724,0.0002081627015793794,0.9385413131060691,0.061250524192351524,1,Low volatility
2014-05-08,1875.6300048828125,-0.0013745692327864,-0.1443650636770821,0.00013552996823557782,0.9558959390263302,0.0439685310054341,1,Low volatility
2014-05-09,1878.47998046875,0.0015183231948787,0.1103295013154401,8.700436784406584e-05,0.9677614623244318,0.03215153330772425,1,Low volatility
2014-05-12,1896.6500244140625,0.0096262561723161,0.8241640161866611,0.00017367012672686493,0.9433810280918854,0.05644530178138772,1,Low volatility
2014-05-13,1897.449951171875,0.0004216687882827,0.0137784113530186,0.00011216209503387376,0.9610776525280457,0.038810185376920436,1,Low volatility
2014-05-14,1888.530029296875,-0.0047120895650172,-0.4382053326902338,0.0001165344915023861,0.9574348649724755,0.042448600536022105,1,Low volatility
2014-05-15,1870.8499755859373,-0.0094059041839349,-0.8514557740437285,0.0003486733108461484,0.8994935592310594,0.10015776745809446,1,Low volatility
2014-05-16,1877.8599853515625,0.0037399628190009,0.3059259680989122,0.00023601274205235553,0.9331076640703208,0.06665632318762695,1,Low volatility
2014-05-19,1885.0799560546875,0.0038374141897037,0.3145057321550225,0.00015687195630395762,0.9522583035743769,0.04758482446931908,1,Low volatility
2014-05-20,1872.8299560546875,-0.0065196046085427,-0.5973416536006296,0.00020749583920928467,0.9365821556536961,0.06321034850709449,1,Low volatility
2014-05-21,1888.030029296875,0.0080833405477465,0.688323422854577,0.0002604164567843938,0.9294658077042982,0.07027377583891725,1,Low volatility
2014-05-22,1892.489990234375,0.0023594441947141,0.1843830489380388,0.0001541632119800914,0.9531761648007016,0.046669671987318355,1,Low volatility
2014-05-23,1900.530029296875,0.0042393929178849,0.3498965390620709,0.00010992374455411531,0.9626980601662388,0.03719201608920718,1,Low volatility
2014-05-27,1911.9100341796875,0.0059699502115284,0.5022573848661146,0.00010285673661710377,0.9630475824950139,0.036849560768369045,1,Low volatility
2014-05-28,1909.780029296875,-0.0011146927500584,-0.1214851504500228,7.422920009440255e-05,0.9699240273410111,0.030001743458894413,1,Low volatility
2014-05-29,1920.030029296875,0.0053527586573611,0.4479189197014855,7.213625334697327e-05,0.9696872557004362,0.030240608046216814,1,Low volatility
2014-05-30,1923.5699462890625,0.0018419804431015,0.1388247682857769,5.524706436686996e-05,0.9747773966599241,0.02516735627570899,1,Low volatility
2014-06-02,1924.969970703125,0.0007275613640587,0.0407096500595309,4.4324641048428544e-05,0.9774805270793746,0.022475148279577015,1,Low volatility
2014-06-03,1924.239990234375,-0.000379288469535,-0.056739060505461,3.937672502189114e-05,0.9783671923010511,0.021593430973927154,1,Low volatility
2014-06-04,1927.8800048828125,0.0018898766063628,0.143041617951526,3.66935006741012e-05,0.9792097498698178,0.02075355662950806,1,Low volatility
2014-06-05,1940.4599609375,0.0065040821196626,0.5492831548843473,5.361952827386379e-05,0.9722622170006127,0.02768416347111352,1,Low volatility
2014-06-06,1949.43994140625,0.0046170835480197,0.3831489855837605,5.725324411308954e-05,0.9728548155662726,0.027087931189614275,1,Low volatility
2014-06-09,1951.27001953125,0.0009383308564867,0.0592661106020239,4.7247487531653906e-05,0.9765285912076378,0.023424161304830486,1,Low volatility
2014-06-10,1950.7900390625,-0.0002460138818793,-0.0450053669871979,4.109609079402527e-05,0.9779636306849244,0.021995273224281617,1,Low volatility
2014-06-11,1943.8900146484373,-0.0035433111516667,-0.3353043375774568,4.9258949733576866e-05,0.973551830031639,0.0263989110186273,1,Low volatility
2014-06-12,1930.1099853515625,-0.0071141390889097,-0.6496853561877133,0.00011060019121353531,0.9519737534812728,0.04791564632751361,1,Low volatility
2014-06-13,1936.1600341796875,0.0031296591990708,0.2521939269400512,9.253635357079929e-05,0.9642472940284489,0.03566016961798033,1,Low volatility
2014-06-16,1937.780029296875,0.0008363553307866,0.0502880331907481,6.618162242480246e-05,0.9721028850953575,0.02783093328221773,1,Low volatility
2014-06-17,1941.989990234375,0.0021702124448887,0.1677228033846104,5.1250280966343316e-05,0.9758678983978146,0.024080851321219017,1,Low volatility
2014-06-18,1956.97998046875,0.0076892431607298,0.6536265009811556,8.003378126962001e-05,0.9649869855760889,0.03493298064264153,1,Low volatility
2014-06-19,1959.47998046875,0.0012766632951644,0.0890534032326822,6.261077049579889e-05,0.9724982753129575,0.027439113916546753,1,Low volatility
2014-06-20,1962.8699951171875,0.0017285634956767,0.1288393710373718,4.930579188193274e-05,0.9762613806150272,0.023689313593090816,1,Low volatility
2014-06-23,1962.6099853515625,-0.0001324728528988,-0.0350090454135222,4.175013970671609e-05,0.9778972717758715,0.02206097808442184,1,Low volatility
2014-06-24,1949.97998046875,-0.0064561064986179,-0.5917511852754049,8.051980635915324e-05,0.9610579431918519,0.03886153700178899,1,Low volatility
2014-06-25,1959.530029296875,0.0048855574227175,0.4067858260255611,8.451684095964619e-05,0.9655929709857661,0.034322512173274325,1,Low volatility
2014-06-26,1957.219970703125,-0.0011795794276396,-0.1271978703432033,6.672250645360882e-05,0.9712101675452885,0.028723109948257743,1,Low volatility
2014-06-27,1960.9599609375,0.0019090452380838,0.144729252884299,5.2138262797400894e-05,0.9755337638125989,0.024414097924603775,1,Low volatility
2014-06-30,1960.22998046875,-0.0003723259970014,-0.0561260740368805,4.368141117969105e-05,0.9773585167105204,0.022597801878299868,1,Low volatility
2014-07-01,1973.3199462890625,0.0066555728968227,0.5626206289017661,6.111541640728405e-05,0.9704589947300074,0.02947988985358529,1,Low volatility
2014-07-02,1974.6199951171875,0.000658596075123,0.0346378431381657,5.1274958575123206e-05,0.9752541075236032,0.024694617517821687,1,Low volatility
2014-07-03,1985.43994140625,0.0054645502276722,0.4577612163240382,5.727390906703892e-05,0.9726919322816134,0.027250793809319454,1,Low volatility
2014-07-07,1977.6500244140625,-0.0039312390543235,-0.369458088844102,6.624789330048673e-05,0.9689273955470339,0.03100635655966553,1,Low volatility
2014-07-08,1963.7099609375,-0.0070737621816805,-0.6461305130403706,0.00013313690567602653,0.9475669144343305,0.052299948659993524,1,Low volatility
2014-07-09,1972.8299560546875,0.0046335165532589,0.3845957718800266,0.0001178662868032434,0.958300525139357,0.04158160857383966,1,Low volatility
2014-07-10,1964.6800537109373,-0.0041396283244736,-0.3878049910663969,0.00011400034821350642,0.958318605320359,0.04156739433142739,1,Low volatility
2014-07-11,1967.5699462890625,0.0014698419980474,0.1060611444214262,7.901389577607715e-05,0.9690275042093047,0.030893481894919368,1,Low volatility
2014-07-14,1977.0999755859373,0.0048318607269965,0.4020582888287375,7.059425916195098e-05,0.9704853368361076,0.029444068904730517,1,Low volatility
2014-07-15,1973.280029296875,-0.0019339645679457,-0.1936150634989691,5.975525869895066e-05,0.9726904519284676,0.027249792812833393,1,Low volatility
2014-07-16,1981.5699462890625,0.0041922850094486,0.3457490885270454,5.579260839886368e-05,0.9739089456930691,0.02603526169853212,1,Low volatility
2014-07-17,1958.1199951171875,-0.0119046059274774,-1.071445203146444,0.00043386956310525354,0.8650074331090561,0.13455869732783862,1,Low volatility
2014-07-18,1978.219970703125,0.0102126088996712,0.8757873850329135,0.000866843982806423,0.8173489648896816,0.181784191127512,1,Low volatility
2014-07-21,1973.6300048828125,-0.0023229464239049,-0.2278616063866611,0.0005224706747400948,0.8772180352437955,0.12225949408146437,1,Low volatility
2014-07-22,1983.530029296875,0.0050036111673001,0.4171794538129834,0.000354800221947033,0.9129132043556465,0.08673199542240655,1,Low volatility
2014-07-23,1987.010009765625,0.0017529007770127,0.1309820615929194,0.00019569480699294504,0.9448262333425768,0.054978071850430306,1,Low volatility
2014-07-24,1987.97998046875,0.000488036812551,0.019621551218427,0.00011488783132969422,0.9618836094951865,0.03800150267348394,1,Low volatility
2014-07-25,1978.3399658203125,-0.0048609460461097,-0.4513108793519782,0.00011857567726197733,0.9572319659412913,0.04264945838144666,1,Low volatility
2014-07-28,1978.9100341796875,0.0002881133935535,0.0020199951610924,8.159933639541809e-05,0.9682678247580612,0.03165057590554348,1,Low volatility
2014-07-29,1969.949951171875,-0.0045380684137139,-0.4228842509220932,8.908614399341469e-05,0.9635002342070248,0.03641067964898172,1,Low volatility
2014-07-30,1970.0699462890625,6.091091940962912e-05,-0.0179832496066377,6.71321293307811e-05,0.9713940711890713,0.02853879668159793,1,Low volatility
2014-07-31,1930.6700439453125,-0.0202019321552295,-1.8019541823151004,0.006591015674420507,0.20044294758994247,0.792966036735637,2,Medium volatility
2014-08-01,1925.1500244140625,-0.0028632162312982,-0.2754277662122764,0.00426695658485213,0.3087737034584347,0.6869593399567132,2,Medium volatility
2014-08-04,1938.989990234375,0.0071633144496461,0.607322952668903,0.0036853691559426745,0.3781674449057528,0.6181471859383046,2,Medium volatility
2014-08-05,1920.2099609375,-0.0097326791973362,-0.88022553371151,0.0051721698062593925,0.2473964001038389,0.7474314300899016,2,Medium volatility
2014-08-06,1920.239990234375,1.563842636009838e-05,-0.0219691074329115,0.0032172081284934676,0.4033815346886423,0.5934012571828643,2,Medium volatility
2014-08-07,1909.5699462890625,-0.0055721154467329,-0.5139232943161642,0.002904400386130998,0.4513075597617317,0.5457880398521373,2,Medium volatility
2014-08-08,1931.5899658203125,0.011465422557972,0.9860869684761704,0.004692708577971633,0.3311848256116546,0.6641224658103737,2,Medium volatility
2014-08-11,1936.9200439453125,0.0027556250258413,0.2192634003390622,0.0028004351170003443,0.4947511432029437,0.5024484216800558,2,Medium volatility
2014-08-12,1933.75,-0.0016379823741559,-0.1675563496069803,0.0017380919810100254,0.6400661149146754,0.3581957931043148,1,Low volatility
2014-08-13,1946.719970703125,0.0066847671025112,0.5651909303229414,0.0014685783523640684,0.7082148399675167,0.2903165816801193,1,Low volatility
2014-08-14,1955.1800537109373,0.004336398273697,0.3584370353018322,0.0009159783745812583,0.8042460409812667,0.19483798064415211,1,Low volatility
2014-08-15,1955.06005859375,-6.137480757040237e-05,-0.0287494674376655,0.0004944458236905272,0.8812983956051279,0.1182071585711816,1,Low volatility
2014-08-18,1971.739990234375,0.0084954832196597,0.7246090785305165,0.0005824549215280353,0.8748057960499773,0.12461174902849476,1,Low volatility
2014-08-19,1981.5999755859373,0.0049881901791977,0.4158217670151837,0.0003754980462716118,0.9114759061008332,0.08814859585289508,1,Low volatility
2014-08-20,1986.510009765625,0.0024747482825437,0.1945345928429473,0.00020721967522646008,0.9431977814582417,0.056594998866531784,1,Low volatility
2014-08-21,1992.3699951171875,0.0029455472802704,0.2359844389479055,0.00012628726646183937,0.9597851725321958,0.04008854020134248,1,Low volatility
2014-08-22,1988.4000244140625,-0.0019945749188226,-0.1989512892096138,8.95142972917939e-05,0.9664909694298028,0.03341951627290541,1,Low volatility
2014-08-25,1997.9200439453125,0.0047763538636038,0.3971713817696619,7.70584599113475e-05,0.9691186281629713,0.030804313377117372,1,Low volatility
2014-08-26,2000.02001953125,0.0010505288952433,0.0691441933128942,5.64183558529556e-05,0.9746274997607989,0.02531608188334808,1,Low volatility
2014-08-27,2000.1199951171875,4.998604328498857e-05,-0.0189450919985473,4.5239412148718716e-05,0.9771578733151579,0.022796887272693286,1,Low volatility
2014-08-28,1996.739990234375,-0.0016913305449461,-0.1722532021489614,4.304017534320751e-05,0.9768098000271582,0.023147159797498585,1,Low volatility
2014-08-29,2003.3699951171875,0.00331491432902,0.268504064947197,4.2305934779815134e-05,0.9773955778377815,0.02256211622743868,1,Low volatility
2014-09-02,2002.280029296875,-0.0005442142177027,-0.0712593694128828,3.930304863762747e-05,0.978198292444977,0.02176240450638526,1,Low volatility
2014-09-03,2000.719970703125,-0.0007794447528013,-0.0919694166434506,3.796347592286498e-05,0.9784212792382951,0.021540757285781986,1,Low volatility
2014-09-04,1997.6500244140625,-0.001535599204713,-0.1585423826324593,3.9072147573228134e-05,0.9777154453555735,0.022245482496853118,1,Low volatility
2014-09-05,2007.7099609375,0.0050232477049592,0.4189082838825759,4.6907287102562674e-05,0.9752211962120956,0.024731896500801695,1,Low volatility
2014-09-08,2001.5400390625,-0.0030778458543165,-0.2943240784105409,5.262591719585458e-05,0.973028978719034,0.026918395363769998,1,Low volatility
2014-09-09,1988.43994140625,-0.0065665215326848,-0.6014722895934805,0.0001013366159695416,0.9557407949304124,0.044157868453618,1,Low volatility
2014-09-10,1995.68994140625,0.0036394436003677,0.2970761061343474,8.80329025648952e-05,0.9654413982324177,0.03447056886501751,1,Low volatility
2014-09-11,1997.449951171875,0.0008815167647231,0.054264113207031,6.362470698733672e-05,0.9727245024286586,0.027211872864353965,1,Low volatility
2014-09-12,1985.5400390625,-0.0059804054920062,-0.5498697589953199,9.546814081489374e-05,0.9593999192194681,0.04050461263971689,1,Low volatility
2014-09-15,1984.1300048828125,-0.0007104037481093,-0.0858909435939469,7.607199208223734e-05,0.9684994613889778,0.031424466618939974,1,Low volatility
2014-09-16,1998.97998046875,0.007456507324556,0.633136090765557,0.0001037653024633109,0.9603657454550432,0.039530489242493486,1,Low volatility
2014-09-17,2001.5699462890625,0.0012948050790884,0.0906506329535401,7.389000231222107e-05,0.9701160429166963,0.029810067080991508,1,Low volatility
2014-09-18,2011.3599853515625,0.0048792571273397,0.4062311386216232,6.781419637834388e-05,0.971018481163649,0.02891370463997274,1,Low volatility
2014-09-19,2010.4000244140625,-0.000477383510403,-0.0653754942431524,5.339668500546373e-05,0.974911136513225,0.02503546680176944,1,Low volatility
2014-09-22,1994.2900390625,-0.0080456025302186,-0.731692787131866,0.00013507766127453371,0.944644554192465,0.055220368146260586,1,Low volatility
2014-09-23,1982.77001953125,-0.005793250079626,-0.5333923172880787,0.00019006537362199104,0.9367702773371069,0.06303965728927101,1,Low volatility
2014-09-24,1998.300048828125,0.0078019767586541,0.6635517351201056,0.00023897050737759233,0.9323745461561592,0.06738648333646302,1,Low volatility
2014-09-25,1965.989990234375,-0.0163009132651703,-1.458502659635024,0.004479114677411838,0.41928667002631387,0.5762342152962744,2,Medium volatility
2014-09-26,1982.8499755859373,0.0085392611240013,0.7284633505372939,0.0039884024522006045,0.43885812906048843,0.5571534684873111,2,Medium volatility
2014-09-29,1977.800048828125,-0.0025500508569153,-0.2478562194667412,0.0023839297545996344,0.5732319261178954,0.4243841441275051,1,Low volatility
2014-09-30,1972.2900390625,-0.002789816544312,-0.2689655482712428,0.0015274519130179763,0.6885471582421209,0.3099253898448613,1,Low volatility
2014-10-01,1946.1600341796875,-0.0133371061126377,-1.197564656473503,0.005701176278596027,0.2897346972082285,0.7045641265131756,2,Medium volatility
2014-10-02,1946.1700439453125,5.1433282504120825e-06,-0.0228931115272351,0.003210520985499649,0.4530801064528304,0.5437093725616697,2,Medium volatility
2014-10-03,1967.9000244140625,0.0111036355239031,0.9542346982773492,0.004662975538122693,0.35124905362575765,0.6440879708361196,2,Medium volatility
2014-10-06,1964.8199462890625,-0.0015663860013983,-0.1612528981408443,0.002763012677462206,0.5032973263871187,0.4939396609354191,1,Low volatility
2014-10-07,1935.0999755859373,-0.0152416186191288,-1.3652407787256795,0.009463952808574106,0.09111708703001017,0.8994189601614158,2,Medium volatility
2014-10-08,1968.8900146484373,0.0173109474980588,1.5007357046443526,0.017359602947539944,0.0125111694500479,0.9701292276024122,2,Medium volatility
2014-10-09,1928.2099609375,-0.0208778484543143,-1.8614628616287328,0.041557502978310824,0.0002862961671974332,0.9581562008544917,2,Medium volatility
2014-10-10,1906.1300048828125,-0.0115170800262109,-1.0373268446819128,0.03155435295668602,0.006688994809576224,0.9617566522337377,2,Medium volatility
2014-10-13,1874.739990234375,-0.0166050332025227,-1.4852778326102738,0.03977262948267497,0.001566534940577639,0.9586608355767474,2,Medium volatility
2014-10-14,1877.699951171875,0.0015776196808667,0.1155500524012226,0.01894605398636859,0.041239789103777784,0.9398141569098536,2,Medium volatility
2014-10-15,1862.489990234375,-0.0081333007260777,-0.7394138671248024,0.013083770628280375,0.04600792672826361,0.940908302643456,2,Medium volatility
2014-10-16,1862.760009765625,0.0001449672004421,-0.0105828092281015,0.007342426926035065,0.11855215317674944,0.8741054198972156,2,Medium volatility
2014-10-17,1886.760009765625,0.0128018133771465,1.103744809844427,0.009375976069681137,0.06230013590002035,0.9283238880302985,2,Medium volatility
2014-10-20,1904.010009765625,0.0091011161212808,0.7779299026816047,0.007995835469788834,0.07770583299150167,0.9142983315387094,2,Medium volatility
2014-10-21,1941.280029296875,0.0193853708277513,1.6833710292467283,0.019881689865275255,0.004909721968284272,0.9752085881664405,2,Medium volatility
2014-10-22,1927.1099853515625,-0.0073261006616123,-0.6683467692559455,0.012986284272133481,0.02206532344399401,0.9649483922838725,2,Medium volatility
2014-10-23,1950.8199462890625,0.0122283057215994,1.053252340282624,0.012630450725092205,0.02095228928354759,0.9664172599913602,2,Medium volatility
2014-10-24,1964.5799560546875,0.0070286901757166,0.595470430757612,0.008757809889759131,0.05308889269484433,0.9381532974153965,2,Medium volatility
2014-10-27,1961.6300048828125,-0.0015026968788385,-0.1556456127782786,0.005696491887591287,0.12284345388974027,0.8714600542226684,2,Medium volatility
2014-10-28,1985.050048828125,0.0118683645669106,1.0215625840581373,0.007455657908352147,0.07999120551970593,0.9125531365719419,2,Medium volatility
2014-10-29,1982.300048828125,-0.0013863159906426,-0.1453992657627339,0.005003163397678965,0.1650305284014783,0.8299663082008427,2,Medium volatility
2014-10-30,1994.6500244140625,0.0062107972478733,0.5234619172451885,0.004268107314670268,0.24314699204684367,0.7525849006384862,2,Medium volatility
2014-10-31,2018.050048828125,0.0116631142331486,1.0034920384781636,0.0062064306748640195,0.1621931190904149,0.8316004502347211,2,Medium volatility
2014-11-03,2017.81005859375,-0.0001189289163994,-0.0338166170390647,0.003984083988462484,0.29291589500337417,0.7031000210081634,2,Medium volatility
2014-11-04,2012.0999755859373,-0.0028338532526657,-0.2728426057693334,0.002926164419910615,0.4168417303207398,0.5802321052593497,2,Medium volatility
2014-11-05,2023.5699462890625,0.0056843110608051,0.4771092879156093,0.0023569945972124287,0.5313906205312321,0.46625238487155546,1,Low volatility
2014-11-06,2031.2099609375,0.0037684036443277,0.3084299407891391,0.0015443581038147097,0.6732982179397606,0.3251574239564246,1,Low volatility
2014-11-07,2031.9200439453125,0.0003495251267811,0.0074267757694072,0.000882475154318027,0.7968062597689253,0.20231126507675656,1,Low volatility
2014-11-10,2038.260009765625,0.0031153270195591,0.2509321004748779,0.0005249913026016476,0.8735661544735291,0.1259088542238692,1,Low volatility
2014-11-11,2039.6800537109373,0.0006964516302865,0.0379707026882528,0.0002894881563042223,0.9232009571903144,0.0765095546533814,1,Low volatility
2014-11-12,2038.25,-0.0007013625789173,-0.0850949455705296,0.00017110860025810256,0.9488165956225412,0.051012295777200685,1,Low volatility
2014-11-13,2039.3299560546875,0.0005297044284002,0.0232900302781731,0.00010405323212799683,0.9639978824706155,0.03589806429725656,1,Low volatility
2014-11-14,2039.8199462890625,0.0002402413485471,-0.0021947310975153,6.944559427933055e-05,0.9717648704559787,0.028165683949741997,1,Low volatility
2014-11-17,2041.3199462890625,0.0007350887776578,0.0413723747823056,5.131843737028507e-05,0.9759437508034324,0.024004930759197227,1,Low volatility
2014-11-18,2051.800048828125,0.0051208493536885,0.4275012786403263,5.3759776524156227e-05,0.9739462354820103,0.02600000474146542,1,Low volatility
2014-11-19,2048.719970703125,-0.0015022868756187,-0.1556095154831584,4.900369369437535e-05,0.9753083616670758,0.024642634639229652,1,Low volatility
2014-11-20,2052.75,0.0019651640132032,0.1496700335646525,4.291432501458673e-05,0.9776149821819261,0.02234210349305936,1,Low volatility
2014-11-21,2063.5,0.0052232126037381,0.4365134918817451,4.926792019583601e-05,0.9747258288883713,0.02522490319143275,1,Low volatility
2014-11-24,2069.409912109375,0.0028599298137388,0.2284465494690258,4.54193422008836e-05,0.9767369210373291,0.023217659620469972,1,Low volatility
2014-11-25,2067.030029296875,-0.0011506914684167,-0.1246545313177226,4.214299400541736e-05,0.9772686588433496,0.022689198162645002,1,Low volatility
2014-11-26,2072.830078125,0.002802052471603,0.2233509419250914,4.018742722727738e-05,0.978120883394013,0.02183892917875969,1,Low volatility
2014-11-28,2067.56005859375,-0.0025456646370125,-0.2474700501230692,4.356390283050979e-05,0.9759315427450113,0.024024893352158207,1,Low volatility
2014-12-01,2053.43994140625,-0.0068527893448342,-0.6266757348337864,9.440615850754069e-05,0.9564479034367436,0.04345769040474877,1,Low volatility
2014-12-02,2066.550048828125,0.0063641667588481,0.5369647977903772,0.00011639437426963053,0.9571234304243241,0.042760175201406216,1,Low volatility
2014-12-03,2074.330078125,0.003757673834027,0.3074852722833714,9.041887483506982e-05,0.9659901548926357,0.033919426232529165,1,Low volatility
2014-12-04,2071.919921875,-0.0011625717317853,-0.1257004874278516,6.744637951090814e-05,0.9714522233960633,0.02848033022442589,1,Low volatility
2014-12-05,2075.3701171875,0.001663831598921,0.1231402782789726,5.166525644831914e-05,0.9757449619465256,0.02420337279702607,1,Low volatility
2014-12-08,2060.31005859375,-0.0072830221497151,-0.6645540728033373,0.00010897018843581247,0.9528551781414003,0.04703585167016383,1,Low volatility
2014-12-09,2059.820068359375,-0.0002378518258341,-0.0442867673966992,8.65571304758136e-05,0.9655458443194831,0.03436759855004104,1,Low volatility
2014-12-10,2026.1400146484373,-0.0164861211830489,-1.4748086410210426,0.0027223232635991135,0.528361421658422,0.4689162550779789,1,Low volatility
2014-12-11,2035.3299560546875,0.0045254339716205,0.3750800201533441,0.00175220334471014,0.6594046373197662,0.33884315933552356,1,Low volatility
2014-12-12,2002.3299560546875,-0.0163464657916581,-1.4625131720229614,0.009850925732286055,0.1093057216734234,0.8808433525942905,2,Medium volatility
2014-12-15,1989.6300048828125,-0.0063627862717217,-0.5835351332829308,0.007202434460064957,0.13130643714009718,0.8614911283998379,2,Medium volatility
2014-12-16,1972.739990234375,-0.0085252598653813,-0.7739225344796921,0.006900026043311002,0.10677891565094962,0.8863210583057394,2,Medium volatility
2014-12-17,2012.8900146484373,0.0201480732432957,1.7505204877223115,0.020450669739590862,0.004769736069621933,0.9747795941907872,2,Medium volatility
2014-12-18,2061.22998046875,0.0237313748857088,2.065999709944207,0.06385855389054272,0.0001573889885652205,0.9359840571208919,2,Medium volatility
2014-12-19,2070.64990234375,0.0045596379674188,0.3780913909694671,0.031085262028621562,0.03365971442583081,0.9352550235455476,2,Medium volatility
2014-12-22,2078.5400390625,0.0038032224799273,0.311495443018596,0.015388572534507578,0.091956713879981,0.8926547135855113,2,Medium volatility
2014-12-23,2082.169921875,0.0017448386297047,0.1302722581166892,0.007877393541835103,0.1935382268833179,0.798584379574847,2,Medium volatility
2014-12-24,2081.8798828125,-0.000139306241075,-0.0356106671027071,0.004407394472500548,0.33502768320647247,0.660564922321027,2,Medium volatility
2014-12-26,2088.77001953125,0.0033041099821211,0.2675528341281289,0.002752230262358877,0.49296596834554474,0.5042818013920963,2,Medium volatility
2014-12-29,2090.570068359375,0.0008614034280896,0.0524933050444364,0.0016189025144765854,0.6576987849168497,0.34068231256867365,1,Low volatility
2014-12-30,2080.35009765625,-0.0049005930345042,-0.4548014593562097,0.0013724375761882664,0.7111900886036914,0.2874374738201203,1,Low volatility
2014-12-31,2058.89990234375,-0.0103643835612503,-0.9358417282966774,0.003013610703254551,0.5169469201972942,0.4800394690994514,1,Low volatility
2015-01-02,2058.199951171875,-0.0003400214731357,-0.0532819355633646,0.0016531676878641978,0.6731678166755529,0.32517901563658297,1,Low volatility
2015-01-05,2020.5799560546875,-0.0184472135325872,-1.6474661370617645,0.013185362879306156,0.051658110502107744,0.9351565266185862,2,Medium volatility
2015-01-06,2002.6099853515625,-0.0089332546906995,-0.8098430075535871,0.010554960478575489,0.04567239789139959,0.9437726416300248,2,Medium volatility
2015-01-07,2025.9000244140625,0.0115627358448762,0.9946545754286564,0.010434066631177486,0.03836644781064362,0.9511994855581789,2,Medium volatility
2015-01-08,2062.139892578125,0.0177301681271551,1.5376445142296962,0.01881956904768567,0.005405942965026952,0.9757744879872874,2,Medium volatility
2015-01-09,2044.81005859375,-0.0084393221470788,-0.7663564495571458,0.013254977876511585,0.018058997616433627,0.9686860245070548,2,Medium volatility
2015-01-12,2028.260009765625,-0.0081266168434703,-0.7388254081289294,0.01005853952902638,0.028691670071300177,0.9612497903996734,2,Medium volatility
2015-01-13,2023.030029296875,-0.0025818854358163,-0.2506589832844939,0.006532794669322029,0.07822048029718175,0.9152467250334962,2,Medium volatility
2015-01-14,2011.27001953125,-0.0058300289679751,-0.536630385485638,0.005544904485851273,0.10803294898893054,0.8864221465252182,2,Medium volatility
2015-01-15,1992.6700439453125,-0.009290903004568,-0.8413308986517597,0.006380355622727876,0.0766974625088528,0.9169221818684193,2,Medium volatility
2015-01-16,2019.4200439453125,0.0133348931862675,1.150677951496,0.009070718925914252,0.03710516345695714,0.9538241176171286,2,Medium volatility
2015-01-20,2022.550048828125,0.0015487524334005,0.1130085368696998,0.005854448632594108,0.10428493888531491,0.8898606124820909,2,Medium volatility
2015-01-21,2032.1199951171875,0.0047204650221894,0.3922508447957151,0.004554307565810044,0.18930218990984812,0.806143502524342,2,Medium volatility
2015-01-22,2063.14990234375,0.0151543130706297,1.3108623923534817,0.00943493102232214,0.05231360237221041,0.9382514666054673,2,Medium volatility
2015-01-23,2051.820068359375,-0.0055066562793015,-0.508160171562523,0.006869781652826052,0.0838554214783106,0.9092747968688634,2,Medium volatility
2015-01-26,2057.090087890625,0.0025651679986227,0.202495279536049,0.004751491899989176,0.1775806529420737,0.817667855157937,2,Medium volatility
2015-01-27,2029.550048828125,-0.0134782878158574,-1.2099945042419755,0.008742405634595496,0.04113133411145587,0.9501262602539486,2,Medium volatility
2015-01-28,2002.1600341796875,-0.0135875028110215,-1.2196099553448123,0.011729962443917163,0.01101614799005482,0.977253889566028,2,Medium volatility
2015-01-29,2021.25,0.0094895170582631,0.8121253005959466,0.009641220763921264,0.027775182441835237,0.9625835967942434,2,Medium volatility
2015-01-30,1994.989990234375,-0.0130770990063187,-1.1746732429506257,0.01182577586586902,0.010068861685335878,0.9781053624487951,2,Medium volatility
2015-02-02,2020.8499755859373,0.0128791700002155,1.1105554023412074,0.012479217514257169,0.012737649577697257,0.9747831329080455,2,Medium volatility
2015-02-03,2050.030029296875,0.014336238577453,1.2388378935582434,0.014735471067332499,0.009257914868634174,0.9760066140640333,2,Medium volatility
2015-02-04,2041.510009765625,-0.0041647065724523,-0.3900129174305531,0.009024213817001836,0.041354589736288125,0.9496211964467101,2,Medium volatility
2015-02-05,2062.52001953125,0.0102388107109092,0.8780942315825673,0.008527204068015562,0.047281626209500244,0.9441911697224843,2,Medium volatility
2015-02-06,2055.469970703125,-0.0034240276118788,-0.3248024367855326,0.0059356595325672,0.09907734190205293,0.8949869985653799,2,Medium volatility
2015-02-09,2046.739990234375,-0.0042562393104814,-0.3980715962365647,0.004771402598845426,0.15695425288414194,0.8382743445170127,2,Medium volatility
2015-02-10,2068.590087890625,0.0106189795540618,0.91156486367538,0.006021465063897108,0.12918002905462242,0.8647985058814804,2,Medium volatility
2015-02-11,2068.530029296875,-2.903401015785789e-05,-0.0259021353869721,0.0040894627822354755,0.24683189837971636,0.7490786388380481,2,Medium volatility
2015-02-12,2088.47998046875,0.0095982950659161,0.8217022786664017,0.004850833813247938,0.23426544467087151,0.7608837215158806,2,Medium volatility
2015-02-13,2096.989990234375,0.0040664592277792,0.3346711990000581,0.003421738862118334,0.36773537953555596,0.6288428816023257,2,Medium volatility
2015-02-17,2100.340087890625,0.0015962996977982,0.117194668959005,0.0022004857869637705,0.539617645193661,0.45818186901937513,1,Low volatility
2015-02-18,2099.679931640625,-0.0003143586232292,-0.0510225399733669,0.001368057603581258,0.6921152245562054,0.3065167178402133,1,Low volatility
2015-02-19,2097.449951171875,-0.0010626217157181,-0.1169007389063424,0.0008368057747266034,0.8025378275749552,0.1966253666503183,1,Low volatility
2015-02-20,2110.300048828125,0.0061078427210556,0.5143976471150306,0.00066994662865518,0.8497279889404937,0.1496020644308511,1,Low volatility
2015-02-23,2109.659912109375,-0.0003033852119855,-0.0500564244771699,0.0003657741433578863,0.9078930185852079,0.09174120727143419,1,Low volatility
2015-02-24,2115.47998046875,0.0027549724688311,0.2192059482463897,0.00021304330608735072,0.9406913321064453,0.05909562458746736,1,Low volatility
2015-02-25,2113.860107421875,-0.0007660169636025,-0.0907872140506082,0.00012906171630760506,0.9583141951425594,0.04155674314113296,1,Low volatility
2015-02-26,2110.739990234375,-0.0014771186302544,-0.1533936656149145,8.889029861400718e-05,0.9667270436972548,0.03318406600413107,1,Low volatility
2015-02-27,2104.5,-0.0029606830486317,-0.284008890212797,7.686201650570384e-05,0.9681362158512942,0.03178692213220006,1,Low volatility
2015-03-02,2117.389892578125,0.0061062381811325,0.5142563810265238,8.409958282159663e-05,0.9661330143547511,0.03378288606242719,1,Low volatility
2015-03-03,2107.780029296875,-0.0045488726038174,-0.4238354679366603,9.43115004216828e-05,0.9619165899472729,0.03798909855230539,1,Low volatility
2015-03-04,2098.530029296875,-0.0043981612301546,-0.4105666137658698,0.00010370359838272785,0.9596167325987583,0.040279563802858936,1,Low volatility
2015-03-05,2101.0400390625,0.0011953652510365,0.0818958021460042,7.48106833247151e-05,0.9697361735212273,0.03018901579544801,1,Low volatility
2015-03-06,2071.260009765625,-0.0142753563624671,-1.2801696081644645,0.0011635234940792476,0.7337231331106583,0.26511334339526255,1,Low volatility
2015-03-09,2079.429931640625,0.0039366623579759,0.3232436889496327,0.0007516801284799928,0.8262708998068059,0.17297742006471406,1,Low volatility
2015-03-10,2044.1600341796875,-0.0171068209371414,-1.5294559733406723,0.008746872540633879,0.17360834336042705,0.8176447840989391,2,Medium volatility
2015-03-11,2040.239990234375,-0.001919520676485,-0.1923434017471522,0.0050251963697854184,0.2906708149702702,0.7043039886599444,2,Medium volatility
2015-03-12,2065.949951171875,0.012522702206037,1.0791714459576596,0.007417245726580076,0.1646496756025759,0.827933078670844,2,Medium volatility
2015-03-13,2053.39990234375,-0.0060932370901962,-0.5598036212238604,0.005754506258928567,0.19324311035231584,0.8010023833887555,2,Medium volatility
2015-03-16,2081.18994140625,0.0134429090238556,1.1601878269769244,0.008816201236605876,0.08560139860887665,0.9055824001545175,2,Medium volatility
2015-03-17,2074.280029296875,-0.0033256977077824,-0.3161453253388403,0.005821772748406863,0.1529807069395958,0.8411975203119973,2,Medium volatility
2015-03-18,2099.5,0.0120851015016292,1.040644427122216,0.007687702348508851,0.09358588376534281,0.8987264138861484,2,Medium volatility
2015-03-19,2089.27001953125,-0.0048844891269501,-0.4533836473110928,0.005714521847808621,0.14026248180003262,0.8540229963521587,2,Medium volatility
2015-03-20,2108.10009765625,0.0089723821932592,0.7665959756113526,0.0057405182360874855,0.1536578158411141,0.8406016659227985,2,Medium volatility
2015-03-23,2104.419921875,-0.0017472566067135,-0.1771770160583122,0.0039925738254919015,0.26621080811657793,0.7297966180579302,2,Medium volatility
2015-03-24,2091.5,-0.006158345701591,-0.5655358805010745,0.003867534804584332,0.29354780027345934,0.7025846649219564,2,Medium volatility
2015-03-25,2061.050048828125,-0.0146659265272388,-1.3145559881294724,0.009383779127517061,0.04998748243248084,0.940628738440002,2,Medium volatility
2015-03-26,2056.14990234375,-0.0023803307374734,-0.2329138069600229,0.006084151293270339,0.11187656062689566,0.882039288079834,2,Medium volatility
2015-03-27,2061.02001953125,0.0023657607295035,0.1849391660840002,0.004268402019391996,0.2210086407455178,0.7747229572350902,2,Medium volatility
2015-03-30,2086.239990234375,0.0121623826471495,1.0474483744630103,0.0065842485230123505,0.1325983180081042,0.8608174334688834,2,Medium volatility
2015-03-31,2067.889892578125,-0.008834686217531,-0.8011648921298861,0.0067193220057297455,0.10135976800870995,0.8919209099855603,2,Medium volatility
2015-04-01,2059.68994140625,-0.0039732542018473,-0.373157165110933,0.005024495808808887,0.1643367605082025,0.8306387436829886,2,Medium volatility
2015-04-02,2066.9599609375,0.0035234523037139,0.2868640593393677,0.003724512402777421,0.28596876180206415,0.7103067257951584,2,Medium volatility
2015-04-06,2080.6201171875,0.0065870726471652,0.5565897647322064,0.0033519213276720083,0.37124965905808505,0.6253984196142429,2,Medium volatility
2015-04-07,2076.330078125,-0.0020640327085867,-0.2050664566386316,0.002327075760513208,0.5155709665353843,0.4821019577041026,1,Low volatility
2015-04-08,2081.89990234375,0.0026789415573471,0.2125120733752691,0.0014933650066018503,0.6711249845609272,0.3273816504324711,1,Low volatility
2015-04-09,2091.179931640625,0.0044475758736259,0.3682252770560057,0.001013387131378454,0.7755698188046156,0.22341679406400594,1,Low volatility
2015-04-10,2102.06005859375,0.0051893768994561,0.4335345460001399,0.0007073789820563187,0.842272971750896,0.15701964926704778,1,Low volatility
2015-04-13,2092.429931640625,-0.0045918068209616,-0.4276154604639533,0.0005646043821464145,0.8692924711573222,0.13014292446053136,1,Low volatility
2015-04-14,2095.840087890625,0.0016284322585136,0.1200236675402312,0.00030671911652421823,0.920729740705985,0.0789635401774908,1,Low volatility
2015-04-15,2106.6298828125,0.005134989044996,0.428746158156845,0.00021989822768548928,0.939868416322007,0.05991168545030758,1,Low volatility
2015-04-16,2104.989990234375,-0.0007787467579856,-0.0919079641385971,0.00013186610347926751,0.9578439263511024,0.04202420754541825,1,Low volatility
2015-04-17,2081.179931640625,-0.0113757041890529,-1.0248799050719,0.000643960330500916,0.8444967853549857,0.15485925431451336,1,Low volatility
2015-04-20,2100.39990234375,0.0091927485865364,0.7859973616214118,0.0008767626310860461,0.8244184169677987,0.1747048204011152,1,Low volatility
2015-04-21,2097.2900390625,-0.0014817025047682,-0.1537972367654031,0.00048131426315650727,0.8876775202745762,0.1118411654622673,1,Low volatility
2015-04-22,2107.9599609375,0.0050745828533864,0.4234279069326611,0.00032671373110355304,0.9191809342603414,0.08049235200855492,1,Low volatility
2015-04-23,2112.929931640625,0.0023549408425527,0.18398656709558,0.00018390480469120064,0.9476009250541925,0.05221517014111632,1,Low volatility
2015-04-24,2117.68994140625,0.0022502668247534,0.1747709104142391,0.00011092743406745944,0.9629970426618459,0.036892029904086646,1,Low volatility
2015-04-27,2108.919921875,-0.0041499132407345,-0.3887104904372009,0.00010312447454523163,0.9615113053143252,0.038385570211129504,1,Low volatility
2015-04-28,2114.760009765625,0.0027654044373459,0.2201243943170018,7.55928802361975e-05,0.9698485444710737,0.03007586264869012,1,Low volatility
2015-04-29,2106.85009765625,-0.0037473481275727,-0.3532680573216825,7.503763932873269e-05,0.9676713291558466,0.032253633204824446,1,Low volatility
2015-04-30,2085.510009765625,-0.0101805530332486,-0.9196570143702324,0.0003171866096211898,0.8995542763196646,0.10012853707071423,1,Low volatility
2015-05-01,2108.2900390625,0.0108637765634558,0.9331171575743265,0.0007586657704274243,0.8391885067217401,0.16005282750783256,1,Low volatility
2015-05-04,2114.489990234375,0.002936433147763,0.2351820171253527,0.00041736110605839394,0.9004210343186732,0.09916160457526853,1,Low volatility
2015-05-05,2089.4599609375,-0.0119080033585303,-1.0717443180446806,0.001800789224723859,0.6951310701708175,0.30306814060445864,1,Low volatility
2015-05-06,2080.14990234375,-0.0044656811409318,-0.4165111674379235,0.0012703766615095842,0.7541625835357889,0.24456703980270142,1,Low volatility
2015-05-07,2088.0,0.0037667104694749,0.3082808711491946,0.0007306731879081437,0.8417117176595706,0.1575576091525211,1,Low volatility
2015-05-08,2116.10009765625,0.0133681479873617,1.153605753794351,0.002531560673749252,0.640942181516337,0.35652625780991387,1,Low volatility
2015-05-11,2105.330078125,-0.005102556456082,-0.4725826202840208,0.001805077801183262,0.6909183750369229,0.3072765471618939,1,Low volatility
2015-05-12,2099.1201171875,-0.0029539964393672,-0.2834201911579652,0.0010882726027307652,0.7799434020957363,0.21896832530153276,1,Low volatility
2015-05-13,2098.47998046875,-0.000305001290652,-0.0501987064538592,0.0005809179278485494,0.8654283056829424,0.1339907763892091,1,Low volatility
2015-05-14,2121.10009765625,0.0107216042617599,0.920600096038219,0.0010905432726966626,0.8015066847378146,0.19740277198948863,1,Low volatility
2015-05-15,2122.72998046875,0.0007681188278665,0.0442803896774104,0.0005338188526231256,0.8811621092632925,0.11830407188408433,1,Low volatility
2015-05-18,2129.199951171875,0.0030433124725703,0.2445918323255883,0.00029756391854409634,0.9247952457752605,0.07490719030619526,1,Low volatility
2015-05-19,2127.830078125,-0.000643581597842,-0.0800078217981145,0.00017019869526463564,0.9498133832919304,0.050016418012805,1,Low volatility
2015-05-20,2125.85009765625,-0.0009309494507938,-0.1053081162717212,0.0001073496118413136,0.963014547972917,0.03687810241524178,1,Low volatility
2015-05-21,2130.820068359375,0.002335145908745,0.182243791592767,7.300311590498455e-05,0.9710370447946285,0.028889952089466504,1,Low volatility
2015-05-22,2126.06005859375,-0.0022363851494837,-0.220240622653194,6.107322765346324e-05,0.9724283868574533,0.02751053991489335,1,Low volatility
2015-05-26,2104.199951171875,-0.010335204907502,-0.933272796091518,0.00028106794286116634,0.9049451717459084,0.09477376031123039,1,Low volatility
2015-05-27,2123.47998046875,0.0091209189291099,0.7796733714250083,0.0004675126933070349,0.885876539816839,0.11365594748985397,1,Low volatility
2015-05-28,2120.7900390625,-0.0012675639174872,-0.1349441560859851,0.00027548660986278654,0.9259753411255773,0.07374917226455975,1,Low volatility
2015-05-29,2107.389892578125,-0.0063385151840975,-0.5813982705205188,0.00032516711525832183,0.9143006200602103,0.08537421282453142,1,Low volatility
2015-06-01,2111.72998046875,0.0020573434991471,0.1577856530219115,0.00018865411273411887,0.9452981349713865,0.0545132109158793,1,Low volatility
2015-06-02,2109.60009765625,-0.0010091051653473,-0.112189061974894,0.00011845945723838177,0.9604098554429213,0.039471685099840385,1,Low volatility
2015-06-03,2114.070068359375,0.0021166294697554,0.1630052783179781,7.840026916383276e-05,0.9698309478755953,0.030090651855240784,1,Low volatility
2015-06-04,2095.840087890625,-0.008660562215101,-0.7858347551951159,0.00020055206105141937,0.9305226394683322,0.06927680847061633,1,Low volatility
2015-06-05,2092.830078125,-0.0014372152327322,-0.1498805109685651,0.00014617844062908406,0.9511957359076118,0.04865808565175914,1,Low volatility
2015-06-08,2079.280029296875,-0.0064955603383056,-0.5952247601793476,0.0002044872270831711,0.9358238858559167,0.06397162691700013,1,Low volatility
2015-06-09,2080.14990234375,0.000418265519003,0.013478782448585,0.00012928094428880216,0.9570728381983848,0.04279788085732633,1,Low volatility
2015-06-10,2105.199951171875,0.011970491752514,1.0305540138335485,0.00044586269539528307,0.8917572071961788,0.1077969301084258,1,Low volatility
2015-06-11,2108.860107421875,0.0017371167565283,0.1295924128826312,0.00024682206256794096,0.9332264669713048,0.06652671096612711,1,Low volatility
2015-06-12,2094.110107421875,-0.0070188746531023,-0.6412981331422968,0.00033619157543977375,0.9118763101645347,0.08778749826002546,1,Low volatility
2015-06-15,2084.429931640625,-0.004633289621772,-0.4312676681319735,0.00029166446325882655,0.9215895600130214,0.07811877552371982,1,Low volatility
2015-06-16,2096.2900390625,0.0056737305157543,0.476177760945119,0.00022882561150931076,0.9374515807073301,0.062319593681160655,1,Low volatility
2015-06-17,2100.43994140625,0.0019776843950722,0.1507723466624952,0.00013392797261568007,0.9578389338393548,0.04202713818802951,1,Low volatility
2015-06-18,2121.239990234375,0.009854000054009,0.8442149272826878,0.00025273865815641453,0.9298816905152194,0.06986557082662406,1,Low volatility
2015-06-19,2109.989990234375,-0.0053176152379492,-0.4915167162675681,0.0002523790009434757,0.9290635063864792,0.07068411461257738,1,Low volatility
2015-06-22,2122.85009765625,0.0060763679815423,0.5116265640937849,0.00021447343947152375,0.9399931743717296,0.0597923521887989,1,Low volatility
2015-06-23,2124.199951171875,0.0006356664251931,0.0326190825515371,0.00012541500236586643,0.9594048536705969,0.04046973132703718,1,Low volatility
2015-06-24,2108.580078125,-0.0073804657183051,-0.6731331499497974,0.000208014361177555,0.9343982581611948,0.06539372747762755,1,Low volatility
2015-06-25,2102.31005859375,-0.0029780041565965,-0.2855338663979102,0.0001625514619633236,0.9480369180390485,0.051800530498988084,1,Low volatility
2015-06-26,2101.489990234375,-0.0003901557449221,-0.0576958316425078,0.00010556085681524935,0.9628197637601684,0.03707467538301625,1,Low volatility
2015-06-29,2057.639892578125,-0.0210869695086115,-1.879874191219025,0.009543696116931098,0.12055721966498886,0.8698990842180802,2,Medium volatility
2015-06-30,2063.110107421875,0.0026549623524676,0.2104009084051357,0.005547004546722162,0.23250034304020573,0.7619526524130721,2,Medium volatility
2015-07-01,2077.419921875,0.0069120964346369,0.5852053438566404,0.004447751101860558,0.3039405913632587,0.6916116575348807,2,Medium volatility
2015-07-02,2076.780029296875,-0.000308070189547,-0.0504688968908051,0.002764388655662623,0.4666488718622957,0.5305867394820416,2,Medium volatility
2015-07-06,2068.760009765625,-0.0038692326988973,-0.363998956810356,0.0021153459620603444,0.5680963638257992,0.4297882902121405,1,Low volatility
2015-07-07,2081.340087890625,0.0060625605938691,0.5104109410849657,0.001686562054412544,0.6617285569233531,0.33658488102223433,1,Low volatility
2015-07-08,2046.6800537109373,-0.0167929649121418,-1.5018236206845197,0.01036345972357218,0.09408078368300342,0.8955557565934245,2,Medium volatility
2015-07-09,2051.31005859375,0.00225964764482,0.1755968118073525,0.0059939438451647635,0.19490276545027305,0.7991032907045622,2,Medium volatility
2015-07-10,2076.6201171875,0.0122629863850081,1.0563056776262665,0.007946264209805176,0.11415271390760544,0.8779010218825894,2,Medium volatility
2015-07-13,2099.60009765625,0.0110052685073549,0.9455743193950352,0.008311392788261561,0.08990937393487362,0.9017792332768648,2,Medium volatility
2015-07-14,2108.949951171875,0.0044432732365002,0.3678464664647196,0.005578216540956713,0.17226367558580552,0.8221581078732377,2,Medium volatility
2015-07-15,2107.39990234375,-0.0007352563007367,-0.0880789994026789,0.0037449282062296564,0.3020479061775504,0.6942071656162199,2,Medium volatility
2015-07-16,2124.2900390625,0.007982733444475,0.6794658233953486,0.0037734813153129073,0.34392023710828723,0.6523062815763999,2,Medium volatility
2015-07-17,2126.639892578125,0.0011055716244507,0.0739902373058936,0.0023791227520089616,0.5155964419518,0.482024435296191,1,Low volatility
2015-07-20,2128.280029296875,0.0007709366240016,0.0445284726527757,0.0014560828413684728,0.6768118683040437,0.3217320488545877,1,Low volatility
2015-07-21,2119.2099609375,-0.0042707962427233,-0.3993532102673943,0.00116682345139429,0.7433345771295806,0.2554985994190251,1,Low volatility
2015-07-22,2114.14990234375,-0.0023905650201898,-0.2338148484780332,0.0007489103311638255,0.82593173284672,0.1733193568221162,1,Low volatility
2015-07-23,2102.14990234375,-0.0056922102113796,-0.5244966165548547,0.0007283230868945998,0.8366466082408321,0.16262506867227322,1,Low volatility
2015-07-24,2079.64990234375,-0.0107610206966608,-0.9707622534075242,0.002047548721158134,0.6556485723883846,0.3423038788904573,1,Low volatility
2015-07-27,2067.639892578125,-0.0057917550650641,-0.5332606939757636,0.001737900464494921,0.6822785082713664,0.3159835912641387,1,Low volatility
2015-07-28,2093.25,0.0123100738018893,1.0604513240542113,0.0036777797835355675,0.5033222191932836,0.49300000102318076,1,Low volatility
2015-07-29,2108.570068359375,0.0072921429273833,0.618665204037167,0.0028138254790408867,0.5668408771004143,0.4303452974205448,1,Low volatility
2015-07-30,2108.6298828125,2.836690402219233e-05,-0.0208484732710043,0.0014569589821860735,0.7163385064568485,0.28220453456096545,1,Low volatility
2015-07-31,2103.840087890625,-0.0022741038010511,-0.2235614290064455,0.0008766223505974293,0.8080277017277726,0.19109567592163007,1,Low volatility
2015-08-03,2098.0400390625,-0.0027606939449054,-0.2664015511739494,0.0005638481051805818,0.8669488538458862,0.13248729804893328,1,Low volatility
2015-08-04,2093.320068359375,-0.0022522391669328,-0.2216364340006769,0.0003527197387845852,0.909693202504564,0.0899540777566513,1,Low volatility
2015-08-05,2099.840087890625,0.003109838185491,0.2504488553351963,0.0002114360904647376,0.9409008355064211,0.05888772840311399,1,Low volatility
2015-08-06,2083.56005859375,-0.0077831959225616,-0.7085901179315786,0.00034893783743591105,0.9082106632841492,0.09144039887841479,1,Low volatility
2015-08-07,2077.570068359375,-0.0028790228563382,-0.2768194050613615,0.0002429845342079043,0.9320097566070197,0.06774725885877252,1,Low volatility
2015-08-10,2104.179931640625,0.0127268356320255,1.0971436573110342,0.0009145639380558098,0.8259350570970884,0.17315037896485583,1,Low volatility
2015-08-11,2084.070068359375,-0.0096030646801823,-0.8688140782603743,0.0017617817020367985,0.7042089667702289,0.29402925152773424,1,Low volatility
2015-08-12,2086.050048828125,0.0009496036382143,0.0602585831222289,0.0008720152558077587,0.8191190340108317,0.18000895073336048,1,Low volatility
2015-08-13,2083.389892578125,-0.001276025868381,-0.1356891588663422,0.00048327363657840505,0.8855022388360088,0.11401448752741268,1,Low volatility
2015-08-14,2091.5400390625,0.0039043322743594,0.320397300157526,0.00029585467924263926,0.9241821560511488,0.07552198926960864,1,Low volatility
2015-08-17,2102.43994140625,0.0051978917094022,0.4342842025703175,0.00021228999681811286,0.941730724628494,0.05805698537468777,1,Low volatility
2015-08-18,2096.919921875,-0.0026289829356329,-0.2548055174291133,0.00014600343539227837,0.9539996436037845,0.045854352960823165,1,Low volatility
2015-08-19,2079.610107421875,-0.0082891364095969,-0.7531338731798738,0.00029491439253161617,0.9155470944275199,0.08415799117994852,1,Low volatility
2015-08-20,2035.72998046875,-0.0213259604541464,-1.9009153105942425,0.014032461770870483,0.05939982481927698,0.9265677134098526,2,Medium volatility
2015-08-21,1970.8900146484373,-0.0323692425218782,-2.873182338373364,0.22311133942211256,4.75774542869447e-07,0.7768881848033445,2,Medium volatility
2015-08-24,1893.2099609375,-0.0402114443465189,-3.563621486130592,0.962421343229406,7.991819255705488e-12,0.03757865676260226,0,High volatility
2015-08-25,1867.6099853515625,-0.0136142497426563,-1.2219647951074195,0.9177006264874699,0.00016335373040942186,0.08213601978212073,0,High volatility
2015-08-26,1940.510009765625,0.0382912994345323,3.347877187939337,0.9974028266440904,1.729316962682697e-11,0.002597173338616442,0,High volatility
2015-08-27,1987.6600341796875,0.0240072544896898,2.09028856184008,0.987078578330298,1.1509579892268022e-07,0.012921306573903139,0,High volatility
2015-08-28,1988.8699951171875,0.0006085511568763,0.0302318138779567,0.9027048331710259,0.001137057147203263,0.09615810968177076,0,High volatility
2015-08-31,1972.1800537109373,-0.0084270786639839,-0.7652785150404566,0.7935289791336505,0.0036166876855843353,0.20285433318076518,0,High volatility
2015-09-01,1913.8499755859373,-0.0300226498424285,-2.666584818191992,0.9669996512276146,4.4391683855840786e-08,0.0330003043807017,0,High volatility
2015-09-02,1948.8599853515625,0.0181276714232145,1.5726412974162236,0.9474374076334969,4.3927179975250545e-05,0.05251866518652774,0,High volatility
2015-09-03,1951.1300048828125,0.001164115699419,0.0791445450030435,0.8253277857956443,0.004580490800216635,0.17009172340413928,0,High volatility
2015-09-04,1921.219970703125,-0.0154483087542764,-1.3834380865675588,0.7986246502443539,0.0007615581447006029,0.2006137916109455,0,High volatility
2015-09-08,1969.4100341796875,0.0247736371970388,2.1577620386964558,0.9133223827251545,7.2303316143216546e-06,0.08667038694323105,0,High volatility
2015-09-09,1942.0400390625,-0.013995035769085,-1.2554897649365833,0.8660217551016938,0.00031986567243236144,0.13365837922587384,0,High volatility
2015-09-10,1952.2900390625,0.005264075444936,0.4401111173806157,0.7048950678179207,0.008914944698759886,0.2861899874833195,0,High volatility
2015-09-11,1961.050048828125,0.0044770064449863,0.3708163884635489,0.48597645675890444,0.039641948111874326,0.47438159512922123,0,High volatility
2015-09-14,1953.030029296875,-0.0040980412230444,-0.3841436006163002,0.2811795000022457,0.09195213978586597,0.6268683602118884,2,Medium volatility
2015-09-15,1978.0899658203125,0.012749687631433,1.0991555814298306,0.2262513071355951,0.05184359972964987,0.721905093134755,2,Medium volatility
2015-09-16,1995.31005859375,0.0086677407153761,0.7397748854297382,0.13288045420647476,0.07565553130754712,0.7914640144859781,2,Medium volatility
2015-09-17,1990.199951171875,-0.0025643444425602,-0.2491146480703065,0.059001781241357625,0.1539996888853382,0.7869985298733042,2,Medium volatility
2015-09-18,1958.030029296875,-0.0162962309543841,-1.4580904220082649,0.07588705504863433,0.013084732875937706,0.9110282120754281,2,Medium volatility
2015-09-21,1966.969970703125,0.0045553920336729,0.3777175726283295,0.0363075733976831,0.05493625377531183,0.908756172827005,2,Medium volatility
2015-09-22,1942.739990234375,-0.0123949300193784,-1.11461406767034,0.031053259865862083,0.019730612184511925,0.9492161279496261,2,Medium volatility
2015-09-23,1938.760009765625,-0.0020507442295931,-0.2038965191240801,0.015267308728593016,0.06701126255727315,0.9177214287141338,2,Medium volatility
2015-09-24,1932.239990234375,-0.0033686518713071,-0.3199270739752289,0.008616511045146442,0.12729023907851655,0.864093249876337,2,Medium volatility
2015-09-25,1931.3399658203125,-0.0004659018012205,-0.0643646274381369,0.005074308489158286,0.2418649456423284,0.7530607458685133,2,Medium volatility
2015-09-28,1881.77001953125,-0.0260012111628089,-2.312531357594946,0.04824756617618258,0.0001735478945951018,0.9515788859292224,2,Medium volatility
2015-09-29,1884.0899658203125,0.0012320939129821,0.0851294483360709,0.022538417517521434,0.038593236174490265,0.9388683463079883,2,Medium volatility
2015-09-30,1920.030029296875,0.0188958986035645,1.6402771644272205,0.037506039675665556,0.0034388698792032673,0.9590550904451312,2,Medium volatility
2015-10-01,1923.8199462890625,0.0019719386783378,0.1502664851896511,0.01802107811627462,0.04447976623503133,0.937499155648694,2,Medium volatility
2015-10-02,1951.3599853515625,0.0142137930164052,1.2280576036974464,0.019249339104148618,0.01906803598964654,0.9616826249062049,2,Medium volatility
2015-10-05,1987.050048828125,0.0181245935185021,1.572370314093679,0.029933850211432515,0.003068360569769865,0.9669977892187976,2,Medium volatility
2015-10-06,1979.9200439453125,-0.0035946893441431,-0.3398277502898474,0.015564312514356443,0.034838903877040715,0.9495967836086029,2,Medium volatility
2015-10-07,1995.8299560546875,0.0080035198575529,0.6812958902122138,0.010641497696133735,0.06182413155488501,0.9275343707489813,2,Medium volatility
2015-10-08,2013.4300537109373,0.0087797801445583,0.7496390039170623,0.008483654891356156,0.08138426026820154,0.9101320848404423,2,Medium volatility
2015-10-09,2014.8900146484373,0.0007248485605151,0.0404708107885508,0.005285285332587976,0.17695004372762585,0.8177646709397862,2,Medium volatility
2015-10-12,2017.4599609375,0.0012746644773331,0.0888774243289478,0.0035742913555302613,0.31649037432558125,0.6799353343188884,2,Medium volatility
2015-10-13,2003.68994140625,-0.0068488236901274,-0.6263265926773757,0.003773123904334229,0.31742596764747516,0.6788009084481906,2,Medium volatility
2015-10-14,1994.239990234375,-0.0047274309119389,-0.4395560077596747,0.0031678048520503983,0.39322374470157884,0.6036084504463707,2,Medium volatility
2015-10-15,2023.8599853515625,0.0147435513513549,1.2746983178079527,0.007885380508560576,0.14062796049230092,0.8514866589991384,2,Medium volatility
2015-10-16,2033.1099853515625,0.0045600613736969,0.3781286682898349,0.0051376273205057926,0.24128875627871904,0.7535736164007752,2,Medium volatility
2015-10-19,2033.6600341796875,0.0002705089438732,0.0004700731486532,0.0032243538704843588,0.3972906334838225,0.5994850126456931,2,Medium volatility
2015-10-20,2030.77001953125,-0.0014221010558941,-0.1485498362921801,0.00213481452374975,0.5519759629744077,0.44588922250184254,1,Low volatility
2015-10-21,2018.93994140625,-0.0058424489111335,-0.5377238558095635,0.002080190728354765,0.5839630572167795,0.41395675205486565,1,Low volatility
2015-10-22,2052.510009765625,0.0164908470125935,1.42853283446562,0.008819857292242769,0.16311647688597028,0.828063665821787,2,Medium volatility
2015-10-23,2075.14990234375,0.0109699539690426,0.9424651747592556,0.0087948145341195,0.12546444154911043,0.86574074391677,2,Medium volatility
2015-10-26,2071.179931640625,-0.0019149330010996,-0.1919394959622578,0.005314864495607226,0.2258780084648533,0.7688071270395396,2,Medium volatility
2015-10-27,2065.889892578125,-0.0025573858650878,-0.2485020045287248,0.003624209640926255,0.3452408909014585,0.6511348994576153,2,Medium volatility
2015-10-28,2090.35009765625,0.0117704884881435,1.0129454280704602,0.005664245434750673,0.23151644992081294,0.7628193046444365,2,Medium volatility
2015-10-29,2089.409912109375,-0.0004498753806609,-0.0629536374636119,0.0034764772287923383,0.3807366624875093,0.6157868602836983,2,Medium volatility
2015-10-30,2079.360107421875,-0.0048214816884248,-0.447836378427871,0.0028668117096228214,0.45507279515232446,0.5420603931380528,2,Medium volatility
2015-11-02,2104.050048828125,0.0118038763388144,1.015884944252029,0.004897797339084666,0.31694864931054945,0.6781535533503659,2,Medium volatility
2015-11-03,2109.7900390625,0.0027243529250675,0.2165101579347416,0.0029188623597253007,0.4796328621662431,0.5174482754740316,2,Medium volatility
2015-11-04,2102.31005859375,-0.0035516669396473,-0.3360399936165603,0.00207253557947445,0.5887056627104573,0.4092218017100681,1,Low volatility
2015-11-05,2099.929931640625,-0.0011327897564985,-0.1230784378943984,0.00125311655551783,0.7247553520689589,0.27399153137552323,1,Low volatility
2015-11-06,2099.199951171875,-0.0003476817800232,-0.0539563604095024,0.0007221824246838493,0.8293637256181599,0.16991409195715626,1,Low volatility
2015-11-09,2078.580078125,-0.0098712906565028,-0.8924290933592187,0.0016765994917523508,0.6950517061232173,0.3032716943850303,1,Low volatility
2015-11-10,2081.719970703125,0.0015094551534495,0.1095487457185344,0.0008729331521087541,0.8126769519479751,0.1864501148999162,1,Low volatility
2015-11-11,2075.0,-0.0032333073215689,-0.3080111379072216,0.0005811098680936257,0.8651317941224191,0.1342870960094873,1,Low volatility
2015-11-12,2045.969970703125,-0.0140891633366324,-1.263776896404392,0.004071858789403778,0.45948678369197754,0.5364413575186187,2,Medium volatility
2015-11-13,2023.0400390625,-0.0112706404321549,-1.0156299351788909,0.006628912163001906,0.23309908873755006,0.760271999099448,2,Medium volatility
2015-11-16,2053.18994140625,0.0147933027942341,1.279078509058996,0.011227514709311803,0.07301437424980772,0.9157581110408805,2,Medium volatility
2015-11-17,2050.43994140625,-0.0013402770182464,-0.1413459259513338,0.006512921038406779,0.15493943145516376,0.8385476475064295,2,Medium volatility
2015-11-18,2083.580078125,0.0160332298771717,1.3882435391828878,0.012406453454922388,0.032276174737690844,0.9553173718073867,2,Medium volatility
2015-11-19,2081.239990234375,-0.0011237403289792,-0.1222817127955257,0.0072696487239545075,0.09145381201665564,0.9012765392593899,2,Medium volatility
2015-11-20,2089.169921875,0.0038029552801495,0.3114719183515458,0.005025353346266827,0.18070282206794455,0.8142718245857886,2,Medium volatility
2015-11-23,2086.590087890625,-0.0012356238416844,-0.1321321041636161,0.003548441509222757,0.30817756557227954,0.6882739929184978,2,Medium volatility
2015-11-24,2089.139892578125,0.0012212499449608,0.0841747292142793,0.002437952736599642,0.47686197369230576,0.5207000735710945,2,Medium volatility
2015-11-25,2088.8701171875,-0.000129140614967,-0.0347156702149233,0.0015901344742191997,0.6396860753561947,0.358723790169586,1,Low volatility
2015-11-27,2090.110107421875,0.0005934415594808,0.0289015423825299,0.0009606061214902068,0.7734062703770522,0.2256331235014575,1,Low volatility
2015-11-30,2080.409912109375,-0.0046518001396185,-0.4328973617374512,0.0008138312893972122,0.8139757179284164,0.1852104507821864,1,Low volatility
2015-12-01,2102.6298828125,0.0106239389467397,0.9120014960052396,0.001454380767879529,0.7444443918192483,0.2541012274128721,1,Low volatility
2015-12-02,2079.510009765625,-0.0110565926394494,-0.9967848481893486,0.0034573401222174407,0.5108513984085018,0.4856912614692809,1,Low volatility
2015-12-03,2049.6201171875,-0.0144778264441498,-1.2979953762037542,0.009612400722486442,0.1194422260948287,0.8709453731826848,2,Medium volatility
2015-12-04,2091.68994140625,0.0203178563638513,1.7654684469410662,0.025691018778561295,0.0049307798630741015,0.9693782013583646,2,Medium volatility
2015-12-07,2077.070068359375,-0.0070140439603978,-0.6408728317500917,0.015689843474410513,0.023323587334726656,0.9609865691908628,2,Medium volatility
2015-12-08,2063.590087890625,-0.0065110526255942,-0.5965887242638656,0.010363051325664858,0.04374436544251849,0.9458925832318166,2,Medium volatility
2015-12-09,2047.6199951171875,-0.0077690863656929,-0.707347891496007,0.008310422310075123,0.051326889719458216,0.9403626879704667,2,Medium volatility
2015-12-10,2052.22998046875,0.0022488565785945,0.1746467502385829,0.005499279371615846,0.12685228067115062,0.8676484399572336,2,Medium volatility
2015-12-11,2012.3699951171875,-0.0196138677558153,-1.750180115307266,0.018459586902104322,0.0026494597336898995,0.9788909533642058,2,Medium volatility
2015-12-14,2021.93994140625,0.0047442880640682,0.3943482609423006,0.01065674583753854,0.03791184715757771,0.9514314070048837,2,Medium volatility
2015-12-15,2043.4100341796875,0.0105625801059145,0.9065993721229376,0.009709765826881172,0.041856362712842356,0.9484338714602766,2,Medium volatility
2015-12-16,2073.070068359375,0.0144106356507709,1.245387922879836,0.01272532600920584,0.01727385808511134,0.9700008159056829,2,Medium volatility
2015-12-17,2041.8900146484373,-0.0151547766358763,-1.357595080967939,0.017174073410138713,0.003863768393829256,0.978962158196032,2,Medium volatility
2015-12-18,2005.550048828125,-0.0179574950071064,-1.604350587508896,0.028523730915475335,0.0008115639436325002,0.9706647051408921,2,Medium volatility
2015-12-21,2021.1500244140625,0.0077483067271559,0.6588265454812354,0.017161571548173347,0.024902827581874572,0.957935600869952,2,Medium volatility
2015-12-22,2038.969970703125,0.0087780955915688,0.7494906933588249,0.012038582541479733,0.045105469036364775,0.9428559484221556,2,Medium volatility
2015-12-23,2064.2900390625,0.0123415965275537,1.0632266318477863,0.012154397424811907,0.031691671677789274,0.9561539308973989,2,Medium volatility
2015-12-24,2060.989990234375,-0.0015999154038626,-0.1642048767534734,0.007226380475719642,0.08833398887024446,0.9044396306540359,2,Medium volatility
2015-12-28,2056.5,-0.0021809364563063,-0.2153588369866526,0.0049611800458116626,0.1701441634952887,0.8248946564588996,2,Medium volatility
2015-12-29,2078.360107421875,0.0105736641730231,0.9075752299265584,0.006085878240679844,0.14044061006745462,0.8534735116918656,2,Medium volatility
2015-12-30,2063.360107421875,-0.0072433987837783,-0.661065572555522,0.005664601646156409,0.14212647051884827,0.8522089278349952,2,Medium volatility
2015-12-31,2043.93994140625,-0.0094564850414684,-0.8559089881982699,0.006514065372352112,0.09498222974815941,0.8985037048794885,2,Medium volatility
