Date,Close,LogReturn,Return_scaled,P_high_volatility,P_low_volatility,P_medium_volatility,State,Regime,Split,Return_5,Return_20,Volatility_5,Volatility_20,Volatility_change,Drawdown_20,Days_in_medium,Target
1990-01-30,322.9800109863281,-0.0068499793942251,-0.626428342590234,0.0050547485606184,0.1677508835988417,0.82719436784054,2,Medium volatility,train,-0.026369099631754,-0.1076521203409944,0.06767733630204627,0.14541419307186362,-0.07773685676981736,-0.09973240552276619,20,0.0
1990-01-31,329.0799865722656,0.0187104056804416,1.6239460907543182,0.0149429859211275,0.0135198622582876,0.9715371518205848,2,Medium volatility,train,-0.0035794111074797033,-0.0863528269734288,0.1681228944724955,0.16755626824424955,0.0005666262282459644,-0.07476038420897513,21,0.0
1990-02-01,328.7900085449219,-0.0008815664136561,-0.1009603600117528,0.0084412401781558,0.0607161156181024,0.930842644203742,2,Medium volatility,train,0.008276566228117298,-0.0785840973310916,0.13987844235058375,0.1671804950800764,-0.027302052729492654,-0.07066338617876955,22,0.0
1990-02-02,330.9200134277344,0.0064574198157494,0.5451749360362952,0.0063645784724395,0.1089719789923231,0.8846634425352372,2,Medium volatility,train,0.015593036198884698,-0.0623225358225169,0.1409609674312919,0.16943183609584048,-0.028470868664548565,-0.06464285187489582,23,0.0
1990-02-05,331.8500061035156,0.0028063830853657,0.2237322156212349,0.0044331969535898,0.2142646586859881,0.781302144360422,2,Medium volatility,train,0.020242662773675497,-0.06402046293818561,0.13570608540453946,0.16856925762907732,-0.03286317222453786,-0.05082658103612081,24,0.0
1990-02-06,329.6600036621094,-0.0066212465723705,-0.6062903637270555,0.0043979118188184,0.2275848095940777,0.7680172785871039,2,Medium volatility,train,0.020471395595530097,-0.058785005005025,0.13478491046418092,0.1661376473657883,-0.031352736901607364,-0.05414166695342837,25,0.0
1990-02-07,333.75,0.0123303783025026,1.062238962578769,0.0067996388624181,0.1318320293324042,0.8613683318051776,2,Medium volatility,train,0.0140913682175911,-0.039825536141814,0.10202184957246326,0.1736132044199086,-0.07159135484744535,-0.042406676128490584,26,0.0
1990-02-08,332.9599914550781,-0.0023698727326442,-0.2319930686134496,0.0045896088684814,0.2286174381471932,0.7667929529843254,2,Medium volatility,train,0.012603061898603,-0.04570196922515621,0.10513240968359136,0.17245505219018045,-0.06732264250658909,-0.022861360366608574,27,0.0
1990-02-09,333.6199951171875,0.0019802691082437,0.1509999086660285,0.0031248216516953,0.3815492910059547,0.6153258873423499,2,Medium volatility,train,0.008125911191097299,-0.018737086424270202,0.1004209365689381,0.15172187905018716,-0.05130094248124907,-0.020924445730924446,28,0.0
1990-02-12,330.0799865722656,-0.0106675974473606,-0.9625371311689116,0.0053708276821643,0.2082042803758926,0.786424891941943,2,Medium volatility,train,-0.0053480693416290016,-0.020747921709663303,0.12569847199523318,0.15316370343875396,-0.027465231443520782,-0.03131331893685807,29,0.0
1990-02-13,331.0199890136719,0.0028437546803772,0.2270224665975607,0.0035579007484893,0.3501716424926721,0.6462704567588387,2,Medium volatility,train,0.004116931911118697,-0.0289703072535667,0.11880894491514098,0.1475143409054191,-0.028705395990278118,-0.02397170876934751,30,0.0
1990-02-20,327.989990234375,-0.0143182087631679,-1.2839423974500257,0.0082292794364645,0.1342331638257994,0.857537556737736,2,Medium volatility,train,-0.006351918302350202,-0.007260431566029603,0.1291226596965169,0.12796653069092986,0.0011561290055870366,-0.020603852346287588,1,0.0
1990-02-21,327.6700134277344,-0.0009760449936129,-0.1092783951357308,0.0049320586322202,0.2478597811409021,0.7472081602268775,2,Medium volatility,train,-0.0101717179763403,-0.011952490101445501,0.1252073261857651,0.12710882294778728,-0.00190149676202217,-0.021559320687069672,2,0.0
1990-02-22,325.70001220703125,-0.0060302955851767,-0.55426215722485,0.0043112853849129,0.2794548177797674,0.7162338968353196,2,Medium volatility,train,-0.019188368596892203,-0.013903502842789503,0.11996535171751252,0.1279585621703654,-0.007993210452852867,-0.02744185266632626,3,0.0
1990-02-23,324.1499938964844,-0.0047703969698478,-0.4433388035953924,0.0035282741675542,0.3518631034250089,0.6446086224074367,2,Medium volatility,train,-0.032595810644080306,-0.005936356063384203,0.0691402817156492,0.12130714275450084,-0.05216686103885164,-0.03207029258017091,4,0.0
1990-02-26,328.6700134277344,0.0138478959339751,1.1958434787094725,0.0073289157408653,0.1524977925936579,0.8401732916654767,2,Medium volatility,train,-0.012247050377830202,0.008770590025608897,0.14667411156149265,0.13075203037871602,0.015922081182776632,-0.018573265695105312,5,0.0
1990-02-27,330.260009765625,0.0048260038786622,0.4015426431640504,0.0049166517972422,0.2530143903044512,0.7420689578983064,2,Medium volatility,train,0.0068971622639998975,0.015439837393696195,0.11570200844271657,0.13132029223734004,-0.015618283794623475,-0.013825449193141881,6,0.0
1990-02-28,331.8900146484375,0.0049233802470034,0.4101158039003558,0.0035306174702585,0.3748615647866224,0.621607817743119,2,Medium volatility,train,0.012796587504616198,0.027213197034924697,0.11571303916884064,0.1290071792455079,-0.013294140076667252,-0.00895816497589319,7,0.0
1990-03-06,337.92999267578125,0.0124765343116592,1.0751067556626714,0.0043306546383009,0.4189363996526016,0.5767329457090975,2,Medium volatility,train,0.022958499164890598,0.018155673784911296,0.09529518927295572,0.12308314524995126,-0.027787955976995543,0.0,1,0.0
1990-03-09,337.92999267578125,-0.0069006360563479,-0.6308882306939039,0.0030850671527516,0.4947941963705922,0.5021207364766561,2,Medium volatility,train,0.007097551960805,0.014816414787423496,0.1283205050193971,0.1208202779486575,0.007500227070739593,-0.00687688133964881,1,0.0
1990-04-23,331.04998779296875,-0.0122192775712628,-1.099149364097251,0.0041018525882638,0.4395066469332185,0.5563915004785176,2,Medium volatility,train,-0.0405210969015604,-0.0184661554725592,0.06823285770402779,0.10702616996657617,-0.03879331226254838,-0.03971109482279378,1,0.0
1990-05-11,352.0,0.0235128896822693,2.0467639466938463,0.0118569667984743,0.1196142947433206,0.8685287384582051,2,Medium volatility,train,0.03943205584146239,0.022001644884925897,0.1258814221154727,0.1310708248771949,-0.005189402761722195,0.0,1,0.0
1990-05-14,354.75,0.007782140442055,0.6618053162146023,0.0082842542384301,0.1582825446649112,0.8334332010966586,2,Medium volatility,train,0.0409100921895093,0.0286228346414146,0.12529354914787288,0.1330957697174324,-0.007802220569559509,0.0,2,0.0
1990-05-15,354.2799987792969,-0.0013257585443584,-0.1400676978513543,0.0048529090192147,0.2776705117507383,0.7174765792300469,2,Medium volatility,train,0.035247552540956,0.0274711283735561,0.1385139278041176,0.1333302246086956,0.005183703195421996,-0.0013248801147375255,3,0.0
1990-05-16,354.0,-0.0007906443620191,-0.0929554469467329,0.00303094878007,0.4324653043086755,0.5645037469112546,2,Medium volatility,train,0.0319747552786937,0.038235883936099294,0.14534354417386441,0.12512701612523244,0.02021652804863197,-0.0021141649048626032,4,0.0
1990-05-29,360.6499938964844,0.0169739894252014,1.4710694132308133,0.0071544348432278,0.3144525889162724,0.6783929762404997,2,Medium volatility,train,0.007374955625327697,0.0863940157780371,0.14302254871746456,0.11039799591161079,0.032624552805853774,0.0,1,0.0
1990-05-30,360.8599853515625,0.0005820888609919,0.027902033871439,0.0035522363019547,0.4836648412618295,0.5127829224362157,2,Medium volatility,train,0.006756668366367696,0.0826023332936644,0.14313622135920526,0.11115143726080591,0.031984784098399346,0.0,2,0.0
1990-06-12,366.25,0.0126945571506258,1.0943018116550756,0.0054757531393024,0.352552315896618,0.6419719309640796,2,Medium volatility,train,-0.0010643198227800032,0.0319028442911255,0.14614874328498967,0.11512999402115671,0.031018749263832954,-0.003130086868777693,1,0.0
1990-06-13,364.8999938964844,-0.0036928336154185,-0.3484685183460489,0.0034275978657754,0.4603244977758483,0.5362479043583762,2,Medium volatility,train,-0.00016440840690800295,0.0295357692200654,0.14489583925643704,0.11617321785697945,0.028722621399457582,-0.006804572785878649,2,0.0
1990-06-18,356.8800048828125,-0.0167552752288697,-1.4985053647432018,0.0101191065595367,0.0982315701553589,0.8916493232851043,2,Medium volatility,train,-0.013221998678697547,0.0062963727600654565,0.15072774558055746,0.13381254643442297,0.016915199146134485,-0.028633612380069562,1,0.0
1990-06-19,358.4700012207031,0.0044453734331328,0.368031370909359,0.0062612829608631,0.1842702216715809,0.8094684953675559,2,Medium volatility,train,-0.021471182396190547,0.0013119915343865552,0.11272965812283588,0.13060737564714217,-0.017877717524306294,-0.024305914055886668,2,0.0
1990-06-20,359.1000061035156,0.001755940293652,0.1312496651722405,0.0038995009944489,0.3255077173748628,0.6705927816306883,2,Medium volatility,train,-0.016022408487120048,0.0018675557080866552,0.11931200349823433,0.13068231804859162,-0.011370314550357294,-0.022591148423664054,3,0.0
1990-06-21,360.4700012207031,0.0038078206667755,0.3119002742483565,0.0026832804566971,0.475801654347612,0.5215150651956908,2,Medium volatility,train,-0.006718558504784047,0.003278853275909555,0.12480561357362055,0.13108630857868994,-0.006280695005069392,-0.018862255827183816,4,0.0
1990-06-22,355.42999267578125,-0.0140804354138728,-1.263008477064189,0.0078975300100166,0.1196506379231697,0.8724518320668135,2,Medium volatility,train,-0.020826576249182202,-0.008349289233254044,0.14714441305709677,0.1398883900011385,0.007256023055958266,-0.032580297821332316,5,0.0
1990-06-25,352.3099975585937,-0.0088168405677704,-0.7995937345025513,0.0074705671930659,0.0927581198777673,0.8997713129291667,2,Medium volatility,train,-0.0128881415880829,-0.006422489686955444,0.11881911024465953,0.13824546972740723,-0.019426359482747693,-0.04107239136792773,6,0.0
1990-06-26,352.0599975585937,-0.000709854230676,-0.0858425632593407,0.004873964014122,0.1891343138788863,0.8059917221069917,2,Medium volatility,train,-0.0180433692518917,-0.024106333342832843,0.10742466597534629,0.12307630637109004,-0.01565164039574375,-0.04175284864651563,7,0.0
1990-06-27,355.1400146484375,0.0087105104944305,0.7435404005822939,0.0050228985271429,0.2076223622010967,0.7873547392717604,2,Medium volatility,train,-0.0110887990511132,-0.015977911709394246,0.13134261797665076,0.12769015354768765,0.003652464428963109,-0.03336956845867867,8,0.0
1990-06-28,357.6300048828125,0.0069868268736463,0.5917847231910326,0.0043419057783393,0.2742604165809816,0.7213976776406791,2,Medium volatility,train,-0.0079097928442424,-0.010015958934629345,0.13996149656626417,0.13040035621602986,0.00956114035023431,-0.02659224054430598,9,0.0
1990-06-29,358.0199890136719,0.0010898740244202,0.0726081971812901,0.0028202005209861,0.4384665488170078,0.5587132506620061,2,Medium volatility,train,0.0072605165940505985,-0.014254698511875044,0.09877315211069757,0.12882795133344044,-0.030054799222742873,-0.02553077038279794,10,0.0
1990-07-05,355.67999267578125,-0.0125169577027008,-1.1253575669527964,0.0043362621858515,0.3904064913421602,0.6052572464719882,2,Medium volatility,train,0.001519310446102498,-0.025756305499038745,0.1069931803275806,0.12855694389345543,-0.021563763565874833,-0.028860088257252614,1,0.0
1990-07-06,358.4200134277344,0.0076740909551995,0.6522924782019776,0.0036233709304189,0.4438080531902253,0.5525685758793557,2,Medium volatility,train,0.002206574527655698,-0.013110434666101543,0.10922250498098537,0.13140439859505773,-0.022181893614072357,-0.02137880292768768,2,0.0
1990-07-11,361.2300109863281,0.0132087434096828,1.1395715369733292,0.0060033107827345,0.2900617011481987,0.7039349880690667,2,Medium volatility,train,0.0029665176594724976,-0.013801255345375945,0.15379428252633554,0.125336074863453,0.02845820766288254,-0.010057503347608576,1,0.0
1990-07-12,365.4400024414063,0.0115872087224202,0.9968092040766408,0.0073286078663275,0.1981980558878887,0.7944733362457836,2,Medium volatility,train,0.027070684084593497,0.001478786992462757,0.12338977658539373,0.13171046071635098,-0.008320684130957254,0.0,2,0.0
1990-07-13,367.30999755859375,0.0051040578010299,0.4260229252943697,0.0047553173010261,0.3061288520200884,0.6891158306788855,2,Medium volatility,train,0.024500650930423896,0.012078874109053155,0.12208968495736515,0.1311668956385359,-0.009077210681170747,0.0,3,0.0
1990-07-16,368.9500122070313,0.0044549950808923,0.3688784751318256,0.0031594337241472,0.4439922490575086,0.5528483172183442,2,Medium volatility,train,0.0258913887115479,0.0165062868594201,0.1213528401475019,0.13181458627724668,-0.010461746129744778,0.0,4,0.0
1990-07-18,364.2200012207031,-0.0090196250284169,-0.8174471809348094,0.0034682907859233,0.427803535289028,0.5687281739250486,2,Medium volatility,train,0.008243179033326099,0.0159131060841407,0.11513268966217659,0.12172087907156248,-0.0065881894093858945,-0.012820194687170772,1,0.0
1990-07-20,361.6099853515625,-0.0102074593783045,-0.9220258891282485,0.0039097959239876,0.3998247118091922,0.59626549226682,2,Medium volatility,train,-0.015639929015402503,0.003157503598434702,0.09541795792043435,0.12718131403109134,-0.03176335611065699,-0.019894366750556003,1,0.0
1990-07-23,355.3099975585937,-0.0175756015048547,-1.5707281138561262,0.0141918928731351,0.0261121246359705,0.9596959824908942,2,Medium volatility,train,-0.0376705256011495,-0.00033766249254719646,0.10878593603364888,0.132572240483146,-0.023786304449497128,-0.03696981758272366,2,0.0
1990-07-24,355.7900085449219,0.0013500521870781,0.0955146707594286,0.0079843961064239,0.0855196416812866,0.9064959622122896,2,Medium volatility,train,-0.032437015871472,0.009829230262301302,0.1219204004400425,0.12867823141825327,-0.006757830978210769,-0.035668798554544745,3,0.0
1990-07-25,357.0899963378906,0.0036471474163013,0.2977543615818112,0.0053194561299437,0.1732348370177359,0.8214457068523203,2,Medium volatility,train,-0.019770243426753802,0.0141862319092786,0.1345386346997346,0.1290481270823384,0.005490507617396195,-0.03214531908589713,4,0.0
1990-07-26,355.9100036621094,-0.0033099404013618,-0.3147580285745815,0.0039915462447688,0.2664978643209875,0.7295105894342436,2,Medium volatility,train,-0.0260958016811416,0.0021657810134863022,0.12357177258739387,0.1263300960880589,-0.0027583235006650303,-0.03534356447616738,5,0.0
1990-07-27,353.44000244140625,-0.0069641536117499,-0.6364804110279503,0.0041649502450106,0.2659615168680237,0.7298735328869657,2,Medium volatility,train,-0.022852495914587004,-0.011785199471909898,0.11858882575712831,0.12597921025778072,-0.007390384500652408,-0.04203824163833292,6,0.0
1990-07-30,355.54998779296875,0.0059521054173528,0.5006863025657596,0.0034335465202641,0.3663554837056716,0.6302109697740642,2,Medium volatility,train,0.0006752110076205008,-0.006922968078977298,0.07442955388678953,0.12790421817255102,-0.05347466428576149,-0.036319349425968595,7,0.0
1990-08-02,351.4800109863281,-0.01142863366415,-1.029539895020444,0.0039326635979748,0.4067047791472156,0.5893625572548093,2,Medium volatility,train,-0.012525058306134998,-0.011878587738751195,0.09763607306796673,0.1256351208370396,-0.02799904776907286,-0.04735059125272534,1,1.0
1990-08-03,344.8599853515625,-0.0190143467894685,-1.6973973950556052,0.0171922948118593,0.0145174465161408,0.9682902586719998,2,Medium volatility,train,-0.024575251483853595,-0.0385670254834192,0.1442355513988864,0.1369286023952569,0.00730694900362952,-0.06529347081834769,2,1.0
1990-08-06,334.42999267578125,-0.030710926890868,-2.7271817563187657,0.1863508551536015,7.029288708870624e-07,0.8136484419175275,2,Medium volatility,train,-0.0612382837920744,-0.0723422096740555,0.18665508924077923,0.16779449918871858,0.018860590052060644,-0.09356286323112961,3,1.0
1990-08-07,334.8299865722656,0.0011953320279518,0.0818928771360645,0.0868341746081341,0.0355615333570726,0.8776042920347932,2,Medium volatility,train,-0.061729073054284794,-0.0626832613436264,0.18482561694593694,0.1676068982222455,0.017218718723691434,-0.09247872206498176,4,1.0
1990-08-08,338.3500061035156,0.0104579804847011,0.8973902654280055,0.0559078099844734,0.0410728721681094,0.9030193178474172,2,Medium volatility,train,-0.0495005948318336,-0.06543402426860809,0.23070597416604108,0.1644681369384231,0.06623783722761797,-0.08293808128767566,5,1.0
1990-08-09,339.94000244140625,0.0046882579137861,0.3894152829248348,0.0266729021301859,0.0987804998005845,0.8745465980692295,2,Medium volatility,train,-0.033383703253897494,-0.07233297507724218,0.24741733393792367,0.1582283542029371,0.08918897973498657,-0.07862856431983656,6,1.0
1990-08-10,335.5199890136719,-0.0130876042216527,-1.175598137780471,0.0260950061056259,0.0261676944508442,0.94773729944353,2,Medium volatility,train,-0.027456960686081694,-0.0905246370999248,0.23507647615030355,0.15811290363894093,0.07696357251136263,-0.09060854339964253,7,1.0
1990-08-13,338.8399963378906,0.0098464743461397,0.8435523527349091,0.0179870000404696,0.0384052950899067,0.9436077048696236,2,Medium volatility,train,0.013100440550926004,-0.08513315783467738,0.13594587270012573,0.1629965390107455,-0.02705066631061978,-0.07803655184239333,8,1.0
1990-08-14,339.3900146484375,0.001621923011994,0.1194505837660527,0.0094046967537261,0.1066071867180682,0.8839881165282055,2,Medium volatility,train,0.013527031534968204,-0.079627777280084,0.13574738558097452,0.16426335319923618,-0.028515967618261667,-0.07097884637007745,9,1.0
1990-08-15,340.0599975585937,0.0019721336824396,0.1502836536416837,0.0055159167836964,0.2149432846463241,0.7795407985699795,2,Medium volatility,train,0.005041184732706702,-0.06863601856922749,0.12124122317049078,0.1644174474766126,-0.04317622430612182,-0.0691448846468653,10,1.0
1990-08-16,332.3900146484375,-0.0228130430870772,-2.031840284049941,0.0302273576155059,0.0009429622071899,0.968829680177304,2,Medium volatility,train,-0.0224601162681566,-0.0944646795093307,0.18706367536542365,0.17556198242949755,0.011501692935926094,-0.08080520971985028,11,1.0
1990-08-17,327.8299865722656,-0.0138138819812301,-1.2395407152058642,0.0290368174104022,0.0034271867473203,0.9675359958422772,2,Medium volatility,train,-0.023186394027734,-0.0980711021122563,0.18879448816686364,0.17741508234122882,0.01137940582563482,-0.0819401553269451,12,1.0
1990-08-20,328.510009765625,0.0020721682069719,0.1590908424145312,0.0144604941108363,0.0444915261901304,0.9410479796990332,2,Medium volatility,train,-0.030960700166901802,-0.0784233324004297,0.16349342169683667,0.17269255029288336,-0.009199128596046685,-0.08003580852268477,13,1.0
1990-08-21,321.8599853515625,-0.0204506857101467,-1.823854816384344,0.0352485138536595,0.0007170319615789,0.9640344541847616,2,Medium volatility,train,-0.0530333088890425,-0.1002240702976545,0.170259649271492,0.180598532811319,-0.010338883539826982,-0.09865863325107627,14,1.0
1990-08-22,316.54998779296875,-0.0166354544511104,-1.4879561647188158,0.0436103062479993,0.0011957279799801,0.9551939657720204,2,Medium volatility,train,-0.07164089702259249,-0.12050667216506619,0.13912399438404985,0.18197424515985036,-0.042850250775800514,-0.11118912475687259,15,1.0
1990-08-23,307.0599975585937,-0.0304380081475637,-2.7031535830139264,0.3203579830065058,4.37683758810741e-07,0.6796415793097352,2,Medium volatility,train,-0.07926586208307901,-0.1476347399112681,0.16799146012033583,0.20016846831953886,-0.03217700819920302,-0.13783517388507605,16,1.0
1990-08-24,311.510009765625,0.0143883115104284,1.2434224722605904,0.2742690349806406,0.0040731718963938,0.7216577931229655,2,Medium volatility,train,-0.0510636685914205,-0.1262822747890898,0.2570747986245957,0.21389148003322192,0.04318331859137378,-0.12534040403166224,17,1.0
1990-08-29,324.19000244140625,0.0088300299805128,0.7540630744379654,0.4097730017597776,0.0306224568590517,0.5596045413811707,2,Medium volatility,train,0.023848602771924902,-0.09225170434979449,0.32397066458331386,0.2516019296164546,0.07236873496685925,-0.07764313102284326,1,0.0
1990-08-30,318.7099914550781,-0.0170481996082916,-1.5242948640965468,0.4468221611997713,0.0020103213767953,0.5511675174234333,2,Medium volatility,train,0.037238411311197005,-0.0978712702939361,0.2542955520870318,0.2542573093300264,3.8242757005424455e-05,-0.07582785770238365,2,0.0
1990-08-31,322.5599975585937,0.0120075862830644,1.0338198716413898,0.3421514314148251,0.0081059467769909,0.6497426218081839,2,Medium volatility,train,0.034857686083833,-0.0668493372214032,0.2514540982545341,0.25520045430151467,-0.0037463560469805923,-0.05146150716237852,3,0.0
1990-09-04,323.0899963378906,0.001641752972513,0.1211964430727819,0.1731279961814825,0.0498356794575854,0.777036324360932,2,Medium volatility,train,0.0051200021847775026,-0.034496657358022195,0.16037841140592568,0.23525105203461674,-0.07487264062869106,-0.04990296224941626,4,0.0
1990-09-05,324.3900146484375,0.0040156299358073,0.3301961123069419,0.080228627427538,0.1207663360385691,0.7990050365338929,2,Medium volatility,train,0.009446799563605902,-0.03167635945016669,0.16091535338344695,0.23589363778004352,-0.07497828439659657,-0.04608005358659151,5,0.0
1990-09-06,320.4599914550781,-0.0121891038672421,-1.0964928261816784,0.0662273451187278,0.0416136724743835,0.8921589824068887,2,Medium volatility,train,-0.011572334284149,-0.0543234438021099,0.17029941551766986,0.23433474737567517,-0.0640353318580053,-0.05763690597021309,6,0.0
1990-09-07,323.3999938964844,0.0091324913548618,0.780692225052126,0.0393654276502224,0.0583831971889108,0.9022513751608668,2,Medium volatility,train,0.0146083566790044,-0.049879210361034196,0.13325107658204177,0.23659765979825742,-0.10334658321621565,-0.04899136558759376,7,0.0
1990-09-10,321.6300048828125,-0.0054880965523285,-0.5065261455121374,0.0207079088878651,0.0915890642100129,0.887703026902122,2,Medium volatility,train,-0.0028873261563885,-0.04227970269171,0.11863455538519545,0.2337541166240639,-0.11511956123886845,-0.054196297147845574,8,0.0
1990-09-11,321.0400085449219,-0.0018360791426781,-0.1849970846314446,0.0101697694028463,0.1791541808888177,0.810676049708336,2,Medium volatility,train,-0.006365158271579601,-0.053962256180527794,0.11740468301070554,0.22968133101507798,-0.11227664800437244,-0.055931274334596215,9,0.0
1990-09-12,322.5400085449219,0.0046614334699262,0.3870536188702962,0.0058416053932027,0.2903943990387975,0.7037639955679997,2,Medium volatility,train,-0.005719354737460701,-0.0509227457225956,0.11893255031562865,0.23064040442701453,-0.11170785411138588,-0.0515202880063923,10,0.0
1990-09-13,318.6499938964844,-0.0121338834389552,-1.0916311372966256,0.008766205706989,0.1056560463467701,0.8855777479462408,2,Medium volatility,train,-0.005664134309173801,-0.0650287628439904,0.11867432024221823,0.2323158759931466,-0.11364155575092837,-0.041337044274587176,11,0.0
1990-09-14,316.8299865722656,-0.0057279925610291,-0.5276469479986496,0.0064371465604245,0.1393658526070433,0.8541970008325321,2,Medium volatility,train,-0.0205246182250647,-0.0479437123179423,0.08724002949200897,0.22145559208232626,-0.1342155625903173,-0.035554542772357145,12,0.0
1990-09-17,317.7699890136719,0.0029625060354847,0.2374775130563013,0.0043077194924627,0.2570592285485822,0.738633051958955,2,Medium volatility,train,-0.0120740156372515,-0.031167324301227494,0.09649853262059753,0.21813968643823312,-0.12164115381763559,-0.03269313090220771,13,0.0
1990-09-18,318.6000061035156,0.0026086005527821,0.206319146397587,0.002953473069949,0.4121673805924484,0.5848791463376026,2,Medium volatility,train,-0.0076293359417913004,-0.030630891955417294,0.10182228453144844,0.21826004030090715,-0.11643775576945871,-0.01784891113617315,14,0.0
1990-09-19,316.6000061035156,-0.0062972499080169,-0.5777652140542169,0.0029956727476646,0.4316630453066421,0.5653412819456932,2,Medium volatility,train,-0.0185880193197344,-0.016477456153287492,0.09151615341913148,0.20805635568493056,-0.11654020226579907,-0.024014329027249537,15,0.0
1990-09-20,311.4800109863281,-0.0163040007450696,-1.458774485971308,0.0108331730160507,0.0484006638993069,0.9407661630846424,2,Medium volatility,train,-0.022758136625848798,-0.01614600244724669,0.11231264862403599,0.2077418923542855,-0.09542924373024951,-0.0397977837761152,16,0.0
1990-09-21,311.32000732421875,-0.000513820362638,-0.0685834490709717,0.0064657572717704,0.1204244983454101,0.8731097443828194,2,Medium volatility,train,-0.0175439644274577,0.01377818533767901,0.11442049917453716,0.17757000746370943,-0.06314950828917228,-0.0402910284966187,17,0.0
1990-09-24,304.5899963378906,-0.0218547476593595,-1.947470524993992,0.0270733055097686,0.0008383106381877,0.9720883838520435,2,Medium volatility,train,-0.0423612181223019,-0.02246487383210889,0.14743308318039217,0.1863931463990317,-0.03896006321863954,-0.06103769356774269,18,0.0
1990-09-25,308.260009765625,0.0119770164402419,1.0311284570747408,0.0215820233649779,0.0110372715380187,0.9673807050970032,2,Medium volatility,train,-0.0329928022348421,-0.04186729426343549,0.18904849061511558,0.15282887639323603,0.036219614221879554,-0.04972411034382063,19,0.0
1990-09-26,305.0599975585937,-0.0104351438296541,-0.9420715678881918,0.0168475093946227,0.0138141044146202,0.969338386190757,2,Medium volatility,train,-0.0371306961564793,-0.05199127065006849,0.19053614093833507,0.15533463144324539,0.03520150949508968,-0.05958881660026738,20,0.0
1990-09-27,300.9700012207031,-0.0134978745052274,-1.2117189455938313,0.0178853290801932,0.0061889460190102,0.9759257249007964,2,Medium volatility,train,-0.0343245699166371,-0.07431917513580868,0.18468986067999354,0.15383531424724542,0.030854546432748126,-0.07219708489830112,21,0.0
1990-09-28,306.04998779296875,0.0167378513478126,1.4502794646231307,0.0241171162252044,0.00341134136312,0.9724715424116755,2,Medium volatility,train,-0.017072898206186498,-0.04053312417970449,0.23907057946795504,0.16117643404022733,0.07789414542772771,-0.056536964848764026,22,0.0
1990-10-01,314.94000244140625,0.0286337048328997,2.49760815186521,0.1511195140358609,8.703253615273006e-06,0.8488717827105238,2,Medium volatility,train,0.0334155542860727,-0.023907005629869194,0.257074765517969,0.18752793219522176,0.06954683332274722,-0.029131637166060265,23,0.0
1990-10-02,315.2099914550781,0.0008569040158938,0.0520971700824267,0.069289480887353,0.0362916776046221,0.8944188415080249,2,Medium volatility,train,0.0222954418617246,-0.024691854586488395,0.2552240264993041,0.18739793475562022,0.06782609174368387,-0.028299339618416908,24,0.0
1990-10-03,311.3999938964844,-0.0121608164604749,-1.0940023606903106,0.0541905299062158,0.0156446213425711,0.9301648487512127,2,Medium volatility,train,0.020569769230903798,-0.0408683009827706,0.26048069684393055,0.1900263929494911,0.07045430389443944,-0.037105752091761146,25,0.0
1990-10-04,312.69000244140625,0.0041340524274389,0.3406222051346606,0.0259782280360172,0.0609291690892635,0.913092602874719,2,Medium volatility,train,0.0382016961635701,-0.02454514468808959,0.22154818670669982,0.18741936477125895,0.03412882193544087,-0.03311685731975067,26,0.0
1990-10-05,311.5,-0.0038129539995859,-0.3590440961655615,0.013387394871076,0.1143640192375542,0.8722485858913697,2,Medium volatility,train,0.0176508908161716,-0.03749059004253729,0.21740855875386397,0.18371824658058777,0.0336903121732762,-0.034228338353207044,27,0.0
1990-10-08,313.4800109863281,0.0063362590035005,0.5345077573763609,0.0082338960390792,0.1791340323336935,0.8126320716272272,2,Medium volatility,train,-0.004646555013227599,-0.02566623448670829,0.10435695072101143,0.18533546912520202,-0.08097851840419058,-0.028089530968471776,28,0.0
1990-10-09,305.1000061035156,-0.0270959855034167,-2.408916923743055,0.0722812127989998,6.080723624502332e-05,0.9276579799647552,2,Medium volatility,train,-0.0325994445325381,-0.05092614084744689,0.19329262776779393,0.20576372995095107,-0.01247110218315714,-0.05407081905926503,29,0.0
1990-10-10,300.3900146484375,-0.0155579325750405,-1.393089531286112,0.0740801342269449,0.0016928236071996,0.9242270421658556,2,Medium volatility,train,-0.0359965606471037,-0.0711455068924136,0.19939650872250228,0.20870978716010605,-0.009313278437603767,-0.057304188287474966,30,0.0
1990-10-11,295.4599914550781,-0.0165482441798294,-1.4802780423336286,0.0836609694782045,0.0012441240303501,0.9150949064914452,2,Medium volatility,train,-0.056678857254372,-0.07555986763328779,0.1826981801669689,0.21153512173620426,-0.028836941569235358,-0.07263030196213849,31,0.0
1990-10-12,300.0299987792969,0.0153490306152095,1.328005615460879,0.0788489452500877,0.0041573662672878,0.9169936884826244,2,Medium volatility,train,-0.0375168726395766,-0.05448284445704919,0.25042747903692386,0.22142481091653815,0.02900266812038571,-0.05828627422620081,32,0.0
1990-10-15,303.2300109863281,0.0106091641076275,0.910700697128472,0.0511410321755873,0.016940974579789,0.9319179932446237,2,Medium volatility,train,-0.0332439675354496,-0.0468361863849064,0.26345953365912017,0.22544321334931458,0.03801632030980559,-0.048242293856685214,33,0.0
1990-10-16,298.9200134277344,-0.0143156057126407,-1.2837132209983406,0.048661529341021,0.0050676879276664,0.9462707827313126,2,Medium volatility,train,-0.0204635877446736,-0.06376039265032919,0.22283485394767003,0.22834599707294873,-0.0055111431252787,-0.05584331122849251,34,0.0
1990-10-17,298.760009765625,-0.000535415806862,-0.0704847441968646,0.022616767700625,0.0463146171161224,0.9310686151832526,2,Medium volatility,train,-0.005441070976495101,-0.057998558549174295,0.20345319179869034,0.2282275805073406,-0.024774388708650258,-0.05218737392655737,35,0.0
1990-10-18,305.739990234375,0.0230944274558853,2.0099219080146904,0.0649723345176431,0.0005932301022921,0.9344344353800648,2,Medium volatility,train,0.0342016006592196,-0.0186001303482194,0.20731560566716614,0.2394994577522811,-0.032183852085114956,-0.030043467775204502,36,0.0
1990-10-19,312.4800109863281,0.0218054666549276,1.896439876207064,0.1257816927789876,0.0003101025086943,0.873908204712318,2,Medium volatility,train,0.040658036698937694,0.0037191566693462012,0.2240492482589841,0.25210500763331395,-0.02805575937432986,-0.008660831010298242,37,0.0
1990-10-22,314.760009765625,0.0072699724055365,0.6167132782194532,0.0671871040579262,0.0246205051763089,0.9081923907657647,2,Medium volatility,train,0.0373188449968467,0.0328438767342422,0.22318987349133096,0.23986216647742303,-0.016672292986092074,-0.0014275616308223604,38,0.0
1990-10-23,312.3599853515625,-0.0076541527939415,-0.6972289683793647,0.0382957835244209,0.0368157268762696,0.9248884895993096,2,Medium volatility,train,0.0439802979155459,0.0132127075000588,0.19229826849590675,0.23881833654559648,-0.04652006804968972,-0.009041610928509525,39,0.0
1990-10-24,312.6000061035156,0.0007681156139147,0.0442801067162993,0.0175742032004248,0.1044143338524872,0.878011462947088,2,Medium volatility,train,0.04528382933632259,0.0244159669436276,0.18926441118407097,0.23538055280347628,-0.046116141619405304,-0.00828014790874565,40,0.0
1990-10-25,310.1700134277344,-0.0078038599541363,-0.7104094100983316,0.0120439721072904,0.1001959175870131,0.8877601103056965,2,Medium volatility,train,0.014385541926301,0.030109981494718698,0.17491062653154563,0.23168971384629333,-0.056779087314747706,-0.015989271165162355,41,0.0
1990-10-26,304.7099914550781,-0.0177601009815235,-1.5869717230211704,0.0231432747757761,0.004780024435121,0.9720767007891028,2,Medium volatility,train,-0.0251800257101501,-0.004387970834617401,0.13498806972086377,0.23384504220255165,-0.09885697248168787,-0.03331112681907611,42,0.0
1990-10-29,301.8800048828125,-0.0093308729853704,-0.8448499153894278,0.0164855532943419,0.0144509570844353,0.9690634896212228,2,Medium volatility,train,-0.041780871101057,-0.0423525486528875,0.09349382378908797,0.21055165192391057,-0.1170578281348226,-0.04228922601955443,43,0.0
1990-10-30,304.0599975585937,0.0071954387319843,0.6101512224094506,0.0107302113691399,0.0439591241204323,0.9453106645104278,2,Medium volatility,train,-0.026931279575131202,-0.036014013936797006,0.13668535426843775,0.21280987333960538,-0.07612451907116763,-0.033994192003611534,44,0.0
1990-10-31,304.0,-0.0001973409171105,-0.0407201265578842,0.0064432133241369,0.1141718481100906,0.8793849385657726,2,Medium volatility,train,-0.0278967361061564,-0.024050538393432606,0.13461625963008267,0.20947048008227076,-0.07485422045218809,-0.034184805667140106,45,0.0
1990-11-01,307.0199890136719,0.0098851548550786,0.846957842446061,0.0066858956814124,0.1109241059408142,0.8823899983777734,2,Medium volatility,train,-0.010207721296941499,-0.018299435965792903,0.16361935134172995,0.21224328145778984,-0.048623930116059894,-0.024590229100947325,46,0.0
1990-11-02,311.8500061035156,0.0156094662827905,1.350934760156597,0.0118118559898028,0.0266310417708995,0.9615571022392976,2,Medium volatility,train,0.023161845967372502,0.0011229843165834977,0.13710208292950765,0.21941799300517176,-0.0823159100756641,-0.009245150501412835,47,0.0
1990-11-05,314.5899963378906,0.0087478695385696,0.7468295465610901,0.009196533787864,0.0470408480106163,0.9437626182015196,2,Medium volatility,train,0.0412405884913125,0.0035345948516525985,0.08080514332818835,0.22044393861444508,-0.13963879528625672,-0.0005401366833766019,48,0.0
1990-11-06,311.6199951171875,-0.0094857109625765,-0.8584820818923004,0.0086442088481287,0.0377507755071459,0.9536050156447252,2,Medium volatility,train,0.024559438796751702,0.0211448693924928,0.13971035141763447,0.20051092632850684,-0.060800574910872374,-0.009975900848318009,49,0.0
1990-11-07,306.010009765625,-0.0181666680503482,-1.622766494283429,0.0188635318485659,0.0018307729483134,0.9793056952031206,2,Medium volatility,train,0.006590111663514,0.018536133917185095,0.2044323008174181,0.20341675771846893,0.001015543098949162,-0.027798957073725372,50,0.0
1990-11-08,307.6099853515625,0.0052148861660867,0.4357804198894096,0.0110145093102067,0.0351916966123807,0.9537937940774126,2,Medium volatility,train,0.0019198429745220982,0.0402992642631012,0.19656783034792508,0.1935559784729748,0.0030118518749502887,-0.022715796772869945,51,0.0
1990-11-09,313.739990234375,0.0197318870657809,1.7138788357810446,0.0246824920886836,0.0023166787609886,0.9730008291503276,2,Medium volatility,train,0.0060422637575125,0.0446821207136726,0.21366077735896935,0.19790546867509187,0.015755308683877478,-0.0032406261901234412,52,0.0
1990-11-12,319.4800109863281,0.0181301221357399,1.5728570618029702,0.0359496002912358,0.0017354218843775,0.9623149778243866,2,Medium volatility,train,0.0154245163546828,0.05220307874178501,0.23734031159768193,0.2035459763818638,0.03379433521581812,0.0,53,0.0
1990-11-13,317.6700134277344,-0.0056815580574278,-0.5235587850298931,0.0196356427550501,0.0252534314343837,0.955110925810566,2,Medium volatility,train,0.0192286692598315,0.0608371263969979,0.2282402402977662,0.19657216612820402,0.03166807416956219,-0.005665448529958872,54,0.0
1990-11-14,320.3999938964844,0.008557045764614,0.7300291368282331,0.0131649829622135,0.0471002187552015,0.939734798282585,2,Medium volatility,train,0.045952383074793705,0.0699295879684739,0.1469438576823491,0.19700393428639193,-0.050060076604042825,0.0,55,0.0
1990-11-15,317.0199890136719,-0.0106053674297843,-0.957058307585808,0.0119166159967641,0.0288361365435093,0.9592472474597264,2,Medium volatility,train,0.0301321294789227,0.0362297930828043,0.19499642250161597,0.18910667316156907,0.005889749340046907,-0.010549328799002833,56,0.0
1990-11-16,317.1199951171875,0.0003154070295119,0.0044229675879308,0.0070243284266326,0.0896907169640454,0.903284954609322,2,Medium volatility,train,0.010715649442653704,0.014739733457388602,0.16248126600121054,0.1745325837997606,-0.012051317798550065,-0.010237199880710923,57,0.0
1990-11-19,319.3399963378906,0.006976118699554,0.5908419595693296,0.0057515609479289,0.1379739037776011,0.85627453527447,2,Medium volatility,train,-0.00043835399353219645,0.014445879751406102,0.11593918001284506,0.17439690053781362,-0.05845772052496856,-0.0033083569874730046,58,0.0
1990-11-20,315.3099975585937,-0.0127000803124115,-1.1414799546968186,0.0088133710227237,0.0403155284302474,0.9508711005470288,2,Medium volatility,train,-0.0074568762485158965,0.009399952232936102,0.13923194179777593,0.17828117865223564,-0.03904923685445971,-0.015886380882813578,59,0.0
1990-11-21,316.0299987792969,0.0022808677955508,0.1774650655342355,0.0057810406471316,0.1084740734573572,0.8857448858955111,2,Medium volatility,train,-0.013733054217579097,0.010912704414572202,0.12089968793033821,0.17838984192268784,-0.05749015399234962,-0.013639186018834182,60,0.0
1990-11-23,315.1000061035156,-0.0029470737936314,-0.2828107111000772,0.0044039853206947,0.1888818362718816,0.8067141784074235,2,Medium volatility,train,-0.006074760581426197,0.015769490575077105,0.10447423863468334,0.17630480808508625,-0.0718305694504029,-0.016541784937365134,61,0.0
1990-11-26,316.510009765625,0.0044647993824815,0.3697416604699449,0.0035234238925185,0.305283346994301,0.6911932291131804,2,Medium volatility,train,-0.0019253682284565976,0.0379943909390821,0.11067592557813093,0.16311795489319172,-0.0524420293150608,-0.012141024360057151,62,0.0
1990-11-27,318.1000061035156,0.0050109504267092,0.4178256131601793,0.0028241187502677,0.4318115817152272,0.565364299534505,2,Medium volatility,train,-0.003890536501301397,0.0523362143511617,0.10462648235409926,0.15814758470871554,-0.05352110235461628,-0.007178488878847644,63,0.0
1990-11-30,322.2200012207031,0.0181640583939115,1.5758448605990234,0.0106643310351546,0.1260179748697328,0.8633176940951125,2,Medium volatility,train,0.022344477717936607,0.048321689589955204,0.12267869725416715,0.1668361479779643,-0.04415745072379716,0.0,1,0.0
1990-12-03,324.1000061035156,0.0058175831284446,0.4888427595678868,0.0067514097666599,0.202598118464731,0.790650471768609,2,Medium volatility,train,0.023697261463899704,0.0385298064356093,0.12297678954647066,0.16039469010860588,-0.03741790056213522,0.0,2,0.0
1990-12-04,326.3500061035156,0.0069183148038867,0.5857528183620506,0.005106362622521,0.2705749207270546,0.7243187166504242,2,Medium volatility,train,0.025604625841077207,0.0367002517009264,0.12378277488364645,0.15953690876984883,-0.03575413388620238,0.0,3,0.0
1990-12-05,329.9200134277344,0.0108797977449777,0.9345276862961563,0.0061844948063437,0.2093196992962832,0.784495805897373,2,Medium volatility,train,0.03695606542222141,0.057065760408480604,0.1188211287764662,0.15686526757724603,-0.038044138800779836,0.0,4,0.0
1990-12-06,329.07000732421875,-0.0025797251798849,-0.2504687911295908,0.0040201464143642,0.3248663541835629,0.6711134994020729,2,Medium volatility,train,0.0392000288913356,0.0726527032789439,0.10751083519030513,0.13877466740638325,-0.03126383221607812,-0.0025764005483766006,5,0.0
1990-12-07,327.75,-0.0040193937048709,-0.3772193557887425,0.0030622572339525,0.4220820944429323,0.5748556483231152,2,Medium volatility,train,0.017016576792553202,0.06341842340798631,0.09118521903984642,0.14110605000714835,-0.04992083096730193,-0.006577392517625125,6,0.0
1990-12-12,330.19000244140625,0.0114220816655024,0.9822711716465448,0.0041216523073025,0.4128373931646227,0.5830409545280748,2,Medium volatility,train,0.000818012216862004,0.038655103365511104,0.10556395437850677,0.12062099106985158,-0.01505703669134481,0.0,1,0.0
1990-12-18,330.04998779296875,0.0122854256695621,1.0582812657136662,0.0039298445144224,0.450759323733666,0.5453108317519114,2,Medium volatility,train,0.010997949069454803,0.032987766705567904,0.1287410338672414,0.12105996223444312,0.00768107163279827,-0.0004240426645332196,1,0.0
1991-01-03,321.9100036621094,-0.0140048202791716,-1.2563512078012884,0.0051715016962987,0.3682690223557212,0.6265594759479801,2,Medium volatility,train,-0.0273931041593176,-0.013698429036851999,0.11462223888994505,0.11378994278489564,0.0008322961050494099,-0.02966087818505092,1,0.0
1991-01-04,321.0,-0.0028308916167194,-0.2725818589224076,0.0030670927692404,0.4975853743554591,0.4993475328753004,2,Medium volatility,train,-0.022456266997023598,-0.0274091183985491,0.11393776884621078,0.10584228245894008,0.0080954863872707,-0.03240391861341374,2,0.0
1991-01-07,315.44000244140625,-0.0174726258209592,-1.561661981025276,0.0133017597908684,0.0393445611118301,0.9473536790973014,2,Medium volatility,train,-0.0412378309796021,-0.0423020190396234,0.12737253964231138,0.11963008298208483,0.007742456660226549,-0.04916351939289754,3,0.0
1991-01-08,314.8999938964844,-0.0017133885844708,-0.1741952248552346,0.0076461917524504,0.1000018662210596,0.8923519420264899,2,Medium volatility,train,-0.0475039939757369,-0.03999601391922329,0.09859944856052809,0.11943344655981165,-0.020833997999283566,-0.050791276875706504,4,0.0
1991-01-09,311.489990234375,-0.0108879050924413,-0.9819333449001092,0.0086839495389462,0.0492152206465944,0.9421008298144592,2,Medium volatility,train,-0.046909631393762294,-0.05435618926143059,0.09806825027657898,0.12145996835209842,-0.023391718075519444,-0.06107011233044457,5,0.0
1991-01-10,314.5299987792969,0.0097122535851763,0.8317353567071205,0.0080005372342047,0.0588568859625378,0.9331425768032576,2,Medium volatility,train,-0.023192557529414393,-0.03716671486260369,0.14575836246050436,0.12738814343362234,0.018370219026882018,-0.051906559821260356,6,0.0
1991-01-11,315.2300109863281,0.0022231087540554,0.1723798733551646,0.0053228017141368,0.1392426495567323,0.8554345487291308,2,Medium volatility,train,-0.018138557158639598,-0.046365687774050694,0.15230321887496662,0.11900447657977344,0.03329874229519318,-0.0497965004180011,7,0.0
1991-01-14,312.489990234375,-0.0087301285579313,-0.7919594797980231,0.0059379054858908,0.1081668366105026,0.8858952579036066,2,Medium volatility,train,-0.009396059895611696,-0.0525182032568673,0.11864752379097224,0.12105940030632616,-0.0024118765153539196,-0.058055794319894494,8,0.0
1991-01-15,313.7300109863281,0.003960340999245,0.3253283918511211,0.0044290752347987,0.203421831297249,0.7921490934679523,2,Medium volatility,train,-0.0037223303118958965,-0.040876804621506196,0.12437853819421463,0.12163298982639666,0.002745548367817971,-0.05431797743382627,9,0.0
1991-01-16,316.1700134277344,0.0077473076712468,0.6587385871085915,0.0043573952151111,0.2491211228094526,0.7465214819754362,2,Medium volatility,train,0.014912882451792203,-0.030678609395880494,0.10206987390562829,0.12623348770239387,-0.024163613796765585,-0.04696303412890923,10,0.0
1991-01-17,327.9700012207031,0.0366420584245359,3.202675549056451,0.2685765230538815,3.9092506430572813e-07,0.7314230860210542,2,Medium volatility,train,0.0418426872911518,-0.006321976640906696,0.24067981947621161,0.1775336191177747,0.0631462003584369,-0.01139411840029203,11,0.0
1991-01-18,332.2300109863281,0.0129053887056755,1.1128637362833689,0.2062160666596444,0.0067456333596707,0.7870382999806848,2,Medium volatility,train,0.0525249672427719,0.0061289647595223,0.2364540093111924,0.1833456186138339,0.05310839069735851,0.0,12,0.0
1991-01-21,331.0599975585937,-0.0035279127566418,-0.3339486399079048,0.1013429342625903,0.0386687886444421,0.8599882770929674,2,Medium volatility,train,0.0577271830440614,0.0028434105240462,0.21659894481765626,0.1838212974730479,0.03277764734460836,-0.0035216969841492807,13,0.0
1991-01-22,328.3099975585937,-0.0083413439049655,-0.7577302989560603,0.0596340164761126,0.0426029508325329,0.8977630326913545,2,Medium volatility,train,0.0454254981398509,-0.0104233966597764,0.24984471217246568,0.1851969758469616,0.06464773632550408,-0.011799094898430895,14,0.0
1991-01-23,330.2099914550781,0.0057705132736334,0.484698659330784,0.029564454706478,0.0924610565518295,0.8779744887416924,2,Medium volatility,train,0.043448703742237506,0.0009392300927473004,0.25069205992521393,0.18544905817661023,0.0652430017486037,-0.006080183801737027,15,0.0
1991-01-24,334.7799987792969,0.0137448062020153,1.1867673049169027,0.0281292048720415,0.0390669997874835,0.9328037953404748,2,Medium volatility,train,0.020551451519716907,0.011808477122136701,0.13953671343570112,0.19125967282690817,-0.05172295939120705,0.0,16,0.0
1991-01-25,336.07000732421875,0.0038458973637025,0.3152526034492047,0.014079057383667,0.1004382779337151,0.8854826646826178,2,Medium volatility,train,0.011491960177743907,0.0234221032648526,0.12144166689255098,0.1890730195347636,-0.06763135264221262,0.0,17,0.0
1991-01-28,336.0299987792969,-0.0001190553328553,-0.0338277469324321,0.007279412675368,0.2044382619783408,0.7882823253462912,2,Medium volatility,train,0.014900817601530409,0.021994109770378002,0.11495484437657884,0.18912444460070066,-0.07416960022412182,-0.00011904824604980213,18,0.0
1991-01-29,335.8399963378906,-0.0005655928910419,-0.0731415797066957,0.0041700606304001,0.3459221178825846,0.6499078214870152,2,Medium volatility,train,0.02267656861545401,0.0168757424676721,0.08233290638437173,0.18877567409331003,-0.1064427677089383,-0.0006844139057795573,19,0.0
1991-01-30,340.9100036621094,0.014983678403361,1.2958394616917552,0.0092204655090543,0.1112663866949544,0.8795131477959912,2,Medium volatility,train,0.03188973374518161,0.043341688545449,0.10652830672841178,0.18920844505663112,-0.08268013832821934,0.0,20,0.0
1991-01-31,343.92999267578125,0.0088196034277148,0.7531451051751394,0.0075994456156421,0.1290693893358646,0.8633311650484933,2,Medium volatility,train,0.026964530970881105,0.0661661122523354,0.09310742819688167,0.18092533225511623,-0.08781790405823456,0.0,21,0.0
1991-02-01,343.04998779296875,-0.0025619534459968,-0.2489041411659397,0.0049455579007454,0.2222641687256985,0.7727902733735559,2,Medium volatility,train,0.02055668016118181,0.066435050423058,0.10641327559180623,0.18081270638414626,-0.07439943079234003,-0.0025586744440810882,22,0.0
1991-02-04,348.3399963378906,0.0153028302375339,1.3239380652878938,0.0100921348203818,0.0596616715730511,0.930246193606567,2,Medium volatility,train,0.035978565731571,0.09921050648155111,0.1197372991895119,0.16845424965063438,-0.04871695046112248,0.0,23,0.0
1991-02-05,351.260009765625,0.0083477140046808,0.7115992563994136,0.007968305274783,0.0846643178578543,0.9073673768673626,2,Medium volatility,train,0.04489187262729371,0.1092716090707027,0.10279636218406586,0.1670221667216193,-0.06422580453755343,0.0,24,0.0
1991-02-06,358.07000732421875,0.0192018006727394,1.667209238946734,0.0194723499087553,0.0057022685202677,0.9748253815709768,2,Medium volatility,train,0.0491099948966721,0.1393613148358834,0.11763444819525407,0.16228136116228448,-0.04464691296703041,0.0,25,0.0
1991-02-07,356.5199890136719,-0.0043382100209727,-0.4052884198733704,0.0112087970864889,0.0357484068706433,0.9530427960428676,2,Medium volatility,train,0.03595218144798461,0.1253108512297344,0.14882160933035582,0.16651325724277538,-0.01769164791241956,-0.004328813580701252,26,0.0
1991-02-08,359.3500061035156,0.0079065524522734,0.6727587351939578,0.0084032181450575,0.0636782124873367,0.9279185693676058,2,Medium volatility,train,0.04642068734625481,0.1309942949279524,0.12757568500264677,0.1659347629828751,-0.038359077980228334,0.0,27,0.0
1991-02-11,368.5799865722656,0.025360887073571,2.209464393894641,0.0468645417312976,0.0002384445121267,0.9528970137565758,2,Medium volatility,train,0.0564787441822919,0.1650853105594547,0.16265476573488782,0.16828259657038455,-0.005627830835496728,0.0,28,0.0
1991-02-12,365.5,-0.0083914687830661,-0.7621433680010921,0.0284902091700563,0.014379003977322,0.9571307868526217,2,Medium volatility,train,0.039739561394545,0.1527335007771436,0.20670871789978235,0.1774311493900251,0.02927756850975724,-0.00835635868596396,29,0.0
1991-02-13,369.0199890136719,0.0095845341522693,0.8204907473001972,0.0190276747719799,0.0300951708690228,0.9508771543589972,2,Medium volatility,train,0.030122294874074904,0.1545707272581661,0.18854181055388472,0.1775593940264205,0.010982416527464234,0.0,30,0.0
1991-02-14,364.2200012207031,-0.0130927293228753,-1.1760493593378123,0.0190823256526463,0.0104971967788508,0.9704204775685028,2,Medium volatility,train,0.0213677755721723,0.1048359395107549,0.2185927690769713,0.15779075586148972,0.06080201321548159,-0.013007392379470573,31,0.0
1991-02-15,369.05999755859375,0.0132011418139024,1.1389022811406466,0.0180966411074171,0.0118292141279153,0.9700741447646676,2,Medium volatility,train,0.0266623649338013,0.10513169261898181,0.2255038520699174,0.15797495444889248,0.06752889762102493,0.0,32,0.0
1991-02-19,369.3900146484375,0.0008938102955093,0.0553464539971241,0.0096947251313227,0.0602495993647174,0.9300556755039598,2,Medium volatility,train,0.002195288155739604,0.10955341567113291,0.15997925282676267,0.15559976032487777,0.004379492501884907,0.0,33,0.0
1991-02-20,365.1400146484375,-0.0115721543259583,-1.042175668192351,0.010540375790943,0.0268340076152378,0.9626256165938192,2,Medium volatility,train,-0.0009853973871525954,0.1063226052501401,0.16980121198516326,0.1595660510281489,0.010235160957014378,-0.011505454482966693,34,0.0
1991-02-21,364.9700012207031,-0.0004657200342741,-0.0643486244050131,0.0065147107485661,0.0845854702610295,0.9088998189904044,2,Medium volatility,train,-0.011035651573695996,0.1000863719422326,0.15164320591168504,0.16079626085075022,-0.00915305493906518,-0.011965709013388115,35,0.0
1991-02-22,365.6499938964844,0.0018614132563188,0.1405356621515941,0.0045555491258311,0.1812260966924815,0.8142183541816874,2,Medium volatility,train,0.003918491005498105,0.0882029789965361,0.12491424958568735,0.1578871173945699,-0.03297286780888255,-0.010124856123987613,36,0.0
1991-02-25,367.260009765625,0.0043934956568021,0.363463974089149,0.0036031909971891,0.2966585819354362,0.6997382270673747,2,Medium volatility,train,-0.004889155151602194,0.0887505772896357,0.08778974400932528,0.15787382567468283,-0.07008408166535755,-0.0057662762888696095,37,0.0
1991-02-26,362.80999755859375,-0.0121907961537583,-1.0966418176111434,0.0068693588547109,0.1066943709885955,0.8864362701566936,2,Medium volatility,train,-0.017973761600869796,0.0766788364687327,0.11018866383804142,0.16749520861772454,-0.057306544779683125,-0.017813196970433043,38,0.0
1991-02-27,367.739990234375,0.0134968656421392,1.1649382481439157,0.0096411213318333,0.0474004781996612,0.9429584004685054,2,Medium volatility,train,0.007095258367227705,0.0907412950019138,0.1316143017720457,0.1698901547782441,-0.0382758530061984,-0.0044668895980658485,39,0.0
1991-02-28,367.0700073242188,-0.0018235546550622,-0.1838944100575198,0.0061253156671859,0.1119116415415072,0.8819630427913068,2,Medium volatility,train,0.005737423746439605,0.0739340619434906,0.13287073119509013,0.16679150069003348,-0.033920769494943354,-0.006280644392693491,40,0.0
1991-03-01,370.4700012207031,0.0092198875780065,0.7883867189167993,0.0061656252186274,0.1218151636327634,0.8720192111486091,2,Medium volatility,train,0.013095898068127304,0.0743343460937823,0.14271436250968256,0.16695208337343462,-0.02423772086375206,0.0,41,0.0
1991-03-04,369.3299865722656,-0.0030819561222301,-0.2946859525294144,0.0045157693267667,0.2047735474070643,0.7907106832661688,2,Medium volatility,train,0.005620446289095105,0.073814343417549,0.1458889109787871,0.16720798721653088,-0.02131907623774379,-0.003077211770672772,42,0.0
1991-03-05,376.7200012207031,0.0198116922050219,1.7209049992943417,0.0165556885658514,0.0108335951030629,0.9726107163310856,2,Medium volatility,train,0.037622934647875306,0.078323205385037,0.14009226119148996,0.17181753689895202,-0.03172527570746206,0.0,43,0.0
1991-03-06,376.1700134277344,-0.0014610046091689,-0.1519749631594055,0.0091932565793068,0.0545283790101874,0.9362783644105056,2,Medium volatility,train,0.022665064396567205,0.0685144867711873,0.14015074028181523,0.17198116473700986,-0.03183042445519463,-0.001459937861506111,44,0.0
1991-03-07,375.9100036621094,-0.0006914417883088,-0.0842215043653711,0.0057876545344444,0.1295822241115757,0.8646301213539799,2,Medium volatility,train,0.023797177263320604,0.048621244310139096,0.1377262322500574,0.16249874364585884,-0.024772511395801444,-0.0021501315458937187,45,0.0
1991-03-08,374.9500122070313,-0.0025570464743447,-0.248472124061394,0.0042405060601122,0.2228756439427576,0.7728838499971301,2,Medium volatility,train,0.012020243210969405,0.050402407856767105,0.1388008481247419,0.16167861971616337,-0.022877771591421486,-0.004698420598684527,46,0.0
1991-03-11,372.9599914550781,-0.0053215639274704,-0.4918643647837296,0.0038524202785532,0.2750121110848357,0.721135468636611,2,Medium volatility,train,0.009780635405729106,0.0371742914770233,0.14389716238713374,0.16260062765263894,-0.018703465265505204,-0.00998091355234998,47,0.0
1991-03-12,370.0299987792969,-0.0078870722428243,-0.71773554413178,0.0044617573179083,0.2402996187336151,0.7552386239484766,2,Medium volatility,train,-0.017918129042117096,0.003926332160628005,0.04227759924922585,0.14134942928984137,-0.09907183004061552,-0.01775855388545422,48,0.0
1991-03-13,374.5700073242188,0.0121946407986701,1.0502884302460846,0.0067358181110346,0.1436959642639679,0.8495682176249973,2,Medium volatility,train,-0.0042624836342780945,0.024512441742364208,0.11057983016856608,0.1435176550794475,-0.032937824910881416,-0.005707140288589874,49,0.0
1991-03-14,373.5,-0.0028607163593257,-0.2752076737544705,0.0045913370761197,0.2370556627396697,0.7583530001842105,2,Medium volatility,train,-0.0064317582052949955,0.012067191230769206,0.11127631388216072,0.14081817105025762,-0.029541857168096902,-0.008547465518871311,50,0.0
1991-03-15,373.5899963378906,0.0002409250258121,-0.0021345391311845,0.0030607562309781,0.3918847534076163,0.6050544903614055,2,Medium volatility,train,-0.0036337867051381956,0.02540084557945661,0.11108414779273247,0.1317416528908363,-0.020657505098103837,-0.008308571014732924,51,0.0
1991-03-18,372.1099853515625,-0.0039694594769974,-0.3728230718741195,0.0024703060519133,0.4923870141675293,0.5051426797805573,2,Medium volatility,train,-0.0022816822546651958,0.008230244288556806,0.10856870819021805,0.12538897936708118,-0.016820271176863133,-0.012237247436299059,52,0.0
1991-03-19,366.5899963378906,-0.0149454227646366,-1.339163253826709,0.0085912753321549,0.096690716085877,0.894718008581968,2,Medium volatility,train,-0.009340032776477495,-0.007608988771589094,0.1381403350119351,0.13613572901958482,0.002004605992350278,-0.026890010750657778,53,0.0
1991-03-20,367.9200134277344,0.0036215123709606,0.2954974139472657,0.0054842394031969,0.1901041443621089,0.8044116162346941,2,Medium volatility,train,-0.017913161204186994,0.007584677925329806,0.09946695955596972,0.13042659594704614,-0.03095963639107642,-0.023359491835988955,54,0.0
1991-03-21,366.5799865722656,-0.003648817814061,-0.3445933015310933,0.0040555849166535,0.2801436484211048,0.7158007666622416,2,Medium volatility,train,-0.018701262658922295,0.004401580145542905,0.09930442841419196,0.13114936329773844,-0.03184493488354648,-0.026916581587333677,55,0.0
1991-03-22,367.4800109863281,0.0024521833857127,0.1925479456632901,0.0027638453498238,0.4403637163740626,0.5568724382761135,2,Medium volatility,train,-0.016490004299021695,0.0049923502749368055,0.10462267766475458,0.13125840295648764,-0.026635725291733053,-0.024527474528653226,56,0.0
1991-03-26,376.2999877929688,0.0173432608726509,1.5035806223490242,0.0104735899327985,0.1066154892829579,0.8829109207842434,2,Medium volatility,train,0.026142617802714704,0.0365073906319954,0.10933326028744808,0.13634869915436854,-0.027015438866920455,-0.0011149220279605965,1,0.0
1991-03-27,375.3500061035156,-0.0025277248798891,-0.2458906071431227,0.006190604335133,0.1922298310691667,0.8015795645957002,2,Medium volatility,train,0.019993380551865003,0.020482800109967104,0.12030993963586177,0.13019805803033127,-0.0098881183944695,-0.0036366402440758394,2,0.0
1991-03-28,375.2200012207031,-0.0003464164111113,-0.0538449554428021,0.0038375113880646,0.3316948548926227,0.6644676337193126,2,Medium volatility,train,0.0232957819548147,0.021959938353918,0.11121372265866815,0.12989091519600363,-0.018677192537335477,-0.003981737086269588,3,0.0
1991-04-01,371.2999877929688,-0.0105021955621946,-0.947974902449851,0.0058376122177293,0.1824715622255884,0.8116908255566821,2,Medium volatility,train,0.010341403006907404,0.002237855213716904,0.1483802513779594,0.1322533803053571,0.0161268710726023,-0.014387378982192556,4,0.0
1991-04-02,379.5,0.0218442685291151,1.8998560510957565,0.0244709639108173,0.003888936548576,0.9716400995406068,2,Medium volatility,train,0.025811192548571005,0.027164079865062103,0.19591004620424768,0.15139990164614514,0.04451014455810254,0.0,5,0.0
1991-04-03,378.9400024414063,-0.0014767091887435,-0.1533576177734838,0.0125697151400919,0.0426443247400272,0.9447859601198808,2,Medium volatility,train,0.006991222487176606,0.005875678471296702,0.1719118772391918,0.13581968225281443,0.03609219498637736,-0.0014756193902336623,6,0.0
1991-04-04,379.7699890136719,0.0021878897410054,0.1692791389059837,0.0072540454061579,0.1126933162874992,0.8800526383063427,2,Medium volatility,train,0.011706837108071105,0.009524572821471,0.1690684585789099,0.1358123825629949,0.03325607601591499,0.0,7,0.0
1991-04-05,375.3599853515625,-0.0116802509478732,-1.0516926560459223,0.0090508147176916,0.0444724146493911,0.9464767706329172,2,Medium volatility,train,0.00037300257130920556,-0.0014642363380933977,0.1919222285121466,0.1421751620706814,0.049747066441465204,-0.01161230162910687,8,0.0
1991-04-08,378.6600036621094,0.0087531880553628,0.7472977967138076,0.0076931561147474,0.0645986197421862,0.9277082241430664,2,Medium volatility,train,0.019628386188866608,0.009845998191614101,0.17678977702480866,0.14504157530120998,0.031748201723598685,-0.00292278322056283,9,0.0
1991-04-09,373.55999755859375,-0.0135600867894325,-1.2171962079044794,0.0109522594022452,0.0156229370495745,0.9734248035481802,2,Medium volatility,train,-0.015775969129680992,0.0016074753296520024,0.13359392177254353,0.15184374290344532,-0.01824982113090179,-0.016351980500635466,10,0.0
1991-04-10,373.1499938964844,-0.0010981604853421,-0.1200296252013159,0.0068122530442466,0.0637159913231653,0.929471755632588,2,Medium volatility,train,-0.015397420426279593,0.008396387087134203,0.13385499947322232,0.1491480345114628,-0.015293035038240477,-0.01743159098585112,11,0.0
1991-04-11,377.6300048828125,0.0119344259774596,1.0273787291942873,0.0082758564868761,0.0451467013922547,0.946577442120869,2,Medium volatility,train,-0.005650884189825392,0.008136172265923702,0.16408014482266642,0.14889168658888818,0.015188458233778235,-0.00563494797579267,12,0.0
1991-04-12,380.3999938964844,0.00730842142812,0.6200983875265408,0.0066684444212988,0.0802717399797359,0.9130598155989652,2,Medium volatility,train,0.013337788186167807,0.018305310053369404,0.1458321218528025,0.15023057272195722,-0.004398450869154719,0.0,13,0.0
1991-04-15,381.1900024414063,0.0020746302658292,0.1593076057492648,0.004654838782615,0.1738798760998508,0.8214652851175342,2,Medium volatility,train,0.006659230396634207,0.0201390152933865,0.13772642485040806,0.15026081643271105,-0.01253439158230299,0.0,14,0.0
1991-04-16,387.6199951171875,0.0167275207836254,1.449369946340797,0.011351124715785,0.0289362097092485,0.9597126655749664,2,Medium volatility,train,0.0369468379696921,0.040835995554009304,0.10242435671723772,0.15846238027288814,-0.05603802355565042,0.0,15,0.0
1991-04-17,390.4500122070313,0.0072744856969935,0.6171106351323243,0.0082102776589968,0.0611294184082207,0.9306603039327824,2,Medium volatility,train,0.0453194841520277,0.0630559040156394,0.078447893441007,0.14665726051792807,-0.06820936707692107,0.0,16,0.0
1991-04-18,388.4599914550781,-0.0051097689656192,-0.4732176203834072,0.0061519951842038,0.09872178424001,0.8951262205757861,2,Medium volatility,train,0.02827528920894891,0.0543246226790596,0.11373429640053745,0.1493912890782232,-0.03565699267768574,-0.005096736303591198,17,0.0
1991-04-19,384.2000122070313,-0.0110269003000187,-0.9941706903303866,0.0077771715226309,0.0469330524213552,0.9452897760560138,2,Medium volatility,train,0.009939967480810207,0.046946540193101904,0.1530839073465685,0.15541169891236167,-0.002327791565793186,-0.016007170712254992,18,0.0
1991-04-22,380.9500122070313,-0.0084951171443758,-0.7712687243549985,0.0072982419248879,0.0467047638436981,0.945996994231414,2,Medium volatility,train,-0.0006297799293947925,0.0359992396630134,0.16687393415454643,0.15986993021994594,0.007004003934600489,-0.024330899482627566,19,0.0
1991-04-23,381.760009765625,0.0021239995274102,0.1636541491886707,0.0051207745607179,0.1194935834231693,0.8753856420161127,2,Medium volatility,train,-0.01523330118560999,0.031748760202972105,0.10787381804949998,0.159011526175529,-0.05113770812602901,-0.02225637641112055,20,0.0
1991-04-24,382.760009765625,0.0026160219346786,0.2069725359310851,0.003886666163018,0.2308162372702416,0.7652970965667403,2,Medium volatility,train,-0.01989176494792489,0.017021521264999808,0.0875512617683424,0.14843670488763672,-0.06088544311929432,-0.019695229097159705,21,0.0
1991-04-25,379.25,-0.0092125681961228,-0.8344341852551865,0.0052057676630644,0.1601604987587271,0.8346337335782082,2,Medium volatility,train,-0.023994564178428494,0.01033667794876611,0.09387139757994371,0.15211031039829817,-0.05823891281835446,-0.028684881180366384,22,0.0
1991-04-26,379.0199890136719,-0.0006066730761222,-0.0767583404852097,0.0036623654605133,0.2866907755927283,0.7096468589467584,2,Medium volatility,train,-0.013574336954531994,0.010076421283755209,0.0815365474779919,0.15213158416098035,-0.07059503668298846,-0.029273973200182213,23,0.0
1991-04-29,373.6600036621094,-0.0142426423201822,-1.2772894150783964,0.0086952339139883,0.0557962958956743,0.9355084701903372,2,Medium volatility,train,-0.019321862130338395,0.006335974525767611,0.1064374562733189,0.15604137091975798,-0.04960391464643908,-0.04300168528620574,24,0.0
1991-04-30,375.3399963378906,0.0044859692740102,0.3716054893016976,0.0059607964155218,0.121672272304132,0.8723669312803459,2,Medium volatility,train,-0.016959892383738396,-0.011022324729337288,0.11392815372371451,0.13615746079303864,-0.022229307069324133,-0.03869897655715471,25,0.0
1991-05-01,380.2900085449219,0.0131018699213951,1.130162235628986,0.0085990270857549,0.0592159578158622,0.9321850150983828,2,Medium volatility,train,-0.006474044397021893,0.0035562543808013124,0.15415325678857664,0.14402379382938454,0.010129462959192093,-0.026021266089043427,26,0.0
1991-05-02,380.5199890136719,0.0006045674386321,0.0298810813807659,0.0054818092666576,0.1411286443686382,0.853389546364704,2,Medium volatility,train,0.003343091237733005,0.001972932078428013,0.1407620600260214,0.14384943302448977,-0.0030873729984683684,-0.025432252229240948,27,0.0
1991-05-03,380.7999877929688,0.0007355613945554,0.0414139846790274,0.0038179266845329,0.2664680763152188,0.7297139970002481,2,Medium volatility,train,0.004685325708410605,0.014388744420856612,0.14040674627011968,0.13730440672694097,0.003102339543178706,-0.024715134107732295,28,0.0
1991-05-06,380.0799865722656,-0.0018925493109707,-0.1899688024909803,0.0028335156101259,0.4045839221330944,0.5925825622567796,2,Medium volatility,train,0.017035418717622104,0.003743007054523112,0.08346734503317088,0.13436460012697674,-0.050897255093805854,-0.026559163300184818,29,0.0
1991-05-07,377.3200073242188,-0.0072880683571474,-0.664998348433686,0.0033271321942793,0.3821323183720349,0.6145405494336857,2,Medium volatility,train,0.0052613810864645056,0.010015025486808212,0.10618771570070691,0.1278745733120543,-0.02168685761134738,-0.03362787673790746,30,0.0
1991-05-09,383.25,0.0124449993439874,1.0723303700645022,0.0046359000459853,0.3576890652558355,0.6376750346981792,2,Medium volatility,train,0.007148808285548603,0.014772624553802011,0.10332122015675274,0.12862421035049418,-0.025302990193741437,-0.018440291924523233,1,0.0
1991-05-10,375.739990234375,-0.0197901289031499,-1.7656984096676624,0.0200041165410517,0.0083761243806061,0.971619759078342,2,Medium volatility,train,-0.013376882012156695,-0.012325925777467888,0.17058295167316234,0.1443874426246085,0.026195509048553833,-0.03767453326357306,2,0.0
1991-05-13,376.760009765625,0.0027110170258577,0.2153360454736138,0.0107206577641377,0.0526145634573833,0.9366647787784788,2,Medium volatility,train,-0.008773315675328294,-0.011689539017439389,0.1741157681180382,0.14455357325271595,0.029562194865322244,-0.03506211298092454,3,0.0
1991-05-14,371.6199951171875,-0.0137365922092849,-1.2327360083817525,0.0135956042186552,0.0125509272392904,0.9738534685420543,2,Medium volatility,train,-0.015221839527465794,-0.04215365201034969,0.18865238191344666,0.13680019930947074,0.05185218260397592,-0.04822644769148943,4,0.0
1991-05-15,368.5700073242188,-0.0082411409095124,-0.748908277752018,0.0103130666713534,0.0240304627659903,0.965656470562656,2,Medium volatility,train,-0.026611845652102093,-0.05766927861685559,0.18360282135898737,0.13389368533784238,0.04970913602114499,-0.05120214325381667,5,0.0
1991-05-16,372.1900024414063,0.0097738103752957,0.8371549083405875,0.0090030548948217,0.0371722667696329,0.9538246783355452,2,Medium volatility,train,-0.029283034620793798,-0.04278569927594069,0.17092021953330042,0.1405137458941942,0.03040647363910623,-0.0312597849662567,6,0.0
1991-05-17,372.3900146484375,0.0005372484011161,0.023954212890294,0.0057993488179991,0.1042331793368853,0.8899674718451155,2,Medium volatility,train,-0.008955657316527798,-0.03122155057480589,0.13162163759319573,0.13694837401960294,-0.005326736426407214,-0.028336556690313097,7,0.0
1991-05-20,372.2799987792969,-0.0002954754937283,-0.0493600410819681,0.0041548674632716,0.208712437352923,0.7871326951838054,2,Medium volatility,train,-0.011962149836113796,-0.023021908924158393,0.1277666299805112,0.13463603630643414,-0.00686940632592295,-0.028623617014228664,8,0.0
1991-05-21,375.3500061035156,0.0082126842413581,0.6997110345970301,0.0043836667145265,0.2414082506653163,0.7542080826201573,2,Medium volatility,train,0.009987126614529204,-0.01693322421021049,0.10320123837859066,0.13810549884098336,-0.0349042604623927,-0.020613160851883583,9,0.0
1991-05-22,376.1900024414063,0.0022354011180505,0.1734621114192286,0.0030159788109096,0.3959389257300053,0.6010450954590851,2,Medium volatility,train,0.020463668642092106,-0.01731384502683859,0.06529660555082262,0.13799148562286312,-0.0726948800720405,-0.01842138958537165,10,0.0
1991-05-28,381.9400024414063,0.0117194821972921,1.008454758131943,0.0038141116400516,0.4493151494392648,0.5468707389206834,2,Medium volatility,train,0.025617278560869906,0.02191723176704991,0.08233042156606973,0.13316686447088497,-0.05083644290481523,-0.0034181280067676623,1,0.0
1991-06-24,370.9400024414063,-0.0181922701100338,-1.625020537811691,0.0122201244302949,0.076836356930585,0.91094351863912,2,Medium volatility,train,-0.024472981281223494,-0.017503721359279995,0.13337818735636336,0.13031166834664124,0.0030665190097221295,-0.04845698068780435,1,0.0
1991-06-25,370.6499938964844,-0.0007821264071461,-0.0922055134924995,0.0068090604445368,0.1645444252457922,0.8286465143096708,2,Medium volatility,train,-0.021195611016801095,-0.030005329963718193,0.13600995134712848,0.12200038426837663,0.014009567078751853,-0.04920091664684112,2,0.0
1991-06-26,371.5899963378906,0.0025328814300538,0.1996527218736495,0.0042593091416366,0.2951467195407795,0.7005939713175838,2,Medium volatility,train,-0.009374901346013095,-0.029695472192611892,0.13459908999785045,0.12212418278598973,0.012474907211860717,-0.046789602808027464,3,0.0
1991-06-27,374.3999938964844,0.0075336422355887,0.6399271634039083,0.0038659756099022,0.3520306568109362,0.6441033675791615,2,Medium volatility,train,-0.0027207067042470945,-0.03299657813123199,0.14747789343330314,0.11840575127418893,0.029072142159114217,-0.03958133855082713,4,0.0
1991-06-28,371.1600036621094,-0.0086914819496737,-0.7885569747534263,0.0047083551439823,0.2729680142202448,0.722323630635773,2,Medium volatility,train,-0.017599354801211095,-0.04907746586014859,0.143457791054618,0.11598387280578931,0.027473918248828694,-0.04354995104573389,5,0.0
1991-07-01,377.9200134277344,0.0180493221879851,1.5657433138640475,0.0140057437822463,0.0304870178872739,0.9555072383304796,2,Medium volatility,train,0.018642237496807806,-0.026477392012191896,0.14120216564049942,0.13554290035376487,0.005659265286734549,-0.02532619036974959,6,0.0
1991-07-02,377.4700012207031,-0.0011914699732349,-0.1282447317159101,0.0079374043472524,0.0882423036944989,0.9038202919582486,2,Medium volatility,train,0.018232893930719005,-0.026843888158658593,0.14188348116671895,0.13553183384980674,0.006351647316912207,-0.019787569632168434,7,0.0
1991-07-03,373.3299865722656,-0.0110283875241137,-0.9943016277583738,0.0089654020666453,0.0425331021333722,0.9485014957999824,2,Medium volatility,train,0.004671624976551507,-0.03101435265045769,0.1704948412015339,0.13840790758418411,0.032086933617349794,-0.02684883397922233,8,0.0
1991-07-05,374.0799865722656,0.0020069313460737,0.1533472918597133,0.0058021846124792,0.1128169263363258,0.881380889051195,2,Medium volatility,train,-0.0008550859129634924,-0.025208916755958193,0.1631674495631539,0.1386770722674366,0.02449037729571729,-0.021475899942834942,9,0.0
1991-07-08,377.9400024414063,0.0102658169333169,0.8804718996916342,0.0065301844776878,0.1025390560718107,0.8909307594505015,2,Medium volatility,train,0.018102212970027107,-0.003934647969284492,0.15758193250967117,0.13936594936869498,0.018215983140976194,-0.011378811913166698,10,0.0
1991-07-09,376.1099853515625,-0.0048538444728389,-0.4506856462469821,0.0051626903419805,0.1512978962281695,0.84353941342985,2,Medium volatility,train,-0.004800953690796893,-0.006519400831168993,0.11256574859506707,0.140135018823689,-0.027569270228621934,-0.016165798360469497,11,0.0
1991-07-10,375.739990234375,-0.0009842260000523,-0.1099986631472053,0.0037166090583297,0.2712774160605536,0.7250059748811165,2,Medium volatility,train,-0.004593709717614293,-0.014033179228104592,0.11255197926124641,0.13789683861169366,-0.025344859350447252,-0.01713363719726202,12,0.0
1991-07-11,376.9700012207031,0.0032682230743112,0.2643932972279109,0.0027599153974793,0.422272776268093,0.5749673083344277,2,Medium volatility,train,0.009702900880810605,0.0008492538561225074,0.07962463974998145,0.13256742223355222,-0.052942782483570774,-0.013916155811834696,13,0.0
1991-07-12,380.25,0.0086633192163168,0.739385610056498,0.0031660697516903,0.4363479395237332,0.5604859907245765,2,Medium volatility,train,0.016359288751053705,0.006914037941280508,0.09039403118496304,0.13566520686258762,-0.04527117567762458,-0.005336285279038733,14,0.0
1991-08-19,376.4700012207031,-0.0239102933137296,-2.128443830898981,0.0198194129473896,0.0162547118071092,0.9639258752455012,2,Medium volatility,train,-0.030218490339912297,-0.016883270880092435,0.1591155293406575,0.12336724696989326,0.035748282370764245,-0.036224448500746464,1,0.0
1991-08-20,379.4299926757813,0.0078317412581254,0.6661722460566915,0.0127559876454525,0.0423211721427889,0.9449228402117588,2,Medium volatility,train,-0.026501785329865697,2.6300976391460673e-05,0.17228068799837756,0.12301854692023492,0.04926214107814264,-0.028646773286782556,2,0.0
1991-08-21,390.5899963378906,0.0289882998095567,2.528827222600268,0.1073672459745849,1.9880992588770724e-05,0.8926128730328263,2,Medium volatility,train,0.001768126766008602,0.031072482815535863,0.2811671226950594,0.15830347624349111,0.12286364645156828,-7.679785897252156e-05,3,0.0
1991-08-22,391.3299865722656,0.0018927523825125,0.1432948055738722,0.0490361435548303,0.0369600174834169,0.9140038389617526,2,Medium volatility,train,0.005123880932782904,0.026856799174438062,0.28088165753816985,0.1574447198736798,0.12343693766449004,0.0,4,0.0
1991-08-23,394.1700134277344,0.0072311629046666,0.613296431866264,0.0265493998617083,0.071539936280273,0.9019106638580184,2,Medium volatility,train,0.022033663041131604,0.03416671040218841,0.26866267652844666,0.1586397931085992,0.11002288341984748,0.0,5,0.0
1991-08-26,393.8500061035156,-0.0008121807412964,-0.0948515419066043,0.0124627081654719,0.1567974982399187,0.8307397935946093,2,Medium volatility,train,0.0451317756135648,0.027543600159809407,0.16661642207488814,0.1581357719474545,0.008480650127433625,-0.0008118510117903766,6,0.0
1991-08-27,393.05999755859375,-0.0020078758858304,-0.2001223261875653,0.0065255321238204,0.2676780810458924,0.725796386830287,2,Medium volatility,train,0.035292158469609,0.016338921007746605,0.18124457081050824,0.15589022267856775,0.025354348131940485,-0.002816084002656205,7,0.0
1991-08-28,396.6400146484375,0.0090668394576374,0.7749121340799919,0.0058324381763099,0.2722498896707527,0.7219176721529372,2,Medium volatility,train,0.015370698117689704,0.022513582549596907,0.0693842532526746,0.15836995992269556,-0.08898570667002097,0.0,8,0.0
1991-08-29,396.4700012207031,-0.0004287259697557,-0.0610916117765055,0.0033511792544077,0.4297786419326101,0.5668701788129821,2,Medium volatility,train,0.013049219765421503,0.023865669376553007,0.07285547457318006,0.15812620062858526,-0.0852707260554052,-0.00042863407991011737,9,0.0
1991-09-03,392.1499938964844,-0.0083293577758833,-0.7566750222705738,0.0029999848728008,0.4813124295797243,0.5156875855474748,2,Medium volatility,train,-0.004325737551950595,0.018245244133575905,0.08950685196139306,0.16041807444100992,-0.07091122247961686,-0.01132014064675968,1,0.0
1991-11-15,382.6199951171875,-0.0372717109171363,-3.3048029694687417,0.1758656632941881,2.3655844308091184e-06,0.8241319711213811,2,Medium volatility,train,-0.026487394961710892,-0.025494220428746488,0.2595374607189027,0.15654440867372496,0.10299305204517775,-0.03721599458652991,1,0.0
1991-11-18,385.239990234375,0.0068241745494894,0.5774645699250501,0.0933940629994817,0.0248754885495345,0.8817304484509838,2,Medium volatility,train,-0.020248405008996693,-0.012331500348261287,0.2694971219627635,0.1577984914319464,0.11169863053081708,-0.030623319281317563,2,0.0
1991-11-19,379.4200134277344,-0.0152226850286476,-1.3635738371742965,0.093103169808291,0.0044001034570104,0.9024967267346984,2,Medium volatility,train,-0.04463732337073179,-0.02192325834281229,0.25322277035311447,0.1649656214699424,0.08825714888317207,-0.045268086028530496,3,0.0
1991-11-20,378.5299987792969,-0.0023484795650521,-0.2301095822239886,0.0431332702574295,0.0402771037817906,0.91658962596078,2,Medium volatility,train,-0.04867317582971419,-0.02455536803389709,0.24588664879784136,0.16493957658696884,0.08094707221087252,-0.0475076236351234,4,0.0
1991-11-21,380.05999755859375,0.0040338018199665,0.3317959920974108,0.0205663055251695,0.1015852919881805,0.8778484024866499,2,Medium volatility,train,-0.043984899141380096,-0.01309602639369459,0.2561982860941336,0.16427768741050647,0.09192059868362712,-0.043657698456597394,5,0.0
1991-11-22,376.1400146484375,-0.0103676751114312,-0.9361315212849884,0.0166251347050255,0.0569651344384668,0.9264097308565076,2,Medium volatility,train,-0.017080863335674996,-0.021201828649010587,0.13266832916537014,0.16763623189929322,-0.034967902733923084,-0.053521523911502444,6,0.0
1991-11-25,375.3399963378906,-0.0021291813516937,-0.2108022403675077,0.0089209656224292,0.1246120489076692,0.8664669854699015,2,Medium volatility,train,-0.026034219236858096,-0.03708291156331199,0.10766218077258302,0.15872314637801976,-0.05106096560543674,-0.05553460436537816,7,0.0
1991-11-26,377.9599914550781,0.0069560752000716,0.5890772999737021,0.0064533522842472,0.1800253862790877,0.8135212614366649,2,Medium volatility,train,-0.003855459008138896,-0.03514610931477359,0.09504127204975557,0.15991689372148415,-0.06487562167172858,-0.04894192906016592,8,0.0
1991-11-27,376.5499877929688,-0.0037375391771474,-0.3524044626930977,0.0045032871170308,0.2662340911504037,0.7292626217325653,2,Medium volatility,train,-0.005244518620234196,-0.04265699564443369,0.09659969836792537,0.1587509712013368,-0.06215127283341143,-0.05248991136840231,9,0.0
1991-11-29,375.2200012207031,-0.0035382842605073,-0.3348617625805906,0.0033494947261072,0.3709367522988637,0.6257137529750291,2,Medium volatility,train,-0.012816604700707996,-0.04489664780873699,0.08811271853708624,0.15879178275426925,-0.07067906421718301,-0.055836547235667666,10,0.0
1991-12-02,381.3999938964844,0.0163361532946293,1.4149133687616129,0.0099527238957052,0.0820875670971537,0.907959709007141,2,Medium volatility,train,0.013887223705352501,-0.02567698114253339,0.12453305218049322,0.17125174307899943,-0.04671869089850621,-0.0402858750864189,11,0.0
1991-12-03,380.9599914550781,-0.0011543168548131,-0.1249737157444682,0.0059322117945817,0.1700748539879514,0.8239929342174668,2,Medium volatility,train,0.014862088202233103,-0.024170066803406293,0.12273810915172306,0.1711783743119657,-0.048440265160242635,-0.04139305013825867,12,0.0
1991-12-04,380.0700073242188,-0.0023388947557991,-0.2292657213185904,0.0040668498174477,0.2795614604768363,0.716371689705716,2,Medium volatility,train,0.005567118246362401,-0.022478076773278892,0.12171987862157735,0.17092677610715296,-0.04920689748557561,-0.04363251095368392,13,0.0
1991-12-05,377.3900146484375,-0.0070762912395885,-0.646353175071478,0.0042121288449415,0.2741622918171892,0.7216255793378692,2,Medium volatility,train,0.002228366183921301,-0.03279064190509289,0.1299913833059846,0.17133549536305212,-0.041344112057067534,-0.050376157694041135,14,0.0
1991-12-06,379.1000061035156,0.0045208643091108,0.374677700248898,0.0031032142415729,0.4068338872811122,0.5900628984773149,2,Medium volatility,train,0.0102875147535394,-0.0378399612391415,0.12759358267499105,0.168031778138292,-0.04043819546330096,-0.04607331821008087,15,0.0
1991-12-23,396.8200073242188,0.0249547268842702,2.173705444912655,0.0264386982460565,0.0221689624021388,0.9513923393518045,2,Medium volatility,train,0.0316430657246681,0.053521342365565244,0.17252842848233818,0.12491051357408127,0.04761791490825691,0.0,1,0.0
1991-12-24,399.3299865722656,0.006305313277771,0.5317832495178318,0.0148577560762275,0.0594504588060807,0.9256917851176916,2,Medium volatility,train,0.0424322271344948,0.06195583699502994,0.1506667972895022,0.12422897627925435,0.026437821010247844,0.0,2,0.0
1991-12-26,404.8399963378906,0.0137038091735037,1.1831578653667512,0.0159920625608151,0.027351126558018,0.9566568108811668,2,Medium volatility,train,0.0542044214170605,0.06870357096846205,0.14321315423681494,0.1289725910039542,0.014240563232860742,0.0,3,0.0
1991-12-27,406.4599914550781,0.0039935838644931,0.3282551432997754,0.0091285115075596,0.0806263416505913,0.9102451468418492,2,Medium volatility,train,0.0607045913789574,0.07643469401010254,0.11605225275862678,0.1263010671750208,-0.010248814416394011,0.0,4,0.0
1991-12-30,415.1400146484375,0.0211303458849361,1.8370012364615869,0.0269896514241834,0.002397948458552,0.9706124001172644,2,Medium volatility,train,0.0700877790849741,0.10110332415554593,0.12901798211553794,0.13660471123553716,-0.007586729119999219,0.0,5,0.0
1991-12-31,417.0899963378906,0.0046861690451089,0.3892313758102881,0.0144161737902798,0.0375591194902271,0.948024706719493,2,Medium volatility,train,0.0498192212458128,0.08945333990602555,0.1042317841124165,0.13028266712239606,-0.026050883009979556,0.0,6,0.0
1992-01-02,417.260009765625,0.0004075350364809,0.0125340547594424,0.0079413086113427,0.1048212286282263,0.8872374627604309,2,Medium volatility,train,0.0439214430045227,0.09101519179731955,0.12017374654272843,0.12954266540318268,-0.009368918860454253,0.0,7,0.0
1992-01-03,419.3399963378906,0.0049724858781603,0.4144391369239361,0.0054640410112468,0.1869691871241327,0.8075667718646204,2,Medium volatility,train,0.0351901197091793,0.09832657243127894,0.11482948028401374,0.12708964238458847,-0.012260162100574734,0.0,8,0.0
1992-01-06,417.9599914550781,-0.0032963242625045,-0.313559243396822,0.0039855428007254,0.2836738797519496,0.7123405774473249,2,Medium volatility,train,0.0279002115821817,0.10210653940836295,0.1325354648485708,0.123208958049326,0.009326506799244794,-0.0032908973502745464,9,0.0
1992-01-07,417.3999938964844,-0.0013407337011575,-0.1413861329961135,0.0027664437652065,0.4326046778779542,0.5646288783568393,2,Medium volatility,train,0.0054291319960881,0.09624494139809464,0.05198512645041477,0.12521201569666038,-0.07322688924624561,-0.0046263234090436756,10,0.0
1992-01-23,414.9599914550781,-0.0076102911842337,-0.6933673268272741,0.0037421989662261,0.4648256220154838,0.5314321790182902,2,Medium volatility,train,-0.007801568829353199,0.0383940003496084,0.13075472174980873,0.127133767312399,0.003620954437409729,-0.013808013190800494,1,0.0
1992-04-07,398.05999755859375,-0.0187400465537868,-1.6732475931009283,0.009142346031433,0.176613447008939,0.814244206959628,2,Medium volatility,train,-0.014044521172548202,-0.021940173085897796,0.15977917239605346,0.10192426885623572,0.057854903539817745,-0.03219059233485688,1,0.0
1992-04-08,394.5,-0.0089836012718826,-0.8142755956687422,0.0082705190768584,0.1288036749709798,0.8629258059521616,2,Medium volatility,train,-0.024364909790611202,-0.0238699893226991,0.15972207479423894,0.10355105666226917,0.05617101813196977,-0.04084606927201084,2,0.0
1992-04-09,400.6400146484375,0.0154441647483425,1.336381366464454,0.0132340753060023,0.0323441686954784,0.9544217559985192,2,Medium volatility,train,0.0003495385258574981,-0.0080792948933647,0.19794980884538865,0.11850959537775181,0.07944021346763684,-0.02591775701655763,3,0.0
1992-04-10,404.2900085449219,0.0090691583338493,0.7751162914010223,0.010131622693166,0.0499665639533455,0.9399018133534884,2,Medium volatility,train,0.006800435133428898,-0.0038265208667840004,0.20620153775046052,0.12173938956418474,0.08446214818627577,-0.017043470595908383,4,0.0
1992-04-13,406.0799865722656,0.0044176880911797,0.3655939121023942,0.0065857060673335,0.1134172116280123,0.879997082304654,2,Medium volatility,train,0.0012073633477020984,-0.0007631742482890995,0.1972391749711433,0.12268710782221846,0.07455206714892483,-0.012691469427737245,5,0.0
1992-04-14,412.3900146484375,0.015419387607725,1.3341999500415744,0.0114880697526888,0.0288622660581444,0.9596496641891668,2,Medium volatility,train,0.0353667975092139,0.006837327443015401,0.1435021019698712,0.13133348936759065,0.012168612602280554,0.0,6,0.0
1992-04-15,416.2799987792969,0.0093885687702242,0.8032376627208117,0.0094023373532965,0.0441769133826954,0.946420749264008,2,Medium volatility,train,0.0537389675513207,0.017276285781409502,0.06682969350434821,0.1348578110601453,-0.06802811755579709,0.0,7,0.0
1992-04-16,416.0400085449219,-0.0005766778136155,-0.0741175128267314,0.0059366552717362,0.1132100649677538,0.88085327976051,2,Medium volatility,train,0.0377181249893627,0.015112224006613202,0.08503448168468485,0.13491933613385573,-0.04988485444917089,-0.0005765115669230658,8,0.0
1992-04-20,410.1799926757813,-0.0141853601341566,-1.2722462059662671,0.010280541651394,0.0208160857028768,0.9689033726457292,2,Medium volatility,train,0.014463606521356802,-0.0027267756677577994,0.15955839287189588,0.14390848316723892,0.01564990970465696,-0.014653613244458685,9,0.0
1992-04-21,410.260009765625,0.000195058968015,-0.0061726552833233,0.0064371673990022,0.0755867228108282,0.9179761097901696,2,Medium volatility,train,0.0102409773981921,0.0008534965166543006,0.1597771009354068,0.1434223288890902,0.016354772046316607,-0.0144613938486714,10,0.0
1992-04-22,409.80999755859375,-0.0010974971604422,-0.1199712250875706,0.0046093422902746,0.1603419986777268,0.8350486590319985,2,Medium volatility,train,-0.0062759073699751,0.002271905295105601,0.11944285397027711,0.14318726553332145,-0.02374441156304434,-0.015542426346871863,11,0.0
1992-04-23,411.6000061035156,0.0043583870915986,0.3603729636331418,0.0037140593130119,0.2700574237485395,0.7262285169384486,2,Medium volatility,train,-0.0113060890486007,0.009962034516494002,0.09944832628669252,0.14332759558175837,-0.043879269295065845,-0.011242415416318097,12,0.0
1992-04-24,409.0199890136719,-0.0062879910460251,-0.5769500500319478,0.0037711284898041,0.292923349510571,0.7033055219996249,2,Medium volatility,train,-0.0170174022810103,0.0028400853937807008,0.10117006158403254,0.1452228174760897,-0.04405275589205716,-0.017440208001619828,13,0.0
1992-04-27,408.4500122070313,-0.0013944900685149,-0.1461189237728248,0.0026652674805618,0.4423114796729668,0.5550232528464714,2,Medium volatility,train,-0.0042265322153685995,0.012193049964105501,0.05413593793945432,0.13989349485820218,-0.08575755691874787,-0.018809422973062095,14,0.0
1992-10-09,402.6600036621094,-0.0125616990081267,-1.129296658228252,0.004757450998616,0.3959197352185347,0.5993228137828492,2,Medium volatility,train,-0.019210305095015905,-0.04116163644803529,0.114834865853165,0.12034835202443497,-0.005513486171269968,-0.053166190739209696,1,0.0
1992-10-12,407.4400024414063,0.0118011460754168,1.015644567789456,0.0064814198382053,0.2691939735054424,0.7243246066563523,2,Medium volatility,train,-0.0003190264717173059,-0.042830546925998095,0.1462578335118104,0.1177455119645781,0.02851232154723231,-0.036625423835215276,2,0.0
1992-10-13,409.2999877929688,0.0045546651057781,0.3776535728120293,0.0039580731300931,0.4008705484822152,0.5951713783876916,2,Medium volatility,train,0.0051930235453285945,-0.02525856238527259,0.14872759738194483,0.11288970247829133,0.035837894903653494,-0.032227567490729525,3,0.0
1993-02-16,433.9100036621094,-0.0242928382960769,-2.162123661831256,0.0175945694152878,0.0204423979281637,0.9619630326565484,2,Medium volatility,train,-0.03162122078619051,-0.006729839182849435,0.1561815743308042,0.11527398238678155,0.04090759194402266,-0.0348118026102725,1,0.0
1993-02-17,433.2999877929688,-0.0014068471898713,-0.1472068631715837,0.0095203772734861,0.0707798464981212,0.9196997762283926,2,Medium volatility,train,-0.0273852496445793,-0.004214547664337133,0.15939612084002053,0.1146147636687896,0.044781357171230926,-0.03616872020181394,2,0.0
1993-02-18,431.8999938964844,-0.0032362347387486,-0.3082688720828878,0.00617477208976,0.1337761874204825,0.8600490404897574,2,Medium volatility,train,-0.0326404729477747,-0.003397789484503133,0.1501659264760122,0.11430418399882851,0.0358617424771837,-0.03928286270578962,3,0.0
1993-02-19,434.2200012207031,0.0053572550824707,0.4483147916759701,0.0046776601009222,0.2199534869328708,0.775368852966207,2,Medium volatility,train,-0.030482702974691703,-0.0029204905746107335,0.1576493389694164,0.11458146717042093,0.043067871798995475,-0.03412224490879279,4,0.0
1993-02-22,435.239990234375,0.0023462597281316,0.1832222688313279,0.0032173591080891,0.3687244203349337,0.6280582205569771,2,Medium volatility,train,-0.021232405414094505,-0.001996890872005533,0.16598337685754774,0.11478516518598623,0.05119821167156151,-0.03185338420229955,5,0.0
1993-02-24,440.8699951171875,0.0138639091614241,1.1972533071428584,0.0058631158737685,0.2641198708231809,0.7300170133030505,2,Medium volatility,train,0.017319735759805596,0.002088924495454168,0.09469372091281666,0.12087660548687572,-0.026182884574059054,-0.019330017102497266,1,0.0
1993-02-25,442.3399963378906,0.0033287725281985,0.2697241614767442,0.0035346855080427,0.4135433301190991,0.5829219843728581,2,Medium volatility,train,0.023884743026752697,0.009608821898956068,0.0791883937516755,0.12030804948958505,-0.04111965573790956,-0.016060150502519077,2,0.0
1993-03-02,447.8999938964844,0.0132374512364608,1.1420990168696366,0.004084758495951,0.4510218162793935,0.5448934252246554,2,Medium volatility,train,0.029683852414287896,0.012084343246321867,0.10467177818087242,0.12613406897034057,-0.021462290789468152,-0.0036925074987194106,1,0.0
1993-03-08,454.7099914550781,0.0190943087740658,1.657745491829462,0.0111430311126693,0.1510006501137425,0.8378563187735881,2,Medium volatility,train,0.028327305969816693,0.012792877050665393,0.14452808803925685,0.13850818806861434,0.006019899970642506,0.0,1,0.0
1993-03-09,454.3999938964844,-0.0006819803447406,-0.0833885047589014,0.0058665580781096,0.2741021947455711,0.7200312471763193,2,Medium volatility,train,0.014407874388615294,0.014519485425222894,0.13444810696820841,0.1381577816359798,-0.00370967466777139,-0.000681747849000991,2,0.0
1993-03-10,456.3299865722656,0.004238348591361,0.3498045949969646,0.0036461909582038,0.4119988214144162,0.5843549876273799,2,Medium volatility,train,0.015614396092111493,0.02440065234806639,0.13473403553455157,0.136639779087898,-0.0019057435533464395,0.0,3,0.0
1993-03-11,453.7200012207031,-0.0057359321849954,-0.5283459643370945,0.0031158964171729,0.4537212193964436,0.5431628841863835,2,Medium volatility,train,0.014161346685561793,0.016645731598624196,0.13900752722527338,0.13868725769145285,0.0003202695338205275,-0.005719513133834342,4,0.0
1993-03-12,449.8299865722656,-0.0086105666213747,-0.781433068539266,0.0039840181403094,0.3645248236063486,0.6314911582533421,2,Medium volatility,train,0.008304178214316093,0.0048356798678617936,0.15493263080003006,0.14212385167259484,0.012808779127435221,-0.014244078169889596,5,0.0
1993-04-02,441.3900146484375,-0.0199851286338352,-1.782866476860758,0.0068507530470087,0.2028150957833841,0.7903341511696071,2,Medium volatility,train,-0.014373166080202004,-0.01063665398055651,0.1453391819132741,0.1218756429024284,0.023463539010845705,-0.03273940429830202,1,0.0
1993-04-05,442.2900085449219,0.0020369232845371,0.1559878268644606,0.0040284539577902,0.3488574239660229,0.6471141220761868,2,Medium volatility,train,-0.018991412370784402,-0.02769403947008521,0.13246555912657923,0.0994996273667815,0.03296593175979773,-0.03076716069615637,2,0.0
1993-04-06,441.1600036621094,-0.0025581651105266,-0.2485706104596469,0.0026970044640923,0.4830324591985544,0.5142705363373532,2,Medium volatility,train,-0.024208178909930104,-0.02957022423587121,0.12348710999471556,0.09954439460798263,0.023942715386732927,-0.03324344960125447,3,0.0
1993-04-12,448.3699951171875,0.0146709562155287,1.2683069337512871,0.0047275472695558,0.4194637990904389,0.5758086536400052,2,Medium volatility,train,0.015689901955118594,-0.003250930239754009,0.0987198510307324,0.10862891862678971,-0.009909067596057308,-0.007965143911747519,1,0.0
1994-02-04,469.80999755859375,-0.022935807448376,-2.042648641560427,0.0118305107495725,0.0560409596160607,0.9321285296343668,2,Medium volatility,train,-0.018745769443678506,-0.00019154066463954178,0.16517556750877105,0.10903124823061426,0.05614431927815679,-0.02529046149669345,1,0.0
1994-02-07,471.760009765625,0.004142049937494,0.3413263178507186,0.0071842456161722,0.1247930244444339,0.8680227299393939,2,Medium volatility,train,-0.020664225090423503,-0.007412638088589643,0.15979477324838684,0.1021883861231383,0.05760638712524854,-0.021244793017375474,2,0.0
1994-02-08,471.0499877929688,-0.001506182812494,-0.1559525195776776,0.0046534683537621,0.2293524138139468,0.765994117832291,2,Medium volatility,train,-0.018029893940978304,-0.006517336413917842,0.16066157558699706,0.10201098815549693,0.05865058743150013,-0.02271786764944228,3,0.0
1994-02-09,472.7699890136719,0.0036447694837162,0.297545004849583,0.0033072598476791,0.3677272354391182,0.6289655047132026,2,Medium volatility,train,-0.019335124986720305,-0.0029569464391612076,0.15733767872736357,0.10293097679897893,0.054406701928384635,-0.019149400386572868,4,0.0
1994-02-10,468.9299926757813,-0.0081555011073923,-0.7413684218146062,0.0040656836287497,0.3099116704058515,0.6860226459653985,2,Medium volatility,train,-0.024810671947052106,-0.007520767481774708,0.15908745310742178,0.10601967740361054,0.05306777570381124,-0.0271161977680886,5,0.0
1994-02-11,470.1799926757813,0.0026620965759107,0.2110290160800092,0.0026693337234891,0.472288504320472,0.5250421619560388,2,Medium volatility,train,0.0007872320772345921,-0.010009735576791808,0.073155312421839,0.10472657140853092,-0.03157125898669193,-0.024522836772237988,6,0.0
1994-03-29,452.4800109863281,-0.0164829019347365,-1.4745252135970954,0.0047272460887441,0.3976635973433757,0.59760915656788,2,Medium volatility,train,-0.035432624675508506,-0.02608879646706791,0.092464307899878,0.08662709318339744,0.005837214716480563,-0.0394429301332353,1,0.0
1994-03-30,445.5499877929688,-0.0154341408873444,-1.3821907264270266,0.0120524229288382,0.0583001037221833,0.9296474733489783,2,Medium volatility,train,-0.05031204847891571,-0.042319268022671504,0.08763378408675783,0.09898614659808998,-0.011352362511332148,-0.05415448116553734,2,0.0
1994-03-31,445.7699890136719,0.0004936526295731,0.0201159761268138,0.0068296628216231,0.1395872289554718,0.853583108222905,2,Medium volatility,train,-0.04083549207559741,-0.037945573926106306,0.11104866715804154,0.09916048703900844,0.011888180119033101,-0.05368744677110082,3,0.0
1994-04-04,438.9200134277344,-0.0154859045753656,-1.3867480787422692,0.0128616754158649,0.0161950880411523,0.9709432365429826,2,Medium volatility,train,-0.04816934095063431,-0.05716089369710601,0.12037155395916244,0.10736794538902883,0.013003608570133607,-0.06822906699238795,4,0.0
1994-04-05,448.2900085449219,0.021123168767291,1.8363693523171791,0.0323003934219215,0.000820685655354,0.9668789209227244,2,Medium volatility,train,-0.02578612600058241,-0.04069616397075821,0.23148049240275714,0.13375897793196703,0.09772151447079011,-0.04833776829211567,5,0.0
1994-04-06,448.0499877929688,-0.0005355573971268,-0.070497210015004,0.0157660877391454,0.0389136256152716,0.9453202866455828,2,Medium volatility,train,-0.009838781462972707,-0.03902329462985661,0.21361501233364677,0.1338568003805214,0.07975821195312538,-0.04884730158553274,6,0.0
1994-04-07,450.8800048828125,0.0062964334544002,0.5310014566212112,0.0097766933772651,0.0820882229768917,0.9081350836458428,2,Medium volatility,train,0.011891792878771894,-0.03525648430646981,0.1875469666149375,0.1360618104667478,0.05148515614818969,-0.04283953802141971,7,0.0
1994-04-08,447.1000061035156,-0.0084189426485536,-0.7645622081045416,0.0083125806326737,0.0727586756329267,0.9189287437343996,2,Medium volatility,train,0.0029791976006451927,-0.036886701709455606,0.2001745690449059,0.13693465335696622,0.06323991568793969,-0.05086399095499039,8,0.0
1994-04-11,449.8699951171875,0.0061763443939346,0.5204286365871343,0.0061497323076945,0.1280373592139949,0.8658129084783106,2,Medium volatility,train,0.024641446569945394,-0.03617075860104601,0.1545146350255492,0.13743734992312698,0.017077285102422235,-0.044983659302911816,9,0.0
1994-04-12,447.5700073242188,-0.0051256748579371,-0.474617998871727,0.0049722338996034,0.1756918854663887,0.8193358806340078,2,Medium volatility,train,-0.0016073970552827064,-0.04333109183874451,0.09383795266481494,0.13714686885769306,-0.04330891619287812,-0.049866238602553126,10,0.0
1994-04-13,446.260009765625,-0.0029312027376553,-0.2814133996552589,0.0037765480718008,0.2766267292933125,0.7195967226348866,2,Medium volatility,train,-0.004003042395811207,-0.0454489279372018,0.09533445504363511,0.1370792942571548,-0.04174483921351968,-0.05264719551968311,11,0.0
1994-04-14,446.3800048828125,0.0002688544451086,0.0003244086092114,0.0026311783134028,0.4391253520539796,0.5582434696326175,2,Medium volatility,train,-0.010030621405102807,-0.05032730056361301,0.07900336910737076,0.1347718950939892,-0.05576852598661845,-0.05239246126542807,12,0.0
1994-04-21,448.7300109863281,0.0152020341365064,1.3150638261842773,0.0047558235843708,0.4312053746518109,0.5640388017638183,2,Medium volatility,train,0.005250776912599392,-0.043200100092647215,0.12247846014864212,0.14800860249998654,-0.025530142351344418,-0.03363840833826848,1,0.0
1994-04-25,452.7099914550781,0.0112847157784274,0.970177274023944,0.004067740296798,0.4475100554716982,0.5484222042315037,2,Medium volatility,train,0.022901679437475193,-0.017234810658890112,0.1147642485570512,0.15073660405473802,-0.03597235549768682,-0.01584784466287359,1,0.0
1994-06-24,442.7999877929688,-0.0153068599250127,-1.3709847206236696,0.0050991674280402,0.3840913248317437,0.6108095077402161,2,Medium volatility,train,-0.03473308785599441,-0.03169649469653356,0.09846744944532551,0.08516151827694311,0.013305931168382398,-0.04232542667319639,1,0.0
1994-06-27,447.30999755859375,0.0101336878246529,0.8688390558526434,0.0054015315727896,0.336522822632832,0.6580756457943783,2,Medium volatility,train,-0.018099970971420805,-0.022153340508958154,0.14697128109128252,0.09415816485378133,0.05281311623750119,-0.03257131240701894,2,0.0
1994-06-28,446.0700073242188,-0.0027759542946332,-0.2677450951296066,0.0032526613881163,0.465676315390936,0.5310710232209476,2,Medium volatility,train,-0.011745020833224205,-0.023112793238343556,0.1403521400447644,0.0943075677563518,0.046044572288412605,-0.035253126208670715,3,0.0
1994-09-20,463.3599853515625,-0.0160353267750492,-1.4351200288388006,0.0053860431332651,0.3662970122495015,0.6283169446172333,2,Medium volatility,train,-0.008916501619109906,0.0022469502919458886,0.15393969135218694,0.11094756680429603,0.042992124547890906,-0.026697800275412797,1,0.0
1994-09-21,461.4599914550781,-0.0041089003639109,-0.3850996555780183,0.0034578966492905,0.462873025389972,0.5336690779607374,2,Medium volatility,train,-0.015780854444041006,-0.0065877497910795104,0.1498559168671295,0.11052841612471984,0.03932750074240968,-0.030688797118846423,2,0.0
1994-11-22,450.0899963378906,-0.0180764102489803,-1.6148200628030391,0.0064079021273054,0.2704846100426624,0.7231074878300322,2,Medium volatility,train,-0.03265436237967641,-0.025099499971721607,0.1010750721963728,0.11770431424898047,-0.01662924205260767,-0.04998204450450727,1,0.0
1994-11-23,449.9299926757813,-0.0003555558004215,-0.054649600911952,0.0035439448567347,0.4284205702348139,0.5680354849084513,2,Medium volatility,train,-0.0342778415042291,-0.027813973373244007,0.095111481187593,0.11702690966399738,-0.02191542847640439,-0.050319768855605185,2,0.0
1995-05-31,533.4000244140625,0.0185817886689942,1.612622457193677,0.0064003791952462,0.3698464708363879,0.6237531499683657,2,Medium volatility,train,0.009058522617787784,0.035376666922776814,0.14498148689927717,0.1088742257897206,0.036107261109556574,0.0,1,0.0
1995-12-20,605.9400024414062,-0.0098369096208825,-0.889402135693056,0.0037801253176672,0.4416337626347121,0.5545861120476205,2,Medium volatility,train,-0.025660604848910716,0.00945141632770299,0.13065586578420832,0.10314140342718066,0.02751446235702766,-0.02533416966357671,1,0.0
1996-01-10,598.47998046875,-0.0181638562020403,-1.6225189349636433,0.0119622426217553,0.0661643321224813,0.9218734252557632,2,Medium volatility,train,-0.037453183978474316,-0.03455194124518991,0.12489477401953653,0.12146695184012178,0.003427822179414744,-0.037333754574642275,1,0.0
1996-01-11,602.6900024414062,0.0070098974701533,0.5938158929245754,0.0081846634335933,0.1091581287818891,0.8826572077845175,2,Medium volatility,train,-0.024599950064380316,-0.026346872502676717,0.15618593868414893,0.1251805376437264,0.031005401040422542,-0.03056185546717194,2,0.0
1996-01-12,601.8099975585938,-0.0014611955822116,-0.1519917767109813,0.0051164925870568,0.2075504939719522,0.7873330134409908,2,Medium volatility,train,-0.024457156017189317,-0.03249980332722131,0.15634128977562686,0.12325422137490044,0.03308706840072642,-0.03140090377846827,3,0.0
1996-01-15,599.8200073242188,-0.0033121543994933,-0.3149529522729548,0.0037678847903162,0.3081884542165971,0.6880436609930866,2,Medium volatility,train,-0.030602930256367816,-0.028109705735694518,0.14553310275092052,0.12144945497365102,0.0240836477772695,-0.0346037464536062,4,0.0
1996-01-16,608.4400024414062,0.0142686860382701,1.2328904672326764,0.0079470764707735,0.1166171439702841,0.8754357795589424,2,Medium volatility,train,-0.0016586226753218143,-0.012900494434548614,0.17320171900186654,0.13303036505732482,0.040171353944541716,-0.02073006619935136,5,0.0
1996-01-17,606.3699951171875,-0.0034079556997861,-0.3233874416685686,0.0053226325098724,0.1930026093992316,0.801674758090896,2,Medium volatility,train,0.013097277826932386,-0.0007253704534458155,0.11070029707180029,0.12201738987573994,-0.011317092803939652,-0.024061694506531506,6,0.0
1996-01-18,608.239990234375,0.0030791721083129,0.2477489681523164,0.0036391353695431,0.3284422395110392,0.6679186251194177,2,Medium volatility,train,0.009166552465091985,-0.006048360051889514,0.10553651409649994,0.11872438073535396,-0.013187866638854018,-0.021051981162129696,7,0.0
1996-01-19,611.8300170898438,0.0058849692148594,0.4947755311434335,0.0029743566089618,0.4360265304377103,0.5609991129533278,2,Medium volatility,train,0.016512717262162985,0.009673518783852385,0.10427996172601899,0.11522460619287815,-0.010944644466859166,-0.015273917019419159,8,0.0
1996-02-22,658.8599853515625,0.0164660788412112,1.426352207707588,0.0098606439072518,0.1891474912499869,0.8009918648427612,2,Medium volatility,train,0.004990680538391187,0.06085605133376729,0.17363258373084078,0.1172629092093428,0.05636967452149798,-0.003915680410718769,1,0.0
1996-02-23,659.0800170898438,0.0003339025144057,0.0060513376698264,0.0051037876996325,0.3319070250652186,0.6629891872351489,2,Medium volatility,train,0.011843864977865886,0.06592725654895959,0.16385636681190877,0.11429860090273687,0.049557765909171894,-0.00358302981850378,2,0.0
1996-02-26,650.4600219726562,-0.013165110437642,-1.1824219006611196,0.0092620370120206,0.0936323997284188,0.8971055632595605,2,Medium volatility,train,0.0038200371447494885,0.04535087296840729,0.1884646663928371,0.12648492382754778,0.06197974256528932,-0.01661499740200345,3,0.0
1996-02-27,647.239990234375,-0.0049626852379329,-0.4602681495761652,0.006430418416288,0.139118430590392,0.8544511509933199,2,Medium volatility,train,0.010233829379648788,0.03621433004120399,0.17125599390502788,0.12868075705948026,0.04257523684554762,-0.021483138121416445,4,0.0
1996-02-28,644.75,-0.003854508682048,-0.3627026324014316,0.0047044953296748,0.2138351716348702,0.7814603330354549,2,Medium volatility,train,-0.0051823230020060125,0.022904719734698792,0.15532336982094794,0.12694576854325182,0.02837760127769612,-0.02524758016302553,5,0.0
1996-02-29,640.4299926757812,-0.0067228304511051,-0.6152339599552237,0.0045689905694132,0.2241022200236068,0.7713287894069799,2,Medium volatility,train,-0.028371232294322313,0.006909774215232492,0.06996614041606089,0.1261026957964886,-0.05613655538042772,-0.03177869701916469,6,0.0
1996-03-01,644.3699951171875,0.0061332733962791,0.5166366016995753,0.0038145087490063,0.3144437525378735,0.6817417387131202,2,Medium volatility,train,-0.022571861412448914,0.009214026609847593,0.09881070075099482,0.12715236677721045,-0.02834166602621563,-0.025822082961119874,7,0.0
1996-03-04,650.8099975585938,0.0099446494726169,0.8521958373291075,0.00468929088828,0.281971043501307,0.713339665610413,2,Medium volatility,train,0.0005378984978099861,0.023270735579589093,0.10557136383334326,0.13005031584957807,-0.024478952016234817,-0.01608589379707681,8,0.0
1996-03-05,655.7899780273438,0.0076228450580249,0.6477807129653176,0.004145406831038,0.335505991853797,0.6603486013151648,2,Medium volatility,train,0.013123428793767785,0.022140534805850293,0.10535452283521479,0.1292757414155272,-0.023921218580312403,-0.008557009713858643,9,0.0
1996-03-06,652.0,-0.0057960203106173,-0.5336362125572255,0.003593777977393,0.375711123882114,0.6206950981404928,2,Medium volatility,train,0.011181917165198485,0.008734326221626891,0.11189087133317922,0.12909894508327172,-0.017208073750092492,-0.01428681235563034,10,0.0
1996-03-08,633.5,-0.0313120775970334,-2.7801079612953274,0.1048493296979763,1.672269263393859e-05,0.8951339476093897,2,Medium volatility,train,-0.01701308794543452,-0.03500750197092381,0.23753942011577217,0.16393258749183787,0.0736068326239343,-0.04225566814001813,1,0.0
1996-03-11,640.02001953125,0.0102394566208765,0.8781510984596667,0.0658493233703144,0.01480239576283,0.9193482808668556,2,Medium volatility,train,-0.01671828079717492,-0.02522519051117471,0.2383801905370265,0.16900748812311034,0.06937270241391616,-0.03239850673564393,2,0.0
1996-03-12,637.0900268554688,-0.0045884813525365,-0.4273226812628232,0.032581150686408,0.0463366662148087,0.9210821830987832,2,Medium volatility,train,-0.028929607207736317,-0.03752343833381211,0.22212340536459674,0.16611349531464903,0.05600991004994771,-0.035457423148615996,3,0.0
1996-03-13,638.5499877929688,0.0022889867959392,0.1781798744404784,0.0153060455471136,0.1191446920694544,0.8655492623834319,2,Medium volatility,train,-0.020844600101179816,-0.03381231685269461,0.22796093545539203,0.1667363514812645,0.06122458397412753,-0.031149524738323886,4,0.0
1996-03-14,640.8699951171875,0.003626658795488,0.2959505128401724,0.0079544706800805,0.2231963890478284,0.768849140272091,2,Medium volatility,train,-0.01974545673726622,-0.022693745445319307,0.2296885322979407,0.1662988877051971,0.0633896445927436,-0.02762945545377371,5,0.0
1996-03-15,641.4299926757812,0.0008734268104584,0.0535518615648501,0.0042519297540908,0.3770343108305773,0.6187137594153318,2,Medium volatility,train,0.012440047670225583,-0.01530103670979191,0.07583452448856941,0.1652464110077152,-0.08941188651914579,-0.026779789944164745,6,0.0
1996-03-18,652.6500244140625,0.0173409878109662,1.5033804986073154,0.0128327346184696,0.0604656070706361,0.9267016583108942,2,Medium volatility,train,0.01954157886031528,0.0071812337056998896,0.11546876249786694,0.1757193073153934,-0.06025054481752645,-0.009756012182212337,7,0.0
1996-03-19,651.6900024414062,-0.0014720427591683,-0.1529467783522326,0.0072564745852195,0.1347028129272176,0.8580407124875628,2,Medium volatility,train,0.02265801745368348,0.01708566841936379,0.10514500534302468,0.17065289959664856,-0.06550789425362388,-0.011212621315797144,8,0.0
1996-03-20,649.97998046875,-0.0026274293466883,-0.2546687371407631,0.0047950991165752,0.2288365379775402,0.7663683629058845,2,Medium volatility,train,0.01774160131105598,0.0028965953730686897,0.11463610698590158,0.16644445422510548,-0.0518083472392039,-0.013807180289390097,9,0.0
1996-03-21,649.1900024414062,-0.0012161274276625,-0.1304156107880813,0.0032512341064494,0.3694660339270809,0.6272827319664697,2,Medium volatility,train,0.012898815087905479,-0.014785610895805011,0.11852764997127169,0.15547890563339473,-0.03695125566212304,-0.015005787449157815,10,0.0
1996-04-08,644.239990234375,-0.0178760168701721,-1.5971771307828777,0.0063229118327693,0.297087600372096,0.6965894877951346,2,Medium volatility,train,-0.0019538979577725483,0.01681131256773036,0.15645161750160963,0.1134566809877256,0.04299493651388403,-0.017747171070594314,1,0.0
1996-04-09,642.1900024414062,-0.003187098466121,-0.3039428413385157,0.0038239689913383,0.4139158729846888,0.5822601580239728,2,Medium volatility,train,-0.017810178437504647,0.0033847574807328606,0.11721997017888741,0.10885849406517756,0.008361476113709854,-0.02087272418657171,2,0.0
1996-04-10,633.5,-0.0136242141016094,-1.2228420721346325,0.0086538330777094,0.1107125802041569,0.8806335867181337,2,Medium volatility,train,-0.033772118579933244,-0.00565097526834004,0.12050266301082402,0.11794401584415908,0.002558647166664943,-0.034122102695920975,3,0.0
1996-04-11,631.1799926757812,-0.0036689280136146,-0.3463638335004936,0.0057042701756616,0.1812482435610337,0.8130474862633046,2,Medium volatility,train,-0.03838678107876155,-0.01160889007789384,0.1086173125858652,0.1181084163586477,-0.009491103772782505,-0.037659346257162496,4,0.0
1996-04-12,636.7100219726562,0.0087232556457186,0.7446625027151086,0.0054845388899743,0.19959207909792,0.7949233820121056,2,Medium volatility,train,-0.02963300180579852,-0.006512293227663241,0.14708775351356923,0.12165877883120474,0.02542897468236449,-0.029227881270113443,5,0.0
1996-04-15,642.489990234375,0.0090369098529654,0.77227708703523,0.0054672365719723,0.2084388003176896,0.786093963110338,2,Medium volatility,train,-0.002720075082661021,0.0016511898148437584,0.13572825026486485,0.125877858246288,0.009850392018576848,-0.020415342057622188,6,0.0
1996-04-16,645.0,0.0038990795495088,0.3199348424255844,0.0037349919272376,0.3384978747120873,0.657767133360675,2,Medium volatility,train,0.004366102932968779,-0.01179071844661364,0.1362309203430171,0.11028137161269043,0.025949548730326663,-0.016588407638309488,7,0.0
1996-04-17,641.6099853515625,-0.0052696971607666,-0.4872979372674963,0.0032360376244346,0.3972250664286976,0.5995388959468677,2,Medium volatility,train,0.01272061987381158,-0.015588372848211938,0.09573043149418457,0.11144088611180389,-0.015710454617619315,-0.02175705834148678,8,0.0
1996-07-05,657.4400024414062,-0.0224999289946934,-2.00427325224811,0.0111905735617105,0.0686388482371095,0.92017057820118,2,Medium volatility,train,-0.01675766095310472,-0.023436439855470212,0.16422125952446803,0.09725050513682187,0.06697075438764616,-0.02728295305111661,1,0.0
1996-07-08,652.5399780273438,-0.0074811025212015,-0.6819933642083085,0.0085404963962955,0.0752572720554088,0.9162022315482956,2,Medium volatility,train,-0.027345170042293324,-0.031333437707969015,0.15683194579318063,0.09943931881091717,0.05739262698226347,-0.034532796778794395,2,0.0
1996-07-09,654.75,0.0033810770604185,0.274329130522089,0.0055635658033706,0.1596605903320331,0.8347758438645962,2,Medium volatility,train,-0.031762069329005126,-0.02624288407926711,0.1395567195691816,0.10089621541493211,0.03866050415424947,-0.031262953083626366,3,0.0
1996-07-10,656.0599975585938,0.001998761067063,0.1526279683070648,0.0037924130634804,0.2911299377939957,0.7050776491425238,2,Medium volatility,train,-0.02639904222256812,-0.02247213846486561,0.14916814813878446,0.10152116373988122,0.04764698439890323,-0.029324742825696193,4,0.0
1996-07-11,645.6699829101562,-0.0159637335750995,-1.4288168567114052,0.0107846788616749,0.0312742914214973,0.9579410297168276,2,Medium volatility,train,-0.04056492696351292,-0.03555530535141821,0.159280505052421,0.11373084429444855,0.045549660757972454,-0.04469731572824709,5,0.0
1996-07-12,646.1900024414062,0.0008050710839153,0.0475337214258839,0.0065545774489711,0.0943960022134232,0.8990494203376056,2,Medium volatility,train,-0.01725992688490422,-0.033074798335381815,0.11606893404581216,0.114082215172856,0.001986718872956164,-0.043927919492978695,6,0.0
1996-07-15,629.7999877929688,-0.025691292679169,-2.2852456719541854,0.0479749986024183,7.7239891143225e-05,0.9519477615064385,2,Medium volatility,train,-0.03547011704287172,-0.05566209399761221,0.1850360768344477,0.14123442735345362,0.043801649480994076,-0.06817780783118943,7,0.0
1996-07-16,628.3699951171875,-0.0022731321060769,-0.2234758795313276,0.02293721688506,0.0339276967108686,0.9431350864040712,2,Medium volatility,train,-0.04112432620936712,-0.05689841566680881,0.17192195837586022,0.1411065313092042,0.03081542706665602,-0.07029355717345498,8,0.0
1996-07-17,634.0700073242188,0.0090302128097832,0.7716874693627183,0.0153127221304505,0.0518229764852823,0.9328643013842672,2,Medium volatility,train,-0.034092874466646925,-0.043196812595215114,0.19696912597477054,0.14672281408737647,0.05024631188739406,-0.06186008944863364,9,0.0
1996-07-18,643.5599975585938,0.0148558890010015,1.2845886920698524,0.0182002124251612,0.0176501516790253,0.9641496358958134,2,Medium volatility,train,-0.003273251890545918,-0.028189905354832318,0.22064505335897486,0.1580601140672571,0.06258493929171777,-0.04781914998332071,10,0.0
1996-07-19,638.72998046875,-0.0075334596943852,-0.686602967842628,0.0122522317278756,0.0318421499228962,0.955905618349228,2,Medium volatility,train,-0.011611782668846417,-0.03593476576226791,0.2241892115250636,0.15932558951895937,0.06486362200610424,-0.05496541419434908,11,0.0
1996-07-22,633.77001953125,-0.007795655884438,-0.7096871115631374,0.0093243022959535,0.0415807222559546,0.9490949754480916,2,Medium volatility,train,0.0062838541258845824,-0.05086403394214561,0.14497818969912707,0.15713942495420308,-0.012161235255076008,-0.062303937159472134,12,0.0
1996-07-23,626.8699951171875,-0.010946968587004,-0.9871333830732284,0.0097281563067703,0.0241666997809125,0.966105143912317,2,Medium volatility,train,-0.0023899823550425185,-0.06482060841663162,0.1647374964102142,0.15833961285511788,0.006397883555096323,-0.07251288603236994,13,0.0
1996-07-24,626.6500244140625,-0.000350964806234,-0.0542454029347696,0.0062044006159467,0.0803238056030002,0.913471793781053,2,Medium volatility,train,-0.011771159971059719,-0.06461823913361961,0.14729455513544398,0.15838443632931434,-0.01108988119387036,-0.07283834425207736,14,0.0
1996-07-25,631.1699829101562,0.0071870027914098,0.6094085096164074,0.0054838598154764,0.1235675659567051,0.8709485742278184,2,Medium volatility,train,-0.019440046180651416,-0.051294135691240715,0.10374558524190519,0.16197185270439912,-0.05822626746249393,-0.06615082803109151,15,0.0
1996-07-26,635.9000244140625,0.0074661438577017,0.633984505519631,0.0050600767596515,0.1686288548926976,0.8263110683476509,2,Medium volatility,train,-0.004440442628564518,-0.05006981313541981,0.11967828335396974,0.16286353449662924,-0.0431852511426595,-0.05915248295543518,16,0.0
1996-07-29,630.9099731445312,-0.0078781776089016,-0.7169524472920753,0.0053445948080559,0.1508713692606693,0.8437840359312747,2,Medium volatility,train,-0.004522964353028118,-0.06105439731230851,0.11991924172386136,0.162529873948251,-0.04261063222438964,-0.06653552614872571,17,0.0
1996-07-30,635.260009765625,0.006871200225551,0.5816047805991316,0.004679642780769,0.2123214701659421,0.7829988870532889,2,Medium volatility,train,0.013295204459526883,-0.06198117343388781,0.09562887658890823,0.16178017721255825,-0.06615130062365002,-0.056932017665863976,18,0.0
1996-07-31,639.9500122070312,0.0073556880938383,0.6242598152895101,0.0042981188297913,0.2695290481934459,0.7261728329767628,2,Medium volatility,train,0.021001857359599183,-0.05126121930067551,0.09592352696083074,0.16576110322765697,-0.06983757626682623,-0.04825998070911519,19,0.0
1996-08-01,650.02001953125,0.0156130943174641,1.351254177741618,0.009899187709943,0.0679578667982261,0.9221429454918308,2,Medium volatility,train,0.029427948885653483,-0.03385027614905671,0.12083335150137603,0.17731633215211015,-0.05648298065073412,-0.011286174985705277,20,0.0
1996-08-02,662.489990234375,0.019002286971804,1.64964375507881,0.0214916255391782,0.0051089116501265,0.9733994628106952,2,Medium volatility,train,0.040964091999755786,0.007651939817440688,0.14766355606622705,0.17406050400258546,-0.02639694793635841,0.0,21,0.0
1996-08-05,660.22998046875,-0.0034172190863248,-0.3242030040386966,0.0117756438373491,0.0385804354558406,0.9496439207068104,2,Medium volatility,train,0.04542505052233258,0.011715823252317388,0.12401750512545441,0.17230619546553805,-0.04828869034008364,-0.0034113870382033173,22,0.0
1996-08-06,662.3800048828125,0.0032511871704077,0.2628934308338264,0.0071164442710921,0.102291237867149,0.8905923178617589,2,Medium volatility,train,0.041805037467189284,0.011585933362306589,0.12929241307757852,0.17228022912089505,-0.04298781604331653,-0.0001660181333812405,23,0.0
1996-08-07,664.1599731445312,0.0026836271193602,0.2129245972448951,0.0047457430571325,0.2050970149175591,0.7901572420253082,2,Medium volatility,train,0.037132976492711176,0.012270799414603788,0.13442502788839245,0.1723676007139852,-0.03794257282559274,0.0,24,0.0
1996-08-08,662.5900268554688,-0.0023666056481044,-0.2317054296166792,0.0034744122205798,0.323238122777759,0.6732874650016609,2,Medium volatility,train,0.01915327652714268,0.025867927341598887,0.12754405741772415,0.1619983413023545,-0.03445428388463034,-0.0023638074448079083,25,0.0
1996-08-09,662.0999755859375,-0.000739873164262,-0.0884854749549535,0.0024068545570758,0.4837325297151661,0.5138606157277581,2,Medium volatility,train,-0.0005888836089233172,0.02432298309342159,0.04231581460968238,0.16214513554959353,-0.11982932093991115,-0.0031016586995457063,26,0.0
1996-12-12,729.2999877929688,-0.0155510068069268,-1.392479776329416,0.0082456061305472,0.1989176326395109,0.7928367612299418,2,Medium volatility,train,-0.020466510438898824,-0.0025061359419340148,0.1552550338354573,0.11245954118263897,0.04279549265281833,-0.0366300416506089,1,0.0
1996-12-13,728.6400146484375,-0.0009053502729949,-0.1030543264690636,0.0045676766324382,0.3357864016498959,0.6596459217176659,2,Medium volatility,train,-0.014929663523968423,-0.009887265613738415,0.15501371223308721,0.10987017497588104,0.04514353725720617,-0.03750183420703401,2,0.0
1996-12-16,720.97998046875,-0.0105684324198769,-0.9538064942133516,0.0064313474789091,0.182558258258687,0.8110103942624037,2,Medium volatility,train,-0.03914179778512732,-0.022817409663251013,0.08414235551859434,0.1146389148587954,-0.030496559340201068,-0.047620368324897355,3,0.0
1996-12-17,726.0399780273438,0.0069937089027725,0.5923906273020189,0.0050779442253443,0.2460248263205908,0.7488972294540648,2,Medium volatility,train,-0.02918270668346402,-0.015009975901416913,0.12633622859170834,0.1180512152034577,0.008285013388250648,-0.040936356644021954,4,0.0
1996-12-18,731.5399780273438,0.0075467916268667,0.6410848554284853,0.0044266505083681,0.3002351905178996,0.6953381589737323,2,Medium volatility,train,-0.012484288970159423,-0.014412946070520115,0.1470496663806743,0.11855887837745956,0.028490788003214737,-0.033671123050701524,5,0.0
1996-12-19,745.760009765625,0.0192519746303503,1.67162662902507,0.0160701075535116,0.021749378584116,0.9621805138623722,2,Medium volatility,train,0.02231869246711768,0.002430001037185485,0.15705195014032156,0.13704116820112397,0.020010781939197586,-0.014887149908329955,6,0.0
1996-12-20,748.8699951171875,0.0041615514605757,0.3430432610355,0.009259036565789,0.0708069946701299,0.919933968764081,2,Medium volatility,train,0.027385594200688278,0.008205882837153386,0.15151977446469728,0.13757527654004076,0.013944497924656518,-0.010779009899074321,7,0.0
1996-12-23,746.9199829101562,-0.0026073357094116,-0.252899663338929,0.0059418563957027,0.1405309692796956,0.8535271743246016,2,Medium volatility,train,0.035346690911153576,-0.0024203503313029134,0.11241652504405782,0.13505973198691776,-0.022643206942859942,-0.013354881570693977,8,0.0
1996-12-24,751.030029296875,0.0054875752424372,0.4597883729730158,0.0045810463806052,0.2265004431981225,0.7689185104212722,2,Medium volatility,train,0.033840557250818276,-0.007957284757944114,0.11287347099313756,0.13058698039684116,-0.0177135094037036,-0.007912591582563522,9,0.0
1996-12-26,755.8200073242188,0.0063576255697981,0.53638890174817,0.0038740265739735,0.3116637037886044,0.6844622696374221,2,Medium volatility,train,0.03265139119374968,-0.00018523151004021417,0.11271246080184984,0.13257792145887867,-0.019865460657028836,-0.0015851789596982302,10,0.0
1996-12-27,756.7899780273438,0.0012825128029998,0.0895684026288955,0.0025295410388702,0.4807335946737165,0.5167368642874134,2,Medium volatility,train,0.01468192936639918,0.0023680258366687856,0.05177262070166554,0.1325661069695689,-0.08079348626790335,-0.00030387770200412945,11,0.0
1996-12-31,740.739990234375,-0.0175437034913992,-1.5679197651655628,0.0116800577372061,0.052024223698734,0.9362957185640598,2,Medium volatility,train,-0.00830838812276642,-0.021132166132581714,0.13862802583587638,0.1458434204807263,-0.0072153946448499096,-0.021207981420162003,1,0.0
1997-01-02,737.010009765625,-0.0050481994790461,-0.4677969509352158,0.0077261528831069,0.0887345097317898,0.9035393373851034,2,Medium volatility,train,-0.01884416284424972,-0.015175804764346615,0.12688893657305428,0.1421329909418917,-0.015244054368837412,-0.026136667815392367,2,0.0
1997-01-03,748.030029296875,0.0148416494188143,1.283335018011266,0.0117449214123618,0.0275306087016085,0.9607244698860296,2,Medium volatility,train,-0.010360138995233522,0.0039247184939342865,0.16632204769122208,0.15127490105060773,0.01504714664061435,-0.011575138393484674,3,0.0
1997-01-06,747.6500244140625,-0.0005081366032078,-0.0680830424116182,0.006994607176198,0.0856617471004932,0.9073436457233088,2,Medium volatility,train,-0.012150788401441123,0.004383322993176986,0.16488426412944568,0.15123879417543865,0.013645469954007033,-0.012077265659761416,4,0.0
1997-01-07,753.22998046875,0.0074356134339721,0.6312965614687269,0.0059236958670932,0.1260692169465305,0.8680070871863762,2,Medium volatility,train,-0.0008227767208667221,0.018261133615074386,0.17518892342385042,0.15115852965299492,0.0240303937708555,-0.004704075981388223,5,0.0
1997-01-08,748.4099731445312,-0.0064196798523346,-0.5885441289947986,0.0053009028811916,0.146684953015692,0.8480141441031163,2,Medium volatility,train,0.010301246918197879,-0.001802248078542212,0.12725268834257997,0.14570764407867112,-0.018454955736091155,-0.011073091777266786,6,0.0
1997-01-09,754.8499755859375,0.0085681014049221,0.7310024918939304,0.005319897911331,0.1692701280539135,0.8254099740347555,2,Medium volatility,train,0.02391754780216608,0.009731235525270688,0.11795003761236762,0.1482811604108304,-0.03033112279846277,-0.0025634621199174257,7,0.0
1997-01-10,759.5,0.0061413003650159,0.5173433080019171,0.0043647993729829,0.2497439345282,0.7458912660988171,2,Medium volatility,train,0.015217198748367678,0.02502416197672449,0.09024043905358085,0.14516331439393432,-0.054922875340353464,0.0,8,0.0
1997-01-13,759.510009765625,1.31793280635506e-05,-0.0221856101154598,0.0029387193556819,0.4060748794538177,0.5909864011905005,2,Medium volatility,train,0.015738514679639028,0.04058834811171484,0.08926177284275462,0.13184052731530083,-0.04257875447254621,0.0,9,0.0
1997-01-14,768.8599853515625,0.0122353778992625,1.053874985354465,0.0053717123061544,0.2563751781990829,0.7382531094947626,2,Medium volatility,train,0.02053827914492943,0.053729076283972235,0.1047430500635445,0.1359303186149032,-0.031187268551358713,0.0,10,0.0
1997-01-15,767.2000122070312,-0.0021613397827797,-0.2136335166147553,0.0034521150939767,0.388554911570266,0.6079929733357572,2,Medium volatility,train,0.02479661921448433,0.062136168921069435,0.08475545371097055,0.12851038167775164,-0.043754927966781085,-0.0021590057697855602,11,0.0
1997-01-27,765.02001953125,-0.0071636341360781,-0.6540429739778827,0.003216382560892,0.485279014360471,0.511504603078637,2,Medium volatility,train,-0.015152188336114324,0.010816227720327032,0.12104420487784008,0.13004472692422578,-0.009000522046385698,-0.026976789825357006,1,0.0
1997-01-30,784.1699829101562,0.0149938030139695,1.2967308475137755,0.0073219360363726,0.2591283714719735,0.7335496924916539,2,Medium volatility,train,0.008465003431788276,0.06202433791722453,0.14877991309808386,0.11915201311028338,0.02962789998780048,-0.0026200954043568148,1,0.0
1997-01-31,786.1599731445312,0.0025344881079911,0.1997941761961159,0.0039548248433769,0.4156850418674486,0.5803601332891745,2,Medium volatility,train,0.020094662951762876,0.049717176606401334,0.12223769626401655,0.11121631927761537,0.011021376986401182,-8.904178924473705e-05,2,0.0
1997-02-05,778.280029296875,-0.0140094157412686,-1.2567557991398883,0.0060257577268689,0.2786630533575893,0.7153111889155418,2,Medium volatility,train,0.007454385474377677,0.03913547398038873,0.1467378165397957,0.11979847251704807,0.026939344022747627,-0.01391174053276889,1,0.0
1997-02-06,780.1500244140625,0.0023998459349741,0.1879400784224593,0.0034178647595105,0.4393591680572966,0.5572229671831928,2,Medium volatility,train,-0.005139571604617722,0.03296721851044074,0.10385316710902542,0.11738584273184835,-0.013532675622822926,-0.011542438789300613,2,0.0
1997-02-07,789.5599975585938,0.0119895850014239,1.0322350119511745,0.0055161793838979,0.2945566082706784,0.6999272123454237,2,Medium volatility,train,0.0043155252888150775,0.03881550314684873,0.13336144324900534,0.12186465490157013,0.011496788347435213,0.0,3,0.0
1997-02-10,785.4299926757812,-0.0052444959963446,-0.4850791891563034,0.0041281359122368,0.3531259472752607,0.6427459168125024,2,Medium volatility,train,-0.001653760573295122,0.03355782782244058,0.13894314182259224,0.12424683649038376,0.014696305332208476,-0.005230767637143363,4,0.0
1997-02-11,789.5900268554688,0.0052825282243338,0.4417357276069347,0.0029276370294237,0.476975661511288,0.5200967014592883,2,Medium volatility,train,0.000418047423118577,0.026604978147511886,0.1421895236337435,0.11902157450775055,0.02316794912599293,0.0,5,0.0
1997-02-12,802.77001953125,0.0165544139353182,1.434129361172404,0.0100256629894817,0.1119160077393006,0.8780583292712175,2,Medium volatility,train,0.030981877099705374,0.04532073186560978,0.12026813189245122,0.12927574277093454,-0.009007610878483313,0.0,6,0.0
1997-02-13,811.8200073242188,0.0112103783873127,0.963632499212556,0.0097992284383745,0.0847675722877506,0.9054331992738748,2,Medium volatility,train,0.039792409552043974,0.053212862928686586,0.11925845381596839,0.13291743057801914,-0.013658976762050745,0.0,7,0.0
1997-02-14,808.47998046875,-0.0041227323476871,-0.3863174440644386,0.0064404029249255,0.1411033610797051,0.8524562359953693,2,Medium volatility,train,0.023680092202932976,0.04078437104841598,0.13469566522598783,0.13322154149506304,0.0014741237309247868,-0.004114245553614282,8,0.0
1997-02-18,816.2899780273438,0.0096137396808169,0.8230620456027793,0.0064660412224005,0.1397959430862662,0.8537380156913332,2,Medium volatility,train,0.038538327880094474,0.049715465924291685,0.10998334685262286,0.1356371788778524,-0.025653832025229542,0.0,9,0.0
1997-02-19,812.489990234375,-0.004666062649961,-0.4341530544250346,0.0049283393074247,0.1986771427501896,0.7963945179423856,2,Medium volatility,train,0.028589737005799677,0.03732859878728578,0.13608437867602807,0.13638161520755016,-0.0002972365315220826,-0.004655193491597043,10,0.0
1997-02-20,802.7999877929688,-0.0119979926998521,-1.079667113902119,0.0077069600972463,0.0715165873815578,0.920776452521196,2,Medium volatility,train,3.733037062937476e-05,0.02085625606905138,0.14213087710131464,0.14410172162801074,-0.0019708445266961028,-0.01652597801944733,11,0.0
1997-02-21,801.77001953125,-0.0012837936624485,-0.1363730470441581,0.0051427201045838,0.1528744611253774,0.8419828187700387,2,Medium volatility,train,-0.012456841679131825,0.030660999700082785,0.11129341732628811,0.13754493724882091,-0.0262515199225328,-0.017787745638116026,12,0.0
1997-02-24,810.280029296875,0.0105580950479229,0.9062045009264796,0.0062217504458134,0.1275122349401609,0.8662660146140255,2,Medium volatility,train,0.002223985716478175,0.050314266159989185,0.13660938414392185,0.13519717192184846,0.0014122122220733835,-0.007362516865627167,13,0.0
1997-02-25,812.030029296875,0.0021574182684798,0.1665963850070241,0.0042151427318151,0.2449480334434594,0.7508368238247254,2,Medium volatility,train,-0.0052323356958589255,0.05963531856454708,0.11837412059427659,0.1305552223777826,-0.012181101783506024,-0.005218670870814068,14,0.0
1997-02-26,805.6799926757812,-0.0078506891214082,-0.714532319845413,0.0047114004173234,0.2158044015849582,0.7794841979977184,2,Medium volatility,train,-0.008416962167306126,0.05178462944313888,0.12483300550463737,0.13554453749061182,-0.010711531985974451,-0.012997814057698842,15,0.0
1997-02-27,795.0700073242188,-0.013256461944521,-1.190464623606313,0.008609913443599,0.0544458538597431,0.9369442326966578,2,Medium volatility,train,-0.009675431411975025,0.028798161532737482,0.13021359783700148,0.1433898356427303,-0.013176237805728824,-0.025995628115397684,16,0.0
1997-02-28,790.8200073242188,-0.0053597792217203,-0.4952288962996476,0.006436944816639,0.0879565481997995,0.9056065069835616,2,Medium volatility,train,-0.013751416971246825,0.008444579297047684,0.13174920912344867,0.13626263130692745,-0.004513422183478777,-0.031202111245658082,17,0.0
1997-03-03,795.3099975585938,0.0056615816028617,0.4751081525301217,0.0050987293475147,0.1548147413239983,0.840086529328487,2,Medium volatility,train,-0.018647930416308026,0.011571672791918284,0.10842491877252802,0.1372989720864609,-0.02887405331393289,-0.025701626913821052,18,0.0
1997-03-04,790.9500122070312,-0.0054972026078123,-0.5073278562214831,0.0045195605551528,0.1971975061840267,0.7982829332608204,2,Medium volatility,train,-0.026302551292600125,0.005349680318340384,0.09785761494012175,0.13889377356312788,-0.04103615862300612,-0.0310428481329017,19,0.0
1997-03-05,801.989990234375,0.0138613567061387,1.19702858517174,0.008154657974107,0.0784914727004654,0.9133538693254276,2,Medium volatility,train,-0.004590505465053225,0.016000316796558983,0.15137596777018283,0.14642152465897798,0.004954443111204854,-0.017518269460475633,20,0.0
1997-03-06,798.5599975585938,-0.0042860241200681,-0.4006938953060093,0.0058166395001939,0.1307750197230723,0.8634083407767337,2,Medium volatility,train,0.004379932359399675,0.025723708417759485,0.12248505836984917,0.13763070709039615,-0.01514564872054698,-0.02172019863773955,21,0.0
1997-03-07,804.969970703125,0.0079948705843548,0.6805343952967359,0.0053936800857389,0.1656704374756834,0.8289358824385775,2,Medium volatility,train,0.01773458216547478,0.031318733067140184,0.11747024913431375,0.13954907436953157,-0.022078825235217814,-0.013867629921875069,22,0.0
1997-03-10,813.6500244140625,0.0107253548638377,0.920930304640354,0.0064529916167426,0.1332226914151696,0.8603243169680878,2,Medium volatility,train,0.022798355426450777,0.030054502929553986,0.12614484466405032,0.13842323759195743,-0.012278392927907111,-0.0032340879887573504,23,0.0
1997-03-11,811.3400268554688,-0.0028430932396164,-0.273656108004826,0.0045294083972848,0.2235492697994469,0.7719213218032681,2,Medium volatility,train,0.025452464794646676,0.032455905686282184,0.11621527425099488,0.13719223768266745,-0.02097696343167256,-0.006063961711054056,24,0.0
1997-03-12,804.260009765625,-0.0087646227437376,-0.7949963993753603,0.0053720102402422,0.1688262139833303,0.8258017757764274,2,Medium volatility,train,0.0028264853447703756,0.018408754718210782,0.11892648652886408,0.14102537898797202,-0.02209889245910794,-0.014737371014636902,25,0.0
1997-03-13,789.5599975585938,-0.0184467869461997,-1.647428579759821,0.0161200139520604,0.0060276379913039,0.9778523480566356,2,Medium volatility,train,-0.011334277481361225,-0.016592446163307118,0.17074415263239245,0.14409293399737624,0.02665121863501621,-0.03274569232534985,26,0.0
1997-03-14,793.1699829101562,0.0045617277188556,0.3782753758034859,0.0095397258845099,0.0439176803743799,0.9465425937411102,2,Medium volatility,train,-0.014767420346860427,-0.023241096831764216,0.16148564945667374,0.13883316693533715,0.022652482521336587,-0.028323262246903402,27,0.0
1997-03-17,795.7100219726562,0.0031972725674691,0.258146708760488,0.0061555502791335,0.1111976647195234,0.8826467850013431,2,Medium volatility,train,-0.022295502643229027,-0.01592109191660802,0.13409962001920564,0.13917575812055455,-0.005076138101348909,-0.025211575063583735,28,0.0
1997-03-18,789.6599731445312,-0.0076323864036158,-0.6953126229036581,0.0059344540258727,0.1086302235216712,0.8854353224524559,2,Medium volatility,train,-0.027084795807228425,-0.03316721800104072,0.13463801952883142,0.13566869138236007,-0.0010306718535286474,-0.029484484175868242,29,0.0
1997-03-19,785.77001953125,-0.0049382854669666,-0.458119957340343,0.0049013644172708,0.1569313783108325,0.8381672572718967,2,Medium volatility,train,-0.023258458530457424,-0.03343944081804632,0.1320096179360839,0.13574797877123188,-0.0037383608351479747,-0.03426535248111107,30,0.0
1997-03-20,782.6500244140625,-0.0039785250700878,-0.3736212202139879,0.0040337564040902,0.2331358384910153,0.7628304051048944,2,Medium volatility,train,-0.008790196654345522,-0.02541997318828202,0.07581537571231271,0.13080724433023214,-0.05499186861791942,-0.038099918969859536,31,0.0
1997-03-21,784.0999755859375,0.0018509035721301,0.1396103738771144,0.0029103158271829,0.3876159447132555,0.6094737394595615,2,Medium volatility,train,-0.011501020801071023,-0.02228527595370342,0.06570679039864842,0.13125222118992247,-0.06554543079127405,-0.03631788599699859,32,0.0
1997-03-24,790.8900146484375,0.0086223800429436,0.7357812641590405,0.0033363482818019,0.4044625515368943,0.5922011001813038,2,Medium volatility,train,-0.0060759133255965225,-0.02422099095868272,0.09225167669642595,0.12923861339561446,-0.03698693669918851,-0.02797272670398465,33,0.0
1997-03-27,773.8800048828125,-0.0212488275297193,-1.894124412859612,0.0186120213057873,0.0161625116201835,0.9652254670740292,2,Medium volatility,train,-0.011268799408523723,-0.027013341184830716,0.16071289269061256,0.13914115772193378,0.021571734968678785,-0.04887853295388245,1,0.0
1997-03-31,757.1199951171875,-0.0218950742190324,-1.951020935467369,0.0502985493267976,0.0001896818416065,0.9495117688315958,2,Medium volatility,train,-0.03501477719968622,-0.043548636182142816,0.19682233378266425,0.1558961376625876,0.04092619612007664,-0.06947708179273293,2,0.0
1997-04-01,759.6400146484375,0.003322901228663,0.2692072435067449,0.0240946054194927,0.0366129726901589,0.9392924218903482,2,Medium volatility,train,-0.04031425601396682,-0.04588731655634152,0.17755151025197832,0.15461915957019168,0.022932350681786645,-0.06637990308489139,3,0.0
1997-04-02,750.1099853515625,-0.0126248132153055,-1.134853327183007,0.0221594639160036,0.0137533667494346,0.9640871693345616,2,Medium volatility,train,-0.05063520317705982,-0.05301492716383472,0.1727082370364036,0.15839973000838214,0.014308507028021444,-0.07809259160074056,4,0.0
1997-04-03,750.3200073242188,0.0002799490480107,0.0013011939998095,0.0113262776740135,0.0632485733676085,0.925425148958378,2,Medium volatility,train,-0.052165864687383524,-0.06659633482196273,0.16757306925434787,0.1471295512111004,0.020443518043247455,-0.07783446837041497,5,0.0
1997-04-04,757.9000244140625,0.0100516910686145,0.8616199391270157,0.0096942022449127,0.0665383471936338,0.9237674505614532,2,Medium volatility,train,-0.020865346089049722,-0.052258619633280115,0.18291734488292108,0.15415022207872203,0.028767122804199047,-0.0685184026635377,6,0.0
1997-04-07,762.1300048828125,0.0055656681860742,0.4666637922310573,0.0065999760540427,0.1269279423359084,0.8664720816100487,2,Medium volatility,train,0.006595396316056878,-0.054687822031560716,0.12169014175623448,0.15226148594826908,-0.030571344192034597,-0.06331963127310336,7,0.0
1997-04-08,766.1199951171875,0.0052216578441974,0.436376608532368,0.0048538324249702,0.2131408966853469,0.7820052708896829,2,Medium volatility,train,0.008494152931591278,-0.060191519051201015,0.1238441609204452,0.14723914149006387,-0.023394980569618667,-0.05573499425825401,8,0.0
1997-04-09,760.5999755859375,-0.0072312456652969,-0.6599955938742127,0.0048512734414989,0.2078870668124795,0.7872616597460215,2,Medium volatility,train,0.013887720481599874,-0.06457967147688151,0.09339673195827367,0.1479575878165487,-0.054560855858275026,-0.05428596927554652,9,0.0
1997-04-10,758.3400268554688,-0.0029756940951504,-0.2853304851420107,0.0036014159567744,0.3154433981940181,0.6809551858492076,2,Medium volatility,train,0.010632077338438777,-0.05879074282829432,0.09984960000588457,0.1465777547649003,-0.04672815475901572,-0.04696433887378093,10,0.0
1997-04-11,737.6500244140625,-0.027662378839925,-2.458783038043433,0.0566666413866139,8.615784300665226e-05,0.9432472007703794,2,Medium volatility,train,-0.027081992570100723,-0.06800633472201961,0.19284859968861293,0.16156394963702073,0.0312846500515922,-0.07296627660244415,11,0.0
1997-04-14,743.72998046875,0.0082085490201055,0.6993469635489652,0.0323465059125089,0.0220958551716456,0.9455576389158452,2,Medium volatility,train,-0.024439111736069424,-0.06435951342076972,0.20099218667137403,0.16429794147841445,0.03669424519295958,-0.06532535731426603,12,0.0
1997-04-15,754.719970703125,0.0146687412369832,1.2681119237358027,0.0318674573773113,0.010722779462666,0.9574097631600228,2,Medium volatility,train,-0.014992028343283625,-0.05288804475125562,0.23156689740930322,0.17442341385457422,0.05714348355472901,-0.04573334253232497,13,0.0
1997-04-16,763.530029296875,0.0116056742701458,0.9984349384455874,0.0241216376638905,0.0176643103523758,0.9582140519837336,2,Medium volatility,train,0.0038448915921590766,-0.03364998407749401,0.24473005902968528,0.18009855516942644,0.06463150386025884,-0.03459391931218703,14,0.0
1997-04-17,761.77001953125,-0.0023077564943241,-0.2265242623257997,0.0124444769192253,0.062537420159167,0.9250181029216076,2,Medium volatility,train,0.004512829192985376,-0.031019455104851518,0.24425124046038005,0.1797289467097105,0.06452229375066953,-0.036819272690061466,15,0.0
1997-04-18,766.3400268554688,0.0059812720420042,0.5032541757112828,0.0079804550417918,0.1169221824395443,0.8750973625186639,2,Medium volatility,train,0.038156480074914574,-0.021059657992759516,0.09178757480056988,0.18133010026390217,-0.08954252546333229,-0.031040963140597455,16,0.0
1997-04-21,760.3699951171875,-0.0078208200407283,-0.7119026014232062,0.0069667132936514,0.1098070593012128,0.8832262274051357,2,Medium volatility,train,0.022127111014080776,-0.030731381605617912,0.1336117669042519,0.18246245927556354,-0.04885069237131165,-0.038589461196847474,17,0.0
1997-04-22,774.6099853515625,0.0185545074807249,1.6102205806799563,0.0168860653345294,0.009358868155494,0.9737550665099766,2,Medium volatility,train,0.026012877257822475,-0.020799254167836616,0.14991017314391422,0.19239551690233747,-0.04248534375842325,-0.020101220301628753,18,0.0
1997-04-23,773.6400146484375,-0.0012529899306032,-0.1336610405390226,0.0093180979731111,0.0526140084330103,0.9380678935938784,2,Medium volatility,train,0.013154213057073476,-0.019748378046227318,0.14436198356310878,0.19234287897945343,-0.04798089541634465,-0.02132825471418409,19,0.0
1997-04-24,771.1799926757812,-0.0031848681922879,-0.3037464847030932,0.0061864855705157,0.1088185774349561,0.8849949369945281,2,Medium volatility,train,0.012277101359109676,-0.024743856796849616,0.14597272740700154,0.1922036920250015,-0.04623096461799997,-0.0044280253813465675,20,0.0
1997-04-25,765.3699951171875,-0.0075624292009592,-0.689153486418553,0.0059257007069098,0.1079412236415817,0.8861330756515085,2,Medium volatility,train,-0.001266599883853723,-0.011057458468089514,0.15456551460214335,0.17967329284991082,-0.02510777824776747,-0.01192857103459799,21,0.0
1997-04-28,772.9600219726562,0.0098679585810188,0.8454438568241732,0.0063962550688189,0.1060077715668881,0.8875959733642929,2,Medium volatility,train,0.016422178737893377,0.020705574331961685,0.15170124716722827,0.1651544849085905,-0.013453237741362228,-0.002130056944924852,22,0.0
1997-04-29,794.0499877929688,0.0269190869507918,2.3466506356314167,0.0530367316363587,0.0001555872880471,0.946807681075594,2,Medium volatility,train,0.02478675820796028,0.044301760054090485,0.19674669043370313,0.18788543112267303,0.0088612593110301,0.0,23,0.0
1997-04-30,801.3400268554688,0.0091389437496074,0.7812603035113093,0.0320586786610223,0.019025613790428,0.9489157075485496,2,Medium volatility,train,0.03517869188817088,0.06606551701900339,0.1912018133057245,0.18119537608164527,0.010006437224079234,0.0,24,0.0
1997-05-01,798.530029296875,-0.0035127858507291,-0.3326168445448026,0.016287262066647,0.0584254199183973,0.9252873180149556,2,Medium volatility,train,0.03485077422972968,0.06227278212026359,0.1920945131229625,0.18246345137227946,0.00963106175068304,-0.003506623236605888,25,0.0
1997-05-02,812.969970703125,0.0179215983787175,1.5544983191558082,0.0264955378682905,0.0068457911276013,0.966658671004108,2,Medium volatility,train,0.06033480180940638,0.07014268943036658,0.16048174839308313,0.1881760992472686,-0.02769435085418548,0.0,26,0.0
1997-05-05,830.2899780273438,0.0210808384309224,1.8326425263542483,0.054489806060217,0.000607254986483,0.9449029389533,2,Medium volatility,train,0.07154768165930998,0.08565785967521479,0.16833992911435053,0.19772839712978796,-0.02938846801543743,0.0,27,0.0
1997-05-06,827.760009765625,-0.0030517417976998,-0.2920258383235783,0.0262254881460957,0.0325527523488746,0.9412217595050296,2,Medium volatility,train,0.041576852910818377,0.07738446003331759,0.16267019329940371,0.19929910305870557,-0.03662890975930186,-0.003047089966965011,28,0.0
1997-05-07,815.6199951171875,-0.0147747148569052,-1.3241338749653857,0.0288601603328949,0.0062619915002641,0.964877848166841,2,Medium volatility,train,0.017663194304305775,0.06984099084170928,0.2180226827954789,0.20618297889311726,0.011839703902361637,-0.01766850533955633,29,0.0
1997-05-08,820.260009765625,0.0056728208400373,0.4760976717379263,0.0157356669151788,0.0401383870914101,0.944125945993411,2,Medium volatility,train,0.026848800995072176,0.07848950577689698,0.21074269122705394,0.20493204214166552,0.00581064908538842,-0.012080078679919226,30,0.0
1997-05-09,824.780029296875,0.0054953445494918,0.4604723943564731,0.0094054302953228,0.0905359538545224,0.9000586158501548,2,Medium volatility,train,0.014422547165846478,0.11164722916631378,0.18685918350318562,0.16960011901290722,0.017259064490278392,-0.006636173958837421,31,0.0
1997-05-12,837.6599731445312,0.0154955385415336,1.340904391857204,0.0141787754366896,0.022926979456623,0.9628942451066872,2,Medium volatility,train,0.008837247276457679,0.11893421868774187,0.16102688918405167,0.1728642889363765,-0.01183739975232484,0.0,32,0.0
1997-05-13,833.1300048828125,-0.0054225598923611,-0.5007562002000222,0.0091428480837339,0.051102732060174,0.939754419856092,2,Medium volatility,train,0.006466429181796379,0.09884291755839758,0.16525123827068242,0.1740629378463865,-0.008811699575704074,-0.00540788435278039,33,0.0
1997-05-14,836.0399780273438,0.0034867342720596,0.2836313490560055,0.0059876005292059,0.1212614636424132,0.8727509358283808,2,Medium volatility,train,0.02472787831076118,0.09072397756031139,0.10571976532855125,0.1724053224792827,-0.06668555715073145,-0.0019339531183590886,34,0.0
1997-05-15,841.8800048828125,0.0069610595226592,0.5895161271700026,0.0051282325571869,0.1758038404122805,0.8190679270305324,2,Medium volatility,train,0.026016116993383076,0.09999279357729468,0.10648013066011552,0.17074360351987872,-0.0642634728597632,0.0,35,0.0
1997-05-16,829.75,-0.0145130414707788,-1.3010957596824833,0.0101061542742371,0.0290263296389423,0.9608675160868206,2,Medium volatility,train,0.006007730973112479,0.0794984800645117,0.16398287368254494,0.1835047946547797,-0.019521920972234763,-0.014408234917636431,36,0.0
1997-05-19,833.27001953125,0.0042332921392329,0.3493594174083145,0.0066837354419925,0.0820568642780794,0.911259400279928,2,Medium volatility,train,-0.005254515429188222,0.09155259224447287,0.12560838540822464,0.1784100671622986,-0.05280168175407396,-0.010227093293136202,37,0.0
1997-05-20,841.6599731445312,0.0100183575708436,0.8586852082558473,0.0069694558721543,0.0821252182805982,0.9109053258472474,2,Medium volatility,train,0.010186402034016478,0.08301644233459157,0.13633193932866466,0.17232462531139514,-0.03599268598273048,-0.00026135760085177484,38,0.0
1997-05-21,839.3499755859375,-0.0027483466286062,-0.2653144750270538,0.0049803252053008,0.15507563979999,0.8399440349947092,2,Medium volatility,train,0.003951321133350677,0.08152108563658858,0.13871882081607312,0.17299183302865895,-0.03427301221258583,-0.0030052136672698015,39,0.0
1997-05-22,835.6599731445312,-0.004405954022574,-0.4112527028358799,0.0041720256875695,0.2220000184552865,0.7738279558571438,2,Medium volatility,train,-0.007415692411882523,0.08029999980630248,0.13184138888343827,0.17368779649406782,-0.04184640761062955,-0.007388264006991219,40,0.0
1997-05-23,847.030029296875,0.0135143480799246,1.1664774280471086,0.0075675834669953,0.097332265037091,0.8951001514959137,2,Medium volatility,train,0.020611697138820877,0.10137677708718629,0.11064959767086428,0.17127672004178446,-0.060627122370920175,0.0,41,0.0
1997-05-27,849.7100219726562,0.0031589929199418,0.2547765114860246,0.0050077548930546,0.1946376744328172,0.8003545706741281,2,Medium volatility,train,0.01953739791952978,0.09466781142610929,0.11080547160220465,0.17047908816753415,-0.059673616565329504,0.0,42,0.0
1997-05-28,847.2100219726562,-0.0029465169177091,-0.282761682913122,0.0037111114807453,0.2998730136354011,0.6964158748838535,2,Medium volatility,train,0.006572523430977079,0.06480220755760839,0.10520979746802192,0.15179777360826446,-0.04658797614024254,-0.002942180197187838,43,0.0
1997-05-29,844.0800170898438,-0.0037013266605905,-0.3492162587130457,0.0029629370165642,0.4038462569237299,0.5931908060597058,2,Medium volatility,train,0.00561954339899278,0.051961937147410486,0.10721939193145666,0.1520110999681351,-0.04479170803667845,-0.006625795550512681,44,0.0
1997-06-06,858.010009765625,0.0171388635067639,1.485585173333236,0.0060833548075927,0.3794869140823569,0.6144297311100504,2,Medium volatility,train,0.011404961305753077,0.04499439073593328,0.1289840796189015,0.1235120767730511,0.005472002845850393,0.0,1,0.0
1997-06-09,862.9099731445312,0.0056946013400871,0.4780152594547916,0.003663282478995,0.4944100092124209,0.501926708308584,2,Medium volatility,train,0.01936558345298508,0.04519364752652859,0.12467304816878035,0.12357995598020549,0.001093092188574854,0.0,2,0.0
1997-06-12,883.4600219726562,0.0158471961147972,1.371864849215443,0.0063686859047808,0.3374612056383728,0.6561701084568464,2,Medium volatility,train,0.046369138822806674,0.05516960858125218,0.09506621529277547,0.12107875398980181,-0.02601253869702634,0.0,1,0.0
1997-06-13,893.27001953125,0.0110428675366316,0.9488845940233592,0.0070486746335226,0.2565336301895512,0.7364176951769261,2,Medium volatility,train,0.04027314285267438,0.059251416595224586,0.07551850593273118,0.12365994728598591,-0.048141441353254724,0.0,2,0.0
1997-06-16,893.9000244140625,0.000705030739569,0.0387260202679297,0.003782146494017,0.4175064020927295,0.5787114514132533,2,Medium volatility,train,0.03528357225215628,0.07446948880557239,0.08884715334031676,0.10659312482044847,-0.01774597148013171,0.0,3,0.0
1997-06-23,878.6199951171875,-0.0225967990347202,-2.012801835084267,0.0236867474026681,0.0086011766637788,0.9677120759335532,2,Medium volatility,train,-0.01724145019306102,0.036616341473690486,0.17216889073008057,0.1343109170212963,0.03785797370878427,-0.022343403601977396,1,0.0
1997-06-24,896.3400268554688,0.0199673460309366,1.7346089943346148,0.0434061973276801,0.0010592367456941,0.9555345659266258,2,Medium volatility,train,0.0021443908403185816,0.05342469458468529,0.22949817662480532,0.14826925414892067,0.08122892247588465,-0.002625999020259062,2,0.0
1997-06-25,888.989990234375,-0.0082338593718978,-0.7482672003177201,0.0263485410441497,0.0154915900382594,0.9581598689175908,2,Medium volatility,train,-7.874618231812e-05,0.04813735213049659,0.23304881993857055,0.1518779771519231,0.08117084278664743,-0.01080451968483942,3,0.0
1997-06-26,883.6799926757812,-0.0059909780070723,-0.550800578993978,0.01520719201804,0.0390517506417523,0.9457410573402076,2,Medium volatility,train,-0.01606392364319032,0.04584770078401478,0.22019415849819876,0.15323873764774773,0.06695542085045103,-0.0167130514378917,4,0.0
1997-06-27,887.2999877929688,0.0040881322192278,0.3365793214992909,0.0087174057007573,0.0987952613346143,0.8924873329646283,2,Medium volatility,train,-0.01276615816352592,0.04497232557612978,0.22417552150340367,0.15307631953938644,0.07109920196401723,-0.012685016422850914,5,0.0
1997-06-30,885.1400146484375,-0.0024372889472257,-0.2379284927177383,0.0055284389470678,0.1822912339387272,0.8121803271142048,2,Medium volatility,train,0.00739335192396858,0.04480105743604899,0.16096845488682057,0.15314109734872408,0.007827357538096491,-0.015088458188948994,6,0.0
1997-07-01,891.030029296875,0.0066322886808771,0.5605706517941683,0.0045496999486206,0.2542627622392738,0.7411875378121057,2,Medium volatility,train,-0.005941705426090921,0.052473639501588086,0.09071220537735852,0.15337079231965936,-0.06265858694230084,-0.008534530773311455,7,0.0
1997-07-02,904.030029296875,0.0144844482717765,1.2518864961479583,0.0088654359089429,0.0878047230774219,0.9033298410136352,2,Medium volatility,train,0.01677660221758338,0.07332975988075349,0.11359774723418656,0.1549243601369262,-0.041326612902739646,0.0,8,0.0
1997-07-03,916.9199829101562,0.0141576307199429,1.223112991333138,0.0119087818929434,0.0332748952371297,0.9548163228699268,2,Medium volatility,train,0.03692521094459858,0.08354330650251139,0.1014439342677286,0.1591278553549929,-0.057683921087264306,0.0,9,0.0
1997-07-07,912.2000122070312,-0.005160931149593,-0.4777220153849842,0.0079582467221593,0.0652872484842369,0.9267545047936036,2,Medium volatility,train,0.027676147575777778,0.06124351184615449,0.1296679635439704,0.15488782130122888,-0.02521985775725849,-0.005147636425312241,10,0.0
1997-07-08,918.75,0.0071547728674783,0.6065709390323878,0.0063660012770017,0.1061375495966609,0.8874964491263372,2,Medium volatility,train,0.037268209390481775,0.06270368337354569,0.11320363028166457,0.15528239443618366,-0.0420787641545191,0.0,11,0.0
1997-07-09,907.5399780273438,-0.012276432435649,-1.1041813636223072,0.0088642232075307,0.0355788669346432,0.955556909857826,2,Medium volatility,train,0.018359488273955678,0.04769599856391829,0.16969549917333787,0.16419925939715202,0.005496239776185852,-0.012201384460034048,12,0.0
1997-07-10,913.780029296875,0.006852256232178,0.5799369231616355,0.0068273031347278,0.0728336864698672,0.9203390103954048,2,Medium volatility,train,0.010727296234357177,0.04959102930891619,0.1510855774774601,0.16470345580410073,-0.013617878326640631,-0.005409491921768761,13,0.0
1997-07-11,916.6799926757812,0.003168565027753,0.2556192541375385,0.004870348707813,0.157199347613169,0.837930303679018,2,Medium volatility,train,-0.0002617694578327229,0.036912398221871985,0.11995841445450248,0.1574179011288883,-0.03745948667438581,-0.0022530691964285365,14,0.0
1997-07-14,918.3800048828124,0.0018528142901335,0.1397785963405719,0.0035476067937456,0.2881827735364248,0.7082696196698296,2,Medium volatility,train,0.006751975981893777,0.02772234497537389,0.11296803790959847,0.1538225025913564,-0.040854464681757935,-0.00040271577380968093,15,0.0
1997-07-15,925.760009765625,0.0080037786950741,0.681318678653718,0.0037345964819883,0.3291001229893363,0.6671652805286754,2,Medium volatility,train,0.007600981809489577,0.03502109293087899,0.1152717575629449,0.1554791099392947,-0.0402073523763498,0.0,16,0.0
1997-07-16,936.5900268554688,0.0116306161130657,1.0006308555048755,0.0056712840555354,0.2252410236908334,0.769087692253631,2,Medium volatility,train,0.03150803035820428,0.04607020404638769,0.05554111223086589,0.15908940512071168,-0.1035482928898458,0.0,17,0.0
1997-07-17,931.6099853515624,-0.0053313920001194,-0.4927296429614157,0.0044686700167573,0.2774140678872717,0.7181172620959709,2,Medium volatility,train,0.019324382125906876,0.046749534395529396,0.09161718070835487,0.15865884932456878,-0.06704166861621391,-0.005317205352513232,18,0.0
1997-07-18,915.2999877929688,-0.0176623893953937,-1.578369049210674,0.0141919931309667,0.0150796720415259,0.9707283348275072,2,Medium volatility,train,-0.0015065722972398242,0.01909294554633579,0.1653837912953244,0.17027038545171821,-0.004886594156393809,-0.022731438998960685,19,0.0
1997-07-21,912.9400024414062,-0.0025817033594943,-0.2506429530134808,0.0083561614785913,0.0572496882360571,0.9343941502853514,2,Medium volatility,train,-0.005941089946867624,0.01572087544727809,0.1648690233611346,0.1707104954229172,-0.005841472061782593,-0.025251202485537583,20,0.0
1997-07-22,933.97998046875,0.0227848401168992,1.982665376843257,0.0316910231978325,0.0008312046479876,0.9674777721541798,2,Medium volatility,train,0.008839971474957475,0.061102514598897484,0.22290432969127313,0.16447851776220945,0.05842581192906368,-0.002786754408950709,21,0.0
1997-07-23,936.5599975585938,0.0027585817531434,0.2195237150216298,0.0157819887150811,0.038962215940246,0.9452557953446727,2,Medium volatility,train,-3.206288496482605e-05,0.043893750321104284,0.20985684387180167,0.15252484839191466,0.057331995479887016,-3.2062370956320585e-05,22,0.0
1997-07-24,940.2999877929688,0.0039853747363336,0.3275323994101109,0.0089315147340017,0.0992621029943089,0.8918063822716893,2,Medium volatility,train,0.009284703851488173,0.05611298442933568,0.2062496276679555,0.14778314892379077,0.05846647874416472,0.0,23,0.0
1997-07-25,938.7899780273438,-0.0016071716821661,-0.1648437303203398,0.0054806989207686,0.1918449233520025,0.8026743777272287,2,Medium volatility,train,0.025339921564715776,0.060496790754241886,0.14609167235678464,0.1452519031673998,0.0008397691893848314,-0.001605880873368104,24,0.0
1997-07-28,936.4500122070312,-0.0024956454075084,-0.2430662825380815,0.0038234803705675,0.3046312623869747,0.6915452572424577,2,Medium volatility,train,0.025425979516701676,0.05391301312750568,0.1458654072840821,0.14642594156529076,-0.0005605342812086689,-0.0040944120343699986,25,0.0
1997-07-29,942.2899780273438,0.006216916295215,0.5240006473016398,0.0032201135609225,0.4017279551804288,0.5950519312586485,2,Medium volatility,train,0.008858055695017474,0.06256721836994639,0.05277468141830249,0.1456627289410004,-0.09288804752269791,0.0,26,0.0
1997-07-30,952.2899780273438,0.0105565276722856,0.9060665068371369,0.0044440835778126,0.3326301425737166,0.6629257738484707,2,Medium volatility,train,0.016656001614159678,0.06649145736135488,0.07754182994074447,0.14747362724102459,-0.06993179730028011,0.0,27,0.0
1997-08-01,947.1400146484376,-0.0075416307002953,-0.6873223553925839,0.0030770488143348,0.4615152704909744,0.5354076806946906,2,Medium volatility,train,0.008855144375956978,0.03242672418560029,0.1009004772796402,0.13955483303829566,-0.03865435575865546,-0.007513263958775496,1,0.0
1997-08-08,933.5399780273438,-0.0187300468338245,-1.6723672028377132,0.015170990501199,0.0383923097197755,0.9464366997790254,2,Medium volatility,train,-0.014463144976755223,0.018225348666677788,0.15637265568819034,0.1515628341756202,0.004809821512570145,-0.02788656811544865,1,0.0
1997-08-11,937.0,0.0036994942204158,0.3023630523078096,0.0086090705895722,0.0999011921032193,0.8914897373072085,2,Medium volatility,train,-0.014094429133397321,0.020072028596960088,0.15712794669074154,0.15184179021914906,0.005286156471592474,-0.02428357958426408,2,0.0
1997-08-12,926.530029296875,-0.0112368254927837,-1.01265281747101,0.0096112681832471,0.0449174590841297,0.9454712727326232,2,Medium volatility,train,-0.027507152873929422,0.0008314244091022875,0.15871309179430798,0.15521953774415442,0.003493554050153558,-0.035186164788437835,3,0.0
1997-08-13,922.02001953125,-0.0048795202672335,-0.4529461814890229,0.0067798995016345,0.0819163660661634,0.911303734432202,2,Medium volatility,train,-0.040699633400449325,-0.015678711971196913,0.11762990872273758,0.15011414811490587,-0.03248423939216828,-0.039882526138016905,4,0.0
1997-08-14,924.77001953125,0.0029781425872874,0.2388541784038566,0.0047728276816613,0.1723814754581772,0.8228456968601615,2,Medium volatility,train,-0.028168755786138523,-0.007369177383790114,0.13558548105141546,0.14969478210156842,-0.014109301050152956,-0.037018897369454185,5,0.0
1997-08-15,900.8099975585938,-0.02625072320878,-2.3344987703481035,0.0468253415238879,0.0001007819948825,0.9530738764812294,2,Medium volatility,train,-0.03568943216109402,-0.015957511197176415,0.17490580188048924,0.16442106055387776,0.01048474132661148,-0.06196893672083359,6,0.0
1997-08-18,912.489990234375,0.0128827599334035,1.1108714654145957,0.0372365240201085,0.0083547460536632,0.9544087299262284,2,Medium volatility,train,-0.026506166448106327,-0.000493047904278612,0.2098194302473591,0.17088516754841218,0.038934262698946925,-0.049806331977935825,7,0.0
1997-08-19,926.010009765625,0.0147079284795399,1.2715620270306185,0.0358036042085258,0.007080480685196,0.957115915106278,2,Medium volatility,train,-0.0005614124757827247,-0.008569959541637914,0.23588526748582553,0.15918548606338823,0.0766997814224373,-0.03572767129385668,8,0.0
1997-08-20,939.3499755859376,0.0143030764530731,1.235918250656076,0.0333236520121821,0.007638407136143,0.9590379408516748,2,Medium volatility,train,0.018621184244523876,0.0029745351582917863,0.24750865191899304,0.1669206825961902,0.08058796932280285,-0.021836504059423723,9,0.0
1997-08-21,925.0499877929688,-0.0153403438133947,-1.3739326921085944,0.0366034777455211,0.0026361492984382,0.9607603729560408,2,Medium volatility,train,0.0003026978438417753,-0.016351183391436513,0.2759859735020869,0.17454120394646108,0.10144476955562584,-0.03672736094452966,10,0.0
1997-08-22,923.5399780273438,-0.0016336885186953,-0.1671783121665903,0.0177570286680461,0.0399708507781444,0.9422721205538096,2,Medium volatility,train,0.024919732533926476,-0.016377700227965714,0.1879186575779914,0.17454273955094896,0.013375918027042438,-0.03829976363749499,11,0.0
1997-08-25,920.1599731445312,-0.0036665496110463,-0.3461544353902434,0.0099635548431629,0.0869218036167039,0.9031146415401332,2,Medium volatility,train,0.008370422989476677,-0.017548604431503613,0.18215290949869992,0.17473137900606073,0.007421530492639189,-0.04181942880851475,12,0.0
1997-08-26,913.02001953125,-0.0077897312277954,-0.70916549595383,0.008043873281187,0.0859515661238215,0.9060045605949912,2,Medium volatility,train,-0.014127236717858623,-0.031555251954514016,0.1550153321849892,0.1742851957087523,-0.019269863523763114,-0.049254402107858586,13,0.0
1997-08-27,913.7000122070312,0.0007444958125768,0.042200584170132,0.0050882723755227,0.1841335766477704,0.8107781509767068,2,Medium volatility,train,-0.027685817358354924,-0.04136728381422281,0.08962336143453269,0.16890053084019718,-0.0792771694056645,-0.04854631243921159,14,0.0
1997-08-28,903.6699829101562,-0.0110380727766541,-0.9951543318406376,0.0071136046912048,0.0848438171909485,0.9080425781178466,2,Medium volatility,train,-0.023383546321614324,-0.05452433310713701,0.06728533846994841,0.1709126871272518,-0.10362734865730339,-0.058990778055232784,15,0.0
1997-08-29,899.469970703125,-0.0046585621869281,-0.4334927024703134,0.0054383389061708,0.1332677177947923,0.8612939432990369,2,Medium volatility,train,-0.026408419989847123,-0.05164126459376982,0.06299523808669417,0.1701786896710409,-0.10718345158434674,-0.06336433288591248,16,0.0
1997-09-02,927.5800170898438,0.030773394154381,2.68598959174947,0.0965610009243692,1.7110782986562404e-05,0.903421888292644,2,Medium volatility,train,0.008031523775580179,-0.024198648816446715,0.23958163129218313,0.20509609506028822,0.0344855362318949,-0.034092791970043224,17,0.0
1997-09-03,927.8599853515624,0.0003017809937002,0.0032233110675414,0.0437273937726771,0.0371437290069826,0.9191288772203404,2,Medium volatility,train,0.016123035997075777,-0.026072766070494913,0.22885710730788414,0.20480855803343867,0.02404854927444547,-0.033801255545118924,18,0.0
1997-09-04,930.8699951171876,0.0032387839314305,0.2618014311709333,0.0204374876697626,0.1005543704009293,0.8790081419293081,2,Medium volatility,train,0.018617324115929475,-0.031146942398350818,0.22804136738561703,0.20254647127941824,0.02549489610619879,-0.021362721719176525,19,0.0
1997-09-05,929.0499877929688,-0.0019570819410015,-0.1956503515096501,0.0100122952408095,0.1909678244907455,0.7990198802684448,2,Medium volatility,train,0.02769831495158208,-0.023551289312328916,0.20448875605051806,0.20046263666748113,0.00402611938303693,-0.010965016299216979,20,0.0
1997-09-08,931.2000122070312,0.0023115445465968,0.1801658924603688,0.0052298486316916,0.332348024792809,0.6624221265754993,2,Medium volatility,train,0.034668421685106976,-0.0025096979319076157,0.19133571349359785,0.19020462292371737,0.0011310905698804774,-0.008676173514373775,21,0.0
1997-09-09,933.6199951171876,0.00259540787754,0.2051576435882391,0.0029536074971533,0.4974907386902983,0.4995556538125484,2,Medium volatility,train,0.006490435408265978,-0.0036137842747834157,0.030174255808725896,0.18996306954148043,-0.15978881373275453,-0.006099942106429279,22,0.0
1997-09-10,919.030029296875,-0.0157507000842667,-1.4100610703718863,0.010423527604704,0.0750381814063495,0.9145382909889463,2,Medium volatility,train,-0.009562045669700923,-0.008127658866266416,0.11363249078377714,0.19387493087532728,-0.08024244009155014,-0.021631922943722515,23,0.0
1997-09-11,912.5900268554688,-0.0070320577216236,-0.6424587901616139,0.0079031322029176,0.0871589129770029,0.9049379548200795,2,Medium volatility,train,-0.01983288732275502,-0.010280196320656515,0.10877808994435072,0.194642213918599,-0.0858641239742483,-0.028487730266641975,24,0.0
1997-09-12,923.9099731445312,0.0123278950754004,1.0620203355601754,0.0093347173339245,0.0531902990843559,0.9374749835817194,2,Medium volatility,train,-0.005547910306353123,-0.0009304438325435163,0.151505508754378,0.1993860138769101,-0.04788050512253211,-0.016436900881138916,25,0.0
1997-09-15,919.77001953125,-0.0044909752103441,-0.4187380950430595,0.0065055130050195,0.0962772429266491,0.8972172440683314,2,Medium volatility,train,-0.012350430063294022,0.020829304165892383,0.1499128146407286,0.1762199134554127,-0.026307098814684127,-0.02084415453619859,26,0.0
1997-09-16,945.6400146484376,0.0277383024092934,2.418775586715968,0.0609769841229034,8.731209099822476e-05,0.9389357037860984,2,Medium volatility,train,0.012792464468459379,0.035684846641782286,0.24657809607423897,0.19526388857469915,0.05131420749953983,0.0,27,0.0
1997-09-17,943.0,-0.0027956797986403,-0.2694817579291983,0.0289817433070261,0.0323603472075007,0.9386579094854732,2,Medium volatility,train,0.02574748475408578,0.018181238363602085,0.20894595589861054,0.18998628845644758,0.01895966744216296,-0.0027917755250861376,28,0.0
1997-09-18,947.2899780273438,0.0045389706790768,0.3762718120720626,0.014846137341031,0.08577966966213,0.8993741929968387,2,Medium volatility,train,0.03731851315478618,0.008417132589605783,0.18667814762259508,0.1842289671198291,0.002449180502765963,0.0,29,0.0
1997-09-19,950.510009765625,0.0033934396132337,0.2754175481145834,0.0079906436628881,0.1759711318468483,0.8160382244902635,2,Medium volatility,train,0.02838405769261948,0.027150916016234185,0.18353908632822272,0.1752156189109978,0.008323467417224922,0.0,30,0.0
1997-09-22,955.4299926757812,0.005162800331762,0.4311947053330239,0.0051478226767991,0.2774877404880765,0.7173644368351243,2,Medium volatility,train,0.03803783323472558,0.03394740486669148,0.16598179084772793,0.17533146102509575,-0.00934967017736782,0.0,31,0.0
1997-09-23,951.9299926757812,-0.0036699982754226,-0.3464580609467027,0.003579870379957,0.3803247992229007,0.6160953303971423,2,Medium volatility,train,0.006629532550009578,0.03394395620231518,0.059932003615646365,0.17533279079000638,-0.11540078717436002,-0.0036632720626634807,32,0.0
1997-09-24,944.47998046875,-0.0078570041690975,-0.7150883060648632,0.0040445081093135,0.3344766323554847,0.6614788595352017,2,Medium volatility,train,0.001568208179552378,0.03387668326101308,0.08202121521398116,0.17537880339840936,-0.0933575881844282,-0.011460821086812012,33,0.0
1997-09-25,937.9099731445312,-0.006980523870772,-0.6379216730536572,0.004009744093637,0.3293562007043167,0.6666340552020461,2,Medium volatility,train,-0.009951286370296422,0.026151663577664283,0.08468523555923098,0.17792373006561024,-0.09323849450637926,-0.01833731373889924,34,0.0
1997-09-26,945.219970703125,0.0077637066948401,0.6601823816100583,0.0037191105324869,0.379275291431535,0.617005598035978,2,Medium volatility,train,-0.005581019288690022,0.04495344304915848,0.10155447865218675,0.17331733863304769,-0.07176285998086093,-0.01068631092903205,35,0.0
1997-09-29,953.3400268554688,0.0085539626611268,0.7297576957977994,0.0037428079989496,0.3992208357188364,0.5970363562822139,2,Medium volatility,train,-0.002189856959325222,0.058165967897213386,0.11368086097324381,0.17271086509489927,-0.05903000412165546,-0.0021874609718492977,36,0.0
1997-09-30,947.280029296875,-0.0063768853481382,-0.5847764370038558,0.0034304320004214,0.4159965454386671,0.5805730225609115,2,Medium volatility,train,-0.004896744032040823,0.021015688394694178,0.1187461348299141,0.14234611415232387,-0.023599979322409773,-0.00853015233076515,37,0.0
1997-10-01,955.4099731445312,0.0085457886623556,0.7290380447518874,0.0034756300552224,0.4352169395163718,0.5613074304284057,2,Medium volatility,train,0.011506048799412277,0.029259696063349577,0.11652158489767037,0.14463864126153778,-0.02811705636386741,-2.0953425581615726e-05,38,0.0
1997-10-08,973.8400268554688,-0.0094841363314719,-0.8583434490207926,0.0036023960915344,0.4808217940911912,0.5155758098172744,2,Medium volatility,train,0.01910650706579798,0.05792824879884849,0.11078730848741064,0.14098059124617612,-0.030193282758765483,-0.00943930375519697,1,0.0
1997-10-17,944.1599731445312,-0.0116774714619198,-1.0514479459561057,0.0037924933796612,0.473802152483884,0.5224053541364546,2,Medium volatility,train,-0.023882177652856322,-0.00670307806067862,0.09248474679447222,0.11341591871052648,-0.02093117191605426,-0.03962895899397545,1,1.0
1997-10-20,955.6099853515624,0.0120542498324764,1.0379282001450143,0.0058255914795108,0.3196261405960177,0.6745482679244713,2,Medium volatility,train,-0.01298549780992622,0.00018837144003578006,0.14092109244638795,0.11994353001837375,0.0209775624280142,-0.02798235200408683,2,1.0
1997-10-21,972.280029296875,0.0172939942556329,1.4992431158900716,0.0147075430760264,0.0489003206259359,0.9363921362980376,2,Medium volatility,train,0.00205913912193088,0.02115236397109128,0.19061604454371134,0.13305384166466724,0.057562202879044094,-0.01102608620936496,3,1.0
1997-10-22,968.489990234375,-0.0039057114880298,-0.3672106038251933,0.0086745512372489,0.0968778057957685,0.8944476429669826,2,Medium volatility,train,0.0028642406780372796,0.02510365665215898,0.18959136949785213,0.1303938536021177,0.05919751589573444,-0.01488119960480383,4,1.0
1997-10-23,950.6900024414062,-0.0185501081527368,-1.6565251329194932,0.0205012628618664,0.0033013620523932,0.9761973750857402,2,Medium volatility,train,-0.004785047014577121,0.013534072370194179,0.21714241110473975,0.14493430951817207,0.07220810158656768,-0.03298681019290606,5,1.0
1997-10-24,941.6400146484376,-0.0095649878287469,-0.865461735456376,0.0152016357901476,0.0128938953116095,0.9719044688982428,2,Medium volatility,train,-0.0026725633814042218,-0.0037946221533928194,0.212245048723845,0.14664779209172676,0.06559725663211824,-0.04219218475340403,6,1.0
1997-11-06,938.030029296875,-0.005029791037181,-0.466176244251419,0.4085409093502216,0.064452681823494,0.5270064088262844,2,Medium volatility,train,0.037306655349667775,-0.034153074869490825,0.17262932013103827,0.3522801041276855,-0.17965078399664725,-0.03522647690786018,1,0.0
1997-11-07,927.510009765625,-0.0112783760460652,-1.01631099016766,0.3214743330731111,0.0319242032709049,0.6466014636559838,2,Medium volatility,train,0.013994913494196069,-0.041674205894456424,0.20240750827489876,0.35378927039576535,-0.1513817621208666,-0.046046425085606635,2,0.0
1997-11-10,921.1300048828124,-0.006902404105233,-0.6310438923553503,0.1884727512066807,0.0504243613720507,0.7611028874212684,2,Medium volatility,train,-0.01920363660589873,-0.04973417998923573,0.08231647379210877,0.3539577889176118,-0.27164131512550305,-0.052608325660101096,3,0.0
1997-11-11,923.780029296875,0.0028727972502862,0.2295794177784963,0.0853437424977957,0.1290241973127512,0.7856320601894531,2,Medium volatility,train,-0.01821408984571343,-0.049110740062725325,0.0859443366307228,0.35406945032692216,-0.26812511369619935,-0.049882748322079395,4,0.0
1997-11-12,905.9600219726562,-0.0194788005571329,-1.738288597639968,0.1462095562550436,0.0027066498712454,0.8510837938737109,2,Medium volatility,train,-0.039816574495325927,-0.06387872757572202,0.11681490669219632,0.3589081535732229,-0.2420932468810266,-0.0682108089499478,5,0.0
1997-11-13,916.6599731445312,0.0117414207302903,1.0103862593053414,0.1016318670651873,0.0117987329989349,0.8865693999358777,2,Medium volatility,train,-0.02304536272785463,-0.04123648638530933,0.17304885355528402,0.36132299563093245,-0.18827414207564844,-0.05720579923107805,6,0.0
1997-11-14,928.3499755859376,0.0126721906134417,1.0923326283546473,0.0762098476844761,0.0137244781605979,0.9100656741549258,2,Medium volatility,train,0.0009052039316522712,-0.016886824309947826,0.19228496106186058,0.36297537243307054,-0.17069041137120997,-0.045182511609033416,7,0.0
1997-11-17,946.2000122070312,0.0190451855430167,1.6534206092851167,0.1061509925900241,0.0017423685443303,0.8921066388656456,2,Medium volatility,train,0.026852793579901973,-0.009895888599407529,0.21352559699519633,0.36689030805711925,-0.15336471106192293,-0.026823565540787686,8,0.0
1997-11-18,938.22998046875,-0.0084588754076566,-0.7680779477882667,0.0623352577832625,0.0147452461443027,0.9229194960724346,2,Medium volatility,train,0.015521120921959172,-0.035648758262697026,0.2315676306002866,0.3619429430236242,-0.13037531242333758,-0.031244525055237893,9,0.0
1997-11-19,944.5900268554688,0.0067558986546609,0.5714534582893315,0.032729043810509,0.0466214664098832,0.9206494897796078,2,Medium volatility,train,0.04175582013375297,-0.024987148120006332,0.14715412004116035,0.36303286035376,-0.21587874031259963,-0.006416366607698176,10,0.0
1997-11-20,958.97998046875,0.0151191998967625,1.3077709761438463,0.0341184422539626,0.0150036529705976,0.9508779047754397,2,Medium volatility,train,0.045133599300225175,0.008682159929492974,0.1525407382027773,0.3615013252549965,-0.2089605870522192,0.0,11,0.0
1997-11-21,963.0900268554688,0.0042766940178964,0.3531805835534312,0.0171954863463999,0.059368818987424,0.923435694666176,2,Medium volatility,train,0.03673810270467987,0.022523841776136273,0.15174178123146767,0.35984549161098156,-0.2081037103795139,0.0,12,0.0
1997-11-24,946.6699829101562,-0.017196347704707,-1.5373380435145398,0.0272220993751505,0.0038341685954609,0.9689437320293884,2,Medium volatility,train,0.0004965694569561731,0.07645496689188197,0.18234829805796296,0.2571126904186073,-0.07476439236064433,-0.017049334420920825,13,0.0
1997-11-25,950.8200073242188,0.0043742323307123,0.3617680021228804,0.0143652623616401,0.04079005227256,0.9448446853657998,2,Medium volatility,train,0.013329677195325074,0.030942283853196376,0.16976592496349563,0.1951147064053838,-0.02534878144188818,-0.012740262269470448,14,0.0
1997-11-26,951.6400146484376,0.0008620495206512,0.0525501879974104,0.007894861935851,0.1107939695174307,0.8813111685467182,2,Medium volatility,train,0.007435828061315374,0.03472664713714627,0.1667070378033402,0.19446065055646344,-0.02775361275312324,-0.011888828549513675,15,0.0
1997-11-28,955.4000244140624,0.0039432991031427,0.323827997894915,0.0051820187537239,0.2074959348366234,0.7873220464096526,2,Medium volatility,train,-0.003740072732304425,0.05565481918973397,0.1321753704354605,0.18216555746255222,-0.04999018702709174,-0.007984718174805061,16,0.0
1997-12-01,974.77001953125,0.0200714392609295,1.743773517591052,0.0183719580654516,0.0098630764823474,0.9717649654522008,2,Medium volatility,train,0.012054672510728675,0.06369289264125698,0.1884914047827753,0.18929205211907266,-0.0008006473362973665,0.0,17,0.0
1997-12-02,971.6799926757812,-0.003175041158971,-0.3028812980297556,0.0103129420885248,0.0466513746565595,0.9430356832549156,2,Medium volatility,train,0.026075979056464672,0.034221705487424176,0.1254746787694605,0.17048086610589278,-0.045006187336432274,-0.0031700060460976287,18,0.0
1997-12-03,976.77001953125,0.005224705178314,0.4366449003740528,0.0068933292646298,0.1020749416052537,0.8910317291301164,2,Medium volatility,train,0.026926451904066374,0.03756316017563728,0.12530349076657665,0.1709148082963192,-0.04561131752974254,0.0,19,0.0
1997-12-04,973.0999755859376,-0.0037644030509058,-0.3547695982147224,0.0050455226727649,0.1684954198065006,0.8264590575207343,2,Medium volatility,train,0.022299999332509375,0.03167507303225188,0.13665055364990467,0.17201870636690503,-0.03536815271700036,-0.0037573265681041246,20,0.0
1997-12-05,983.7899780273438,0.0109256105682735,0.9385611156033848,0.006353372450006,0.1303354387412341,0.8633111888087599,2,Medium volatility,train,0.029282310797640175,0.04763047463770638,0.1423917793456505,0.17314314248241455,-0.03075136313676405,0.0,21,0.0
1997-12-08,982.3699951171876,-0.001444422810386,-0.1505150768575796,0.0043049871518546,0.2377176464240347,0.7579773664241106,2,Medium volatility,train,0.007766448726324676,0.05746442787338558,0.09006344063667326,0.16658628296129882,-0.07652284232462556,-0.0014433801338405994,22,0.0
1997-12-09,975.780029296875,-0.0067308333044069,-0.6159385430986923,0.0043093061436558,0.246655554848916,0.749035139007428,2,Medium volatility,train,0.0042106565808887764,0.05763599867421167,0.1015675252214508,0.1664604345977669,-0.06489290937631612,-0.008141929587989871,23,0.0
1997-12-10,969.7899780273438,-0.0061576506359211,-0.565474685882587,0.0040742742280554,0.2740616027064312,0.7218641230655133,2,Medium volatility,train,-0.007171699233346324,0.048605550788004374,0.10252527972339973,0.16937315726334246,-0.06684787753994273,-0.014230679629479659,24,0.0
1997-12-11,954.9400024414062,-0.015431016718054,-1.3819156699020163,0.0104096992906685,0.0351611225798708,0.9544291781294604,2,Medium volatility,train,-0.018838312900494526,0.052653334627083284,0.13689238474324725,0.16324390513636744,-0.026351520393120192,-0.029325339991556287,25,0.0
1997-12-12,953.3900146484376,-0.0016244445352038,-0.1663644580696835,0.0064965174856143,0.0937641369469691,0.8997393455674165,2,Medium volatility,train,-0.03138836800397182,0.03928746936158918,0.08063759477387865,0.16037132125848294,-0.07973372648460429,-0.030900867113794916,26,0.0
1997-12-15,963.3900146484376,0.0104342601395508,0.8953018908546017,0.0070743566708869,0.0848382574538686,0.9080873858752444,2,Medium volatility,train,-0.019509685054035025,0.03704953888769828,0.13408540013501008,0.1586664236641069,-0.02458102352909683,-0.020736095949880795,27,0.0
1997-12-16,968.0399780273438,0.0048150565959552,0.4005788280632034,0.0051820861300375,0.1608966543397975,0.8339212595301649,2,Medium volatility,train,-0.007963795153672926,0.022819409940636783,0.1416386729742456,0.146402273000477,-0.004763600026231413,-0.016009514583164686,28,0.0
1997-12-17,965.5399780273438,-0.0025858784740169,-0.2510105363245498,0.0038653901245347,0.2637005803503213,0.7324340295251439,2,Medium volatility,train,-0.004392022991768726,0.02869240687427648,0.1375949827466481,0.14291858969551044,-0.0053236069488623305,-0.018550707374143216,29,0.0
1997-12-18,955.2999877929688,-0.010662093067034,-0.9620525173134395,0.0059937577282155,0.1358648171546046,0.8581414251171798,2,Medium volatility,train,0.00037690065925127456,0.011274415152581582,0.11337465493680668,0.14738240118600657,-0.03400774624919989,-0.028959423119456873,30,0.0
1997-12-19,946.780029296875,-0.0089586299227102,-0.8120770808349659,0.0064431065855168,0.1010663992001677,0.8924904942143154,2,Medium volatility,train,-0.0069572847282551266,-0.01280341466689112,0.1275903314083734,0.14081683485017096,-0.013226503441797571,-0.03761976596334071,31,0.0
1997-12-22,953.7000122070312,0.0072823848094873,0.6178060847802945,0.0055395906415057,0.1463674618694068,0.8480929474890876,2,Medium volatility,train,-0.010109160058318627,-0.009797723875300219,0.11367808597821809,0.1425129473774259,-0.02883486139920781,-0.030585761689347235,32,0.0
1997-12-23,939.1300048828124,-0.0153952494051914,-1.3787666623193722,0.011403211491808,0.0175692102248037,0.9710275782833884,2,Medium volatility,train,-0.030319466059465228,-0.007996625575784618,0.12435260541614664,0.13996607743029013,-0.015613472014143495,-0.04539584072007097,33,0.0
1997-12-24,932.7000122070312,-0.0068703011586697,-0.6282175010482538,0.0084585241773335,0.0358214372094016,0.9557200386132648,2,Medium volatility,train,-0.03460388874411802,-0.01924115906516662,0.12125034449455332,0.140538943602411,-0.019288599107857685,-0.05193178113356678,34,0.0
1997-12-26,936.4600219726562,0.004023213388443,0.3308637707900987,0.0059034166998692,0.0939441150619496,0.9001524682381812,2,Medium volatility,train,-0.019918582288641025,-0.016079995197374818,0.13363680485134122,0.14147834177224752,-0.007841536920906306,-0.04810981724940078,35,0.0
1997-12-29,953.3499755859376,0.0178752396926409,1.5504168312750322,0.0141329737877683,0.0104797188329973,0.9753873073792344,2,Medium volatility,train,0.006915287326710078,-0.002148054607876617,0.18285256678767475,0.15493931329647936,0.02791325349119539,-0.030941565904587853,36,0.0
1997-12-30,970.8400268554688,0.0181796318954088,1.577215974903632,0.0238958467852012,0.0023483686402816,0.9737557845745172,2,Medium volatility,train,0.01781253441263158,-0.004039861973397316,0.21143115393470024,0.15194417959888176,0.05948697433581848,-0.013163329024597048,37,0.0
1997-12-31,970.4299926757812,-0.0004224391060079,-0.0605381069133103,0.0122197359911007,0.0419395682331694,0.9458406957757298,2,Medium volatility,train,0.03278534471181508,-0.0012872599204342165,0.1585247754438519,0.15156352149406419,0.006961253949787721,-0.013580119385187661,38,0.0
1998-01-02,975.0399780273438,0.0047392085710651,0.3939010548006428,0.0076090970657262,0.0989270078947139,0.8934638950395599,2,Medium volatility,train,0.04439485444154988,-0.0017727565276831172,0.12186564887183593,0.1513592193381568,-0.029493570466320868,-0.0088941747684248,39,0.0
1998-01-05,977.0700073242188,0.0020798316118284,0.1597655400104813,0.0048974488509801,0.2028043734554888,0.7922981776935311,2,Medium volatility,train,0.04245147266493528,0.004071478135051083,0.12631200487211755,0.1509208478026535,-0.024608842930535946,-0.0068306964425471905,40,0.0
1998-01-06,966.5800170898438,-0.0107942190785284,-0.9736850884729984,0.006820950157362,0.0994859426198649,0.8936931072227731,2,Medium volatility,train,0.013782013893765977,-0.017648351511750815,0.14823588792927794,0.1501844378232388,-0.0019485498939608437,-0.016073351289053073,41,0.0
1998-01-07,964.0,-0.0026727911849651,-0.2586624610541322,0.0048161813749393,0.1802658882824256,0.814917930342635,2,Medium volatility,train,-0.007070409186607923,-0.01887671988632992,0.08418731910989868,0.15030244033378526,-0.06611512122388657,-0.013376735777625548,42,0.0
1998-01-08,956.0499877929688,-0.0082810944397708,-0.7524258461592511,0.005372649783308,0.1496416589271583,0.8449856912895337,2,Medium volatility,train,-0.014929064520370825,-0.020426981021693817,0.09376605850073053,0.15114783949156715,-0.05738178099083663,-0.02151331979661819,43,0.0
1998-01-09,927.6900024414062,-0.0301125722847128,-2.674501724158368,0.0953040458522343,6.581652916044388e-06,0.9046893724948496,2,Medium volatility,train,-0.04978084537614873,-0.044381902670485515,0.17500904445351337,0.18114942445497428,-0.0061403800014609156,-0.0505388605858893,44,0.0
1998-01-12,939.2100219726562,0.0123414918853699,1.063217418993818,0.069403795695148,0.0092060959577274,0.9213901083471244,2,Medium volatility,train,-0.03951918510260722,-0.016609394067061613,0.2175400458043754,0.1811108241791307,0.03642922162524467,-0.038748487895196915,45,0.0
1998-01-13,952.1199951171876,0.0136519523680567,1.1785923148544268,0.057250104513868,0.0097716691562862,0.9329782263298456,2,Medium volatility,train,-0.015073013656022122,-0.001332997163801114,0.2535687595229421,0.18785339105916798,0.06571536846377413,-0.025535541998017774,46,0.0
1998-01-14,957.9400024414062,0.0060940759384351,0.5131855990356262,0.0294188826545952,0.0431801395211161,0.9274009778242884,2,Medium volatility,train,-0.006306146532621924,-0.005673181364916815,0.260188561726197,0.18538032671992155,0.07480823500627543,-0.019578950064388367,47,0.0
1998-01-15,950.72998046875,-0.0075550580584309,-0.6885045200339791,0.0180601160437615,0.0530835835350289,0.9288563004212096,2,Medium volatility,train,-0.0055801101512820235,-0.018043296019302914,0.25924042199777814,0.18603253749831392,0.07320788449946422,-0.026958177672041006,48,0.0
1998-01-16,961.510009765625,0.0112748855278246,0.9693118040959562,0.0149425398591968,0.0455951195560623,0.9394623405847408,2,Medium volatility,train,0.03580734766125537,-0.004182532017461415,0.1236979104943649,0.19057723964572004,-0.06687932915135514,-0.015925161392688736,49,0.0
1998-01-20,978.5999755859376,0.0176179783597572,1.527767159741585,0.0238390744783662,0.0063505373023761,0.9698103882192576,2,Medium volatility,train,0.04108383413564268,0.024097539409329786,0.13848766119378417,0.19607001961508275,-0.05758235842129858,0.0,50,0.0
1998-01-21,970.8099975585938,-0.0079921818396346,-0.7269895498390526,0.0155610785625143,0.0204800779713623,0.9639588434661236,2,Medium volatility,train,0.019439699927951373,0.025063987492405383,0.161893124079283,0.19546638020325294,-0.03357325612396994,-0.007960329268023592,51,0.0
1998-01-22,963.0399780273438,-0.0080358470839128,-0.7308339030857803,0.0112181085681051,0.0310479775639125,0.9577339138679823,2,Medium volatility,train,0.005309776905603475,0.009745755599005281,0.17640088145108912,0.19669382876790562,-0.020292947316816495,-0.015900263587557584,52,0.0
1998-01-23,957.5900268554688,-0.0056751855230396,-0.5229977375957122,0.0078377176487665,0.0583594696966306,0.9338028126546029,2,Medium volatility,train,0.007189649440994776,0.01946581948115708,0.17212469567613176,0.18954953398025956,-0.017424838304127804,-0.02146939429248318,53,0.0
1998-01-26,956.9500122070312,-0.0006685832202206,-0.0822090019301267,0.0052300361328212,0.1357971518309955,0.8589728120361833,2,Medium volatility,train,-0.004753819307050426,0.025667537419606184,0.15341345583120733,0.18751955966681785,-0.034106103835610524,-0.022123404781349443,54,0.0
1998-01-27,969.02001953125,0.0125341154280551,1.0801762830505512,0.0076044674783169,0.0753839640890655,0.9170115684326176,2,Medium volatility,train,-0.009837682238752525,0.03417843945921828,0.12272803573544319,0.19135899074128648,-0.06863095500584329,-0.00978945053513991,55,0.0
1998-01-28,977.4600219726562,0.0086721211171516,0.7401605425368032,0.0067959737916629,0.0962127432196548,0.8969912829886821,2,Medium volatility,train,0.006826620718033676,0.02497532088372898,0.12703946371149186,0.18407287017263205,-0.05703340646114019,-0.0011648821190689551,56,0.0
1998-01-29,985.489990234375,0.0081815767129738,0.6969722813913927,0.00608659177757,0.1254232495807969,0.8684901586416329,2,Medium volatility,train,0.023044044514920276,0.014977265701293981,0.10665426503767118,0.17553805162030647,-0.06888378658263529,0.0,57,0.0
1998-01-30,980.280029296875,-0.0053006944704376,-0.4900269866531888,0.0050067738120833,0.1692071765393219,0.8257860496485947,2,Medium volatility,train,0.023418535567522276,0.010099010336864282,0.10484550285885878,0.17675534712406418,-0.0719098442652054,-0.005286670579232267,58,0.0
1998-02-02,1001.27001953125,0.0211862176927484,1.841920273771794,0.0205005390313707,0.0048384592267587,0.9746610017418704,2,Medium volatility,train,0.045273336480491276,0.026546019458547582,0.13586689137518185,0.1903558171411206,-0.05448892576593875,0.0,59,0.0
1998-02-03,1006.0,0.0047128579389266,0.3915811058368958,0.0115244981394827,0.041476104977927,0.9469993968825902,2,Medium volatility,train,0.037452078991362776,0.029179045785645782,0.13484484817216694,0.19070462809671418,-0.05585977992454724,0.0,60,0.0
1998-02-04,1006.9000244140624,0.0008942565086442,0.0553857392671882,0.006765558163385,0.1119110538885092,0.8813233879481058,2,Medium volatility,train,0.029674214382855373,0.040867521372818384,0.14034183744451303,0.1854573685876369,-0.04511553114312386,0.0,61,0.0
1998-02-05,1003.5399780273438,-0.0033426011332009,-0.317633528129472,0.0048549216455156,0.1877664845566662,0.8073785937978181,2,Medium volatility,train,0.018150036536680677,0.04019771142458258,0.14980222640504054,0.18568632429244677,-0.035884097887406236,-0.0033370208613053842,62,0.0
1998-02-06,1012.4600219726562,0.0088493076945832,0.7557603131435102,0.0050805377753285,0.2024145086975394,0.792504953527132,2,Medium volatility,train,0.03230003870170148,0.057328113558936585,0.13332531716691823,0.18316534132450557,-0.04984002415758734,0.0,63,0.0
1998-02-09,1010.739990234375,-0.0017003085629641,-0.1730436402488099,0.0035186371507314,0.3302648558980877,0.6662165069511808,2,Medium volatility,train,0.009413512445988976,0.08574037728068529,0.07015819867857558,0.13999935126852836,-0.06984115258995278,-0.0016988638572908998,64,0.0
1998-02-10,1019.010009765625,0.0081488511339573,0.694091072594264,0.0036345183092844,0.3663595961461848,0.6300058855445307,2,Medium volatility,train,0.012849505641019675,0.08154773652927268,0.07986495945993859,0.13769254935647512,-0.05782758989653654,0.0,65,0.0
1998-03-06,1055.68994140625,0.0197447441739813,1.7150107947674371,0.0113299859999562,0.1507218603278032,0.8379481536722405,2,Medium volatility,train,0.006033163543399675,0.05066079902486778,0.1681532780546496,0.11208025440386242,0.05607302365078719,0.0,1,0.0
1998-03-09,1052.31005859375,-0.0032067226838687,-0.3056705867447294,0.0064363251826464,0.2406970331195949,0.7528666416977585,2,Medium volatility,train,0.0043905646222724744,0.038604768646415884,0.16983250196437574,0.11127820853631612,0.05855429342805962,-0.0032015866401055026,2,0.0
1998-03-10,1064.25,0.0112825223321344,0.9699841597400916,0.0074200360775024,0.1728502585920245,0.8197297053304731,2,Medium volatility,train,0.011558181619003474,0.05158759954151438,0.18235426201557503,0.11494621984548874,0.0674080421700863,0.0,3,0.0
1998-03-11,1068.469970703125,0.0039573654942186,0.3250664239496933,0.0046502396383619,0.2923001321464615,0.7030496282151766,2,Medium volatility,train,0.019983664705652174,0.047396113901775686,0.17423368082265972,0.11329011956732508,0.060943561255334636,0.0,4,0.0
1998-03-12,1069.9200439453125,0.0013562291766433,0.0960585021356757,0.0028532389730178,0.4591147601836117,0.5380320008433703,2,Medium volatility,train,0.033134138493108874,0.04777147965324838,0.12805507583554585,0.11323956663516357,0.01481550920038227,0.0,5,0.0
1998-04-27,1086.5400390625,-0.0194679821303855,-1.7373361272100334,0.0162065707602108,0.0358003058676139,0.9479931233721752,2,Medium volatility,train,-0.03358396535688073,-0.008157684102613614,0.1378934225556813,0.1305783914445895,0.007315031111091802,-0.0389194530752639,1,0.0
1998-04-28,1085.1099853515625,-0.001317020607896,-0.1392983968898182,0.0087955398991905,0.0964253392639505,0.894779120836859,2,Medium volatility,train,-0.03758506756437253,-0.007793633260563615,0.12597060940153768,0.13053973498234692,-0.004569125580809241,-0.04018438280930803,2,0.0
1998-04-29,1094.6199951171875,0.0087259157721808,0.7448967042172577,0.0073727448322709,0.1162270286109609,0.8764002265567682,2,Medium volatility,train,-0.03228816262136273,-0.006492558125229416,0.1511431437457939,0.1315944552633711,0.019548688482422805,-0.03177246510888654,3,0.0
1998-04-30,1111.75,0.0155280837939386,1.343769724430442,0.0124041365920116,0.0285499859312421,0.9590458774767462,2,Medium volatility,train,-0.007018225316644824,0.0032433701537531844,0.20056366067075598,0.14125311051667205,0.05931055015408393,-0.016620410081257808,4,0.0
1998-05-01,1121.0,0.0082857936813542,0.7061476987600603,0.0092348092739429,0.052624612599636,0.9381405781264212,2,Medium volatility,train,0.011754790509192075,0.0008835215322198844,0.19299370127014914,0.1392683295958537,0.05372537167429545,-0.008438479605208049,5,0.0
1998-05-04,1122.0699462890625,0.000954001788469,0.06064580283188,0.0057806929436771,0.1305885321695621,0.8636307748867608,2,Medium volatility,train,0.032176774428046576,-0.0005613091124098157,0.09564126045696142,0.13905007379352086,-0.04340881333655944,-0.007492076778157553,6,0.0
1998-05-05,1115.5,-0.0058724109880419,-0.5403617617584607,0.0050306659495614,0.1629229559787671,0.8320463780716714,2,Medium volatility,train,0.027621384047900675,-0.0052573391629355155,0.11637747299429874,0.14048055176758653,-0.024103078773287795,-0.013303411239615981,7,0.0
1998-05-06,1104.9200439453125,-0.0095297609592623,-0.8623603093149725,0.0061529573831571,0.1064188963550345,0.8874281462618082,2,Medium volatility,train,0.009365707316457575,-0.004181597795803215,0.14522253541396218,0.13952871433614125,0.005693821077820932,-0.022661731767087967,8,0.0
1998-05-07,1095.1400146484375,-0.0088907515781979,-0.8061009701221571,0.0065299627436596,0.0823455519169157,0.9111244853394246,2,Medium volatility,train,-0.015053128055678926,-0.005926855736430816,0.10733613541663564,0.14074725146674932,-0.03341111605011368,-0.03131249066014319,9,0.0
1998-05-08,1108.1400146484375,0.0118007249996896,1.0156074956542662,0.0079884227181506,0.0572697523046636,0.9347418249771856,2,Medium volatility,train,-0.011538196737343527,-0.0022805290462725152,0.12657633221327474,0.14403282683928073,-0.017456494626005986,-0.019813561342451602,10,0.0
1998-05-11,1106.6400146484375,-0.001354536531398,-0.142601354761759,0.0053497111060396,0.1303039362984903,0.8643463525954701,2,Medium volatility,train,-0.013846735057210525,-0.0027522334160520155,0.12440844497717105,0.1440737913273291,-0.01966534635015804,-0.02114036087910831,11,0.0
1998-05-12,1115.7900390625,0.008234298397074,0.7016139771105838,0.0052613008726382,0.1600464525086265,0.8346922466187352,2,Medium volatility,train,0.00025997432790537435,3.588469111278497e-05,0.13816182373966499,0.14574850877936757,-0.007586685039702584,-0.013046862110457802,12,0.0
1998-05-13,1118.8599853515625,0.0027475874851408,0.2185557632652648,0.0037420744985811,0.2873212301590855,0.7089366953423333,2,Medium volatility,train,0.012537322772308474,-0.00041101337517441584,0.11536155877141273,0.1456333165300562,-0.030271757758643478,-0.010331393234531694,13,0.0
1998-05-14,1117.3699951171875,-0.0013325914310087,-0.1406692753854508,0.0026705833822723,0.4368214852938933,0.5605079313238343,2,Medium volatility,train,0.020095482919497674,0.008267659457875883,0.08323296798205537,0.14115821284964727,-0.0579252448675919,-0.011649338802926179,14,0.0
1998-05-15,1108.72998046875,-0.0077625067408577,-0.7067686115099316,0.0033505267163135,0.3904610013138344,0.606188471969852,2,Medium volatility,train,0.0005322511789503737,-0.012539087895659818,0.08374862252200134,0.1359594213398216,-0.05221079881782027,-0.019291717091095673,15,0.0
1998-05-26,1094.02001953125,-0.0149243195257859,-1.337305293196161,0.0059794879965611,0.3098164922616498,0.684204019741789,2,Medium volatility,train,-0.010728089419174625,0.006860631770623984,0.12577732262017816,0.12361980109640663,0.0021575215237715217,-0.02499837630495305,1,0.0
1998-05-27,1092.22998046875,-0.0016375432475763,-0.1675176882478166,0.0033638229873786,0.4579643807663903,0.5386717962462312,2,Medium volatility,train,-0.015706046995782926,0.0065401091309436835,0.11860141660263776,0.12367899370097327,-0.005077577098335506,-0.026593677086709233,2,0.0
1998-06-05,1113.8599853515625,0.0172323872716706,1.4938191451157958,0.0111002323795944,0.150077673739232,0.8388220938811736,2,Medium volatility,train,0.020901789457927575,0.016949224853949185,0.1472621102796297,0.12248668020682188,0.02477543007280783,-0.004646822306143328,1,0.0
1998-06-08,1115.719970703125,0.001668462956883,0.1235480299430773,0.0058222561381345,0.2794084812109486,0.7147692626509168,2,Medium volatility,train,0.022423553189082675,0.006816962811142584,0.1454673935848714,0.11591000829241122,0.029557385292460187,-0.0029847262128381846,2,0.0
1998-06-09,1118.4100341796875,0.0024081541993545,0.1886715504129048,0.0033479504993502,0.4401276548307989,0.5565243946698508,2,Medium volatility,train,0.022780621343436974,0.010579653541895082,0.1451837151413864,0.11594758875945022,0.02923612638193618,-0.0005808664236299776,3,0.0
1998-06-10,1112.280029296875,-0.0054960753300941,-0.5072286090094827,0.0028243402027881,0.4901741798520459,0.507001479945166,2,Medium volatility,train,0.02692637761462157,-0.0031507201852730166,0.12584946328378585,0.1141682294273226,0.011681233856463247,-0.00605868223497763,4,0.0
1998-06-11,1094.5799560546875,-0.0160413011351421,-1.4356460204140205,0.0105470230633308,0.0659533530195227,0.9234996239171464,2,Medium volatility,train,-0.00022837203732812422,-0.021939608805555916,0.17288758847385513,0.12603390065796088,0.046853687815894246,-0.021875593138249494,5,0.0
1998-06-12,1098.8399658203125,0.0038843589223178,0.3186388164472334,0.0065264603030721,0.1418598925243342,0.8516136471725936,2,Medium volatility,train,-0.01357640038668093,-0.01672265845222942,0.11758664413606379,0.12719807924885568,-0.009611435112791888,-0.01806881821771633,6,0.0
1998-06-15,1077.010009765625,-0.0200663545706962,-1.7900177295160875,0.0216209679165072,0.0023975646344624,0.9759814674490304,2,Medium volatility,train,-0.03531121791426013,-0.029026506282067918,0.1525439935022348,0.14191193159207885,0.010632061910155949,-0.037576221673898846,7,0.0
1998-06-16,1087.5899658203125,0.009775515500527,0.8373050301096828,0.015391768269958,0.0191063703340813,0.9655018613959606,2,Medium volatility,train,-0.027943856613087632,-0.016622884890155017,0.18025304742427956,0.1470127577130477,0.03324028971123186,-0.02812189795513198,8,0.0
1998-06-17,1107.1099853515625,0.017788795468876,1.5428061528559636,0.024416525755394,0.0034963408464117,0.9720871333981944,2,Medium volatility,train,-0.004658985814117531,-0.002174503750311016,0.2336014487319061,0.1600950281198654,0.07350642061204071,-0.010678670148592695,9,0.0
1998-06-18,1106.3699951171875,-0.0006686215989955,-0.0822123808547229,0.012442326969256,0.0435997149937692,0.9439579580369748,2,Medium volatility,train,0.010713693722029068,-0.011404717935096016,0.20170487094062575,0.15695061751832728,0.04475425342229847,-0.010765317454730194,10,0.0
1998-06-19,1100.6500244140625,-0.0051834450612711,-0.4797041737557197,0.0081593885114537,0.0773141688125512,0.9145264426759948,2,Medium volatility,train,0.0016458897384401686,-0.012630559406356517,0.2059326797078273,0.15734078739028926,0.04859189231753805,-0.015879694586834914,11,0.0
1998-06-22,1103.2099609375,0.0023231400286585,0.1811867759993972,0.0052689273284136,0.1684567553954021,0.8262743172761842,2,Medium volatility,train,0.02403538433779487,-0.006559246159498417,0.12880363693953228,0.15722757398230525,-0.028423937042772962,-0.013590787616042932,12,0.0
1998-06-23,1119.489990234375,0.0146491391469618,1.266386126487623,0.0095450651139509,0.0536518512118901,0.936803083674159,2,Medium volatility,train,0.02890900798422967,0.023014212513249283,0.1413819908399679,0.15592111372042974,-0.01453912288046183,0.0,13,0.0
1998-06-24,1132.8800048828125,0.0118898515084353,1.0234543264445175,0.0100569472875373,0.0400125275287958,0.9499305251836668,2,Medium volatility,train,0.023010064023788968,0.03654160726926088,0.11938334421068734,0.1598477402574889,-0.04046439604680156,0.0,14,0.0
1998-06-25,1129.280029296875,-0.0031827797950176,-0.3035626190919132,0.0065700405220334,0.0908362436220982,0.9025937158558685,2,Medium volatility,train,0.02049590582776687,0.028454331701385185,0.12586884874726678,0.16033406068382908,-0.034465211936562296,-0.0031777201207729977,15,0.0
1998-06-26,1133.199951171875,0.0034651584377778,0.2817317804186783,0.0047003388895847,0.1825642770530539,0.8127353840573613,2,Medium volatility,train,0.02914450932681577,0.03811578813650269,0.10376143543921945,0.1580169104759659,-0.05425547503674644,0.0,16,0.0
1998-06-29,1138.489990234375,0.0046573685328246,0.3866957357437364,0.0037008601660081,0.2942018689296127,0.702097270904379,2,Medium volatility,train,0.03147873783098187,0.042626457443599386,0.10080303781081723,0.15815477696355673,-0.0573517391527395,0.0,17,0.0
1998-06-30,1133.8399658203125,-0.0040927426868977,-0.383677109589508,0.0030631696283658,0.3872070993577921,0.6097297310138421,2,Medium volatility,train,0.012736855997122367,0.036482628711701486,0.09242784216759445,0.1596157363190106,-0.06718789415141616,-0.004084378829808832,18,0.0
1998-07-01,1148.56005859375,0.0128989631208256,1.1122980182073987,0.0060305276733759,0.212450553790479,0.7815189185361451,2,Medium volatility,train,0.013745967609512669,0.05902342343380578,0.09764356986886912,0.15825928540485942,-0.06061571553599031,0.0,19,0.0
1998-07-02,1146.4200439453125,-0.0018649532223191,-0.187539201677829,0.0038345329052271,0.3405654100426279,0.6556000570521449,2,Medium volatility,train,0.015063794182211168,0.046045021694679084,0.09389517606861027,0.15618161116071202,-0.06228643509210176,-0.001863215277621344,20,0.0
1998-07-06,1157.3299560546875,0.0094715083402769,0.8105397861987624,0.0043715082957893,0.3249634775353253,0.6706650141688854,2,Medium volatility,train,0.02107014408471027,0.038284142763285386,0.10268787123079394,0.14897555151325714,-0.0462876802824632,0.0,21,0.0
1998-07-07,1154.6600341796875,-0.0023096320253523,-0.2266893868754681,0.0028608119127517,0.462625018280456,0.5345141698067921,2,Medium volatility,train,0.014103143526533371,0.034306047781050085,0.11041082137520064,0.14969227912234265,-0.03928145774714201,-0.0023069668775373975,22,0.0
1998-07-08,1166.3800048828125,0.010098981590267,0.8657834672020208,0.0037801700415836,0.4100273501783933,0.586192479780023,2,Medium volatility,train,0.02829486780369807,0.041996875171962586,0.10208547603051427,0.15247973861563804,-0.05039426258512378,0.0,23,0.0
1998-07-09,1158.56005859375,-0.0067270343021306,-0.6156040732708775,0.0035576999119309,0.4118660722475676,0.5845762278405015,2,Medium volatility,train,0.008668870380741869,0.04076591619992609,0.10783792320031102,0.15330960512036249,-0.045471681920051465,-0.0067044584580718825,24,0.0
1998-07-21,1165.0699462890625,-0.0162018467880775,-1.449780699202898,0.0056433545255988,0.3492512162078378,0.6451054292665633,2,Medium volatility,train,-0.010680322885820133,0.05455704836109539,0.1262467963748141,0.12068921941544442,0.0055575769593696756,-0.01826842528834005,1,0.0
1998-07-23,1139.75,-0.0211220976073613,-1.882966921437589,0.0217568675980299,0.008033813448657,0.9702093189533132,2,Medium volatility,train,-0.038081142120723034,0.0060458728686595825,0.1471712837202839,0.1325268810963155,0.014644402623968406,-0.03960396039603964,1,1.0
1998-07-24,1140.800048828125,0.0009208733681322,0.0577291272839472,0.0112429178922092,0.0533876240667672,0.9353694580410236,2,Medium volatility,train,-0.03948866496974443,0.010149526031809384,0.14257748441951368,0.13192630527276966,0.010651179146744016,-0.03871914992363601,2,1.0
1998-07-27,1147.27001953125,0.0056554106773534,0.4745648550424905,0.0073887450804428,0.1077693256506471,0.8848419292689099,2,Medium volatility,train,-0.03159774757963063,0.012339778271384985,0.16535624442150731,0.13276000876508856,0.032596235656418754,-0.03326731027491048,3,1.0
1998-07-28,1130.239990234375,-0.0149552332438611,-1.340026983053056,0.0125218514943257,0.0152334999617933,0.9722446485438808,2,Medium volatility,train,-0.030351134035414232,-0.007272823505300715,0.161751508770675,0.1422414239962677,0.0195100847744073,-0.047617450824204766,4,1.0
1998-07-29,1125.2099609375,-0.0044603407257843,-0.4160409893214251,0.0080985847099834,0.0477908135968711,0.9441106016931454,2,Medium volatility,train,-0.03396138753152113,-0.007640421544187315,0.15744649606090574,0.14236848179494438,0.015078014265961365,-0.051855941910680436,5,1.0
1998-07-30,1142.949951171875,0.0156429464155269,1.3538824009888804,0.012910474048174,0.0130178813674734,0.9740716445843526,2,Medium volatility,train,0.0028036564913670667,-0.004896438249486015,0.16181333582516372,0.14586730472006834,0.015946031105095376,-0.03690756168369491,6,1.0
1998-07-31,1120.6700439453125,-0.0196858366554746,-1.7565163645975692,0.0289143904136464,0.0005197000533969,0.9705659095329564,2,Medium volatility,train,-0.017803053532239734,-0.02271732168264152,0.2062930630328079,0.16064348234673917,0.045649580686068725,-0.055681446011954905,7,1.0
1998-08-03,1112.43994140625,-0.0073710115991127,-0.6723007951922998,0.0176420095979128,0.0180371789978247,0.9643208114042624,2,Medium volatility,train,-0.030829475808705833,-0.03955984162203111,0.19312538660351522,0.1571615734739671,0.03596381312954813,-0.06261643867179267,8,1.0
1998-08-04,1072.1199951171875,-0.0369177562202756,-3.27364026992213,0.4816830328314716,3.91174150757248e-09,0.5183169632567869,2,Medium volatility,train,-0.052791998785120337,-0.07416796581695441,0.27605053365744364,0.19830715324778542,0.07774338040965822,-0.09659153560801559,9,1.0
1998-08-05,1081.4300537109375,0.0086462969358027,0.7378869430859398,0.3208353539017448,0.0140200425354979,0.6651446035627572,2,Medium volatility,train,-0.03968536112353334,-0.07562065047141871,0.30197130838006797,0.19709269762565432,0.10487861075441365,-0.08874653152649037,10,1.0
1998-08-06,1089.6300048828125,0.0075539044911767,0.6417110826134167,0.1868185830515475,0.0395535913787464,0.773627825569706,2,Medium volatility,train,-0.04777440304788353,-0.06133971167811141,0.27312697732633456,0.20056557417328574,0.07256140315304882,-0.08183694553797138,11,1.0
1998-08-07,1089.449951171875,-0.0001652566358085,-0.0378953785682377,0.0836208537093279,0.1110341877867961,0.805344958503876,2,Medium volatility,train,-0.028253823028217433,-0.06647283962179881,0.2646280048714841,0.19875260904618264,0.06587539582530144,-0.08198866553876127,12,1.0
1998-08-10,1083.1400146484375,-0.0058086931861209,-0.5347519514221507,0.0422240564467302,0.1474054335916652,0.8103705099616043,2,Medium volatility,train,-0.026691504615225632,-0.07301986982883761,0.26430188831998036,0.1983570283312478,0.06594485998873256,-0.0873056543935643,13,1.0
1998-08-11,1068.97998046875,-0.0131593392098992,-1.1819137931610382,0.0405836756062157,0.0376352682157282,0.921781056178056,2,Medium volatility,train,-0.002933087604849234,-0.09675654331120381,0.13033265975475858,0.19385274803855274,-0.06352008828379416,-0.09923742956077519,14,1.0
1998-08-12,1084.219970703125,0.0141559029107751,1.222960872436433,0.037329496783166,0.0172028652829549,0.9454676379338792,2,Medium volatility,train,0.0025765183701231646,-0.0802456748345051,0.15276849872783924,0.20463398756370044,-0.0518654888358612,-0.08639564297187696,15,1.0
1998-08-13,1074.9100341796875,-0.0086238384915224,-0.782601543786247,0.0236451342671877,0.0252382072282583,0.9511166585045538,2,Medium volatility,train,-0.013601224612575935,-0.09665311328981531,0.14970897329198674,0.200549812365428,-0.05084083907344125,-0.0942405441923847,16,1.0
1998-08-14,1062.75,-0.0113770806855582,-1.025001093877705,0.0195706189692996,0.0157015650800004,0.9647278159507,2,Medium volatility,train,-0.024813048662325636,-0.11035859019252711,0.15682371456288546,0.19998850791272013,-0.04316479334983467,-0.10248287989862426,17,1.0
1998-08-17,1083.6700439453125,0.0194935809210878,1.6928980072935358,0.0355237885216978,0.0016239038464062,0.962852307631896,2,Medium volatility,train,0.0004892254448830638,-0.08862950255867891,0.21965617737406426,0.21781745526495233,0.0018387221091119288,-0.06986696601609366,18,1.0
1998-08-18,1101.199951171875,0.0160469807676308,1.3894541880926945,0.0389393994998908,0.0035169226811555,0.9575436778189536,2,Medium volatility,train,0.029695545422413067,-0.0563806750029706,0.2088373834532268,0.22433825681501732,-0.015500873361790513,-0.05401691228833294,19,1.0
1998-08-19,1098.06005859375,-0.002855410181219,-0.2747405099181195,0.0191839840835522,0.037931160813036,0.9428848551034118,2,Medium volatility,train,0.012684232330418967,-0.05838599795451221,0.20295659333582827,0.22422374909217394,-0.021267155756345663,-0.04289309412757614,20,1.0
1998-08-20,1091.5999755859375,-0.0059005522776089,-0.5428393628735428,0.0116424668904769,0.0639756979582191,0.9243818351513038,2,Medium volatility,train,0.015407518544332468,-0.043164452624759805,0.19602733116283297,0.21463317869486173,-0.018605847532028763,-0.04852392461894728,21,1.0
1998-08-21,1081.239990234375,-0.0095359658522582,-0.8629065973508853,0.0101239637837312,0.0469881813455634,0.9428878548707053,2,Medium volatility,train,0.017248633377632466,-0.05362129184515021,0.18942043202927472,0.2157889873284506,-0.026368555299175866,-0.057554044098401036,22,1.0
1998-08-24,1088.1400146484375,0.0063613084537417,0.5367131483447468,0.007172710577296,0.0921317278533794,0.9006955615693245,2,Medium volatility,train,0.004116360910286368,-0.05291539406876191,0.14695498981612945,0.21614612193444768,-0.06919113211831823,-0.04795480017934339,23,1.0
1998-08-25,1092.8499755859375,0.0043191103861106,0.3569149838883921,0.0050768141127157,0.1767082376608921,0.8182149482263922,2,Medium volatility,train,-0.007611509471233833,-0.033641050438790204,0.09562687422837425,0.21257265291076632,-0.11694577868239207,-0.04383391900456324,24,1.0
1998-08-26,1084.18994140625,-0.0079558301070044,-0.7237890890682226,0.0053717520983725,0.1554887001829633,0.8391395477186643,2,Medium volatility,train,-0.012711929397019234,-0.037136539820010306,0.10430136968814842,0.21349032011441874,-0.10918895042627032,-0.0514108336111988,25,1.0
1998-08-27,1042.5899658203125,-0.0391251412509143,-3.4679817410300955,0.4504763819033535,3.1438905210484872e-09,0.5495236149527559,2,Medium volatility,train,-0.045936518370324635,-0.0919046274864515,0.2581348028911831,0.23943733558662614,0.018697467304556986,-0.06967267354637185,26,1.0
1998-08-28,1027.1400146484375,-0.0149297138223403,-1.337780215112104,0.419140841597428,0.0013003086484654,0.5795588497541065,2,Medium volatility,train,-0.05133026634040673,-0.0871485046533172,0.2607607156457303,0.23620400852119453,0.024556707124535754,-0.07667823096138005,27,1.0
1998-09-22,1029.6300048828125,0.0055904058679017,0.4688417346432001,0.3578251695300768,0.086167021333301,0.5560078091366222,2,Medium volatility,train,-0.007787984664150838,-0.055270310941410605,0.1950906771655776,0.4163549789843478,-0.22126430181877021,-0.05784871859399476,1,1.0
1998-09-29,1049.02001953125,0.0003147033039567,0.0043610105402225,0.4014058891764273,0.0864901028035343,0.5121040080200384,2,Medium volatility,train,0.018656894481182264,0.0915157323640342,0.28843058851653847,0.32562514486143923,-0.037194556344900764,-0.01601173150141022,1,1.0
1998-10-14,1005.530029296875,0.0107283741475052,0.9211961268786536,0.4272475184294586,0.0226276695984712,0.5501248119720701,2,Medium volatility,train,0.03527322453350476,-0.0389612965951284,0.2069980920666306,0.2757025138930293,-0.06870442182639869,-0.05680565286705341,1,1.0
1998-10-21,1069.9200439453125,0.0056142706319164,0.470942824068872,0.3571090747417904,0.0931607629306215,0.5497301623275881,2,Medium volatility,train,0.06206912557320855,0.003586202510593389,0.22875410026078083,0.2748305610427719,-0.046076460781991097,0.0,1,0.0
1998-10-22,1078.47998046875,0.0079687038937059,0.6782306408161399,0.2123538594040585,0.1405061666669822,0.6471399739289594,2,Medium volatility,train,0.029155807384366357,0.03371996878534819,0.03948014528689962,0.2635022882620568,-0.22402214297515716,0.0,2,0.0
1998-10-23,1070.6700439453125,-0.0072679625094185,-0.6632281996054243,0.1216610718619732,0.1528869731746187,0.725451954963408,2,Medium volatility,train,0.013398786698669958,0.024507039435386187,0.08572002646886677,0.2653098618081786,-0.17958983533931183,-0.0072416147400742314,3,0.0
1998-10-26,1072.3199462890625,0.0015398136969979,0.1122215571818721,0.0479800212097249,0.2960760385079601,0.655943940282315,2,Medium volatility,train,0.009303374644949559,0.02228276515431989,0.08248707121204499,0.265153243624418,-0.182666172412373,-0.005711774248243429,4,0.0
1998-10-27,1065.3399658203125,-0.0065305105230173,-0.5983018265805824,0.0253726721821942,0.3156848069491272,0.6589425208686787,2,Medium volatility,train,0.0013243151901843574,0.01543755132734589,0.09850164424481078,0.2664676760221484,-0.1679660317773376,-0.012183828060235546,5,0.0
1998-10-28,1068.0899658203125,0.0025780096944245,0.2036258815918765,0.0096062011729809,0.4832135343948465,0.5071802644321725,2,Medium volatility,train,-0.0017119457473075421,0.04900501518761739,0.09185350124220575,0.2400533301955566,-0.14819982895335088,-0.00963394299069098,6,0.0
1998-10-29,1085.9300537109375,0.0165648375234974,1.4350470694257682,0.0211985160157667,0.1138954713940912,0.8649060125901421,2,Medium volatility,train,0.006884187882483959,0.0961402623811158,0.13644754817870458,0.2121261783323551,-0.0756786301536505,0.0,7,0.0
1998-10-30,1098.6700439453125,0.0116635851805639,1.0035335013911733,0.0177085119923365,0.0783782958243204,0.903913192183343,2,Medium volatility,train,0.02581573557246636,0.09150379585722548,0.128731854546879,0.20955189776509994,-0.08082004321822095,0.0,8,0.0
1998-11-02,1111.5999755859375,0.0116999995694779,1.0067394785147006,0.0153107793941676,0.0563128196415065,0.9283764009643258,2,Medium volatility,train,0.03597592144494636,0.11730633957907918,0.1304732683788863,0.1993403298162961,-0.06886706143740981,0.0,9,0.0
1998-11-03,1110.8399658203125,-0.0006839418074626,-0.0835611948630862,0.0081770919098572,0.1327056806965539,0.8591172273935889,2,Medium volatility,train,0.041822490160501054,0.12064639595827438,0.10155041302384261,0.19757967051851605,-0.09602925749467343,-0.0006837079725774409,10,0.0
1998-11-04,1118.6700439453125,0.0070240638379717,0.5950631210809101,0.0061033390751645,0.1881358128100547,0.8057608481147808,2,Medium volatility,train,0.04626854430404826,0.1418989486634542,0.09228337972245597,0.18328464651797888,-0.09100126679552291,0.0,11,0.0
1998-11-05,1133.8499755859375,0.0134783809384266,1.1633108272532964,0.0091344231122102,0.0825195503215408,0.9083460265662489,2,Medium volatility,train,0.043182087718977455,0.1670243954062098,0.08139851734602487,0.17112294766604047,-0.0897244303200156,0.0,12,0.0
1998-11-06,1141.010009765625,0.0062949437500261,0.5308703008257518,0.0065042296522968,0.1391670345616893,0.8543287357860139,2,Medium volatility,train,0.037813446288439655,0.1476469477504542,0.07841973614282519,0.15912100410849403,-0.08070126796566884,0.0,13,0.0
1998-11-09,1130.199951171875,-0.0095192786316591,-0.8614374295550913,0.0070607471756655,0.0919066932188706,0.9010325596054638,2,Medium volatility,train,0.016594168087302658,0.1246871690473157,0.12431710162130659,0.16770310602128433,-0.04338600439997774,-0.009474113724883493,14,0.0
1998-11-10,1128.260009765625,-0.0017179333855059,-0.1745953559183681,0.0048163732273923,0.1799226447093738,0.8152609820632338,2,Medium volatility,train,0.015560176509259359,0.12589021094874228,0.126154841761571,0.1669254233630117,-0.0407705816014407,-0.011174310383674002,15,0.0
1998-11-11,1120.969970703125,-0.0064822758481897,-0.5940551738515395,0.0046324193334006,0.1981966277167309,0.7971709529498684,2,Medium volatility,train,0.002053836823097957,0.10867956095304739,0.13395625771221045,0.17171687351966533,-0.03776061580745488,-0.017563420908653038,16,0.0
1998-11-12,1117.68994140625,-0.0029303527760138,-0.2813385677643555,0.0035514218289381,0.3045033839842431,0.6919451941868187,2,Medium volatility,train,-0.014354896891342443,0.0648671860944855,0.08477300291648893,0.11543916919515948,-0.030666166278670554,-0.020438092707149136,17,0.0
1998-11-13,1125.719970703125,0.0071588019178996,0.6069256626420777,0.0033849968478247,0.3737405942108425,0.6228744089413328,2,Medium volatility,train,-0.013491038723468941,0.06353692983610719,0.08952480697126483,0.11476730788419552,-0.02524250091293069,-0.013400442530421608,18,0.0
1998-11-16,1135.8699951171875,0.0089760679134176,0.7669204719125116,0.0037801336729661,0.3766937489768758,0.6195261173501581,2,Medium volatility,train,0.005004307821607757,0.0668777719988065,0.09534430388847878,0.11624157550930707,-0.020897271620828287,-0.0045047936516291465,19,0.0
1998-11-23,1188.2099609375,0.0209722215329373,1.8230797326193016,0.0180256406066408,0.0500135143430497,0.9319608450503096,2,Medium volatility,train,0.04504906728844446,0.1026234646423014,0.10112824720167458,0.12428473409234145,-0.023156486890666864,0.0,1,0.0
1998-11-24,1182.989990234375,-0.0044028165004643,-0.4109764707087388,0.0102954103805406,0.0933614411912016,0.8963431484282578,2,Medium volatility,train,0.03761357755642336,0.10475115866485439,0.13013810055609537,0.1219656075652497,0.008172492990845673,-0.004393138312867251,2,0.0
1998-11-25,1186.8699951171875,0.0032744620978562,0.2649425901682828,0.006114558888671,0.1880224845511037,0.8058629565602252,2,Medium volatility,train,0.03636921740563976,0.10544761106828608,0.13181479753587882,0.12179794234697956,0.010016855188899262,-0.0011277180501459982,3,0.0
1998-11-27,1192.3299560546875,0.004589753391424,0.3807427978255321,0.0042066679841329,0.3023795002209554,0.6934138317949117,2,Medium volatility,train,0.03388041579873926,0.09347252693621269,0.13294314787185668,0.11464519038792198,0.0182979574839347,0.0,4,0.0
1998-11-30,1163.6300048828125,-0.0243649055509527,-2.168468570461547,0.035221702616862,0.0006126018850467,0.9641656954980912,2,Medium volatility,train,6.871497080046182e-05,0.05744403620469609,0.23380886653733907,0.1494486354492497,0.08436023108808938,-0.02407047732562262,5,0.0
1998-12-01,1175.280029296875,0.0099620084491673,0.8537241475209898,0.0233799422439294,0.0168658284512693,0.9597542293048013,2,Medium volatility,train,-0.010941498112969539,0.055706045084385494,0.1905099272397883,0.1482714301445157,0.04223849709527261,-0.014299671555874638,6,0.0
1998-12-02,1171.25,-0.0034348874371099,-0.325758551999731,0.0124950164776246,0.0557217218083055,0.9317832617140698,2,Medium volatility,train,-0.00997356904961514,0.05295509945473819,0.19004142529084533,0.14938374634956475,0.040657678941280584,-0.01767963301403508,7,0.0
1998-12-03,1150.1400146484375,-0.0181878677382867,-1.6246329464355511,0.0242128592020422,0.0024065248399088,0.9733806159580488,2,Medium volatility,train,-0.03143589888575804,0.027743167878479795,0.20806023011678745,0.16475340762085305,0.0433068224959344,-0.03538445141968316,8,0.0
1998-12-04,1176.739990234375,0.0228642081501888,1.989653056896512,0.0641500614497951,0.0002187657222718,0.9356311728279332,2,Medium volatility,train,-0.01316144412699324,0.03712899509024199,0.2771103956498507,0.17623285137611583,0.10087754427373485,-0.013075211053069857,9,0.0
1998-12-07,1187.699951171875,0.0092707277041625,0.7928627594676464,0.0385812933777414,0.0185150776568916,0.9429036289653668,2,Medium volatility,train,0.02047418912812196,0.04010477904437839,0.22073199444982347,0.17747353973847546,0.04325845471134801,-0.0038831573922144536,10,0.0
1998-12-08,1181.3800048828125,-0.0053353718729249,-0.4930800369004467,0.0204778631659835,0.0465265799588883,0.932995556875128,2,Medium volatility,train,0.005176808806029759,0.04428868580311259,0.22160968931029976,0.17461761620054292,0.04699207310975684,-0.009183658530317773,11,0.0
1998-12-09,1183.489990234375,0.0017844413568681,0.1337589412961052,0.01032888770944,0.1202245325041873,0.8694465797863726,2,Medium volatility,train,0.01039613760000776,0.0477910605454866,0.21876332409337784,0.17404330863051914,0.0447200154628587,-0.007414026440770716,12,0.0
1998-12-10,1165.02001953125,-0.0157294211534884,-1.4081876415619323,0.0168456004487396,0.0127579873768899,0.9703964121743704,2,Medium volatility,train,0.012854584184806058,0.038543915240187895,0.2075540094790331,0.1827074421863077,0.024846567292725413,-0.022904680356940488,13,0.0
1998-12-11,1166.4599609375,0.0012352167733764,0.0854043896239156,0.0091893025399877,0.0619451034193698,0.9288655940406424,2,Medium volatility,train,-0.008774407192006341,0.042709484789578096,0.13303163832469955,0.18187854246474686,-0.048846904140047304,-0.021697010115210857,14,0.0
1998-12-14,1141.199951171875,-0.021893190219834,-1.9508550653673635,0.032168623877638,0.00045119287618,0.967380183246182,2,Medium volatility,train,-0.03993832511600284,0.013657492651844488,0.14906639446642486,0.19875883172081849,-0.04969243725439362,-0.04288242916583018,15,0.0
1998-12-15,1162.8299560546875,0.0187763538011278,1.62975226168194,0.0479761654811555,0.0012243937469481,0.9507994407718964,2,Medium volatility,train,-0.015826599441950147,0.02345777853955469,0.22827207502404548,0.2066467658119972,0.021625309212048277,-0.02474147349078848,16,0.0
1998-12-16,1161.93994140625,-0.0007656798144983,-0.0907575309405103,0.0224479630923763,0.0390415769041608,0.9385104600034628,2,Medium volatility,train,-0.018376720613316546,0.01965942549349959,0.22604866481768013,0.20663389622324554,0.019414768594434584,-0.02548792345115214,17,0.0
1998-12-17,1179.97998046875,0.015406501072019,1.333065400213688,0.0255786140280868,0.0121170348410541,0.9623043511308592,2,Medium volatility,train,0.012759201612190853,0.030547104316878793,0.2288106537094069,0.21233614649907773,0.01647450721032917,-0.010357850629537535,18,0.0
1998-12-18,1188.030029296875,0.006799025177707,0.5752503817151127,0.0148785745171572,0.043123235540524,0.9419981899423188,2,Medium volatility,train,0.01832301001652145,0.03026757449626129,0.2299218459566257,0.2122462506544143,0.01767559530221141,-0.003606322843754284,19,0.0
1998-12-21,1202.8399658203125,0.012388901093157,1.0673913963731707,0.0141583399967722,0.0303532020438704,0.9554884579593572,2,Medium volatility,train,0.05260510132951246,0.0332096803124322,0.10923467435899886,0.21386976186820433,-0.10463508750920547,0.0,20,0.0
1998-12-22,1203.5699462890625,0.0006066967123663,0.0300685458168078,0.007906078961468,0.0926943519525611,0.8993995690859707,2,Medium volatility,train,0.034435444240750956,0.012844155491861188,0.10061640064723412,0.20197496661902153,-0.10135856597178741,0.0,21,0.0
1998-12-23,1228.5400390625,0.0205344086650258,1.784534034592483,0.023054382569883,0.0035390429718826,0.9734065744582344,2,Medium volatility,train,0.05573553272027505,0.03778138065735129,0.10947933216961975,0.21229043580237955,-0.1028111036327598,0.0,22,0.0
1998-12-24,1226.27001953125,-0.001849446697796,-0.1861739841259463,0.0120475326946017,0.0411391636196576,0.9468133036857408,2,Medium volatility,train,0.038479584950460055,0.03265747186169909,0.128774727032231,0.21260905290640214,-0.08383432587417114,-0.0018477375250889327,23,0.0
1998-12-28,1225.489990234375,-0.0006363015303989,-0.0793668737999088,0.0070119519631138,0.1080360177735902,0.8849520302632959,2,Medium volatility,train,0.031044258242354152,0.027431416939876187,0.13958577245094442,0.2124620409860982,-0.07287626853515378,-0.0024826613143618115,24,0.0
1998-12-29,1241.81005859375,0.0132292838776564,1.1413799504163071,0.0095039584402099,0.0514023788693688,0.9390936626904212,2,Medium volatility,train,0.03188464102685355,0.06502560636848528,0.1415492112282278,0.19410187659094202,-0.05255266536271422,0.0,25,0.0
1998-12-30,1231.9300537109375,-0.0079879510126108,-0.7266170615162652,0.0079623954597241,0.0551373057344914,0.9369002988057844,2,Medium volatility,train,0.023289993301876456,0.04707564690670719,0.1673724018863629,0.196205915032425,-0.028833513146062084,-0.007956132110896852,26,0.0
1998-12-31,1229.22998046875,-0.0021941477091553,-0.2165219753962263,0.0054499821211174,0.121053576563836,0.8734964413150466,2,Medium volatility,train,0.0005614369276953591,0.04831638663466179,0.11166402084134906,0.19579120478391726,-0.0841271839425682,-0.01013043664604063,27,0.0
1999-01-04,1228.0999755859375,-0.0009197014504946,-0.1043178255454418,0.0039702996010975,0.2292833722188018,0.7667463281801006,2,Medium volatility,train,0.001491182174996759,0.0655845529224539,0.11099485029246639,0.1814873826095961,-0.07049253231712971,-0.011040402606609656,28,0.0
1999-01-05,1244.780029296875,0.0134905912559943,1.164385841827494,0.0073768529825746,0.1013808157368885,0.8912423312805368,2,Medium volatility,train,0.01561807496138996,0.056210936028259384,0.13796995845835172,0.17135676644317674,-0.03338680798482502,0.0,29,0.0
1999-01-06,1272.3399658203125,0.0218988669240109,1.9046629752330977,0.0267350121411535,0.0020800224999033,0.971184965358943,2,Medium volatility,train,0.024287658007744458,0.06883907524810778,0.17577687871832157,0.18255906912318945,-0.006782190404867883,0.0,30,0.0
1999-01-07,1269.72998046875,-0.0020534338738205,-0.2041333194143125,0.013667923885337,0.0381286305315449,0.948203445583118,2,Medium volatility,train,0.030222175146534757,0.07212101324721219,0.15695018857712087,0.1809166015017415,-0.023966412924620623,-0.002051327020824778,31,0.0
1999-01-08,1275.0899658203125,0.0042124734878985,0.3475265122872535,0.0081109039355362,0.0965728288917962,0.8953162671726675,2,Medium volatility,train,0.03662879634358856,0.07454904537824258,0.14480302058904457,0.18080355689479138,-0.036000536305746816,0.0,32,0.0
1999-01-11,1263.8800048828125,-0.0088303791763637,-0.8007856938002076,0.0076167331226932,0.0767004884811367,0.91568277839617,2,Medium volatility,train,0.02871811861771946,0.08144808735536728,0.17339548110934463,0.17284955373217492,0.0005459273771697137,-0.008791505884283457,33,0.0
1999-01-12,1239.510009765625,-0.0194702102639388,-1.7375322954120296,0.0210207588213242,0.0017708051738052,0.9772084360048706,2,Medium volatility,train,-0.004242682902213645,0.06074266031805208,0.21938851390436218,0.1910211031379411,0.028367410766421075,-0.027903878948492555,34,0.0
1999-01-13,1234.4000244140625,-0.0041311062635482,-0.3870546961091847,0.0118486207915644,0.0311989167223938,0.9569524624860416,2,Medium volatility,train,-0.030272656089772743,0.07850474427433787,0.12556033397094454,0.1706064809869398,-0.04504614701599527,-0.03191142781840706,35,0.0
1999-01-14,1212.18994140625,-0.0181564491447607,-1.6218668065907869,0.0229046058946633,0.0016194547687056,0.9754759393366312,2,Medium volatility,train,-0.046375671360712946,0.04157194132844939,0.14044978755122497,0.17779764021015693,-0.03734785265893195,-0.049329871695442784,36,0.0
1999-01-15,1243.260009765625,0.0253083771696287,2.204841343616488,0.0872683106509245,5.884995255067503e-05,0.9126728393965248,2,Medium volatility,train,-0.025279767678982747,0.0676459983125764,0.25758686852684476,0.1946304298868028,0.06295643864004197,-0.02496290999687234,37,0.0
1999-01-19,1252.0,0.0070053028081442,0.5934113720269075,0.0460619540357066,0.0257525981600395,0.9281854478042538,2,Medium volatility,train,-0.009444085694474847,0.05924480004870159,0.26539991884434216,0.190210941942403,0.07518897690193915,-0.018108499352402885,38,0.0
1999-01-20,1256.6199951171875,0.0036833002601852,0.3009373118907116,0.0218945446550818,0.0796220886413853,0.8984833667035329,2,Medium volatility,train,0.013709424829649156,0.05612907513117979,0.2258745498513176,0.1897238889827116,0.036150660868605994,-0.014485229433393365,39,0.0
1999-01-21,1235.1600341796875,-0.0172250289214854,-1.5398631806267853,0.0334190175048258,0.0048348019658399,0.961746180529334,2,Medium volatility,train,0.0006155021717119576,0.026515145116537384,0.2588506249635427,0.19834706907667762,0.060503555886865096,-0.031315383785438744,40,0.0
1999-01-22,1225.18994140625,-0.008104657830394,-0.7368921038589025,0.0207815667970308,0.018821091830167,0.960397341372802,2,Medium volatility,train,0.01066729348607866,0.017803790573777088,0.2292516154114347,0.20101688520511532,0.02823473020631939,-0.03913451266315937,41,0.0
1999-01-25,1233.97998046875,0.0071488158823624,0.606046477176063,0.0127546163085015,0.0496375276348832,0.937607856056615,2,Medium volatility,train,-0.00749226780118764,0.0044181977911136915,0.15307287085952964,0.18954201168493748,-0.036469140825407836,-0.03224085080546846,42,0.0
1999-01-26,1252.31005859375,0.0147451905829614,1.2748426382040197,0.0157909624343418,0.0176773575727284,0.9665316799929298,2,Medium volatility,train,0.0002476199736295599,0.021012835071871093,0.18022534414300584,0.19584867830340963,-0.01562333416040379,-0.017865333299762365,43,0.0
1999-01-27,1243.1700439453125,-0.0073252882361867,-0.6682752421094871,0.0108880514444162,0.0331238081022074,0.9559881404533764,2,Medium volatility,train,-0.01076096852274234,0.014323848366083292,0.18257940471990108,0.19793086761023784,-0.015351462890336759,-0.025033466446004682,44,0.0
1999-01-28,1265.3699951171875,0.017699961257013,1.534985056319318,0.0192225718015489,0.0049581137728459,0.9758193144256052,2,Medium volatility,train,0.02416402165575606,0.018794525745439893,0.17161806745845865,0.20205348423457922,-0.030435416776120577,-0.00762296854627964,45,0.0
1999-01-29,1279.6400146484375,0.0112142341482757,0.9639719661598214,0.015510670087512,0.0157970859110341,0.9686922440014538,2,Medium volatility,train,0.04348291363442576,0.03799671090632639,0.1389506440883369,0.2022848900847065,-0.06333424599636958,0.0,46,0.0
1999-02-01,1273.0,-0.0052024802453685,-0.4813800597606317,0.0096999806686901,0.0441544482318431,0.9461455710994668,2,Medium volatility,train,0.03113161750669486,0.0349883783701132,0.16548494125972904,0.20331716803729954,-0.037832226777570505,-0.005188970782741387,47,0.0
1999-02-02,1261.989990234375,-0.0086864871561864,-0.7881172256834956,0.0084535442380382,0.0430220494936442,0.9485244062683176,2,Medium volatility,train,0.0076999397675470635,0.027221592664421392,0.17146975442646797,0.20635490034812115,-0.03488514592165318,-0.013792960685831357,48,0.0
1999-02-03,1272.0699462890625,0.007955620207956,0.6770787336042774,0.0070236117281131,0.0712441467541064,0.9217322415177804,2,Medium volatility,train,0.02298084821168976,0.021686621616383094,0.15862383872740343,0.20311872632520933,-0.0444948875978059,-0.005915779651087916,49,0.0
1999-02-04,1248.489990234375,-0.0187106393549081,-1.6706585394415414,0.0182115086693937,0.0023456326228163,0.97944285870779,2,Medium volatility,train,-0.013429752400231337,-0.018922884662535906,0.1747044476837973,0.19923998800781467,-0.024535540324017363,-0.02434280270816669,50,0.0
1999-02-05,1239.4000244140625,-0.0073074020279699,-0.6667005136551628,0.0121305796123983,0.0199349197484167,0.9679345006391848,2,Medium volatility,train,-0.03195138857647694,-0.02417685281668531,0.13565427030366073,0.20043353017380477,-0.06477925987014405,-0.031446336292813015,51,0.0
1999-02-08,1243.77001953125,0.0035196942224908,0.2865331922621233,0.0074648991573989,0.0703836015573328,0.9221514992852684,2,Medium volatility,train,-0.02322921410861764,-0.02486963208209301,0.15004594093891235,0.2002116365168517,-0.050165695577939345,-0.028031317172464543,52,0.0
1999-02-09,1216.1400146484375,-0.0224651849258359,-2.0012143325941656,0.0310489169787468,0.0003724767726446,0.9685786062486084,2,Medium volatility,train,-0.037007911878267144,-0.03850443783156521,0.18915776285110397,0.21193596517281202,-0.022778202321708046,-0.04962333099394811,53,0.0
1999-02-10,1223.550048828125,0.0060745887986755,0.5114699221799799,0.0170785568550606,0.0301014219651736,0.9528200211797656,2,Medium volatility,train,-0.038888943287547634,-0.012959638768950905,0.18169060161850553,0.2035522086272882,-0.021861607008782674,-0.04383261321796228,54,0.0
1999-02-11,1254.0400390625,0.0246138614384685,2.1436951425560213,0.0648522675165539,0.0002039558450304,0.9349437766384155,2,Medium volatility,train,0.004435557505828958,0.015785328933065793,0.2468757892627034,0.22090927910650912,0.025966510156194278,-0.020005607274613646,55,0.0
1999-02-12,1230.1300048828125,-0.0192505119522827,-1.7181897283045462,0.0992029581777179,0.000361038904466,0.900436002917816,2,Medium volatility,train,-0.00750755241848384,0.014691266125543796,0.2767018366341312,0.22212063838733193,0.0545811982467993,-0.038690576411231636,56,0.0
1999-02-16,1241.8699951171875,0.0094984453882336,0.8129113640859676,0.0595637870443094,0.0174934780245102,0.9229427349311802,2,Medium volatility,train,-0.0015288012527410414,-0.0011186656558513051,0.2846598555145851,0.20625000996516685,0.07840984554941827,-0.029516128832237865,57,0.0
1999-02-17,1224.030029296875,-0.0144695866854469,-1.2972699355553536,0.0567278494610002,0.0048581674734175,0.938413983065582,2,Medium volatility,train,0.00646679698764796,-0.022593555149442404,0.2564163537684643,0.21032824954802948,0.0460881042204348,-0.04345752298691641,58,0.0
1999-02-18,1237.280029296875,0.0107667280285754,0.9245728597849768,0.0378943734740696,0.017048889800878,0.9450567367250524,2,Medium volatility,train,0.01115893621754786,-0.015510127381052204,0.26248505716680465,0.21377019138965703,0.04871486577714762,-0.033103048409439007,59,0.0
1999-02-19,1239.219970703125,0.001566680236662,0.1145869274138117,0.0178536516264738,0.0694657852948792,0.9126805630786468,2,Medium volatility,train,-0.011888244984258637,0.003281581777095194,0.19575044308860218,0.20526800007594737,-0.009517556987345188,-0.03158704282658531,60,0.0
1999-02-22,1272.1400146484375,0.0262184074756346,2.2849617693542874,0.0878128390766225,0.0001542045995845,0.912032956323793,2,Medium volatility,train,0.03358067444365866,0.03760464708312379,0.21057986434859807,0.22155024667881268,-0.010970382330214606,-0.0058610233457419,61,0.0
1999-02-23,1271.1800537109375,-0.0007548880654306,-0.0898074092532947,0.039967051357251,0.0364300672169909,0.923602881425758,2,Medium volatility,train,0.023327340989994463,0.029700943135330792,0.21379227516074148,0.22086851021552842,-0.007076235054786939,-0.006611203807833643,62,0.0
1999-02-24,1253.4100341796875,-0.0140777808589085,-1.2627747660850266,0.0387682269067257,0.0085611761602556,0.9526705969330188,2,Medium volatility,train,0.023719146816532866,0.0008779716934608928,0.21203208751075914,0.22157568088115065,-0.009543593370391512,-0.02049793705142633,63,0.0
1999-02-25,1245.02001953125,-0.0067162546128276,-0.6146550133433372,0.0219695173936551,0.0279788700759082,0.9500516125304368,2,Medium volatility,train,0.0062361641751298635,0.0014870053168199926,0.21602671373275048,0.22133034724922238,-0.005303633516471895,-0.027054479948174226,64,0.0
1999-02-26,1238.3299560546875,-0.0053879475117826,-0.4977088745786157,0.0126978689916357,0.0572502483981881,0.930051882610176,2,Medium volatility,train,-0.0007184635733147367,-0.021600903451975607,0.21998579780398972,0.21239797381247172,0.007587823991518,-0.032282562377591306,65,0.0
1999-03-01,1236.1600341796875,-0.0017538340747185,-0.1777561061538391,0.0072691025144238,0.1277516627136632,0.8649792347719127,2,Medium volatility,train,-0.02869070512366784,-0.034568971674969806,0.0749089906984663,0.20762512069072186,-0.13271612999225557,-0.028939486111792978,66,0.0
1999-03-02,1225.5,-0.0086609041596377,-0.785864860502245,0.0070169820729135,0.1014562109115733,0.8915268070155132,2,Medium volatility,train,-0.03659672121787494,-0.03802739558923901,0.0645002029720676,0.20869626269264988,-0.14419605972058228,-0.03666264256401586,67,0.0
1999-03-03,1227.699951171875,0.001793536446593,0.1345596865636784,0.0046388368140152,0.2074679081343838,0.7878932550516009,2,Medium volatility,train,-0.02072540391237344,-0.02754737198645961,0.059198740335935945,0.2075497036306537,-0.14835096329471775,-0.034933311557567626,68,0.0
1999-03-04,1246.6400146484375,0.015309483472933,1.3245238260578285,0.009736398924654,0.0551583801183172,0.9351052209570287,2,Medium volatility,train,0.0013003341733871642,-0.020193508721482605,0.13174427218431184,0.21319890607207637,-0.08145463388776453,-0.020044963373821,69,0.0
1999-03-05,1275.469970703125,0.0228627712599323,1.9895265509347544,0.0350896624168142,0.0007754328693338,0.964134904713852,2,Medium volatility,train,0.02955105294510206,0.02137990189335779,0.1828999065874318,0.21816895016905546,-0.035269043581623666,0.0,70,0.0
1999-03-08,1282.72998046875,0.005675888823954,0.4763677816188176,0.0186827153505172,0.0319075781685397,0.949409706480943,2,Medium volatility,train,0.036980775843774565,0.03436319274528169,0.1730270070772632,0.2165059890520069,-0.0434789819747437,0.0,71,0.0
1999-03-09,1279.8399658203125,-0.0022555605772875,-0.2219288559232352,0.0100150919139019,0.0852158325322454,0.9047690755538526,2,Medium volatility,train,0.04338611942612476,0.02858793794550339,0.1456888202755929,0.21682226963256454,-0.07113344935697163,-0.0022530187119984557,72,0.0
1999-03-10,1286.8399658203125,0.0054545307881808,0.4568790899240633,0.0065894560840551,0.1539521578892255,0.8394583860267193,2,Medium volatility,train,0.04704711376771256,0.05650765365952009,0.13865554972197439,0.19882395057684193,-0.06016840085486755,0.0,73,0.0
1999-03-11,1297.6800537109375,0.0083885219493557,0.7151920487265038,0.0058681345411015,0.1809471026041846,0.8131847628547137,2,Medium volatility,train,0.040126152244135266,0.05882158681020029,0.13053965341872253,0.1994605699547035,-0.06892091653598095,0.0,74,0.0
1999-03-12,1294.5899658203125,-0.0023840798458278,-0.2332438840525211,0.0039991758244735,0.292779111418896,0.7032217127566305,2,Medium volatility,train,0.01487930113837516,0.03182364552590399,0.07057556625143589,0.18375059657405415,-0.11317503032261826,-0.002381240184580413,75,0.0
1999-03-15,1307.260009765625,0.0097393348694847,0.8341196333779035,0.0047446502921201,0.2705856887305442,0.7246696609773357,2,Medium volatility,train,0.018942747183905862,0.060813492347671395,0.08217406647457591,0.169110101547186,-0.0869360350726101,0.0,76,0.0
1999-03-16,1306.3800048828125,-0.0006733941255374,-0.0826325612111994,0.003015184474541,0.4254215528174119,0.5715632627080471,2,Medium volatility,train,0.02052491363565596,0.050641652833900395,0.0767435940548598,0.16787315332068126,-0.09112955926582146,-0.0006731674465971782,77,0.0
1999-03-17,1297.8199462890625,-0.006574064652109,-0.6021363970805272,0.0030839219877389,0.4330213150600995,0.5638947629521616,2,Medium volatility,train,0.00849631819536616,0.05853717486723829,0.10043435733983909,0.15982747844340198,-0.05939312110356289,-0.007221259279747261,78,0.0
1999-03-18,1316.550048828125,0.0143288234163341,1.2381850517112851,0.0073829957002768,0.1782564889415741,0.8143605153581489,2,Medium volatility,train,0.014436619662344562,0.062099270254996994,0.12456022381649597,0.162482149236367,-0.037921925419871036,0.0,79,0.0
1999-03-19,1299.2900390625,-0.0131967243225403,-1.18520523424964,0.0108101377909805,0.0450744911868362,0.9441153710221832,2,Medium volatility,train,0.0036239751856320633,0.04733586569579469,0.16116628858710746,0.17199333407182554,-0.010827045484718079,-0.013110029338412432,80,0.0
1999-03-22,1297.010009765625,-0.0017563685553438,-0.1779792456090672,0.0066028443371425,0.1087343271965676,0.8846628284662899,2,Medium volatility,train,-0.007871728239196438,0.01936108966481629,0.14442007625594433,0.14877751380156853,-0.004357437545624204,-0.014841850547111957,81,0.0
1999-03-23,1262.1400146484375,-0.0272529183381617,-2.422733524628793,0.0627868999984586,3.3198996703514904e-05,0.937179901004838,2,Medium volatility,train,-0.03445125245182074,-0.00713694060791481,0.21662924480440476,0.17801664825747374,0.03861259654693103,-0.04132773701092374,82,0.0
1999-03-24,1268.5899658203125,0.0050973159422023,0.4254293619855804,0.0311137951854225,0.0320464824893769,0.9368397223252004,2,Medium volatility,train,-0.02277987185750944,0.01203815619319599,0.2297665124631879,0.17164201894854283,0.058124493514645076,-0.03642860599982678,83,0.0
1999-03-25,1289.989990234375,0.0167284382970462,1.4494507255911246,0.0381124259469713,0.006818937536581,0.9550686365164476,2,Medium volatility,train,-0.020380256976797344,0.035482849103069786,0.23998478304583332,0.178091887482264,0.061892895563569306,-0.020173983220304725,84,0.0
1999-03-26,1282.800048828125,-0.0055892319346684,-0.5154302554486425,0.0205582115278647,0.0314401973161065,0.9480015911560288,2,Medium volatility,train,-0.01277276458892544,0.03528156468018399,0.230069815545809,0.17819521348406073,0.051874602061748265,-0.02563518191354841,85,0.0
1999-03-29,1310.1700439453125,0.0211117064270158,1.835360190779657,0.0457177045909462,0.0011711317160641,0.9531111636929896,2,Medium volatility,train,0.010095310393434158,0.058147105181918284,0.2754220654399508,0.1896965536769181,0.0857255117630327,-0.004846002541636363,86,0.0
1999-03-30,1300.75,-0.0072159121393111,-0.6586456073716357,0.0261292596688554,0.018978031199195,0.9548927091319496,2,Medium volatility,train,0.03013231659228476,0.05959209720224488,0.1814484757619555,0.1886492289617668,-0.007200753199811311,-0.012001100028205425,87,0.0
1999-03-31,1286.3699951171875,-0.0111167267089768,-1.0020791413794596,0.0207509828576492,0.0144932142297524,0.9647558029125982,2,Medium volatility,train,0.013918273941105657,0.046681834046675086,0.212231144473072,0.19485765048497167,0.01737349398810034,-0.0229235901345346,88,0.0
1999-04-01,1293.719970703125,0.0056974722321383,0.4782680170738197,0.0119586260088729,0.0521520316550376,0.9358893423360892,2,Medium volatility,train,0.002887307876197759,0.037069822805880386,0.18558766815586547,0.18955866411143052,-0.003970995955565049,-0.01734083572844136,89,0.0
1999-04-05,1321.1199951171875,0.0209580912795797,1.821835684033972,0.0308107914847256,0.0018054462804214,0.967383762234853,2,Medium volatility,train,0.029434631090445862,0.03516514282552778,0.21530636948743867,0.1869960157417251,0.028310353745713557,0.0,90,0.0
1999-04-06,1317.8900146484375,-0.0024478740661511,-0.2388604223789718,0.0155247817828623,0.0365510839315495,0.947924134285588,2,Medium volatility,train,0.00587505059727896,0.027041379935422685,0.18050126941057731,0.18696380228620021,-0.006462532875622901,-0.0024448804655806677,91,0.0
1999-04-07,1326.8900146484375,0.0068058852837156,0.5758543556821201,0.0099305822429487,0.0745316605585682,0.9155377571984832,2,Medium volatility,train,0.01989684802030566,0.036102825796425785,0.16925823458406267,0.18738868993237495,-0.018130455348312285,0.0,92,0.0
1999-04-08,1343.97998046875,0.0127974772968766,1.1033630548688342,0.0112012110282485,0.0416060240392152,0.947192764932536,2,Medium volatility,train,0.04381105202615906,0.04344577230512158,0.12376186423593383,0.1908801224881604,-0.06711825825222656,0.0,93,0.0
1999-04-09,1348.3499755859375,0.0032462580933021,0.2624594675321772,0.0068567487451307,0.107246979770396,0.8858962714844733,2,Medium volatility,train,0.04135983788732286,0.03830350844906799,0.12773606613395258,0.18959486148966195,-0.06185879535570937,0.0,94,0.0
1999-04-12,1358.6300048828125,0.0075952380809756,0.6453501535213894,0.005829155733217,0.1478886588533944,0.8462821854133885,2,Medium volatility,train,0.027996984688718758,0.048282826375871384,0.08017716863451478,0.18988705519019855,-0.10970988655568377,0.0,95,0.0
1999-04-13,1349.8199462890625,-0.0065056322435959,-0.596111505746527,0.0052213666547588,0.1662658879060904,0.8285127454391507,2,Medium volatility,train,0.023939226511273958,0.032037859262790784,0.10190080682587038,0.19030824082079956,-0.08840743399492917,-0.0064845164335303185,96,0.0
1999-04-14,1328.43994140625,-0.0159659330639865,-1.4290105029942477,0.0118819806234299,0.0162517528934004,0.9718662664831696,2,Medium volatility,train,0.0011674081635718557,0.01674532032434168,0.16327808534566082,0.19973328098084508,-0.03645519563518426,-0.02222096035569776,97,0.0
1999-04-15,1322.8499755859375,-0.0042167958076451,-0.3945989314044399,0.0077413206709398,0.0505296065030491,0.941729072826011,2,Medium volatility,train,-0.015846864940949845,0.019102589168805584,0.12955326675735912,0.19879547493581012,-0.069242208178451,-0.026335373993128575,98,0.0
1999-04-16,1319.0,-0.0029146078293305,-0.2799523591698071,0.0054967858957481,0.1082255058077989,0.8862777082964529,2,Medium volatility,train,-0.022007730863582445,0.0018591579231409827,0.11970898347946397,0.19304771651011024,-0.07333873303064627,-0.029169092939494434,99,0.0
1999-04-19,1289.47998046875,-0.0226348525503574,-2.0161521233697792,0.0276305600952071,0.0005025444442396,0.9718668954605532,2,Medium volatility,train,-0.052237821494915446,-0.007578970304676117,0.12091522634768131,0.20370202930340123,-0.08278680295571991,-0.050896877122941886,100,0.0
1999-04-20,1306.1700439453125,0.0128602032959381,1.1088855454018072,0.0235471189824208,0.0086960626946059,0.9677568183229732,2,Medium volatility,train,-0.03287198595538145,0.0070376015466057824,0.19348611999734502,0.2086731460512079,-0.015187026053862879,-0.03861239686225304,101,0.0
1999-04-21,1336.1199951171875,0.0226706633048987,1.9726130799840296,0.0614256435879408,0.0003085755028131,0.938265780909246,2,Medium volatility,train,0.005764610413503759,0.056961183189666184,0.24708308284985042,0.1965939794201598,0.050489103429690624,-0.016568167701821457,102,0.0
1999-04-22,1358.8199462890625,0.0168467487522709,1.4598669545664424,0.0684320622295921,0.0024363301824631,0.9291316075879448,2,Medium volatility,train,0.026828154973419758,0.06871061599973478,0.2598806035457664,0.20240458025877325,0.057476023286993166,0.0,103,0.0
1999-04-23,1356.8499755859375,-0.0014508177395207,-0.151078095958651,0.0315195942532924,0.0395827366598503,0.9288976690868572,2,Medium volatility,train,0.02829194506322956,0.05053135996316789,0.2576869640397801,0.19706296834892031,0.06062399569085977,-0.001449765812243875,104,0.0
1999-04-26,1360.0400390625,0.002348321003323,0.1834037465742204,0.0149909422600403,0.1075459609233433,0.8774630968166163,2,Medium volatility,train,0.05327511861690995,0.058468912901159284,0.14254010077191795,0.19484508360095998,-0.05230498282904203,0.0,105,0.0
1999-04-27,1362.800048828125,0.0020273028322108,0.1551408278897162,0.0076210288306965,0.2165973128836756,0.7757816582856277,2,Medium volatility,train,0.04244221815318266,0.03938450930635429,0.15047040342429424,0.18324035728607826,-0.032769953861784024,0.0,106,0.0
1999-04-28,1350.9100341796875,-0.0087629778941833,-0.7948515843667882,0.0071927647621419,0.1638598581862316,0.8289473770516264,2,Medium volatility,train,0.011008576954100655,0.037837443551482094,0.1324536083888074,0.184292620535308,-0.05183901214650061,-0.008724694909324149,107,0.0
1999-04-29,1342.8299560546875,-0.0059991702152455,-0.5515218332228072,0.0056145442541733,0.1947723380332622,0.7996131177125644,2,Medium volatility,train,-0.011837342013415745,0.042955000045213396,0.06973399814114609,0.180553694161152,-0.11081969602000591,-0.0146537217918431,108,0.0
1999-04-30,1335.1800537109375,-0.0057131400730821,-0.5263393128026285,0.0046818967319721,0.2343523790459049,0.7609657242221228,2,Medium volatility,train,-0.016099664346977145,0.03154438773999299,0.07212148099734511,0.18203692423918783,-0.10991544324184271,-0.020267092843838652,109,0.0
1999-05-03,1354.6300048828125,0.0144622034657269,1.249928030238212,0.008934074401884,0.0805536460945713,0.9105122795035449,2,Medium volatility,train,-0.0039857818845732435,0.025048499926140187,0.13385661191390447,0.17455645550640614,-0.04069984359250167,-0.005995042304509757,110,0.0
1999-05-04,1332.0,-0.0168467857989593,-1.5065620918507494,0.0169421084462877,0.0057219529269299,0.9773359386267824,2,Medium volatility,train,-0.022859870515743348,0.010649588193331987,0.1640343829528314,0.18518731936557628,-0.021152936412744877,-0.0226005633435441,111,0.0
1999-05-05,1347.31005859375,0.0114284833752673,0.9828347877244146,0.0143238044495221,0.0155212202690968,0.9701549752813812,2,Medium volatility,train,-0.002668409246292745,0.015272186284883686,0.18658938471388634,0.1878321295628987,-0.0012427448490123505,-0.011366297093762912,112,0.0
1999-05-06,1332.050048828125,-0.0113909098858711,-1.026218637303864,0.0133171387785028,0.0122799029414092,0.9744029582800878,2,Medium volatility,train,-0.008060148916918345,-0.008916200897864013,0.19737821375636186,0.18694673312086804,0.010431480635493817,-0.022563838346235765,113,0.0
1999-05-07,1345.0,0.0096748674462086,0.8284438252591939,0.0106388730632747,0.027901137313967,0.9614599896227582,2,Medium volatility,train,0.007327858602372355,-0.002487591544957514,0.20529073383867605,0.18984700155503703,0.015443732283639017,-0.013061379652452576,114,0.0
1999-05-10,1340.300048828125,-0.0035005071207461,-0.3315358068395033,0.0069578802017921,0.0711553677156018,0.9218867520826062,2,Medium volatility,train,-0.010634851984100645,-0.013583336746679215,0.17782479546978008,0.1880347667977709,-0.010209971327990813,-0.016510125619196847,115,0.0
1999-05-11,1355.6099853515625,0.0113580207920218,0.9766311567783282,0.0079688452736365,0.0560474816138681,0.9359836731124952,2,Medium volatility,train,0.017569954606880454,0.004280316288938486,0.14780925461416974,0.19119088920944,-0.04338163459527025,-0.005275948942579878,116,0.0
1999-05-12,1364.0,0.0061700326961924,0.5198729453020245,0.0060840090208515,0.1060466536010208,0.8878693373781277,2,Medium volatility,train,0.012311503927805556,0.02641628204911739,0.1369941061216009,0.1827393395815087,-0.0457452334599078,0.0,117,0.0
1999-05-13,1367.56005859375,0.0026066134612445,0.2061441998942433,0.0043230720908079,0.2110786261686405,0.7845983017405515,2,Medium volatility,train,0.026309027274921157,0.03323969131800699,0.08438671000162436,0.18165567672499006,-0.0972689667233657,0.0,118,0.0
1999-05-14,1337.800048828125,-0.0220016626815224,-1.9604051427152769,0.0237467998391973,0.0014202152209853,0.9748329849398172,2,Medium volatility,train,-0.00536750285280984,0.014152636465815088,0.18299570097891912,0.19889936112971135,-0.015903660150792226,-0.02176139144940148,119,0.0
1999-05-17,1339.489990234375,0.0012624270109213,0.0878000195300145,0.0121744854953952,0.0413131019479418,0.9465124125566629,2,Medium volatility,train,-0.0006045687211424413,0.03804991602709379,0.18230988080828192,0.17983234375554003,0.002477537052741896,-0.02052565675853335,120,0.0
1999-05-18,1333.3199462890625,-0.0046169050937399,-0.4298251498413395,0.0078512359687313,0.0800535169817594,0.9120952470495092,2,Medium volatility,train,-0.01657949460690414,0.020572807637415785,0.15824750682278926,0.17654991459954844,-0.018302407776759178,-0.0250373737442261,121,0.0
1999-05-19,1344.22998046875,0.0081493117642397,0.6941316271715017,0.0066615303575529,0.1088612440295502,0.8844772256128968,2,Medium volatility,train,-0.01460021553885684,0.00605145609675679,0.1645988447385669,0.16054389494748514,0.004054949791081758,-0.01705963696321322,122,0.0
1999-05-20,1338.8299560546875,-0.0040252784754262,-0.3777374597674213,0.0049780002419811,0.1729950185604811,0.8220269811975377,2,Medium volatility,train,-0.02123210747552754,-0.01482057113094031,0.15865557944074693,0.14928880345619797,0.009366775984548964,-0.02100829309727381,123,0.0
1999-05-21,1330.2900390625,-0.006399072465026,-0.586729823873736,0.0047004805710541,0.1936003830689092,0.8016991363600366,2,Medium volatility,train,-0.00562951725903114,-0.01976882585644561,0.08404004619519438,0.15056142555145086,-0.06652137935625647,-0.02725293071923618,124,0.0
1999-05-24,1306.6500244140625,-0.0179303643066184,-1.6019619601639414,0.0143460093073243,0.0087546095610793,0.9768993811315964,2,Medium volatility,train,-0.02482230857657084,-0.04004751116638701,0.13150890214656277,0.1608910973363411,-0.029382195189778332,-0.04453920235307307,125,0.0
1999-05-25,1284.4000244140625,-0.0171749263939755,-1.5354520793611022,0.0229966338668149,0.001360633917037,0.975642732216148,2,Medium volatility,train,-0.037380329876806444,-0.059249740392573316,0.15235897907938203,0.16837352747754794,-0.016014548398165906,-0.06080905453263985,126,0.0
1999-05-26,1304.760009765625,0.0157274210587674,1.3613196746003309,0.0263245834043296,0.0039073645533113,0.9697680520423588,2,Medium volatility,train,-0.029802220582278743,-0.034759341439622615,0.19355762885088829,0.17874335623556648,0.01481427261532181,-0.045921236463063786,127,0.0
1999-05-27,1281.4100341796875,-0.0180580624698896,-1.6132046969603984,0.0401530730097921,0.0007705065275208,0.9590764204626872,2,Medium volatility,train,-0.043835004576742144,-0.046818233694266714,0.20655999149825086,0.18704207895070585,0.019517912547545008,-0.06299542303293781,128,0.0
1999-05-28,1301.8399658203125,0.0158175612850692,1.3692557545965007,0.0422914854586331,0.0036305259801031,0.9540779885612636,2,Medium volatility,train,-0.02161837082664694,-0.025287532336115408,0.2605205438119572,0.1967333297381386,0.06378721407381863,-0.04805645818657278,129,0.0
1999-06-01,1294.260009765625,-0.0058395113174363,-0.537465225678115,0.0228184094676384,0.0267042517039161,0.9504773388284454,2,Medium volatility,train,-0.009527517837464838,-0.04558924711927861,0.23912762486115732,0.18865785121849576,0.05046977364266156,-0.05359914423319645,130,0.0
1999-06-02,1294.81005859375,0.0004249006955214,0.0140629532877221,0.01143050005257,0.0862544952714979,0.902315004675932,2,Medium volatility,train,0.008072309252032063,-0.02831756062479791,0.206355002982333,0.18116896203853625,0.025186040943796756,-0.053196932407347575,131,0.0
1999-06-03,1299.5400390625,0.0036463742606356,0.2976862918035975,0.0066850291230923,0.1745334811802341,0.8187814896966735,2,Medium volatility,train,-0.004008737546099736,-0.03609966973942961,0.17686386839765367,0.1761482723247438,0.0007155960729098576,-0.04973823204605321,132,0.0
1999-06-04,1327.75,0.0214753945663357,1.8673798371208743,0.0249429209247765,0.0043833433031171,0.9706737357721064,2,Medium volatility,train,0.03552471949012556,-0.0032333652872228134,0.15978355067734343,0.18978613084711948,-0.030002580169776055,-0.029110281733941812,133,0.0
1999-06-07,1334.52001953125,0.0050859109516538,0.4244252496035522,0.013662135822269,0.0394783906642758,0.9468594735134552,2,Medium volatility,train,0.02479306915671016,-0.007822321781777613,0.14404684219016956,0.18743887595444447,-0.04339203376427492,-0.024159845013662307,134,0.0
1999-06-08,1317.3299560546875,-0.0129647637814684,-1.1647830821714096,0.0148444693556737,0.0130498796383324,0.9721056510059938,2,Medium volatility,train,0.017667816692678057,-0.017286578442499912,0.17479129291772058,0.19221628023825657,-0.01742498732053599,-0.03672972329325974,135,0.0
1999-06-09,1318.6400146484375,0.0009939860591527,0.0641660776720156,0.0083591509268507,0.0624738419184948,0.9291670071546544,2,Medium volatility,train,0.01823690205630936,-0.027650613175369015,0.1743178973138202,0.1871915558678459,-0.012873658554025696,-0.03577177004980425,136,0.0
1999-06-10,1302.8199462890625,-0.0120698089237718,-1.0859899213925437,0.0100429692431002,0.0239917434382073,0.9659652873186924,2,Medium volatility,train,0.002520718871901962,-0.04589045479533321,0.20086637176695957,0.188551078501416,0.012315293265543564,-0.047339867743182884,137,0.0
1999-06-11,1293.6400146484375,-0.0070711430403171,-0.6458999199274621,0.0078570370917904,0.0403801086335603,0.9517628542746492,2,Medium volatility,train,-0.026025818734750836,-0.05556821129689481,0.11340051146404152,0.1883542423649014,-0.07495373090085987,-0.037634903666313946,138,0.0
1999-06-14,1294.0,0.0002782344930878,0.0011502420265983,0.0053255909264145,0.1092502129034171,0.8854241961701683,2,Medium volatility,train,-0.030833495193316837,-0.03328831412228461,0.09383190201750236,0.17500341193963398,-0.08117150992213162,-0.03736710324764081,139,0.0
1999-06-15,1301.1600341796875,0.0055180044798728,0.4624674084316449,0.0044830492873731,0.1851677687455672,0.8103491819670595,2,Medium volatility,train,-0.012350726931975635,-0.029032736653333113,0.09956418854514511,0.1765130204735199,-0.0769488319283748,-0.03204060831468991,140,0.0
1999-06-16,1330.4100341796875,0.0222309905372233,1.933903633607371,0.0226475445514191,0.0033037233793687,0.9740487320692122,2,Medium volatility,train,0.008886277546094962,-0.002184841022369915,0.18844998552892275,0.19401912316343511,-0.005569137634512361,-0.010280938894283054,141,0.0
1999-06-17,1339.9000244140625,0.0071078114374296,0.6024363846731251,0.013740181058315,0.0304240221446102,0.9558357967970746,2,Medium volatility,train,0.02806389790729636,-0.003226341349180017,0.15353994410805996,0.1934932863611754,-0.03995334225311545,0.0,142,0.0
1999-06-18,1342.8399658203125,0.0021917461951943,0.1696186668858914,0.0078340848092571,0.091982524638532,0.9001833905522107,2,Medium volatility,train,0.03732678714280776,0.0029906833214404832,0.12325196398326421,0.1931241725428618,-0.06987220855959758,0.0,143,0.0
1999-06-21,1349.0,0.0045768284971901,0.3796048708556259,0.0054005728760748,0.1737608554093253,0.8208385717145997,2,Medium volatility,train,0.041625381146910057,0.013966584283656583,0.11323386418816948,0.19216576155586304,-0.07893189736769356,0.0,144,0.0
1999-06-22,1335.8800048828125,-0.0097733228494076,-0.883803861472694,0.0065149809245371,0.1075142254532687,0.8859707936221942,2,Medium volatility,train,0.026334053817629655,0.022123625740867382,0.16302283256687947,0.18410558128411214,-0.021082748717232674,-0.009725719138018896,145,0.0
1999-06-23,1333.06005859375,-0.0021131589854803,-0.2093916073436705,0.0045693014724807,0.1982277382987878,0.7972029602287314,2,Medium volatility,train,0.00198990429492606,0.03718539314936259,0.09403912429063528,0.17225454260932224,-0.07821541831868696,-0.011816116683654565,146,0.0
1999-06-24,1315.780029296875,-0.0130474274491056,-1.1720609147891043,0.0082560967889451,0.0528198031620049,0.9389241000490498,2,Medium volatility,train,-0.018165334591609142,0.008410544641489584,0.1076600364086651,0.17183285742142748,-0.06417282101276238,-0.0246256269111379,147,0.0
1999-06-25,1315.31005859375,-0.0003572441021963,-0.0547982415188396,0.0054139587278876,0.1281612183162739,0.8664248229558383,2,Medium volatility,train,-0.02071432488899974,0.026111363009182882,0.10176462808225333,0.15822258921841054,-0.05645796113615721,-0.02497401142049671,148,0.0
1999-06-28,1331.3499755859375,0.0121210228480688,1.0438069960507688,0.0074363950682789,0.0785853308954091,0.913978274036312,2,Medium volatility,train,-0.01317013053812104,0.022414824572182482,0.13885884810881693,0.15442188389443653,-0.0155630357856196,-0.01308378385030573,149,0.0
1999-06-29,1351.449951171875,0.0149846073018782,1.2959212433029543,0.0116162861978591,0.0237390378531919,0.9646446759489488,2,Medium volatility,train,0.011587799613164761,0.04323894319149698,0.16180020139844772,0.15932457300230035,0.0024756283961473724,0.0,150,0.0
1999-06-30,1372.7099609375,0.0156088057160275,1.350876602873339,0.0159602189267056,0.0083785597969129,0.9756612212763812,2,Medium volatility,train,0.02930976431467256,0.05842284821200308,0.17586246618848989,0.16576899876156295,0.010093467426926933,0.0,151,0.0
1999-07-01,1380.9599609375,0.0059920214973248,0.5042005737939093,0.0099526234609808,0.0419994343809855,0.9480479421580336,2,Medium volatility,train,0.04834921326110296,0.06076849544869228,0.0961935258092019,0.16609662639509573,-0.06990310058589383,0.0,152,0.0
1999-07-02,1391.219970703125,0.0074021577716738,0.6283510750503192,0.0075268740365685,0.0756141875926054,0.916858938370826,2,Medium volatility,train,0.05610861513497306,0.04669525865403038,0.06195264994353213,0.1530366947371841,-0.09108404479365195,0.0,153,0.0
1999-07-06,1388.1199951171875,-0.0022307288129956,-0.2197426303505729,0.005159543437773,0.151160362843267,0.8436800937189599,2,Medium volatility,train,0.04175686347390866,0.039378618889380976,0.10412480569320225,0.15347236800890296,-0.04934756231570071,-0.0022282425865197686,154,0.0
1999-07-07,1395.8599853515625,0.0055603921225904,0.4661992797310319,0.0042250121882274,0.2387067651411935,0.757068222670579,2,Medium volatility,train,0.03233264829462086,0.05790377479343978,0.09012056394192876,0.14384051492995162,-0.05371995098802286,0.0,155,0.0
1999-07-08,1394.4200439453125,-0.0010321125614325,-0.1142146674490182,0.0029976480997313,0.3836010030658434,0.6134013488344252,2,Medium volatility,train,0.01569173001716086,0.05587767617285458,0.06286367291878711,0.1443478524209006,-0.08148417950211348,-0.0010315801164594296,156,0.0
1999-07-09,1403.280029296875,0.00633378470825,0.5342899167313157,0.0026434576729498,0.4805351422491701,0.51682140007788,2,Medium volatility,train,0.01603349322808606,0.07428126980487637,0.06367777625056005,0.13415329194056883,-0.07047551569000877,0.0,157,0.0
1999-07-20,1377.0999755859375,-0.021941843610886,-1.9551385824974488,0.0208797957252358,0.0190206866427339,0.9600995176320302,2,Medium volatility,train,-0.011881845087281837,0.02061624379671948,0.178842450410017,0.14719065274096532,0.031651797669051684,-0.02937738962367087,1,0.0
1999-07-21,1379.2900390625,0.0015890813170722,0.1165591519513978,0.01079378429854,0.072950343862107,0.9162558718393528,2,Medium volatility,train,-0.013595367798826637,0.03197864796319928,0.17641462035358985,0.14183402255574154,0.034580597797848306,-0.027833765220071194,2,0.0
1999-07-22,1360.969970703125,-0.0133712430552135,-1.200570123823886,0.0133256470042795,0.0183479242333425,0.968326428762378,2,Medium volatility,train,-0.035122501773252636,0.02072056389346608,0.16189238578528872,0.1506225588444583,0.011269826940830424,-0.04074631542593654,3,0.0
1999-07-23,1356.93994140625,-0.0029655377703274,-0.2844363071532341,0.0080445924228184,0.0604015813844178,0.9315538261927636,2,Medium volatility,train,-0.04456524653393844,0.030802453572244277,0.13020361933047225,0.14256839120287204,-0.012364771872399788,-0.04358680458821507,4,0.0
1999-07-26,1347.760009765625,-0.0067881591722382,-0.6209855980221608,0.0066586022674493,0.0768054378358666,0.916535959896684,2,Medium volatility,train,-0.04347770229159294,0.024371538502202382,0.13082197655436495,0.14535567058185384,-0.014533694027488886,-0.05005710403637864,5,0.0
1999-07-27,1362.8399658203125,0.0111267702880359,0.9562715174243934,0.0076228415832792,0.0626167743119454,0.9297603841047754,2,Medium volatility,train,-0.010409088392671035,0.02337728594216948,0.13058151181475794,0.14445394143394444,-0.0138724296191865,-0.0394282850910197,6,0.0
1999-07-28,1365.4000244140625,0.0018767112528959,0.1418825205920258,0.0051237568706462,0.1462204979820908,0.8486557451472628,2,Medium volatility,train,-0.010121458456847336,0.01026938989318718,0.13100113615364872,0.1354990325069852,-0.004497896353336472,-0.03762387669726841,7,0.0
1999-07-29,1341.030029296875,-0.0180094466220568,-1.608924485191338,0.014746005730732,0.006252459066575,0.979001535202693,2,Medium volatility,train,-0.014759662023690634,-0.023348862444897117,0.1527538860719408,0.13820223792301,0.014551648148930785,-0.05480060220366345,8,0.0
1999-07-30,1328.719970703125,-0.0092219465008458,-0.835259865193697,0.0116125665843298,0.0157331760804575,0.9726542573352126,2,Medium volatility,train,-0.021016070754209033,-0.038562830443067714,0.15786247665504521,0.1382953761916055,0.019567100463439707,-0.06347711183838856,9,0.0
1999-08-02,1328.050048828125,-0.0005043130449928,-0.0677464106423274,0.0070394086273314,0.0654458840774831,0.9275147072951854,2,Medium volatility,train,-0.014732224626963636,-0.046469301259734315,0.15771915476312634,0.13421954273540546,0.023499612027720884,-0.06394929347413658,10,0.0
1999-08-03,1322.1800537109375,-0.0044298075933602,-0.4133528067930164,0.0054348315514912,0.11239331458621,0.8821718538622986,2,Medium volatility,train,-0.03028880250835974,-0.048668380040098914,0.11209284975221068,0.13441589488826017,-0.02232304513604949,-0.06808664739509407,11,0.0
1999-08-04,1305.3299560546875,-0.0128260814166187,-1.1525732798815824,0.0086011921804266,0.0318882221379495,0.9595105856816238,2,Medium volatility,train,-0.044991595177874336,-0.06705485357930802,0.0975789429300129,0.13568490822303286,-0.03810596529301996,-0.07996311683243218,12,0.0
1999-08-05,1313.7099609375,0.0063993171131686,0.5400594874225868,0.0065734724970647,0.071790413536193,0.9216361139667422,2,Medium volatility,train,-0.020582831442648934,-0.059623423904706915,0.10664334603550815,0.13966402688977972,-0.03302068085427157,-0.07405663047812006,13,0.0
1999-08-06,1300.2900390625,-0.0102678192638707,-0.9273400634992912,0.007552057902152,0.0433221928153247,0.9491257492825232,2,Medium volatility,train,-0.021628704205673834,-0.07622502787682761,0.10933954797984213,0.13750680782357666,-0.028167259843734527,-0.08351540604437235,14,0.0
1999-08-09,1297.800048828125,-0.0019167857252888,-0.1921026125637971,0.0053226932601887,0.104907829241887,0.8897694774979241,2,Medium volatility,train,-0.023041176885969832,-0.07515859447857182,0.10719838606329798,0.13763716097656825,-0.030438774913270267,-0.08527042809356833,15,0.0
1999-08-10,1281.4300537109375,-0.0126938770718831,-1.1409338121466095,0.0083900827060007,0.0311276062855929,0.9604823110084064,2,Medium volatility,train,-0.031305246364492736,-0.08388498235280521,0.11872871812105351,0.1410729772175344,-0.022344259096480884,-0.0968085064278823,16,0.0
1999-08-11,1301.9300537109375,0.0158711363982551,1.3739725874855553,0.0134059395261657,0.0090326934830677,0.9775613669907663,2,Medium volatility,train,-0.002608028549618932,-0.07131644998316711,0.16825788645300138,0.15545712545981172,0.012800760993189664,-0.08235947304942437,17,0.0
1999-08-12,1298.1600341796875,-0.0028999165765917,-0.278658919362049,0.0081338576283494,0.0465668605604946,0.945299281811156,2,Medium volatility,train,-0.011907262239379234,-0.08237225747897131,0.15909117885789148,0.14954690803951867,0.009544270818372808,-0.08501669929549605,18,0.0
1999-08-13,1327.6800537109375,0.0224851950386186,1.9562841771363515,0.0297189674913424,0.0008210666202423,0.9694599658884152,2,Medium volatility,train,0.020845752063110068,-0.06636426943071111,0.20622030421142656,0.17235436085362624,0.03386594335780033,-0.056810975253890006,19,0.0
1999-08-16,1330.77001953125,0.0023246381362689,0.1813186716283165,0.0148385034836645,0.039498590727588,0.9456629057887472,2,Medium volatility,train,0.025087175924667766,-0.056163927879858515,0.20161895674042934,0.17256874417932577,0.029050212561103572,-0.03517753203251506,20,0.0
1999-08-17,1344.1600341796875,0.0100115713093229,0.8580877356677167,0.0117131399926693,0.047916141270252,0.9403707187370784,2,Medium volatility,train,0.04779262430587376,-0.024210512959649613,0.1445704944942752,0.16307874865072164,-0.01850825415644644,-0.025469628495751517,21,0.0
1999-08-18,1332.8399658203125,-0.0084573297220504,-0.7679418633216194,0.0094164546716959,0.0477879847764289,0.9427955605518752,2,Medium volatility,train,0.023464158185568268,-0.03425692399877221,0.1711272090511016,0.16460267187688438,0.006524537174217221,-0.023846534357374605,22,0.0
1999-08-19,1323.5899658203125,-0.0069642622799426,-0.6364899783377485,0.0074404309580226,0.0630103478361071,0.9295492212058702,2,Medium volatility,train,0.01939981248221737,-0.027849943223501313,0.18182740983733772,0.1603218132408246,0.021505596596513132,-0.030621105790365033,23,0.0
1999-08-20,1336.6099853515625,0.0097888307166638,0.8384773216022084,0.0073151617905811,0.0695821555285755,0.9231026826808436,2,Medium volatility,train,0.006703448160262568,-0.015095574736510114,0.12549836966228486,0.16475648531125003,-0.03925811564896517,-0.021085424452701895,24,0.0
1999-08-23,1360.219970703125,0.0175098830556494,1.5182502879097168,0.0150502240416431,0.0092232582742785,0.9757265176840784,2,Medium volatility,train,0.021888693079643067,0.009202467491377484,0.16295213945289624,0.1746923658844252,-0.011740226431528944,-0.003793799339618764,25,0.0
1999-08-24,1363.5,0.0024084934704982,0.188701420350526,0.008600538627958,0.054648453488768,0.936751007883274,2,Medium volatility,train,0.014285615240818368,0.00048419067383978455,0.15673689803669844,0.17053965576082192,-0.013802757724123482,-0.001391551472161301,26,0.0
1999-08-25,1381.7900390625,0.0133248650750266,1.1497950616222623,0.0107031338119489,0.0284027736573511,0.9608940925307,2,Medium volatility,train,0.036067810037895366,0.011932344495970484,0.13731103298283107,0.1765984137876703,-0.039287380804839234,0.0,27,0.0
1999-08-26,1362.010009765625,-0.0144182313642495,-1.292748536464486,0.0143201149954665,0.0065502351261289,0.9791296498784045,2,Medium volatility,train,0.02861384095358847,0.015523559753777784,0.17817748723160598,0.1722136800210897,0.0059638072105162865,-0.014314786427535031,28,0.0
1999-08-27,1348.27001953125,-0.0101392533588198,-0.9160209294220388,0.0120995889071399,0.0127852864149669,0.9751151246778932,2,Medium volatility,train,0.008685756878104868,0.014606252895803787,0.19897671428612881,0.17291252626385303,0.02606418802227578,-0.024258402929284606,29,0.0
1999-08-30,1324.02001953125,-0.01814972576308,-1.621274870037575,0.0229411110980412,0.0010311480689541,0.9760277408330046,2,Medium volatility,train,-0.02697385194062453,-0.0030391598222834146,0.18484602135837241,0.18486406382347975,-1.8042465107337424e-05,-0.04180810245994038,30,0.0
1999-08-31,1320.4100341796875,-0.0027302575759122,-0.2637218878423503,0.012234698553232,0.0346235499376651,0.9531417515091029,2,Medium volatility,train,-0.03211260298703493,-0.0013396098048354143,0.17660914475896747,0.18446160173417872,-0.007852456975211253,-0.04442064506736265,31,0.0
1999-09-01,1331.0699462890625,0.0080407693979527,0.6845753953184426,0.0089903440484033,0.0612371216933933,0.9297725342582032,2,Medium volatility,train,-0.03739669866410883,0.019527241009735984,0.14764283404289782,0.1803574796491159,-0.03271464560621806,-0.03670607786972424,32,0.0
1999-09-02,1319.1099853515625,-0.0090258340488214,-0.8179938323539325,0.0082468445125129,0.0508290597494493,0.9409240957380378,2,Medium volatility,train,-0.03200430134868073,0.004102089847745984,0.13856106766012768,0.18239772023573128,-0.043836652575603596,-0.045361489038858505,33,0.0
1999-09-03,1357.239990234375,0.0284959630760885,2.4854811621103057,0.0767277280603477,3.177972148163827e-05,0.9232404922181706,2,Medium volatility,train,0.006630915086227571,0.042865872187705184,0.2546077679514715,0.20254622145820306,0.05206154649326844,-0.017766844552433936,34,0.0
1999-09-07,1350.449951171875,-0.0050153846581624,-0.4649078851509663,0.0385609632920527,0.0250785733368463,0.936360463371101,2,Medium volatility,train,0.01976525619114517,0.039767273254831585,0.21446629137592244,0.2036097483435912,0.010856543032331245,-0.022680788690507714,35,0.0
1999-09-08,1344.1500244140625,-0.0046759729041294,-0.4350255679862884,0.019868270983348,0.0591592531632686,0.9209724758533832,2,Medium volatility,train,0.01781954086292797,0.047785177422585284,0.2178513681712727,0.1981410566353027,0.01971031153597,-0.02724003906843553,36,0.0
1999-09-09,1347.6600341796875,0.0026079193394705,0.2062591713613893,0.010074830098681,0.1388438370897182,0.8510813328116007,2,Medium volatility,train,0.012386690804445771,0.03452196036380068,0.21493633664393433,0.19198819428307842,0.022948142360855905,-0.024699848687553594,37,0.0
1999-09-10,1351.6600341796875,0.0029637114729359,0.2375836415677948,0.0056706565906803,0.2566552304664968,0.7376741129428227,2,Medium volatility,train,0.02437623632620307,0.04038558841332828,0.19517039144412246,0.19127850145200373,0.00389188999211873,-0.021805052888682508,38,0.0
1999-09-13,1344.1300048828125,-0.0055865247453548,-0.515191910462847,0.0044498398243307,0.3027356447958649,0.6928145153798044,2,Medium volatility,train,-0.009706251495240228,0.012313868629354881,0.06146966528208495,0.17760164130808168,-0.11613197602599673,-0.027254527182174915,39,0.0
1999-09-14,1336.2900390625,-0.005849820587068,-0.538372869156015,0.0038522649006263,0.3409017227224681,0.6552460123769055,2,Medium volatility,train,-0.010540687424145828,0.00413940990601798,0.06375862956347296,0.17885794155910398,-0.11509931199563102,-0.032928302212158256,40,0.0
1999-09-15,1317.969970703125,-0.0138044948271502,-1.2387142561567706,0.0086356674883402,0.0800999814960665,0.9112643510155932,2,Medium volatility,train,-0.01966920934716663,-0.019676656230455117,0.09893347027821116,0.18137042273529153,-0.08243695245708037,-0.04618651644259564,41,0.0
1999-09-16,1318.47998046875,0.0003868912980955,0.0107165492353492,0.0053526310228484,0.1743127841549125,0.820334584822239,2,Medium volatility,train,-0.02189023738854163,-0.010832435210309218,0.09231555478969192,0.17934847551012784,-0.08703292072043592,-0.04581742291086699,42,0.0
1999-09-17,1335.4200439453125,0.012766338892618,1.1006215833051625,0.0078811189264633,0.0909239027655716,0.901194978307965,2,Medium volatility,train,-0.012087609968859526,0.008898165962251382,0.1401820198619811,0.18339124233423598,-0.04320922247225489,-0.033557916764726414,43,0.0
1999-09-20,1335.530029296875,8.2356725965127e-05,-0.0160951288043115,0.0050017606048191,0.1902620992789718,0.804736140116209,2,Medium volatility,train,-0.006418728497539599,-0.0008083080284472886,0.13833253091235445,0.18020698137865007,-0.04187445046629562,-0.03347832048131638,44,0.0
1999-09-21,1307.5799560546875,-0.0211501718033995,-1.8854386155383045,0.0223608790316884,0.001943029187844,0.9756960917804676,2,Medium volatility,train,-0.021719079713871096,-0.03946836288749618,0.18872460419095596,0.18239196696676238,0.0063326372241935824,-0.053705759131222,45,0.0
1999-09-22,1310.510009765625,0.0022383149337876,0.1737186481035975,0.0117052419248511,0.0417390098474934,0.9465557482276554,2,Medium volatility,train,-0.0056762699529333,-0.03963854142420679,0.17520044844146165,0.18234139532719418,-0.007140946885732524,-0.05158528233799997,46,0.0
1999-09-23,1280.4100341796875,-0.0232360160425404,-2.069079454046404,0.044838457847588,0.00016245331852,0.954999088833892,2,Medium volatility,train,-0.0292991772935692,-0.07619942254177378,0.22264528927064353,0.18747263449848578,0.03517265477215775,-0.05991143604001803,47,0.0
1999-09-24,1277.3599853515625,-0.0023849292551938,-0.2333186673202655,0.0216112890300444,0.0338353070340625,0.9445534039358928,2,Medium volatility,train,-0.044450445441381,-0.06416612043271808,0.17429870063811695,0.18347318197382156,-0.009174481335704615,-0.0588547386295466,48,0.0
1999-09-27,1283.31005859375,0.0046472867248414,0.3858081183287011,0.011684458080159,0.0873164594542286,0.9009990824656124,2,Medium volatility,train,-0.03988551544250473,-0.04937958034905688,0.1880129633911678,0.18356724994050308,0.004445713450664718,-0.05447078790233584,49,0.0
1999-09-28,1282.199951171875,-0.0008654088169075,-0.0995378210898577,0.0065318845532302,0.1801265299061171,0.8133415855406527,2,Medium volatility,train,-0.019600752456012727,-0.032095263402884384,0.15812773939088137,0.17447911924627632,-0.01635137985539495,-0.05528870325250412,50,0.0
1999-09-29,1268.3699951171875,-0.0108447067816719,-0.9781301011760748,0.0079913125045537,0.087050469702914,0.9049582177925322,2,Medium volatility,train,-0.032683774171472224,-0.04020971260864408,0.15422121268180866,0.1773732361108768,-0.023152023429068136,-0.0654784678882332,51,0.0
1999-09-30,1282.7099609375,0.0112423891875437,0.9664507778190916,0.0085354121927377,0.0677823697376991,0.9236822180695632,2,Medium volatility,train,0.001794631058611872,-0.03700809281905308,0.11695299163370293,0.17998584748063148,-0.06303285584692855,-0.05491293347759729,52,0.0
1999-10-01,1282.81005859375,7.803303465880873e-05,-0.0164757930370682,0.0054041404170037,0.1538630280988303,0.840732831484166,2,Medium volatility,train,0.004257593348464481,-0.02790422573557287,0.1150712088054285,0.17815952096620177,-0.06308831216077328,-0.05483918258831444,53,0.0
1999-10-04,1304.5999755859375,0.0168434317359986,1.459574919505454,0.0122962520134649,0.0244625706327562,0.9632411773537788,2,Medium volatility,train,0.016453738359621682,-0.039556757075662766,0.15461315817001645,0.156808040563272,-0.0021948823932555483,-0.034816490392357013,54,0.0
1999-10-05,1301.3499755859375,-0.0024942932488229,-0.2429472364702392,0.0074761142727758,0.0722387065170263,0.920285179210198,2,Medium volatility,train,0.014824853927706284,-0.03703566566632327,0.15714520063512227,0.15643484846889583,0.0007103521662264467,-0.037220941154987086,55,0.0
1999-10-06,1325.4000244140625,0.0183121506749301,1.5888831259462164,0.0167451402745123,0.0070534075773649,0.9762014521481228,2,Medium volatility,train,0.043981711384308286,-0.014047542087263772,0.13559037290689016,0.17076709005132562,-0.03517671714443546,-0.01942796938696345,56,0.0
1999-10-07,1317.6400146484375,-0.0058720503273868,-0.5403300086563467,0.0106074949004388,0.0305688529748522,0.958823652124709,2,Medium volatility,train,0.026867271869377783,-0.02252751175412107,0.16116723533749494,0.17121555360467136,-0.01004831826717642,-0.025169065202032437,57,0.0
1999-10-08,1336.02001953125,0.0138527909165153,1.1962744402747207,0.0127298861000036,0.0164891180563252,0.9707809958436712,2,Medium volatility,train,0.04064202975123427,-0.01163843231054167,0.16208850915321113,0.17848364848946888,-0.016395139336257747,-0.006033631659215555,58,0.0
1999-10-11,1335.2099609375,-0.000606506084841,-0.0767436383236928,0.0074920708199135,0.0665152239271176,0.9259927052529688,2,Medium volatility,train,0.023192091930394673,-0.00665841365002787,0.1523837621593876,0.17755341664714622,-0.025169654487758625,-0.0008082662396837748,59,0.0
1999-10-12,1313.0400390625,-0.0167434644052155,-1.4974655222091198,0.0149688321009034,0.0050698300767601,0.9799613378223364,2,Medium volatility,train,0.008942920774002074,-0.01755205746817537,0.20408863179851194,0.18563461885777696,0.018454012940734982,-0.017200326441824343,60,0.0
1999-10-13,1285.550048828125,-0.0211584088700718,-1.886163819176315,0.0385984090088042,0.0001925888222931,0.9612090021689024,2,Medium volatility,train,-0.030527638770999826,-0.02490597151109697,0.19679052652001314,0.19365728464256254,0.0031332418774505932,-0.03777635811238267,61,0.0
1999-10-14,1283.4200439453125,-0.0016582562614466,-0.1693412928889467,0.018657771684432,0.0357054879191759,0.945636740396392,2,Medium volatility,train,-0.026313844705059628,-0.02695111907063907,0.19885071114976657,0.19356934317321636,0.005281367976550211,-0.039370649254486856,62,0.0
1999-10-15,1247.4100341796875,-0.0284589949067299,-2.528918304968891,0.1379407596181651,5.70536239424623e-06,0.8620535350194405,2,Medium volatility,train,-0.06862563052830482,-0.06817645286998697,0.17377453144558735,0.20772535202336828,-0.03395082057778093,-0.06632384549346182,63,0.0
1999-10-18,1254.1300048828125,0.0053726798395361,0.4496728102988949,0.0685105339156727,0.0299391170206135,0.9015503490637136,2,Medium volatility,train,-0.06264644460392772,-0.062886129756416,0.1988609371308515,0.20964318027926543,-0.010782243148413917,-0.061294002673080494,64,0.0
1999-10-19,1261.3199462890625,0.005716640065513,0.4799555817189934,0.0339173028038794,0.0746637349022819,0.8914189622938385,2,Medium volatility,train,-0.04018634013319923,-0.0360193178875035,0.22437590606518118,0.2009969111497467,0.023378994915434492,-0.05591239064546083,65,0.0
1999-10-20,1289.4300537109375,0.0220415528561455,1.9172252575592696,0.0796755942325008,0.0014302468541803,0.9188941589133188,2,Medium volatility,train,0.0030136215930180697,-0.016216079965145604,0.2616380443291732,0.21704787762386726,0.04459016670530594,-0.034872206358598445,66,0.0
1999-10-21,1283.6099853515625,-0.0045238925138741,-0.4216361835523744,0.0392915574134776,0.0285833469576445,0.9321250956288778,2,Medium volatility,train,0.00014798534059056942,0.002496043563520696,0.2635121761785612,0.20180805623568807,0.06170411994287314,-0.039228479673587446,67,0.0
1999-10-22,1301.6500244140625,0.0139562998002178,1.2053875168120147,0.0354440509048975,0.0152776196835678,0.9492783294115346,2,Medium volatility,train,0.042563280047538274,0.018837272618932296,0.14203791835294965,0.20709757330389436,-0.0650596549509447,-0.025725658758651293,68,0.0
1999-10-25,1293.6300048828125,-0.0061804853195219,-0.5674850854919294,0.0197589289302312,0.0376647744158162,0.9425762966539526,2,Medium volatility,train,0.031010114888480274,0.008009500574568998,0.1709186798367813,0.20804257787347735,-0.03712389803669605,-0.03172857743801649,69,0.0
1999-10-26,1281.9100341796875,-0.0091010439918477,-0.824615427937304,0.0144061065455182,0.0353652336451684,0.9502286598093131,2,Medium volatility,train,0.01619243083111957,-0.0002261346003712035,0.19695427088040227,0.2106093698963187,-0.013655099015916439,-0.040500879148912206,70,0.0
1999-10-27,1296.7099609375,0.0114790774135355,0.987289162330502,0.012815722301033,0.0328998116239581,0.9542844660750088,2,Medium volatility,train,0.005629955388509571,0.022097649594836198,0.152544232408573,0.2103025002683604,-0.05775826785978738,-0.029423255654164593,71,0.0
1999-10-28,1342.43994140625,0.0346585527148359,3.0280447473505023,0.2775113543407774,2.786884696223264e-07,0.7224883669707529,2,Medium volatility,train,0.04481240061721957,0.0455138131221284,0.25071270699471054,0.23826981945564327,0.012442887539067277,0.0,72,0.0
1999-10-29,1362.9300537109375,0.0151480234864251,1.310308647977211,0.2498529749182345,0.0033536725283763,0.7467933525533891,2,Medium volatility,train,0.046004124303426874,0.06058380357389469,0.2520198612212878,0.2421907478651761,0.009829113356111668,0.0,73,0.0
1999-11-01,1354.1199951171875,-0.0064850402543461,-0.5942985562935321,0.1388860011921795,0.0216295430895119,0.8394844557183085,2,Medium volatility,train,0.04569956936860268,0.03725533158354999,0.2529623356047236,0.23885050005767164,0.014111835547051949,-0.00646405776273129,74,0.0
1999-11-02,1347.739990234375,-0.0047226849470876,-0.4391381659340638,0.0685890220257004,0.0545682207322358,0.8768427572420636,2,Medium volatility,train,0.050077928413362775,0.03502693988528529,0.23814373832763594,0.23948627081019194,-0.0013425324825560025,-0.011145152632890842,75,0.0
1999-11-03,1354.9300537109375,0.0053207238192332,0.4450985247626469,0.0328688926879392,0.1141898506669714,0.8529412566450894,2,Medium volatility,train,0.04391957481906048,0.022035513029588387,0.23944333118859132,0.232276118480188,0.007167212708403314,-0.0058697069436673965,76,0.0
1999-11-04,1362.6400146484375,0.0056741731985026,0.4762167353946802,0.0163406363216333,0.1910564053908308,0.7926029582875358,2,Medium volatility,train,0.014935195302727172,0.03358173655547779,0.12493882083562136,0.2313413948694138,-0.10640257403379244,-0.00021280553738634023,77,0.0
1999-11-05,1370.22998046875,0.0055545893866826,0.4656883982050996,0.008596799700183,0.2895152166965842,0.7018879836032328,2,Medium volatility,train,0.005341761202984673,0.02528353502564509,0.08695186132472744,0.2275904144333018,-0.14063855310857437,0.0,78,0.0
1999-11-08,1377.010009765625,0.0049358942692698,0.4112175570892982,0.0047455867629202,0.4167600743050621,0.5784943389320176,2,Medium volatility,train,0.016762695726600572,0.03082593537975589,0.06421979857944773,0.2278240947992943,-0.16360429621984657,0.0,79,0.0
1999-11-09,1365.280029296875,-0.0085549317115312,-0.7765348880796402,0.0050370935436872,0.3346883047351656,0.660274601721147,2,Medium volatility,train,0.012930448962156973,0.039014468073440195,0.0885195393015666,0.22120884302278798,-0.1326893037212214,-0.008518442411864946,80,0.0
1999-11-10,1373.4599609375,0.0059735177442385,0.5025714757680113,0.0035201097985393,0.4405214465530356,0.5559584436484251,2,Medium volatility,train,0.013583242887162273,0.06614639468775049,0.0896260797381991,0.20480401414375077,-0.11517793440555167,-0.0025780849833686448,81,0.0
1999-11-12,1396.06005859375,0.0105131426796125,0.9022468273598055,0.0035357244101844,0.4733339434935977,0.5231303320962178,2,Medium volatility,train,0.018675430623148373,0.11258459617709829,0.10232232457224592,0.168207565397603,-0.06588524082535709,0.0,1,0.0
1999-11-16,1420.0699462890625,0.0182490741901721,1.5833297781296636,0.0116477690310725,0.1088243403986881,0.8795278905702394,2,Medium volatility,train,0.039346571085432075,0.1185473792920715,0.10158956526914023,0.17568228245065043,-0.0740927171815102,0.0,1,0.0
1999-11-17,1410.7099609375,-0.006613032287464,-0.6055671658296922,0.0081953743125099,0.1261304336172423,0.8656741920702478,2,Medium volatility,train,0.02676002105372957,0.08989279414846199,0.1382505955943986,0.17046018419923972,-0.03220958860484113,-0.006591214310268323,2,0.0
1999-11-18,1424.93994140625,0.0100365703882348,0.8602886918691263,0.0077612133706299,0.1178834565452974,0.8743553300840726,2,Medium volatility,train,0.030988783800405574,0.10445325705057089,0.14152221514789784,0.1681823006358445,-0.026660085487946655,0.0,3,0.0
1999-11-19,1422.0,-0.0020653350698021,-0.2051811184629176,0.0049861608184957,0.2134376490893983,0.7815761900921059,2,Medium volatility,train,0.01841030605099097,0.08843162218055099,0.14469404931563276,0.16682845945915445,-0.022134410143521688,-0.0020632037328875974,4,0.0
1999-11-22,1420.93994140625,-0.0007457481795087,-0.0890027200617099,0.0033454516448418,0.3554317146261971,0.6412228337289609,2,Medium volatility,train,0.01886152904163207,0.0938663593205642,0.14395368270409345,0.1635031351825237,-0.019549452478430263,-0.0028071358544785596,5,0.0
1999-11-23,1404.6400146484375,-0.0115375305771721,-1.0391273416969795,0.0061802287693582,0.157000939425636,0.8368188318050058,2,Medium volatility,train,-0.010925075725712132,0.09142987273523978,0.11414860602709863,0.16628680382169037,-0.05213819779459174,-0.014246163061285788,6,0.0
1999-11-24,1417.0799560546875,0.0088173327835123,0.75294519427217,0.0058572518014333,0.1734974952335954,0.8206452529649712,2,Medium volatility,train,0.004505289345264169,0.0887681281052166,0.1254698722346206,0.16514470729331035,-0.03967483505868974,-0.005516011674011723,7,0.0
1999-11-26,1416.6199951171875,-0.0003246363055122,-0.0519274024539648,0.0038123054076469,0.3069471517939458,0.6892405427984072,2,Medium volatility,train,-0.0058559173484828315,0.05378493908486849,0.10261583301174661,0.12361462343751213,-0.020998790425765523,-0.005838804883840698,8,0.0
1999-11-29,1407.8299560546875,-0.0062242685073057,-0.57133982266084,0.0036826351853093,0.3316424324330422,0.6646749323816484,2,Medium volatility,train,-0.010014850785986431,0.03241264709113769,0.10771378696956128,0.11848249023456028,-0.010768703264999,-0.01200751333749328,9,0.0
1999-11-30,1388.9100341796875,-0.0135301891295442,-1.21456397332613,0.008155714190971,0.083958818250826,0.907885467558203,2,Medium volatility,train,-0.02279929173602193,0.025367498215939588,0.12873263851742822,0.1267725673449229,0.0019600711725053233,-0.025285211102304528,10,0.0
1999-12-01,1397.719970703125,0.006323025202648,0.5333426338069217,0.0060688081277738,0.1405831223040834,0.8533480695681428,2,Medium volatility,train,-0.004938735956201829,0.03641320836567519,0.1298920307955059,0.12595274226173722,0.003939288533768681,-0.019102538929649193,11,0.0
1999-12-02,1409.0400390625,0.0080663324965124,0.6868260086510575,0.0055108701624848,0.1745348813035702,0.819954248533945,2,Medium volatility,train,-0.00568973624320173,0.03915881704295439,0.12709220086249137,0.1272654493896601,-0.00017324852716874006,-0.01115829648796185,12,0.0
1999-12-03,1433.300048828125,0.0170708628492795,1.4795982940038954,0.0128679401047649,0.0258143522790826,0.9613177076161524,2,Medium volatility,train,0.01170576291158997,0.05055550669373129,0.17256740590607572,0.13718054420959153,0.035386861696484195,0.0,13,0.0
1999-12-06,1423.3299560546875,-0.0069803462396516,-0.6379060341448244,0.0092139047022647,0.0426987783239917,0.9480873169737436,2,Medium volatility,train,0.010949685179244072,0.03802057106739709,0.17451461820290154,0.14051039868620344,0.0340042195166981,-0.006956040210554071,14,0.0
1999-12-07,1409.1700439453125,-0.0099982560051481,-0.9036073120627875,0.0089818884405802,0.0312702620517561,0.9597478495076636,2,Medium volatility,train,0.01448161830364017,0.02308642079297919,0.1592534599531228,0.1458447265481993,0.01340873340492349,-0.01683527807212548,15,0.0
1999-12-08,1403.8800048828125,-0.003761074425701,-0.3544765410859982,0.0062880125047322,0.073999228411677,0.9197127590835908,2,Medium volatility,train,0.00439751867529117,0.02788027807880939,0.1611787935374569,0.1427334557368141,0.018445337800642808,-0.020526088706524837,16,0.0
1999-12-09,1408.1099853515625,0.0030085339378871,0.2415298782489328,0.0046316411430802,0.1599248002059722,0.8354435586509475,2,Medium volatility,train,-0.00066027988333413,0.024915294272457988,0.15279401074708698,0.14190102078995523,0.010892989957131755,-0.01757487100984756,17,0.0
1999-12-10,1417.0400390625,0.0063218472471247,0.5332389248453584,0.0041614616677828,0.2346483191660204,0.7611902191661968,2,Medium volatility,train,-0.01140929548548893,0.025429333878023888,0.09677427635424822,0.14212022515305,-0.045345948798801786,-0.011344456297841643,18,0.0
1999-12-13,1415.219970703125,-0.0012852411880537,-0.1365004893578806,0.0030142865733775,0.3756214181739202,0.6213642952527022,2,Medium volatility,train,-0.005714190433891031,0.013630950010357688,0.08930713234900392,0.1382630691641491,-0.04895593681514518,-0.012614300920300914,19,0.0
1999-12-14,1403.1700439453125,-0.0085509813181232,-0.776187089550743,0.0040688720836646,0.2989782880510823,0.6969528398652531,2,Medium volatility,train,-0.004266915746866132,0.006276939862384288,0.08226994059248832,0.14181734906937576,-0.05954740847688744,-0.021021421793327222,20,0.0
1999-12-15,1413.3299560546875,0.0072145969666621,0.6118379419710298,0.0036514252329877,0.366263076062967,0.6300854987040452,2,Medium volatility,train,0.006708755645496969,-0.004757537361125713,0.09169835906117572,0.12877265387605172,-0.037074294814875994,-0.013932946412556935,21,0.0
1999-12-23,1458.3399658203125,0.0153467799457995,1.3278074631684398,0.0047116945426242,0.4593436930256135,0.5359446124317622,2,Medium volatility,train,0.02750141107438947,0.028700393714316888,0.10296748121427013,0.12760499619518006,-0.024637514980909936,0.0,1,0.0
2000-01-04,1399.4200439453125,-0.0390991753409375,-3.465695663579399,0.3769398372009034,1.0180915198986668e-07,0.6230600609899446,2,Medium volatility,train,-0.04077453721180843,-0.016941269304896908,0.25745701262991627,0.1702568019273411,0.08720021070257516,-0.0475276202516165,1,1.0
2000-01-05,1402.1099853515625,0.0019203379615859,0.1457234811080804,0.1973961873667313,0.0306918646024669,0.7719119480308018,2,Medium volatility,train,-0.04282523391442633,-0.005022675338162911,0.2528776721899206,0.16715024387444447,0.08572742831547611,-0.04569679404351712,2,1.0
2000-01-06,1403.449951171875,0.0009552217400567,0.0607532091896034,0.0894682370527892,0.0962154300841892,0.8143163328630215,2,Medium volatility,train,-0.04255992609257593,-0.0003063791724052104,0.25337217847132887,0.16669822837200907,0.0866739500993198,-0.04478478735962221,3,1.0
2000-01-07,1441.469970703125,0.0267299497298703,2.329998712543707,0.3218771668564852,0.0001226502452544,0.6780001828982604,2,Medium volatility,train,-0.019088660609700433,0.02341503661957799,0.33802075358630657,0.19060819182850317,0.1474125617578034,-0.018907625861408928,4,1.0
2000-01-10,1457.5999755859375,0.0111278248731396,0.9563643646701692,0.2247013428531087,0.0101564318359826,0.7651422253109086,2,Medium volatility,train,0.001634158963714969,0.02822101424559289,0.34569490195597335,0.19295546471570788,0.15273943724026548,-0.00792923220286712,5,1.0
2000-01-11,1438.56005859375,-0.013148576788903,-1.1809662535609895,0.1832629732953564,0.0055475212070952,0.8111895054975482,2,Medium volatility,train,0.027584757515749465,0.01635767864474359,0.20862994856224112,0.19930510975906748,0.00932483880317364,-0.020888168389484485,6,1.0
2000-01-12,1432.25,-0.0043960196786096,-0.4103780683730488,0.091492431713072,0.033579555365895,0.8749280129210328,2,Medium volatility,train,0.021268399875553966,0.02051264028425719,0.21777281963186443,0.19735299843536055,0.020419821196503873,-0.02518291645397308,7,1.0
2000-01-13,1449.6800537109375,0.0120962451654174,1.041625531906416,0.0664518785638509,0.027433870687055,0.906114250749094,2,Medium volatility,train,0.03240942330091466,0.02539428848301249,0.22073830127808816,0.1999870199703466,0.020751281307741565,-0.013319684389356823,8,1.0
2000-01-14,1465.1500244140625,0.0106147634973403,0.9111936757520416,0.0436730118550283,0.0338386672392407,0.9224883209057309,2,Medium volatility,train,0.016294237068384666,0.03216027492149949,0.16218907324491078,0.20244138712253718,-0.0402523138776264,-0.0027905227741620298,9,1.0
2000-01-18,1455.1400146484375,-0.006855516976735,-0.6269158796154555,0.0245531909430704,0.0512968334250972,0.9241499756318324,2,Medium volatility,train,-0.0016891047814899347,0.02372014459078069,0.15836839159046923,0.2045487345488576,-0.04618034295838838,-0.009603529250680642,10,1.0
2000-01-19,1455.9000244140625,0.0005221568736217,0.022625532295917,0.0118152471256806,0.128459048761847,0.8597257041124723,2,Medium volatility,train,0.011981628881034765,0.02631341119739559,0.12232154851676076,0.20422494902448654,-0.08190340050772578,-0.009086251887655217,11,1.0
2000-01-20,1445.5699462890625,-0.007120612569861,-0.6502552911079029,0.0085206557798542,0.1343083528145303,0.8571709914056154,2,Medium volatility,train,0.009257035989783367,0.00843345920834129,0.1308713707941524,0.20317350247224417,-0.07230213167809177,-0.016117103087246898,12,1.0
2000-01-21,1441.3599853515625,-0.0029165681339531,-0.280124947313193,0.0053477260197565,0.2240121733886791,0.7706401005915642,2,Medium volatility,train,-0.005755777309587135,0.0036351029859820897,0.1034958658096701,0.20341710106615943,-0.09992123525648933,-0.018982484021397017,13,1.0
2000-01-24,1401.530029296875,-0.0280225842284593,-2.490496057809865,0.0687373413948154,4.350437223060734e-05,0.931219154232954,2,Medium volatility,train,-0.044393125035386734,-0.03973426118827671,0.15836292735259225,0.21752915750732832,-0.05916623015473607,-0.0460915233643866,14,1.0
2000-01-25,1410.030029296875,0.0060464836030407,0.508995498828534,0.0351026096564913,0.0291400795947605,0.935757310748748,2,Medium volatility,train,-0.03149112445561104,-0.03283714074546871,0.18553071187002443,0.21928476690470042,-0.03375405503467599,-0.04030625877360894,15,1.0
2000-01-26,1404.0899658203125,-0.0042216197666675,-0.3950236399532273,0.0179357651825787,0.067844035449155,0.9142201993682662,2,Medium volatility,train,-0.03623490109590023,-0.03744305191092431,0.17907446090773774,0.2193275464489895,-0.04025308554125176,-0.044349180996894666,16,1.0
2000-01-27,1398.56005859375,-0.0039462040244826,-0.3707756271418791,0.0099452559558754,0.1217777349457583,0.8682770090983661,2,Medium volatility,train,-0.03306049255052183,-0.04536029059961071,0.18031748972524647,0.21837830497813351,-0.03806081525288704,-0.048112942934320224,17,1.0
2000-01-28,1360.1600341796875,-0.0278408127297336,-2.47449262389257,0.0880908949748487,2.4842902138654663e-05,0.9118842621230124,2,Medium volatility,train,-0.05798473714630233,-0.07389101724755061,0.21972116114421572,0.23517231512522913,-0.015451153981013405,-0.07424874311404628,18,1.0
2000-01-31,1394.4599609375,0.0249048505291247,2.169314256199341,0.2373292017174905,5.644045188690044e-05,0.7626143578306226,2,Medium volatility,train,-0.0050573023887183315,-0.052244850965420704,0.27128244961134323,0.254376715804656,0.01690573380668725,-0.048247662217957954,19,1.0
2000-02-01,1409.280029296875,0.0105717409154069,0.9074059034568832,0.1559007654258117,0.012455888202447,0.8316433463717412,2,Medium volatility,train,-0.0005320450763521313,-0.03207811534973801,0.2786382799952069,0.25695725822639887,0.02168102176880804,-0.0381326104400338,20,1.0
2000-02-02,1409.1199951171875,-0.0001135638507472,-0.0333442686553585,0.0707333304689215,0.0597701282133699,0.8694965413177085,2,Medium volatility,train,0.0035760108395681677,0.006907496140452294,0.2767953402327422,0.21767686038500839,0.05911847984773383,-0.03824183760245459,21,1.0
2000-02-03,1424.969970703125,0.0111853476979195,0.961428759977216,0.0487582065951363,0.0511035173242739,0.9001382760805897,2,Medium volatility,train,0.018707562561970266,0.016172505876785894,0.2806022536848577,0.22085842712858264,0.059743826556275054,-0.027423849463474648,22,1.0
2000-02-04,1424.3699951171875,-0.0004211330357222,-0.0604231185369418,0.0216476923570659,0.1264087111027452,0.8519435965401888,2,Medium volatility,train,0.046127242255981665,0.014796151101006993,0.14751698401922228,0.22089824730189175,-0.07338126328266947,-0.02783334717766095,23,1.0
2000-02-07,1424.239990234375,-9.127601431657696e-05,-0.0313820142866734,0.0098755856876252,0.2439052753396806,0.7462191389726941,2,Medium volatility,train,0.02113111571254039,-0.012025074643179883,0.08629878903751304,0.1996005708099175,-0.11330178177240446,-0.027922078625394087,24,1.0
2000-02-08,1441.719970703125,0.012198493672594,1.0506276430141208,0.0108033038919523,0.1460619284246085,0.8431347676834391,2,Medium volatility,train,0.02275786846972749,-0.010954405843725484,0.09270759256189834,0.20042597140156235,-0.10771837883966401,-0.01599157309525867,25,1.0
2000-02-09,1411.7099609375,-0.0210351170597515,-1.87530902426712,0.0335688377639184,0.0015359068275894,0.964895255408492,2,Medium volatility,train,0.0018363152607231877,-0.018840946114573983,0.18995129582512363,0.20837317193851124,-0.01842187611338761,-0.03647412386860116,26,1.0
2000-02-10,1416.8299560546875,0.0036202428527767,0.2953856436724686,0.0168677034320633,0.0386809773115281,0.9444513192564086,2,Medium volatility,train,-0.0057287895844196106,-0.010824683583187684,0.17360753061269757,0.20854457611417238,-0.034937045501474806,-0.03297960451435611,27,1.0
2000-02-11,1387.1199951171875,-0.0211922989891899,-1.8891475558212671,0.0432423869417339,0.0004486805666617,0.9563089324916044,2,Medium volatility,train,-0.02649995553788731,-0.04411322773779498,0.21451833932400538,0.21483459588186837,-0.0003162565578629928,-0.05325736477264875,28,1.0
2000-02-14,1389.93994140625,0.0020308868535492,0.1554563704750464,0.0205421006129797,0.0388486338012376,0.9406092655857828,2,Medium volatility,train,-0.024377792670021534,-0.052697104381586084,0.21751762969778868,0.2103869171932574,0.007130712504531289,-0.04530536568564081,29,1.0
2000-02-15,1402.050048828125,0.0086749475530796,0.7404093861724244,0.0136879230680119,0.0598630464489668,0.9264490304830212,2,Medium volatility,train,-0.02790133878953593,-0.03716663985177149,0.2043287968748116,0.21330244325331765,-0.008973646378506062,-0.03698741306609277,30,1.0
2000-02-16,1387.6700439453125,-0.01030937281668,-0.9309985002788436,0.0120092902501113,0.0371596331271583,0.95083107662273,2,Medium volatility,train,-0.01717559454646443,-0.047998169542073185,0.17227781697670805,0.2150639714108186,-0.042786154434110546,-0.04005333847205761,31,1.0
2000-02-17,1388.260009765625,0.0004250581374742,0.0140768147121209,0.0069894500856976,0.1041197822100532,0.888890767704249,2,Medium volatility,train,-0.02037077926176693,-0.04045249883473798,0.16679007293305279,0.214560954745259,-0.047770881812206206,-0.037080682812091204,32,1.0
2000-02-18,1346.0899658203125,-0.0308471030816921,-2.7391709113086304,0.1205556977461497,2.65883806671572e-06,0.8794416434157835,2,Medium volatility,train,-0.030025583354269133,-0.06838303378247698,0.21962881569854453,0.23665075258474672,-0.017021936886202182,-0.06633049886669318,33,1.0
2000-02-22,1352.1700439453125,0.0045066734811154,0.3734283185820902,0.0580602279958102,0.0325302408767287,0.9094095311274608,2,Medium volatility,train,-0.027549796726702935,-0.035853776072902285,0.22469850524403084,0.22023013914202824,0.004468366102002602,-0.06211325956325564,34,1.0
2000-02-23,1360.68994140625,0.0062811391063375,0.5296549194014303,0.0296768733283416,0.0739839631361348,0.8963391635355235,2,Medium volatility,train,-0.029943605173445034,-0.035619120569605485,0.21748035534549415,0.22033685306306802,-0.002856497717573875,-0.05620372259763928,35,1.0
2000-02-24,1353.4300537109375,-0.0053497303162455,-0.4943441756705363,0.0159625878240507,0.111092482899453,0.8729449292764963,2,Medium volatility,train,-0.024983962673010535,-0.03674723111918349,0.21477771429168635,0.2205287880757436,-0.005751073784057259,-0.061239296663920584,36,1.0
2000-02-25,1333.3599853515625,-0.0149400893854352,-1.3386936951654016,0.0209672123100755,0.0157508148382148,0.9632819728517096,2,Medium volatility,train,-0.040349110195919934,-0.047741116480136084,0.21737323985343163,0.2250865450703431,-0.007713305216911465,-0.07516021665338757,37,1.0
2000-02-28,1348.050048828125,0.0109570787459798,0.9413316209133532,0.0163047308602571,0.0238151570015028,0.95988011213824,2,Medium volatility,train,0.0014550716317519707,-0.008943225004422685,0.14742330382533664,0.20927445664532157,-0.061851152819984934,-0.06497095398443942,38,1.0
2000-02-29,1366.4200439453125,0.0135350730966461,1.1683020894371643,0.0166327258822652,0.0155533874631893,0.9678138866545452,2,Medium volatility,train,0.010483471247282671,-0.020313002436901283,0.16987262407158593,0.1951393463251326,-0.025266722253546675,-0.05222923195070184,39,1.0
2000-03-01,1379.18994140625,0.0093021147284817,0.7956261199123487,0.0121827983609355,0.0328004181371925,0.955016783501872,2,Medium volatility,train,0.01350444686942687,-0.021582628623826483,0.17463935423192933,0.19423677773542009,-0.019597423503490752,-0.04337182710063947,40,1.0
2000-03-02,1381.760009765625,0.0018617281349939,0.1405633845398907,0.0071528465659508,0.0966072579537868,0.8962398954802624,2,Medium volatility,train,0.02071590532066627,-0.019607336638085383,0.16353481189376443,0.194480573621114,-0.030945761727349586,-0.041589186635361375,41,1.0
2000-03-03,1409.1700439453125,0.0196428537973814,1.7060402140099695,0.019458447282934,0.0053679960358747,0.9751735566811912,2,Medium volatility,train,0.05529884850348287,-0.011149830538623482,0.09188044601203575,0.203154544592927,-0.11127409858089125,-0.022577149113040318,42,1.0
2000-03-06,1391.280029296875,-0.0127767019942108,-1.1482258418678182,0.018636616770905,0.0058349324059098,0.975528450823185,2,Medium volatility,train,0.03156506776329227,-0.023505399497112084,0.17719943029182472,0.20750097245990945,-0.030301542168084727,-0.034985949027015684,43,1.0
2000-03-07,1355.6199951171875,-0.0259652971202895,-2.3093694317144235,0.090871330596553,1.3296846866645176e-05,0.9091153725565804,2,Medium volatility,train,-0.00793530245364333,-0.049379420603085006,0.25603608252290255,0.22441781952243503,0.03161826300046752,-0.05972031832502578,44,1.0
2000-03-08,1366.699951171875,0.008140128606934,0.6933231283027342,0.05064404721853,0.0218012117024318,0.927554741079038,2,Medium volatility,train,-0.009097288575191029,-0.053437785668745005,0.2536404671714158,0.22149594621439897,0.03214452095701684,-0.03538180758289777,45,1.0
2000-03-09,1401.68994140625,0.0252795704034234,2.2023051529454016,0.1634562683519677,0.0001081554549446,0.8364355761930875,2,Medium volatility,train,0.014320553693238472,-0.007123098205570104,0.3084384766178481,0.23087752091958674,0.07756095569826138,-0.010685837480876259,46,1.0
2000-03-10,1395.0699462890625,-0.0047340549396848,-0.4401391970442491,0.0820680619509961,0.0248614944022375,0.8930704436467664,2,Medium volatility,train,-0.010056355043827727,-0.015477395998031603,0.2790433584259931,0.23087382497357903,0.048169533452414065,-0.010005958980488505,47,1.0
2000-03-13,1383.6199951171875,-0.0082413052331293,-0.7489227450483903,0.0480392708911289,0.0329581966702405,0.9190025324386306,2,Medium volatility,train,-0.005520958282746227,-0.0025264022419710045,0.2716117830535381,0.2205596712201104,0.05105211183342773,-0.018131274460384872,48,1.0
2000-03-14,1359.1500244140625,-0.0178437271754159,-1.5943342978862844,0.0667537240958923,0.0018725882676819,0.9313736876364256,2,Medium volatility,train,0.0026006116621273695,-0.022401016270936106,0.23681176942282736,0.22867948274191008,0.008132286680917283,-0.03549608490910494,49,1.0
2000-03-15,1392.1400146484375,0.023982619773033,2.08811968463517,0.1693583227068213,0.0001089218556513,0.8305327554375274,2,Medium volatility,train,0.01844310282822637,-0.007093344050982709,0.27994298411309104,0.24264712518887752,0.037295858924213526,-0.012085148538351964,50,1.0
2000-03-27,1523.8599853515625,-0.0023596196528954,-0.2310903721766651,0.3393876766813336,0.0629756529835549,0.5976366703351114,2,Medium volatility,train,0.0451210280649698,0.1225874399033084,0.169103355584652,0.2661299737664824,-0.09702661818183039,-0.0023568379388013705,1,1.0
2000-03-28,1507.72998046875,-0.0106413844066004,-0.960229295955371,0.2501494062816002,0.0370903859825624,0.7127602077358374,2,Medium volatility,train,0.0092351305778733,0.09841098240006191,0.14780477773361533,0.27075771808069876,-0.12295294034708343,-0.01291685607041404,2,1.0
2000-03-29,1508.52001953125,0.000523855171532,0.0227750529774865,0.1156084469601084,0.1094025837203608,0.7749889693195307,2,Medium volatility,train,0.0052373571399444005,0.08963272284311222,0.1463313188499236,0.2706711450206148,-0.1243398261706912,-0.012399631997309646,3,1.0
2000-03-30,1487.9200439453125,-0.0137498496204333,-1.2339032106368648,0.1075134656647893,0.0233427342443115,0.8691438000908991,2,Medium volatility,train,-0.026154990524990897,0.07402114508768502,0.09292436714302048,0.27786852294708597,-0.18494415580406548,-0.025886057902243964,4,1.0
2000-03-31,1498.5799560546875,0.0071387626855159,0.6051613787281853,0.0565081263855826,0.0553761402803385,0.8881157333340788,2,Medium volatility,train,-0.019088235822881227,0.061517053975819525,0.12010813349807756,0.27213809649433807,-0.1520299629962605,-0.018907209106212464,5,1.0
2000-04-03,1505.969970703125,0.0049192256617622,0.4097500280178471,0.0268866193650294,0.1187739821018868,0.8543393985330838,2,Medium volatility,train,-0.011809390508223626,0.07921298163179252,0.1327853428774384,0.26596663850512126,-0.13318129562768286,-0.014069102159106839,6,1.0
2000-04-04,1494.72998046875,-0.0074916139480274,-0.6829188059071669,0.0166186606893633,0.1186025846824545,0.864778754628182,2,Medium volatility,train,-0.008659620049650629,0.09768666480405462,0.12410981792517316,0.24676245342263917,-0.12265263549746601,-0.02142771745628047,7,1.0
2000-04-05,1487.3699951171875,-0.0049361190810603,-0.457929225493305,0.009534110325769,0.1692095017814267,0.8212563878928042,2,Medium volatility,train,-0.01411959430224293,0.08461041711606032,0.12395054037387244,0.24872793054154196,-0.12477739016766952,-0.026246164773907843,8,1.0
2000-04-06,1501.3399658203125,0.009348563512983,0.7997155401928457,0.0079397694807697,0.1716918051427726,0.8203684253764576,2,Medium volatility,train,0.008978818831173371,0.06867941022561992,0.10694331294967724,0.23759872252054692,-0.13065540957086968,-0.01710028137245312,9,1.0
2000-04-07,1516.3499755859375,0.0099480952948578,0.8524992126597264,0.0074575179106145,0.1580524327915924,0.834490049297793,2,Medium volatility,train,0.01178815144051527,0.08336156046016252,0.11518735192456797,0.23666724139247153,-0.12147988946790356,-0.007273503486627253,10,1.0
2000-04-10,1504.4599609375,-0.0078721113213831,-0.7164183622891667,0.0066416265910885,0.1424185644329509,0.8509398089759607,2,Medium volatility,train,-0.001003185542630028,0.08373075437190872,0.12869491064150737,0.23642665183205358,-0.10773174119054621,-0.01505767783653289,11,1.0
2000-04-11,1500.5899658203125,-0.0025756625353894,-0.2501111098474922,0.0045095015368557,0.2398101053985669,0.7556803930645773,2,Medium volatility,train,0.003912765870007972,0.09899881901193523,0.11799955085530968,0.22407961586041095,-0.10608006500510127,-0.01759129260625314,12,1.0
2000-04-12,1467.1700439453125,-0.0225229361754104,-2.006298838760896,0.0265587545335859,0.0012577710795579,0.9721834743868562,2,Medium volatility,train,-0.013674051224342126,0.05249326306349182,0.19113476156218076,0.23193713424850398,-0.040802372686323224,-0.039470702037376904,13,1.0
2000-04-13,1440.510009765625,-0.0183381808216607,-1.63786673453514,0.041689599315032,0.0006064530098111,0.9577039476751568,2,Medium volatility,train,-0.04136079555898583,-0.012390696617219872,0.18362314667273535,0.17992588026171896,0.003697266411016392,-0.05692453707166778,14,1.0
2000-05-01,1468.25,0.0108331626289039,0.9304218611060444,0.4461822149197911,0.0203115887343372,0.5335061963458716,2,Medium volatility,train,0.026494688283966172,-0.020446748324486598,0.25143888788184193,0.32090061384362606,-0.06946172596178413,-0.03172089317134785,1,1.0
2000-05-02,1446.2900390625,-0.0150695315329274,-1.3500899749343778,0.4261551482516432,0.0034516925390904,0.5703931592092664,2,Medium volatility,train,-0.02130913678995143,-0.040435505519176206,0.15218508636789396,0.32367724354306204,-0.17149215717516808,-0.046203012267247434,2,1.0
2000-05-04,1409.5699462890625,-0.0039155274882096,-0.3680748191246811,0.3881405612529192,0.0175499234038124,0.5943095153432684,2,Medium volatility,train,-0.03851600823244793,-0.0537248011422084,0.17558479134602573,0.33037324228122383,-0.1547884509351981,-0.07041911894753305,1,0.0
2000-05-05,1432.6300048828125,0.0162272640983278,1.4053266014766708,0.3825333699900026,0.0046606504303951,0.6128059795796021,2,Medium volatility,train,-0.01372613345781563,-0.0468461005568636,0.23121565430182592,0.3343635895276204,-0.10314793522579449,-0.05521150924988438,2,0.0
2000-05-08,1424.1700439453125,-0.0059227005901947,-0.544789333354786,0.2231251596080444,0.0236875761681901,0.7531872642237655,2,Medium volatility,train,-0.03048199667691423,-0.06271689644191611,0.2045656428174672,0.331509527649782,-0.12694388483231478,-0.05336793206657031,3,0.0
2000-05-09,1412.1400146484375,-0.0084829240727151,-0.770195228136181,0.1355819404434095,0.0303366756421361,0.8340813839144544,2,Medium volatility,train,-0.02389538921670193,-0.06332770919324811,0.19400718768918554,0.3316261987993446,-0.13761901111015903,-0.05894345103362264,4,0.0
2000-05-10,1383.050048828125,-0.0208150540471354,-1.855934348343052,0.2318571421668448,0.0003998776149552,0.7677429802181999,2,Medium volatility,train,-0.02290894209992703,-0.0815671007049941,0.18969822866788522,0.33717435363330683,-0.14747612496542162,-0.06388746502161247,5,0.0
2000-05-11,1407.81005859375,0.01774410644515,1.5388716645393616,0.2578109563878453,0.0014072611947586,0.7407817824173961,2,Medium volatility,train,-0.001249308166567431,-0.0413000580844337,0.23739371079547386,0.33819943560576754,-0.10080572481029368,-0.047128739965040634,6,0.0
2000-05-12,1420.9599609375,0.009297324968962,0.7952044223387982,0.1589153957049326,0.0172266784447427,0.8238579258503246,2,Medium volatility,train,-0.00817924729593323,-0.013664552293811003,0.21629195005673602,0.33494435315071175,-0.11865240309397573,-0.03822827506273552,7,0.0
2000-05-15,1452.3599853515625,0.0218571374325824,1.9009890485550431,0.2753193962701707,0.0004873277129305,0.7241932760168988,2,Medium volatility,train,0.01960059072684387,0.0682376826607944,0.2566979946583999,0.2645053385772563,-0.007807343918856402,-0.016975279570969226,8,0.0
2000-05-16,1466.0400390625,0.0093751053963178,0.8020523271972263,0.1715900997303865,0.01582518381457,0.8125847164550434,2,Medium volatility,train,0.03745862019587677,0.0450646772437722,0.23754093460545733,0.24367281218072295,-0.006131877575265621,-0.007715983590439124,9,0.0
2000-05-17,1447.800048828125,-0.0125197182640963,-1.1256006108963037,0.1334636431532003,0.0084620209079822,0.8580743359388174,2,Medium volatility,train,0.04575395597891587,0.004284662178971502,0.18849653889259718,0.22925169684681437,-0.04075515795421719,-0.020061656482573076,10,0.0
2000-05-18,1437.2099609375,-0.0073414895751806,-0.6697016321639138,0.0740592869614542,0.0243075521823356,0.90163316085621,2,Medium volatility,train,0.02066835995858527,0.006800080985725903,0.19792550096742673,0.2280212349167009,-0.030095733949274173,-0.02722952002398049,11,0.0
2000-05-19,1406.949951171875,-0.0212795008342983,-1.896824936353649,0.1444446032186533,0.0002964334785185,0.8552589633028281,2,Medium volatility,train,-0.00990846584467503,-0.019420061367579497,0.24689320415163973,0.23912998341726727,0.007763220734372467,-0.047710900632131015,12,0.0
2000-05-22,1400.719970703125,-0.0044378369728219,-0.4140597253391748,0.0713761248707018,0.0263771905765557,0.9022466845527424,2,Medium volatility,train,-0.03620344025007933,-0.020590157916183398,0.16015280337286494,0.23930578764162752,-0.07915298426876258,-0.051927640882716175,13,0.0
2000-05-23,1373.8599853515625,-0.0193620835591028,-1.7280126590132068,0.1118843604098512,0.0008066247941072,0.8873090147960415,2,Medium volatility,train,-0.06494062920549992,-0.0726865350162764,0.10399573727795894,0.21313878450678878,-0.10914304722882984,-0.06428742696981948,14,0.0
2000-05-24,1399.050048828125,0.0181691840985207,1.5762961352794214,0.1359541264984303,0.0014303719097649,0.8626155015918048,2,Medium volatility,train,-0.034251726842882926,-0.043320811674158397,0.2241379768470347,0.2239514670922268,0.000186509754807912,-0.047130904935722806,15,0.0
2000-05-25,1381.52001953125,-0.0126091133279739,-1.1334710856810024,0.1052793874420678,0.004761781880201,0.8899588306777312,2,Medium volatility,train,-0.039519350595676225,-0.0586163070361062,0.22719465750652737,0.22601840180661276,0.0011762556999146134,-0.059070308509279745,16,0.0
2000-05-26,1378.02001953125,-0.0025366559841284,-0.2466769148839077,0.0489494862308274,0.0401454598230655,0.910905053946107,2,Medium volatility,train,-0.020776505745506327,-0.0525903523439301,0.20127419321272644,0.2250861239071049,-0.023811930694378453,-0.061454098735739815,17,0.0
2000-05-30,1422.449951171875,0.0317330022412738,2.770474919277439,0.3866467409820177,2.251112820190747e-06,0.6133510079051621,2,Medium volatility,train,0.015394333468589375,-0.03169051273156019,0.3036988957422358,0.2509636799329845,0.05273521580925128,-0.02973321787207117,18,0.0
2000-05-31,1420.5999755859375,-0.001301402293099,-0.1379233371554509,0.2040767787625298,0.0287531306671835,0.7671700905702866,2,Medium volatility,train,0.03345501473459318,-0.017922383491731798,0.25402913957090056,0.24611603591981193,0.007913103651088632,-0.03099510399840133,19,0.0
2000-06-01,1448.81005859375,0.0196632698740293,1.7078376758550642,0.2785643379669524,0.0017664072837337,0.7196692547493139,2,Medium volatility,train,0.03494910051010178,0.023542387546207803,0.2575839047870313,0.2435347220619298,0.0140491827251015,-0.011752735266199243,20,0.0
2000-06-02,1477.260009765625,0.0194464568964205,1.6887491378614905,0.3515125367541613,0.0006895177985582,0.6477979454472805,2,Medium volatility,train,0.06700467073449617,0.04690437193083791,0.21083777576562826,0.2506870995324143,-0.03984932376678604,0.0,21,0.0
2000-06-05,1467.6300048828125,-0.0065401690120081,-0.599152174360013,0.206191528308446,0.01701861058122,0.776789861110334,2,Medium volatility,train,0.06300115770661649,0.024136938820502003,0.22700330702813495,0.2471519128966474,-0.020148605868512443,-0.0065188286551806085,22,0.0
2000-06-06,1457.8399658203125,-0.0066929934040427,-0.6126070618204897,0.1134349377059911,0.0358420947334075,0.8507229675606013,2,Medium volatility,train,0.024575162061299977,0.02336664600665401,0.19224347159136185,0.24744608465026927,-0.05520261305890742,-0.013145989072291697,23,0.0
2000-06-07,1471.3599853515625,0.0092312684466815,0.7893887075730991,0.0670126295596292,0.052148004023892,0.8808393664164788,2,Medium volatility,train,0.03510783280108047,0.04108083852605061,0.18662955782593857,0.2463277577756432,-0.05969819994970463,-0.003993897062845808,24,0.0
2000-06-08,1461.6700439453125,-0.0066074854766267,-0.6050788163287595,0.0360132032932275,0.0719182500499958,0.8920685466567767,2,Medium volatility,train,0.008837077450424474,0.05528840709655931,0.17082490736585698,0.23431971657827286,-0.06349480921241588,-0.010553298483173545,25,0.0
2000-06-09,1456.949951171875,-0.0032344716999075,-0.3081136515131892,0.0172257695081105,0.1364569464012934,0.8463172840905959,2,Medium volatility,train,-0.013843851145903526,0.0343098289515018,0.09748977620123454,0.22859258969408597,-0.1311028134928514,-0.013748465713203983,26,0.0
2000-06-12,1446.0,-0.007544052283805,-0.687535555217333,0.0115974036039242,0.1323740771110527,0.856028519285023,2,Medium volatility,train,-0.014847734417700428,0.01746845169873481,0.09963194000458424,0.22898012203661214,-0.12934818203202791,-0.02116080416377386,27,0.0
2000-06-13,1469.43994140625,0.0160802122174423,1.3923799345092809,0.0177130041784067,0.0271211649879348,0.9551658308336584,2,Medium volatility,train,0.007925471203784572,0.011691526483594707,0.1492980914566464,0.22310668171460132,-0.07380859025795491,-0.005293630307244057,28,0.0
2000-06-14,1470.5400390625,0.0007483708834081,0.0425417511870092,0.0093669224280023,0.0872377730330641,0.9033953045389336,2,Medium volatility,train,-0.0005574263594888275,0.003064791970685007,0.13657696946296186,0.22080851356794207,-0.08423154410498021,-0.00454894240600956,29,0.0
2000-06-15,1478.72998046875,0.0055538912368469,0.4656269320520541,0.0063309055956366,0.1553999960207597,0.8382690983836035,2,Medium volatility,train,0.011603950353984772,0.021138401471628206,0.1290477773174012,0.2165513860931852,-0.087503608775784,0.0,30,0.0
2000-06-16,1464.4599609375,-0.0096970509114182,-0.877088766268471,0.0070578667459232,0.0981376362887606,0.8948044969653159,2,Medium volatility,train,0.005141371142474073,0.018782840135390607,0.1481760567350776,0.21785190201024743,-0.06967584527516982,-0.00965018611898738,31,0.0
2000-06-19,1486.0,0.0146013991327151,1.2621830244140648,0.0109110511240012,0.0323283428658124,0.9567606060101862,2,Medium volatility,train,0.027286822558994173,0.054663740102404004,0.15031382102256702,0.20683333464291379,-0.05651951362034677,0.0,32,0.0
2000-06-20,1475.949951171875,-0.0067861291123287,-0.6208068685192543,0.0081394541013897,0.0503029485802562,0.941557597318354,2,Medium volatility,train,0.004420481229223172,0.05231544796289721,0.13853322706657822,0.20801537445519827,-0.06948214738862005,-0.00676315533521199,33,0.0
2000-06-21,1479.1300048828125,0.0021522632116841,0.1661425261163386,0.0054307647337747,0.1254144324525483,0.869154802813677,2,Medium volatility,train,0.005824373557499173,0.07382979473368412,0.13875055108390105,0.1920816680437695,-0.053331116959868446,-0.004623146108470699,34,0.0
2000-06-22,1452.1800537109375,-0.0183881677470179,-1.642267658014843,0.0157246271740223,0.0045457540851396,0.979729618740838,2,Medium volatility,train,-0.018117685426365625,0.037272442888145504,0.1782463439589097,0.19888450489159512,-0.020638160932685418,-0.022759048646744606,35,0.0
2000-06-23,1441.47998046875,-0.0073955626336292,-0.6744623048967389,0.0109190620177678,0.0215044844142929,0.9675764535679392,2,Medium volatility,train,-0.015816197148576627,0.04248599358249021,0.17486089749740144,0.19488189965455477,-0.020021002157153328,-0.029959636292900438,36,0.0
2000-06-26,1455.31005859375,0.0095486265967421,0.8173293925441455,0.0092069523412028,0.0365544876550739,0.9542385600037232,2,Medium volatility,train,-0.02086896968454963,0.05457127616336071,0.1501927006304195,0.19572361099670524,-0.04553091036628573,-0.020652719654273177,37,0.0
2000-06-27,1450.550048828125,-0.0032761480918894,-0.3117829032367507,0.0062532508698881,0.0851241896864527,0.9086225594436592,2,Medium volatility,train,-0.017358988664110328,0.019562125830197508,0.14876265760127652,0.16549938725884225,-0.01673672965756573,-0.02385595637407467,38,0.0
2000-06-28,1454.8199462890625,0.0029393161919406,0.2354358446357177,0.0045439434496473,0.1775091314803632,0.8179469250699895,2,Medium volatility,train,-0.016571935683853827,0.023802844315237107,0.15033791656466325,0.16541375331531288,-0.015075836750649635,-0.020982539509379228,39,0.0
2000-06-29,1442.3900146484375,-0.0085806745620891,-0.7788013270463333,0.0053652873869295,0.1396044343629442,0.8550302782501262,2,Medium volatility,train,-0.006764442498925029,-0.0044411001208812945,0.10760054374410881,0.15414999956179834,-0.04654945581768953,-0.029347231057579082,40,0.0
2000-06-30,1454.5999755859375,0.0084294618052842,0.7187964547171481,0.0053172874973224,0.1653218101160616,0.8293609023866159,2,Medium volatility,train,0.00906058193998837,-0.015458095212017596,0.10970972629676304,0.14055083156187181,-0.030841105265108776,-0.021130568246340853,41,0.0
2000-07-03,1469.5400390625,0.010218521276462,0.8763079195057492,0.0061050620371504,0.1456576720707956,0.8482372658920538,2,Medium volatility,train,0.00973047661970827,0.001300595076452504,0.11214601563451089,0.14380796153147699,-0.031661945896966096,-0.011076689729138667,42,0.0
2000-07-05,1446.22998046875,-0.0159892961732985,-1.4310674259915177,0.0128035723904249,0.0140264467054611,0.973169980904114,2,Medium volatility,train,-0.0029826714617008296,-0.007995707692803297,0.16057908400712284,0.15263804494759456,0.007941039059528282,-0.026763135619952916,43,0.0
2000-07-06,1456.6700439453125,0.0071928818771995,0.609926113099842,0.0089526214519057,0.0434677410832632,0.9475796374648312,2,Medium volatility,train,0.0012708942235580703,-0.010034094262285298,0.16742512945043914,0.1511733664401914,0.01625176301024775,-0.0197375208981746,44,0.0
2000-07-07,1478.9000244140625,0.0151455457642164,1.3100905056176535,0.0130118940985917,0.0142189181508652,0.9727691877505432,2,Medium volatility,train,0.024997114549863572,0.011718936978557803,0.17204415697570916,0.15865206732783618,0.013392089647872973,-0.004777910892286297,45,0.0
2000-07-10,1475.6199951171875,-0.0022203475506827,-0.2188286485296204,0.0078056653736274,0.0574339592741101,0.9347603753522624,2,Medium volatility,train,0.01434730519389667,0.012733061127782603,0.17461407154832964,0.15838293671964143,0.01623113482868821,-0.006985198440654483,46,0.0
2000-07-11,1480.8800048828125,0.0035582718183686,0.2899296213538486,0.0054137646753982,0.1307948208958957,0.863791414428706,2,Medium volatility,train,0.007687055735803269,0.023835385229956204,0.16536266521083892,0.15579412691550867,0.009568538295330248,-0.0034454879658059046,47,0.0
2000-07-12,1492.9200439453125,0.008097454201545,0.6895660099899602,0.0052364340953423,0.1634864093616514,0.8312771565430062,2,Medium volatility,train,0.03177380611064677,0.015852627214058904,0.09046245703611266,0.1484572337538452,-0.05799477671773254,0.0,48,0.0
2000-07-13,1495.8399658203125,0.0019539359429652,0.1486814975106932,0.003653091011209,0.2965476086641891,0.6997993003246018,2,Medium volatility,train,0.026534860176412472,0.017058192273616005,0.09406115901719443,0.14851128796722393,-0.0544501289500295,0.0,49,0.0
2000-07-14,1509.97998046875,0.0094084936601905,0.8049918797576983,0.0043679756443029,0.2865576838814065,0.7090743404742905,2,Medium volatility,train,0.02079780807238657,0.020912794696959603,0.06697005431916005,0.15063229034620398,-0.08366223602704394,0.0,50,0.0
2000-07-17,1510.489990234375,0.0003377022618451,0.0063858731029121,0.0027825984039483,0.4509741552372127,0.546243246358839,2,Medium volatility,train,0.023355857884914368,0.030947547870222903,0.055711383419663627,0.14552956739327896,-0.08981818397361534,0.0,51,0.0
2000-07-18,1493.739990234375,-0.0111510594561705,-1.0051018476605071,0.0053746318768762,0.2329759058233087,0.7616494622998151,2,Medium volatility,train,0.008646526610375271,0.005195089281337302,0.11609336351511777,0.14368599550811473,-0.027592631992996955,-0.011089116848368552,52,0.0
2000-07-19,1481.9599609375,-0.0079175259792414,-0.7204167365172881,0.0053976340629039,0.2034946393472147,0.7911077265898813,2,Medium volatility,train,-0.00736845357041113,0.004063692414424603,0.11635617601562186,0.14443640196651295,-0.02808022595089109,-0.01888793006330891,53,0.0
2000-07-20,1495.5699462890625,0.0091418595693584,0.7815170166320514,0.0054628088920999,0.2090301421072917,0.7855070490006083,2,Medium volatility,train,-0.00018052994401793025,0.011053288772098902,0.1345563250688753,0.14761425587070778,-0.013057930801832485,-0.009877618548797873,54,0.0
2000-07-21,1480.18994140625,-0.0103369508377095,-0.9334265103915916,0.0069057613404569,0.1142413153209078,0.8788529233386353,2,Medium volatility,train,-0.019925974441917932,0.019104505681407303,0.12258669628459663,0.13683190760635705,-0.014245211321760418,-0.02005974817709555,55,0.0
2000-07-24,1464.2900390625,-0.0107999082984724,-0.9741859758841328,0.0081435996157226,0.0567451623585174,0.93511123802576,2,Medium volatility,train,-0.031063585002235432,0.0157001600165641,0.12319032353502858,0.13992179278029412,-0.016731469245265543,-0.03058606907067707,56,0.0
2000-07-25,1474.469970703125,0.0069280732859864,0.58661196968396,0.0064109473828351,0.0985005995602388,0.895088453056926,2,Medium volatility,train,-0.012984452260078529,0.013079606705808402,0.13912272070614884,0.1381360862433415,0.0009866344628073342,-0.023846579430599868,57,0.0
2000-07-26,1452.4200439453125,-0.0150674222857691,-1.349904273667954,0.011647566925819,0.0134641146456829,0.974888318428498,2,Medium volatility,train,-0.02013434856660623,0.001288332511928704,0.15890551801067146,0.14803248243385245,0.010873035576819012,-0.03844444297181482,58,0.0
2000-07-27,1449.6199951171875,-0.0019297112785032,-0.1932405975513295,0.0072031398867165,0.0573449366908668,0.9354519234224166,2,Medium volatility,train,-0.03120591941446783,-0.0035806949585150977,0.12448648784268831,0.147799340518467,-0.023312852675778678,-0.040298178412782826,59,0.0
2000-07-28,1419.8900146484375,-0.020722035612068,-1.8477448665534024,0.0237171637259673,0.0007674231442956,0.975515413129737,2,Medium volatility,train,-0.04159100418882633,-0.015722056008494,0.15534771866844477,0.1618016053207468,-0.006453886652302038,-0.0599805203421967,60,0.0
2000-07-31,1430.8299560546875,0.0076752506202932,0.6523945768468329,0.0146840096419637,0.0251759225239992,0.9601400678340368,2,Medium volatility,train,-0.02311584527006073,-0.016476267193484998,0.18241087065488562,0.161280551491967,0.02113031916291863,-0.05273787624857218,61,0.0
2000-08-01,1438.0999755859375,0.0050681161728078,0.4228585707274289,0.0089058512990594,0.0714630506134057,0.9196310980875348,2,Medium volatility,train,-0.02497580238323933,-0.021626672297139198,0.17676974001400236,0.15778388271988822,0.018985857294114145,-0.0479248555875601,62,0.0
2000-08-02,1438.699951171875,0.0004171131882033,0.0133773295259148,0.0055149017566602,0.1606599270744595,0.8338251711688801,2,Medium volatility,train,-0.00949126690926693,-0.005220262935637397,0.15872586506918146,0.14816933257754833,0.01055653249163313,-0.04752764965450762,63,0.0
2000-08-03,1452.56005859375,0.0095876631967479,0.8207662330440494,0.0058825902785832,0.1576391339375479,0.8364782757838688,2,Medium volatility,train,0.00202610756598417,-0.0028254816160889953,0.17465916442984308,0.14990873924396622,0.024750425185876862,-0.03835174811826214,64,0.0
2000-08-04,1462.9300537109375,0.0071137533994294,0.6029595238718968,0.0049788389490201,0.2148181928141237,0.7802029682368562,2,Medium volatility,train,0.02986189657748157,-0.010857273980875999,0.049670448080961396,0.1419533053110772,-0.0922828572301158,-0.031486429457276865,65,0.0
2000-08-07,1479.3199462890625,0.0111411757068999,0.9575397919914028,0.0063748664825127,0.1582825111181601,0.8353426223993271,2,Medium volatility,train,0.033327821664088264,0.002504249276706602,0.05955188478548476,0.14738698175020468,-0.08783509696471992,-0.020635716983782193,66,0.0
2000-08-08,1482.800048828125,0.002349738799249,0.183528571442635,0.0041185483994925,0.2876139881203454,0.708267463480162,2,Medium volatility,train,0.030609444290529468,0.0012957162575870022,0.06543772103602329,0.14709130247839933,-0.08165358144237604,-0.01833176094199307,67,0.0
2000-08-09,1472.8699951171875,-0.0067193502148885,-0.6149275547668449,0.0040710951549713,0.2947987287947594,0.7011301760502692,2,Medium volatility,train,0.023472980887437666,-0.013521088158846497,0.1021729849962701,0.14582335836436522,-0.043650373368095116,-0.02490582219042059,68,0.0
2000-08-10,1460.25,-0.0086052210709466,-0.7809624383050028,0.004894651404333,0.2297672999759757,0.7653380486196912,2,Medium volatility,train,0.005280096619743166,-0.024080245172758297,0.12170192649734789,0.14798391943103267,-0.026281992933684786,-0.033260723711634466,69,0.0
2000-08-11,1471.8399658203125,0.0079056415860074,0.672678541169055,0.0045455699659099,0.2723104189807451,0.7231440110533449,2,Medium volatility,train,0.006071984806321167,-0.025583097246941397,0.12377473692396775,0.1467118262339676,-0.022937089309999867,-0.02558773951760207,70,0.0
2000-08-14,1491.56005859375,0.0133092958812204,1.1484243265732046,0.0077296800609356,0.1281534755158135,0.8641168444232509,2,Medium volatility,train,0.008240104980641667,-0.012611503627566098,0.13296308671391677,0.15513537302495256,-0.022172286311035794,-0.0026811769688620535,71,0.0
2000-08-15,1484.4300537109375,-0.0047916950366238,-0.4452139171671312,0.0055563838740348,0.1826031092604133,0.8118405068655519,2,Medium volatility,train,0.0010986711447688669,-0.006252139208019397,0.13867360743572948,0.1512120972506868,-0.01253848981495731,-0.007448593498262213,72,0.0
2000-08-16,1479.8499755859375,-0.0030901815782691,-0.2954101339499483,0.003999139959438,0.2823483022497101,0.7136525577908519,2,Medium volatility,train,0.004727839781388268,-0.0014247948070470976,0.13123628090817152,0.14906007819377431,-0.017823797285602794,-0.0105110234008986,73,0.0
2000-08-17,1496.0699462890625,0.0109009192094795,0.9363872515402168,0.0054498839014662,0.2177782482612762,0.7767718678372576,2,Medium volatility,train,0.02423398006181437,0.0003342648330740029,0.11741105627298307,0.15054682537122574,-0.03313576909824267,0.0,74,0.0
2000-08-18,1491.719970703125,-0.00291183703027,-0.2797084138870005,0.0037722430004619,0.3287071775862303,0.6675205794133077,2,Medium volatility,train,0.013416501445536966,0.007759378640513502,0.12315902213817927,0.14624286875225567,-0.023083846614076406,-0.0029076017446426627,75,0.0
2000-08-21,1499.47998046875,0.0051885713435426,0.4334636236557749,0.002865372464115,0.4533002364744868,0.5438343910613981,2,Medium volatility,train,0.005295776907859167,0.023747858282528504,0.09554571286784705,0.14120616622057316,-0.045660453352726116,0.0,76,0.0
2000-09-18,1444.510009765625,-0.0146378602017369,-1.3120849869625142,0.0045907378909639,0.4112592516621512,0.5841500104468849,2,Medium volatility,train,-0.030509188379443733,-0.032159626498463496,0.09197158265628884,0.09972331724049462,-0.007751734584205777,-0.05014565567851659,1,0.0
2000-09-19,1459.9000244140625,0.0105977864755404,0.9096989934261992,0.0053484346629118,0.3393077268278822,0.655343838509206,2,Medium volatility,train,-0.015017815676364834,-0.026750411366465693,0.14149767812833514,0.10593125461793076,0.03556642351040437,-0.04002577269109342,2,0.0
2000-09-20,1451.3399658203125,-0.0058807128863787,-0.5410926732729308,0.0041492596433267,0.3766112584256624,0.6192394819310107,2,Medium volatility,train,-0.02286694331493053,-0.031730422904904194,0.13627865006649298,0.10706761264108967,0.029211037425403305,-0.04565453870029479,3,0.0
2000-09-28,1458.2900390625,0.0219916192305511,1.9128290266701973,0.0188776635647547,0.0391104617611702,0.942011874674075,2,Medium volatility,train,0.006356340204686964,-0.029925719851703496,0.17227597910374767,0.13408879773752896,0.03818718136621871,-0.04108443726948818,1,1.0
2000-09-29,1436.510009765625,-0.0150479756252215,-1.3481921606625196,0.0229355853246907,0.006429717399369,0.9706346972759402,2,Medium volatility,train,-0.008463820152792635,-0.0549663208767471,0.20192627816206102,0.1350392761941447,0.06688700196791633,-0.055406148650666176,2,1.0
2000-10-02,1436.22998046875,-0.0001949562429688,-0.0405101762889558,0.0117544806044003,0.049566986096941,0.9386785332986586,2,Medium volatility,train,-0.001947684525068035,-0.0571951870481595,0.19796474280469512,0.1342626749396368,0.0637020678650583,-0.04701142451088813,3,1.0
2000-10-03,1426.4599609375,-0.0068257880975037,-0.6242985047379379,0.0085253803597304,0.0661936462279837,0.925280973412286,2,Medium volatility,train,-0.000525638940592434,-0.054978151441562796,0.19530783276551789,0.133191057983284,0.062116774782233874,-0.050615335893827385,4,1.0
2000-10-04,1434.3199462890625,0.0054950086229732,0.4604428188846353,0.0060745776923237,0.1271833044357042,0.8667421178719721,2,Medium volatility,train,0.005417907887830266,-0.039594216208556396,0.1984029820463474,0.1334343862829299,0.06496859576341751,-0.04538409929608345,5,1.0
2000-10-05,1436.280029296875,0.0013656262308234,0.09688583280436,0.0041197241543509,0.246555745343184,0.7493245305024651,2,Medium volatility,train,-0.015208085111897432,-0.0450805913897726,0.11422452374302869,0.1301690946380835,-0.0159445708950548,-0.03895615302985944,6,1.0
2000-10-06,1408.989990234375,-0.0191833293605503,-1.7122748727044146,0.0161899263493563,0.0067258060690418,0.977084267581602,2,Medium volatility,train,-0.01934343884722623,-0.0589185740135173,0.13689972474278975,0.14252761491353447,-0.00562789017074472,-0.0538992647387897,7,1.0
2000-10-09,1402.030029296875,-0.004951921445981,-0.4593204892751316,0.0099597128179033,0.0344161092812721,0.9556241779008244,2,Medium volatility,train,-0.024100404050238434,-0.0603581515684488,0.13376233620868375,0.14268663388160938,-0.00892429767292563,-0.055814832531991154,8,1.0
2000-10-10,1387.02001953125,-0.0107636323615052,-0.9709921882765464,0.0099801468200577,0.0223518048965992,0.967668048283343,2,Medium volatility,train,-0.028038248314239934,-0.0662281977024155,0.1389738256923099,0.14508408297847672,-0.00611025728616682,-0.06592319561131876,9,1.0
2000-10-11,1364.5899658203125,-0.0163035827508748,-1.4587376851388276,0.0165437685196729,0.0028577341726318,0.9805984973076952,2,Medium volatility,train,-0.04983683968808794,-0.0845001952054773,0.11864685351024762,0.1503816734735005,-0.03173481996325289,-0.07852142975432042,10,1.0
2000-10-12,1329.780029296875,-0.0258404551211066,-2.298378155865169,0.0818529549546538,1.28157734764746e-05,0.9181342292718696,2,Medium volatility,train,-0.07704292104001793,-0.1076162125587498,0.11332020034046415,0.16773998227373688,-0.05441978193327272,-0.09280194831476174,11,1.0
2000-10-16,1374.6199951171875,0.000327381261937,0.0054771968739785,0.3318720074337569,0.0250532006439905,0.6430747919222526,2,Medium volatility,train,-0.01974388154777083,-0.0495928447367759,0.3214158122470743,0.20845676506536082,0.11295904718171346,-0.05841497901960957,1,1.0
2000-10-17,1349.969970703125,-0.0180949774552585,-1.6164547473426123,0.3942561986525114,0.001135113698091,0.6046086876493976,2,Medium volatility,train,-0.02707522664152413,-0.0782856086675748,0.33243261656127066,0.20941128479069868,0.12302133177057198,-0.07427882345614278,2,1.0
2000-10-18,1342.1300048828125,-0.0058244404405876,-0.5361383631973925,0.2309112699433294,0.0190891894658042,0.7499995405908663,2,Medium volatility,train,-0.01659608433123693,-0.0782293362217837,0.3216170799645448,0.20940471716622877,0.11221236279831603,-0.0796549596226852,3,1.0
2000-10-23,1395.780029296875,-0.0008235903082569,-0.0958560572027721,0.445696862163343,0.0430697531414264,0.5112333846952306,2,Medium volatility,train,0.015276094052891771,-0.03051587607018539,0.2764369354917474,0.24831224665582158,0.028124688835925837,-0.04286527925940653,1,1.0
2000-10-24,1398.1300048828125,0.0016822131789222,0.1247586200041987,0.2321527426444309,0.1281687166090315,0.6396785407465374,2,Medium volatility,train,0.03505328468707247,-0.02058582920928389,0.22366102585099695,0.2472997762295954,-0.023638750378598444,-0.041253819588840446,2,1.0
2000-10-26,1364.43994140625,-0.0003371386620436,-0.0530281285741947,0.2953600531666315,0.0266019198027532,0.6780380270306153,2,Medium volatility,train,-0.017667224592712735,-0.0665204980957464,0.1671306119478034,0.24460607918512292,-0.07747546723731952,-0.050170251421452816,1,1.0
2000-10-27,1379.5799560546875,0.0110350280606636,0.9481943948640872,0.2051478407232042,0.0297772968973602,0.7650748623794356,2,Medium volatility,train,-0.012497936930032032,-0.04043749440986129,0.18414025274926407,0.24550124322348035,-0.06136099047421628,-0.03947703239315026,2,1.0
2000-10-30,1398.6600341796875,0.013735586682098,1.1859556046295636,0.1687463574234516,0.0160942607674523,0.8151593818090961,2,Medium volatility,train,0.002061240060322867,-0.02650695148479449,0.21192895760279015,0.2514658984589809,-0.03953694085619072,-0.02619266044909374,3,1.0
2000-10-31,1429.4000244140625,0.0217401330358777,1.890687806920224,0.2857641386602292,0.0004925193938314,0.7137433419459392,2,Medium volatility,train,0.022119159917278364,0.002058969648586907,0.252394722051055,0.26276073936180355,-0.010366017310748543,-0.004790155639900262,4,1.0
2000-11-01,1421.219970703125,-0.005739155817162,-0.5286297777221053,0.1571118748331575,0.020258886640634,0.8226292385262084,2,Medium volatility,train,0.04043445329943367,-0.009175194791548293,0.15701070227547062,0.26273066065678446,-0.10571995838131384,-0.010485461251677042,5,1.0
2000-11-02,1428.3199462890625,0.0049832537781231,0.4153871589003778,0.0763911802430777,0.064601652341455,0.8590071674154672,2,Medium volatility,train,0.04575484573960036,-0.005557567244248595,0.14586264859932846,0.2633445896435021,-0.11748194104417364,-0.0007556164170647861,6,1.0
2000-11-03,1426.68994140625,-0.0011418559823157,-0.1238766419404781,0.0330324992617223,0.1460288736051892,0.8209386271330884,2,Medium volatility,train,0.03357796169662107,0.012483906133986006,0.15792995495872855,0.2542661479259804,-0.09633619296725185,-0.0018959584171851507,7,1.0
2000-11-06,1432.18994140625,0.0038476655269592,0.3154082751800974,0.0147024933138833,0.2602000910857195,0.7250974156003972,2,Medium volatility,train,0.023690040541482264,0.021283493106926205,0.1479430674335864,0.2536565436897745,-0.10571347625618813,0.0,8,1.0
2000-11-07,1431.8699951171875,-0.000223421504776,-0.0430163004033719,0.0063427065642341,0.4186673338544495,0.5749899595813164,2,Medium volatility,train,0.0017264860008285655,0.0318237039636554,0.06079454007665267,0.2500596704786742,-0.18926513040202156,-0.00022339654805025866,9,1.0
2000-11-08,1409.280029296875,-0.0159023224238978,-1.4234101273455189,0.0154996838186158,0.0534037920050252,0.9310965241763588,2,Medium volatility,train,-0.008436680605907233,0.0322249642906324,0.11871742891551963,0.24970145871572236,-0.13098402980020274,-0.015996420200298345,10,1.0
2000-11-09,1400.1400146484375,-0.0065067143769397,-0.5962067783804581,0.0101738064279531,0.073560534102009,0.9162656594700378,2,Medium volatility,train,-0.019926648760970035,0.0515587050347993,0.10812514235850534,0.23119337219694677,-0.12306822983844143,-0.022378265501811212,11,1.0
2000-11-10,1365.97998046875,-0.0247001366290318,-2.197982814678448,0.0521786924350184,0.0001106109203024,0.9477106966446792,2,Medium volatility,train,-0.043484929407686126,-0.0059778390180112995,0.16527559507795206,0.22182001045530375,-0.05654441537735169,-0.0462298742808438,12,1.0
2000-11-13,1351.260009765625,-0.0108346077286478,-0.9772409654819124,0.0368224076111742,0.0079397963974052,0.9552377959914204,2,Medium volatility,train,-0.05816720266329313,-0.0171398280085961,0.13206825199994018,0.22476498806207426,-0.09269673606213408,-0.05650782015768163,13,1.0
2000-11-14,1382.949951171875,0.0231813657059118,2.017576081242826,0.0938904463473986,0.0002269980813327,0.9058825555712684,2,Medium volatility,train,-0.034762415452605326,0.0241365151525742,0.2577735879753912,0.2301797035356944,0.027593884439696792,-0.034380907734924304,14,1.0
2000-11-15,1389.81005859375,0.0049482258797377,0.412303250471376,0.0457354325410855,0.0322452520777893,0.922019315381125,2,Medium volatility,train,-0.013911867148969831,0.0349091814728995,0.2552762479706192,0.22904810035099135,0.026228147619627856,-0.029590965267419556,15,1.0
2000-11-16,1372.3199462890625,-0.0126643901904515,-1.1383377431163937,0.0384343391546231,0.0124691511099908,0.949096509735386,2,Medium volatility,train,-0.020069542962481632,-0.011908570576563901,0.26269078801943824,0.20115918110578254,0.061531606913655695,-0.041803111016407435,16,1.0
2000-11-17,1367.719970703125,-0.0033576006531061,-0.3189541082384375,0.0190865511777714,0.04960241654675,0.9313110322754784,2,Medium volatility,train,0.0012729930134440697,-0.021131911627652898,0.2070495379240598,0.19995386081880004,0.007095677105259768,-0.04501495844875347,17,1.0
2000-11-20,1342.6199951171875,-0.0185221732237614,-1.6540657000987475,0.0340936249159964,0.0018933737715171,0.9640130013124864,2,Medium volatility,train,-0.006414572481669531,-0.0388304945431574,0.23204626360391392,0.20887102708740635,0.023175236516507575,-0.06254054975495416,18,1.0
2000-11-21,1347.3499755859375,0.0035167569862348,0.2862745936003314,0.0170496502630081,0.0395067017978725,0.9434436479391194,2,Medium volatility,train,-0.026079181201346533,-0.0369959507358448,0.14472100990253456,0.20936790305906505,-0.0646468931565305,-0.05923792883017265,19,1.0
2000-11-22,1322.3599853515625,-0.0187216742747331,-1.6716300702449955,0.0318417130097909,0.0014715810995536,0.9666867058906556,2,Medium volatility,train,-0.049749081355817334,-0.0316631758112606,0.1388644041959688,0.20295648502981728,-0.06409208083384849,-0.07668672490943962,20,1.0
2000-11-24,1341.77001953125,0.0145716444706849,1.259563379580469,0.0307941731557507,0.0056054190543698,0.9636004077898794,2,Medium volatility,train,-0.022513046694680933,-0.0167543926785321,0.20430416614212027,0.2105233000426818,-0.00621913390056153,-0.0631340294054975,21,1.0
2000-11-27,1348.969970703125,0.0053516641385389,0.4478225566315592,0.0164353736160398,0.0403547603238806,0.9432098660600796,2,Medium volatility,train,-0.013803781903035935,-0.022437756600656802,0.21401801927810604,0.20737954159215832,0.006638477685947719,-0.058106797357766915,22,1.0
2000-11-28,1336.0899658203125,-0.0095939040319441,-0.8680075611234889,0.0129584532586525,0.0331167286783459,0.9539248180630014,2,Medium volatility,train,-0.004875512711218635,-0.0457672473146989,0.18663597108617924,0.2019563607718968,-0.015320389685717556,-0.06710002130833159,23,1.0
2000-11-29,1341.9300537109375,0.0043615037272983,0.3606473568895878,0.0078903356768556,0.0878225187953919,0.9042871455277524,2,Medium volatility,train,-0.004030765970155135,-0.06314587662327831,0.18773449841027848,0.18406096248171577,0.0036735359285627045,-0.06302228851480929,24,1.0
2000-11-30,1314.949951171875,-0.0203103113003129,-1.8114960439298984,0.0240711751157864,0.0013429166248917,0.9745859082593218,2,Medium volatility,train,-0.0056194029957349345,-0.0777170321064292,0.19548630443891774,0.19330787146735448,0.0021784329715632544,-0.08186064351161304,25,1.0
2000-12-01,1315.22998046875,0.0002129354684559,-0.0045987815160714,0.0122775980513231,0.0408131372433878,0.9469092647052892,2,Medium volatility,train,-0.019978111997963937,-0.0824873504160964,0.1543072574643778,0.19124368917236717,-0.03693643170798938,-0.08166511826124012,26,1.0
2000-12-04,1324.969970703125,0.0073782551325356,0.6262466510422717,0.0086443919286423,0.0744655807100317,0.916890027361326,2,Medium volatility,train,-0.017951521003967234,-0.0739672393012451,0.16089062739704746,0.19514979863950882,-0.03425917124246136,-0.07486435116130408,27,1.0
2000-12-05,1376.5400390625,0.03818333720268,3.338372031987362,0.4111716144495697,2.609842592516841e-08,0.5888283594520043,2,Medium volatility,train,0.02982572023065687,-0.0396315676255243,0.2983451454651826,0.24233159842799612,0.05601354703718647,-0.0386417455798137,28,1.0
2000-12-06,1351.4599609375,-0.0183876721156703,-1.64222402189161,0.47541559667691,0.000299397252631,0.524285006070459,2,Medium volatility,train,0.0070765443876882675,-0.0577958182364186,0.33697740078703586,0.24873521710113825,0.08824218368589762,-0.041028090342146495,29,1.0
2000-12-07,1343.550048828125,-0.0058700596982941,-0.5401547507013746,0.2931137641173933,0.0163124908755913,0.6905737450070153,2,Medium volatility,train,0.021516795989707068,-0.047763555510814903,0.3005628205159913,0.24450809185772418,0.05605472865826713,-0.040417361998272505,30,1.0
2000-12-08,1369.8900146484375,0.0194150543890119,1.6859844142624996,0.3709709311372565,0.001293625706923,0.6277354431558205,2,Medium volatility,train,0.04071891491026307,-0.021841786744863298,0.31190950390395583,0.25521943540004116,0.05669006850391467,-0.014332925439803024,31,1.0
2000-12-11,1380.199951171875,0.0074979254879856,0.6367826076621446,0.2221089479696395,0.0211792682383468,0.7567117837920136,2,Medium volatility,train,0.040838585265713066,0.010356275372154097,0.3118956262282482,0.24164246355968538,0.0702531626685628,-0.0069146912288134965,32,1.0
2000-12-12,1371.1800537109375,-0.0065566586647571,-0.6006039479875496,0.1222141582939295,0.0411957906573243,0.8365900510487461,2,Medium volatility,train,-0.0039014106017240353,0.014634224436044795,0.2064507526279982,0.23955438069247798,-0.03310362806447978,-0.013404712944488861,33,1.0
2000-12-13,1359.989990234375,-0.0081943825629426,-0.7447916031652008,0.0713492560744018,0.0459670118581637,0.8826837320674344,2,Medium volatility,train,0.006291878951003664,-0.0167415238328096,0.1694697144533476,0.22675929197669553,-0.05728957752334793,-0.02145621854942381,34,1.0
2000-12-14,1340.9300537109375,-0.0141138964578786,-1.2659544372961538,0.0663828491391702,0.009907944250903,0.9237092066099268,2,Medium volatility,train,-0.0019519578085808367,-0.035803646170425904,0.19334876194727743,0.2301959822312653,-0.036847220283987875,-0.028452324916831695,35,1.0
2000-12-15,1312.1500244140625,-0.0216964112799642,-1.933530353943413,0.1367085812763301,0.0001599324452635,0.8631314862784062,2,Medium volatility,train,-0.04306342347755694,-0.0448356672599386,0.1531542395900414,0.23757465534190034,-0.08442041575185893,-0.04930439730854497,36,1.0
2000-12-18,1322.739990234375,0.0080383035218423,0.6843582959070516,0.0759107319735174,0.0216856264272057,0.9024036415992768,2,Medium volatility,train,-0.04252304544370024,-0.0334397630849902,0.1560305788147957,0.2401578306513973,-0.08412725183660161,-0.04163162075807414,37,1.0
2000-12-19,1305.5999755859375,-0.0130426488548822,-1.171640200224897,0.0628920494248222,0.0087015640668853,0.9284063865082924,2,Medium volatility,train,-0.04900903563382534,-0.027960238716111002,0.15737909585831908,0.23602636277039282,-0.07864726691207374,-0.05405012188458458,38,1.0
2000-12-20,1264.739990234375,-0.0317961267919368,-2.8227243745265675,0.4702357029100865,1.7577993411023713e-07,0.5297641213099794,2,Medium volatility,train,-0.07261077986281954,-0.0632731224942826,0.20833620382452117,0.2574130018711262,-0.04907679804660503,-0.08365451747731723,39,1.0
2000-12-21,1274.8599853515625,0.0079697974334242,0.6783269176842982,0.3032291593767475,0.0160142193798349,0.6807566212434175,2,Medium volatility,train,-0.05052708597151674,-0.036581650786125304,0.25293559739281224,0.2536229152174569,-0.000687317824644651,-0.07632225007026872,40,1.0
2000-12-26,1315.18994140625,0.007050389439815,0.5973808663401271,0.3554168801066818,0.0168683949403004,0.6277147249530177,2,Medium volatility,train,-0.00572423805009424,-0.025360219232048502,0.30685997638461743,0.26394566866047237,0.04291430772414506,-0.04710187803616972,1,1.0
2000-12-27,1328.9200439453125,0.0103855180189045,0.891010561838665,0.2423445487052562,0.0258765903529291,0.7317788609418147,2,Medium volatility,train,0.01770392882369246,-0.0053807971811999054,0.2969789290040823,0.26505383557855783,0.031925093425524464,-0.03715396974403795,2,1.0
2000-12-28,1334.219970703125,0.0039802141273019,0.3270780516922851,0.1181970404402063,0.0800297661277649,0.8017731934320288,2,Medium volatility,train,0.05348026974293116,-0.005762086781196306,0.11122053113897101,0.2649731748802954,-0.1537526437413244,-0.033313999489501644,3,1.0
2000-12-29,1320.280029296875,-0.0105029719734313,-0.9480432588533922,0.0821275483910572,0.0455919134718905,0.8722805381370522,2,Medium volatility,train,0.03500750033607566,0.004045252545685295,0.17665042529657063,0.25770859005080665,-0.08105816475423602,-0.0434139429030731,4,1.0
2001-01-02,1283.27001953125,-0.0284323345214163,-2.5265710848735137,0.3821187215258277,5.181215621895131e-06,0.6178760972585504,2,Medium volatility,train,-0.01751918490882624,-0.024600017444186904,0.22792330476971645,0.27609421299439907,-0.04817090822468262,-0.07022890528167713,5,1.0
2001-01-11,1326.8199462890625,0.0102648363571979,0.880385568307279,0.4407601507347135,0.0306102608160404,0.5286295884492461,2,Medium volatility,train,-0.004901985446523038,-0.03288666080391431,0.21497250556508632,0.29886324421151944,-0.08389073864643312,-0.024389917707847375,1,0.0
2001-01-12,1318.550048828125,-0.0062523763533253,-0.5738144793561175,0.268478268727926,0.0555753964699525,0.6759463348021215,2,Medium volatility,train,0.015438476266026062,-0.03094465459429701,0.10188859530709211,0.2984021318420461,-0.19651353653495401,-0.02152780470200233,2,0.0
2001-01-16,1326.6500244140625,0.0061243011332487,0.5158466702774205,0.1402683663455002,0.1130423308279811,0.7466893028265186,2,Medium volatility,train,0.023482430038434362,-0.010706457003169707,0.09449914608112611,0.2958674188466208,-0.2013682727654947,-0.015516959000334452,3,0.0
2001-01-17,1329.469970703125,0.0021233583977826,0.1635977031798099,0.0580661777183782,0.2351465073809832,0.7067873149006385,2,Medium volatility,train,0.02180084718742196,0.013113312674577092,0.09589172184806224,0.2857043374862058,-0.18981261563814353,-0.013424327750930054,4,0.0
2001-01-18,1347.969970703125,0.0138193907796893,1.193333842401728,0.0567676567816493,0.0967744516268932,0.8464578915914575,2,Medium volatility,train,0.026079510314593164,0.018894399932424092,0.11030719787865932,0.2882751207584536,-0.17796792287979424,0.0,5,0.0
2001-01-19,1342.5400390625,-0.0040363641042464,-0.3787134550664612,0.0265830972296926,0.160235295799842,0.8131816069704653,2,Medium volatility,train,0.011778309853148863,0.027900684683059892,0.11461130953523034,0.2844273533231061,-0.16981604378787574,-0.004028228935836542,6,0.0
2001-01-22,1342.9000244140625,0.0002681015738277,0.0002581246984961,0.0113015922550879,0.2943653939082759,0.6943330138366361,2,Medium volatility,train,0.01829878778030186,0.0599649130488244,0.09587631450902731,0.2576555429239992,-0.16177922841497192,-0.003761171538871788,7,0.0
2001-01-23,1360.4000244140625,0.0129473193120439,1.1165553694207586,0.0131238012291416,0.1524335893756521,0.8344426093952062,2,Medium volatility,train,0.025121805959097063,0.0649424349274441,0.11297930330235312,0.25943504700007347,-0.14645574369772035,0.0,8,0.0
2001-01-24,1364.300048828125,0.0028627202794231,0.2286922262307307,0.0066956580823692,0.2767726431951033,0.7165316987225274,2,Medium volatility,train,0.025861167840737567,0.0437108044833816,0.11211672106840964,0.24808942955282134,-0.1359727084844117,0.0,9,0.0
2001-01-25,1357.510009765625,-0.0049893659014612,-0.462617154995816,0.0045961870438239,0.3426898114965936,0.6527140014595824,2,Medium volatility,train,0.007052411159587064,0.0316710491421054,0.10217532493391225,0.24861110335549644,-0.14643577842158417,-0.004976939690306659,10,0.0
2001-01-26,1354.949951171875,-0.0018876292301248,-0.1895356312334559,0.0028121548107214,0.4891660082539184,0.5080218369353601,2,Medium volatility,train,0.009201146033708665,0.019397901893076098,0.09719162009571253,0.24675538996886445,-0.14956376987315192,-0.006853402713194456,11,0.0
2001-02-02,1349.469970703125,-0.0176284619114479,-1.5753820229105495,0.0109738439477525,0.1044031511197897,0.8846230049324577,2,Medium volatility,train,-0.004052616181793438,0.012024854258541197,0.1528673502750375,0.1536706862165849,-0.000803335941547384,-0.017659955093465185,1,1.0
2001-02-05,1354.31005859375,0.0035802417417487,0.2918638861832981,0.0063608048114455,0.2019588689454078,0.7916803262431467,2,Medium volatility,train,-0.007254074495276437,0.042197934066164296,0.1460534710103408,0.11762231602072881,0.02843115498961199,-0.014136636858120721,2,1.0
2001-02-06,1352.260009765625,-0.0015148687589014,-0.1567172432572119,0.0039553748082132,0.332359927594671,0.6636846975971157,2,Medium volatility,train,-0.015752379676287738,0.042602717946422494,0.13045516153006376,0.11745580818192858,0.012999353348135179,-0.015628959845368495,3,1.0
2001-02-07,1340.8900146484375,-0.0084436905236469,-0.7667410479470119,0.0046668319459505,0.2671445295716462,0.7281886384824031,2,Medium volatility,train,-0.018560505392648537,0.03035408617398059,0.1343127778890626,0.12277931056980841,0.011533467319254184,-0.023905692011691237,4,1.0
2001-02-08,1332.530029296875,-0.0062541706607639,-0.573972452859787,0.0042123389775105,0.2913104650240827,0.7044771959984067,2,Medium volatility,train,-0.03026095011301144,0.014559187860698595,0.11295271067021379,0.12193278877211329,-0.008980078101899505,-0.029991302335715675,5,1.0
2001-02-09,1314.760009765625,-0.0134252659667968,-1.2053263815518802,0.0084943216324534,0.0735215680062076,0.9179841103613388,2,Medium volatility,train,-0.026057754168360335,-0.009130914463296105,0.09255259429480446,0.1260634523968844,-0.033510858102079946,-0.0429269008768397,6,1.0
2001-02-12,1330.31005859375,0.0117578949312351,1.011836672532985,0.0092603103734155,0.0526900811659226,0.9380496084606618,2,Medium volatility,train,-0.017880100978873936,0.008879356821264296,0.1360495604770011,0.13093590970159094,0.00511365077541015,-0.03160731911826231,7,1.0
2001-02-13,1318.800048828125,-0.0086897725859591,-0.7884064798219382,0.0082078655315695,0.0487629468858821,0.9430291875825484,2,Medium volatility,train,-0.025055004805931636,-0.005934716897943505,0.1381826287112102,0.13285540421505346,0.005327224496156746,-0.039985974261027346,8,1.0
2001-02-14,1315.9200439453125,-0.0021861950632109,-0.2158218125834033,0.0055870411249246,0.1114580191400402,0.8829549397350351,2,Medium volatility,train,-0.018797509345495636,-0.010244270358937005,0.13604422401540453,0.1327028418343839,0.003341382181020619,-0.04208245968666369,9,1.0
2001-02-15,1326.6099853515625,0.0080907309292497,0.6889740830672022,0.0053906132004361,0.1431670947014765,0.8514422920980872,2,Medium volatility,train,-0.004452607755482035,-0.015972930209376603,0.15230798036641896,0.12622966330566943,0.026078317060749534,-0.03430076928299186,10,1.0
2001-02-16,1301.530029296875,-0.0190862870831995,-1.703731125837306,0.0172392802681734,0.0038135238266635,0.9789471959051632,2,Medium volatility,train,-0.010113628871884736,-0.031022853188329706,0.17788360020698177,0.14097186089185734,0.036911739315124426,-0.05255760025506517,11,1.0
2001-02-20,1278.93994140625,-0.0175089539906547,-1.5648603672801835,0.0271713972069298,0.0009793016881141,0.971849301104956,2,Medium volatility,train,-0.03938047779377454,-0.04879990875281211,0.15976364373171167,0.1511319985973574,0.008631645134354271,-0.06900194391197267,12,1.0
2001-02-21,1255.27001953125,-0.0186808595860759,-1.6680366841676428,0.0441981020357535,0.0005138120775044,0.955288085886742,2,Medium volatility,train,-0.049371564793891334,-0.0804280876509319,0.1742661557206844,0.1501692978394936,0.024096857881190814,-0.08623234742032682,13,1.0
2001-02-22,1252.8199462890625,-0.0019537369511644,-0.1953558536142852,0.0211584994300996,0.0354949726992938,0.9433465278706064,2,Medium volatility,train,-0.04913910668184484,-0.0852445448815194,0.17478849522152226,0.14830017690595226,0.026488318315569997,-0.0880158662173407,14,1.0
2001-02-23,1245.8599853515625,-0.0055709247508435,-0.5138184636737633,0.0123873515106128,0.0643341454502511,0.923278503039136,2,Medium volatility,train,-0.06280076236193803,-0.08582610373090171,0.11576195298638207,0.14834974646141752,-0.032587793475035445,-0.09308233563742652,15,1.0
2001-02-26,1267.6500244140625,0.0173387691915714,1.503185168046027,0.0204823770101523,0.0091818315606191,0.9703357914292284,2,Medium volatility,train,-0.02637570608716714,-0.0665997053092055,0.20720795340427733,0.16612346009883444,0.04108449330544289,-0.07722038360005101,16,1.0
2001-02-27,1257.93994140625,-0.0076893961276622,-0.7003318440566759,0.0135524618937999,0.0240488984575218,0.9623986396486782,2,Medium volatility,train,-0.016556148224174637,-0.0810708014920994,0.1863163236573751,0.16253069989371294,0.023785623763662167,-0.08428879088959651,17,1.0
2001-02-28,1239.93994140625,-0.0144124717139444,-1.2922414482592912,0.0167414587066719,0.0059552621764614,0.9773032791168668,2,Medium volatility,train,-0.012287760352043138,-0.1024667096281537,0.16981027927607995,0.16107461275246526,0.008735666523614682,-0.09722093103245388,18,1.0
2001-03-01,1241.22998046875,0.0010398636283408,0.0682052073041909,0.0092102446968478,0.0496895989315451,0.9411001563716068,2,Medium volatility,train,-0.009294159772537938,-0.0957912811925268,0.17131518657580225,0.16245695597718493,0.008858230598617317,-0.0962816756500886,19,1.0
2001-03-02,1234.1800537109375,-0.0056959822584836,-0.524828713209088,0.0068421727473557,0.0787975464116206,0.9143602808410236,2,Medium volatility,train,-0.009419217280178038,-0.1069335375106094,0.1714535436166157,0.15812737964732831,0.013326163969287375,-0.08870199561801206,20,1.0
2001-03-05,1241.4100341796875,0.0058410324552022,0.4909072732776879,0.0053694922516334,0.1402286758555913,0.8544018318927752,2,Medium volatility,train,-0.020916954016547237,-0.0834640431439593,0.11157092709412773,0.15599268602824234,-0.04442175893411461,-0.08336349840840174,21,1.0
2001-03-06,1253.800048828125,0.0099311208826149,0.8510047600831753,0.0060344890962485,0.1317970890905291,0.8621684218132223,2,Medium volatility,train,-0.00329643700627014,-0.07711316400309311,0.13689246236581518,0.16142301552099242,-0.024530553155177243,-0.07281141217402798,22,1.0
2001-03-07,1261.8900146484375,0.0064316298936137,0.5429043528176704,0.0049297166010322,0.1984906674664616,0.7965796159325061,2,Medium volatility,train,0.01754766460128796,-0.069166665350578,0.08579642351226892,0.1651726516231585,-0.07937622811088958,-0.05891609239905682,23,1.0
2001-03-08,1264.739990234375,0.0022559510408184,0.1752713572764016,0.0033957804167741,0.3418610433808619,0.6547431762023639,2,Medium volatility,train,0.01876375201376556,-0.0584670237861127,0.0843677558570752,0.16525178253111059,-0.08088402667403538,-0.05087317926956603,24,1.0
2001-03-09,1233.4200439453125,-0.0250757253239424,-2.2310502036873,0.0365494111074241,0.0004817918434346,0.9629687970491412,2,Medium volatility,train,-0.0006159910516932397,-0.07728857844929121,0.20178942498756072,0.18201195949830143,0.019777465489259294,-0.0728326558327751,25,1.0
2001-04-26,1234.52001953125,0.0046848539046004,0.3891155888779732,0.4601742847227838,0.0208455779456028,0.5189801373316134,2,Medium volatility,train,-0.015408909597272143,0.06806348507201489,0.1845435004314065,0.2967316847255066,-0.1121881842941001,-0.015290799775818043,1,0.0
2001-04-27,1253.050048828125,0.0148983719312063,1.2883289526217638,0.4203158381257498,0.0080244298082965,0.5716597320659536,2,Medium volatility,train,0.008068911733750258,0.08760291790820648,0.2080154557521004,0.29775624509013765,-0.08974078933803725,-0.0005104073638871887,2,0.0
2001-04-30,1249.4599609375,-0.0028691916032252,-0.2759538468708801,0.2304962578874523,0.0408182087065944,0.7286855334059533,2,Medium volatility,train,0.02029318018290276,0.07400701716559059,0.16943668199903955,0.297820381592451,-0.12838369959341145,-0.003374024413089982,3,0.0
2001-05-01,1266.43994140625,0.0134983417044942,1.165068202875662,0.1881216295990846,0.0214157724081331,0.7904625979927823,2,Medium volatility,train,0.04602754551675556,0.1000455988649509,0.11463976329328666,0.2935236057253212,-0.17888384243203453,0.0,4,0.0
2001-05-02,1267.4300537109375,0.0007815020952044,0.0454586724992008,0.0856644106579948,0.0780878190825804,0.8362477702594248,2,Medium volatility,train,0.030993878032280063,0.1358255759826067,0.11062914394947114,0.2557602088130273,-0.14513106486355615,0.0,5,0.0
2001-05-03,1248.5799560546875,-0.0149844001306274,-1.342594879275566,0.0878311767325018,0.0111568956930531,0.9010119275744448,2,Medium volatility,train,0.011324623997052263,0.12374650121337229,0.17561145846220108,0.2647854437576436,-0.08917398529544254,-0.01487269265949498,6,0.0
2001-05-04,1266.6099853515625,0.0143371582754374,1.2389188651408094,0.0759435557481146,0.0084834236640944,0.9155730205877908,2,Medium volatility,train,0.010763410341283362,0.09533074657141909,0.17360128227044908,0.2315011702747448,-0.05789988800429571,-0.0006470324393633708,7,0.0
2001-05-07,1263.510009765625,-0.002450458589422,-0.2390879676633729,0.0352738966769857,0.0469051984486485,0.9178209048743656,2,Medium volatility,train,0.011182143355086563,0.1130662363597704,0.17301014455282127,0.21495535301538532,-0.041945208462564054,-0.003092907520880428,8,0.0
2001-05-08,1261.199951171875,-0.0018299600937474,-0.1844583544350956,0.0165777417632408,0.1117597269981061,0.871662531238653,2,Medium volatility,train,-0.004146158443155037,0.10315165042666209,0.1483417296809038,0.21627525309429485,-0.06793352341339104,-0.004915539536735181,9,0.0
2001-05-09,1255.5400390625,-0.0044978199362537,-0.4193407149232068,0.0093299641387714,0.169108974299277,0.8215610615619514,2,Medium volatility,train,-0.009425480474613137,0.07194761189837069,0.14923764975799036,0.20367986139403133,-0.05444221163604096,-0.009381199864737622,10,0.0
2001-05-10,1255.1800537109375,-0.0002867586514847,-0.0485925972869238,0.0050669118806109,0.3016741663323862,0.6932589217870028,2,Medium volatility,train,0.005272161004529563,0.0737942749658565,0.1075867965240114,0.20312463540810602,-0.09553783888409462,-0.009665227650340946,11,0.0
2001-05-11,1245.6700439453125,-0.0076054583320406,-0.6929418353104712,0.004917712900106,0.2745335663051762,0.7205487207947177,2,Medium volatility,train,-0.016670455602948435,0.051197423081479294,0.040114661122739426,0.20232665535689082,-0.1622119942341514,-0.017168608004767938,12,0.0
2001-05-14,1248.9200439453125,0.002605639984349,0.2060584935361159,0.0030856979847197,0.4328290521901653,0.564085249825115,2,Medium volatility,train,-0.011614357029177435,0.05703595224843639,0.05559028130522253,0.20122579269222082,-0.1456355113869983,-0.014604363934269338,13,0.0
2001-05-16,1284.989990234375,0.0280555245797504,2.446704299839857,0.0515307895356616,0.0008556208738915,0.9476135895904468,2,Medium volatility,train,0.023185138579061664,0.037124494388373994,0.19370674380954986,0.17869737254749032,0.015009371262059534,0.0,1,0.0
2001-05-17,1288.489990234375,0.0027200539227152,0.2161316673543281,0.0243431850588101,0.038724612085864,0.9369322028553256,2,Medium volatility,train,0.026191951153261565,0.02737982655757139,0.19077342154543314,0.17454031786938137,0.01623310367605177,0.0,2,0.0
2001-05-18,1291.9599609375,0.0026894323550719,0.213435698857292,0.012142980968235,0.1049332629958974,0.8829237560358675,2,Medium volatility,train,0.03648684184037406,0.038648708312459396,0.16534636965249522,0.17076079370728964,-0.00541442405479442,0.0,3,0.0
2001-05-21,1312.8299560546875,0.0160246640847221,1.3874893940370456,0.0178995026508336,0.0221143422656862,0.95998615508348,2,Medium volatility,train,0.04990586594074716,0.0697668324495592,0.16808820415974585,0.16552624967685833,0.002561954482887513,0.0,4,0.0
2001-05-22,1309.3800048828125,-0.0026313325125482,-0.2550123776858709,0.0098655277392028,0.0679051054095017,0.9222293668512952,2,Medium volatility,train,0.04685834242971136,0.07937152356636959,0.17766930726651958,0.1571536687805567,0.020515638485962884,-0.002627873591674268,5,0.0
2001-05-23,1289.050048828125,-0.015648195622524,-1.4010364246423457,0.0157152544252502,0.0078627751390669,0.9764219704356828,2,Medium volatility,train,0.0031546222274369644,0.0479081583641657,0.16207883532036102,0.16478473353201273,-0.0027058982116517083,-0.018113470915933294,6,0.0
2001-05-24,1293.1700439453125,0.0031910514714148,0.2575989941831418,0.0090171745845872,0.0507923577380988,0.940190467677314,2,Medium volatility,train,0.0036256197761365644,0.0464143559309801,0.1624120625476452,0.16460417769526034,-0.002192115147615137,-0.014975215959008858,7,0.0
2001-05-25,1277.8900146484375,-0.011886310588375,-1.069834454198604,0.0103150803886181,0.0215632605097942,0.9681216591015877,2,Medium volatility,train,-0.010950123167310337,0.019629673411398797,0.1790467080184775,0.16490134576401985,0.014145362254457644,-0.026614217054622524,8,0.0
2001-05-29,1267.9300537109375,-0.007824599921463,-0.7122353877619726,0.0083478006367011,0.0332247274212465,0.9584274719420522,2,Medium volatility,train,-0.034799387173495434,0.014674265093160995,0.10584429046772617,0.16723411151007378,-0.06138982104234761,-0.03420085147865082,9,0.0
2001-05-30,1248.0799560546875,-0.0157793565584585,-1.412584029109896,0.0141169361224451,0.0044190660140549,0.9814639978635,2,Medium volatility,train,-0.04794741121940574,-0.014603433169791704,0.11151880167267357,0.16973514261387013,-0.05821634094119656,-0.04932093429265316,10,0.0
2001-05-31,1255.8199462890625,0.0061823676577965,0.5209589337231326,0.0092079102558273,0.0356554564955482,0.9551366332486244,2,Medium volatility,train,-0.02611684793908524,-0.009202567607199605,0.13534977535308004,0.17136194817078568,-0.036012172817705634,-0.04342528101426879,11,0.0
2001-06-01,1260.6700439453125,0.0038546576226847,0.3160238697186851,0.0061864038482562,0.0945977213449648,0.8992158748067789,2,Medium volatility,train,-0.02545324178781534,0.009636490146112495,0.13747789196513233,0.16345603863210376,-0.02597814666697143,-0.03973089726420154,12,0.0
2001-06-04,1267.1099853515625,0.0050953447410035,0.42525581449137,0.0048217120215911,0.171194586881819,0.8239837010965898,2,Medium volatility,train,-0.008471586458436837,0.00039467661167859585,0.13745921343088668,0.1565676456993961,-0.019108432268509418,-0.034825508431055696,13,0.0
2001-06-05,1283.5699462890625,0.0129065111005646,1.1129625536038112,0.0075843827900764,0.0863502152209375,0.906065401988986,2,Medium volatility,train,0.012259524563590763,0.015751646301665197,0.15301403908996677,0.16242055631579924,-0.009406517225832467,-0.02228773774598891,14,0.0
2001-06-06,1270.030029296875,-0.0106046710619649,-0.956996998324136,0.0084225093295708,0.0465122228600271,0.945065267810402,2,Medium volatility,train,0.01743421006008436,0.006976935333447698,0.1224066274729624,0.16697566279549825,-0.04456903532253585,-0.032601272206215226,15,0.0
2001-06-07,1276.9599609375,0.0054416772487231,0.4557474451351019,0.0061321013548261,0.0999800178140592,0.8938878808311145,2,Medium volatility,train,0.016693519651010964,0.016916432518424496,0.12167271945838953,0.16688157768933862,-0.045208858230949084,-0.02732265130892042,16,0.0
2001-06-08,1264.9599609375,-0.0094417523095708,-0.8546118965034919,0.0068115367322097,0.0693601830858384,0.9238282801819516,2,Medium volatility,train,0.0033971097187554655,0.007761438860338397,0.14574321302811696,0.17062826948031218,-0.024885056452195214,-0.036463210560068515,17,0.0
2001-06-11,1254.3900146484375,-0.0083910599245671,-0.7621073714888986,0.0066966651742188,0.0638505340377989,0.9294528007879822,2,Medium volatility,train,-0.010089294946815135,0.006975837267811896,0.1502380612639094,0.17111295412086422,-0.02087489285695482,-0.044514478921454215,18,0.0
2001-06-12,1255.8499755859375,0.0011632044010099,0.0790643129316175,0.0047242253657751,0.1489882932902989,0.846287481343926,2,Medium volatility,train,-0.021832601646369836,0.0055334016844727964,0.10230083153165535,0.1709459361078756,-0.06864510457622024,-0.04340240730032252,19,0.0
2001-06-13,1241.5999755859375,-0.0114117639387734,-1.0280546592317754,0.0070801845847062,0.0623423292111308,0.9305774862041628,2,Medium volatility,train,-0.022639694523178336,-0.006294553252788202,0.10487720940170754,0.17565743948278173,-0.07078023008107419,-0.05425682141106081,20,0.0
2001-06-14,1219.8699951171875,-0.0176565590956858,-1.5778557409266605,0.0160522180245141,0.0033103216655605,0.9806374603099254,2,Medium volatility,train,-0.045737930867587234,-0.052006636928224395,0.09643038738083112,0.15227287038870807,-0.05584248300787695,-0.07080883591113585,21,0.0
2001-06-15,1214.3599853515625,-0.0045271147100827,-0.4219198705135007,0.0097637790316605,0.0318489965061949,0.9583872244621444,2,Medium volatility,train,-0.04082329326809914,-0.059253805561022305,0.10063283122633306,0.1511424956226574,-0.05050966439632436,-0.07500588347256076,22,0.0
2001-06-18,1208.4300537109375,-0.0048951360920872,-0.4543210220050675,0.0069139128213105,0.065786493947386,0.9272995932313036,2,Medium volatility,train,-0.037327369435619234,-0.06683837400818139,0.1026642858440529,0.14984104844228044,-0.047176762598227534,-0.07952279109892668,23,0.0
2001-06-19,1212.5799560546875,0.0034282439076607,0.2784817701175119,0.0049827662896974,0.14463018713784,0.8503870465724626,2,Medium volatility,train,-0.03506232992896843,-0.0794347941852428,0.11276913866327451,0.1349225223706313,-0.022153383707356783,-0.0739281556669169,24,0.0
2001-06-20,1223.1400146484375,0.0086710499447439,0.740066234920038,0.0052075045325047,0.1648086688938961,0.8299838265735991,2,Medium volatility,train,-0.014979516045451138,-0.0681324117279507,0.1416792467511773,0.14182720383096245,-0.00014795707978515482,-0.05415376703532471,25,0.0
2001-06-21,1237.0400390625,0.0113001260244534,0.9715340150733122,0.0067024901898923,0.1186146699696905,0.8746828398404171,2,Medium volatility,train,0.013977169074688064,-0.0411840900809733,0.1053038050065004,0.14315896179283588,-0.037855156786335484,-0.04340496839191099,26,0.0
2001-06-22,1225.3499755859375,-0.0094949632127354,-0.8592966637989372,0.0071735345891581,0.0797895273582505,0.9130369380525912,2,Medium volatility,train,0.009009320572035365,-0.0538701047651235,0.1255022014412528,0.1440223536137928,-0.018520152172539994,-0.04535784814177457,27,0.0
2001-06-25,1218.5999755859375,-0.0055238587519568,-0.5096747029180058,0.0057368087424745,0.114367626260643,0.8798955649968823,2,Medium volatility,train,0.008380597912165763,-0.04750765292870529,0.12724450781996255,0.1405456372457194,-0.013301129425756841,-0.05061661882234003,28,0.0
2001-06-26,1216.760009765625,-0.001511042458997,-0.1563803701054962,0.0041640703836398,0.2143745991470864,0.7814613304692737,2,Medium volatility,train,0.003441311545508063,-0.0411940954662393,0.12768118845192472,0.13915183420814362,-0.011470645756218895,-0.052050094127392255,29,0.0
2001-06-27,1211.0699462890625,-0.0046873743201221,-0.4360293656590913,0.0036769675592527,0.2831950974708009,0.7131279349699463,2,Medium volatility,train,-0.009917112719357937,-0.030102113227902898,0.11290895740004409,0.1303880280792286,-0.017479070679184527,-0.056483092494963194,30,0.0
2001-06-28,1226.199951171875,0.0124156945071431,1.0697503285113292,0.0062639291727626,0.1635834676163794,0.8301526032108579,2,Medium volatility,train,-0.008801544236668239,-0.023868786378556297,0.11955056001176852,0.13665164342840322,-0.017101083416634702,-0.044695651595030195,31,0.0
2001-06-29,1224.3800048828125,-0.0014853191132644,-0.15411564837272,0.0041050274380489,0.2827648678797064,0.7131301046822445,2,Medium volatility,train,-0.0007919001371972359,-0.029208763114505397,0.10312272987949335,0.1354093462795368,-0.03228661640004345,-0.046113530140974746,32,0.0
2001-07-02,1236.719970703125,0.0100280926042684,0.8595422951214374,0.0049926798992544,0.2508060158119797,0.7442013042887657,2,Medium volatility,train,0.014760051219027964,-0.0242760152512405,0.10943079975223456,0.13943408236263266,-0.0300032826103981,-0.03649974488837615,33,0.0
2001-07-03,1234.449951171875,-0.0018372028160893,-0.1850960145148797,0.003296693694679,0.3873174879732357,0.6093858183320853,2,Medium volatility,train,0.014433890861935663,-0.039019729167894396,0.1101186670022741,0.1296054940239022,-0.0194868270216281,-0.03329000991888231,34,0.0
2001-07-05,1219.239990234375,-0.012397781399267,-1.114865107409464,0.0068409502651096,0.1416073290186775,0.8515517207162129,2,Medium volatility,train,0.006723483782790763,-0.0408128395051965,0.14286308051775037,0.13125204472786012,0.011611035789890256,-0.04520108105875853,35,0.0
2001-07-06,1190.5899658203125,-0.0237787519342154,-2.116862731611122,0.0374513638554876,0.0003497633428545,0.9621988728016576,2,Medium volatility,train,-0.02947096265856774,-0.070033268688135,0.1812157819457105,0.14811429448031552,0.033101487465394985,-0.058792370836836305,36,0.0
2001-07-09,1198.780029296875,0.0068554435428982,0.5802175387523204,0.0207795270672526,0.0273645072290449,0.9518559657037023,2,Medium volatility,train,-0.02113020000240514,-0.053736072835666,0.19837063725874038,0.15059059808175396,0.04778003917698642,-0.04544328335272341,37,0.0
2001-07-10,1181.52001953125,-0.0145026357435629,-1.3001796239349734,0.0232400575658007,0.0062014211559613,0.970558521278238,2,Medium volatility,train,-0.04566092835023644,-0.0598476486546618,0.16842678023454094,0.15492948804465753,0.013497292189883409,-0.05918697097557979,38,0.0
2001-07-11,1180.1800537109375,-0.0011347469386802,-0.1232507511334294,0.0119734260245674,0.0474295350960285,0.940597038879404,2,Medium volatility,train,-0.04495847247282734,-0.062145599994351895,0.17001181092420298,0.15435579528194782,0.01565601564225516,-0.04946836588492576,39,0.0
2001-07-12,1208.1400146484375,0.0234149842340967,2.0381442049798952,0.0431331682319458,0.0005234376979174,0.9563433940701368,2,Medium volatility,train,-0.009145706839463637,-0.027318851821481797,0.26138262407119806,0.17622671539690868,0.08515590867428938,-0.023362238489842757,40,0.0
2001-07-13,1215.6800537109375,0.0062216362369813,0.5244161980160256,0.0229249432597484,0.0296561448396935,0.947418911900558,2,Medium volatility,train,0.020854681331733065,-0.003440656488814699,0.19553346017189618,0.16756553208249061,0.02796792808940557,-0.0172670121233508,41,0.0
2001-07-16,1202.449951171875,-0.0109425337144024,-0.9867429302733728,0.0184876177027051,0.0194183085628926,0.962094073734402,2,Medium volatility,train,0.003056704074432464,-0.009856075493134398,0.21491699932299005,0.17109922220294224,0.04381777712004781,-0.027961979239442658,42,0.0
2001-07-17,1214.43994140625,0.0099219154611249,0.850194301042408,0.0137401941667562,0.0323858107512176,0.953873995082026,2,Medium volatility,train,0.027481255279120265,0.004960976060077702,0.18174716595643095,0.17395146492396263,0.007795701032468322,-0.01826949568534386,43,0.0
2001-07-18,1207.7099609375,-0.0055570448229742,-0.5125964541178627,0.0089530161990784,0.0608762476661269,0.9301707361347946,2,Medium volatility,train,0.023058957394826267,-0.004024312670557198,0.19177185264043142,0.1746580252222484,0.017113827418183014,-0.023709885855617063,44,0.0
2001-07-19,1215.02001953125,0.0060345815145437,0.5079476212015417,0.0064549347473403,0.1139961091647048,0.8795489560879547,2,Medium volatility,train,0.005678554675273265,-0.0066607811007573965,0.1265468000414255,0.1732026684055602,-0.04665586836413471,-0.017800571392934117,45,0.0
2001-07-20,1210.8499755859375,-0.0034379814755949,-0.326030955763684,0.0047389011454702,0.1890080075418487,0.806253091312681,2,Medium volatility,train,-0.003981063037302935,-0.021398888600805698,0.12175453960737591,0.16816250662807242,-0.04640796702069651,-0.02091823187950892,46,0.0
2001-07-23,1191.030029296875,-0.0165040685908897,-1.4763887575815622,0.0121569425230112,0.0152075174641037,0.972635540012885,2,Medium volatility,train,-0.009542597913790234,-0.028407993978959996,0.14751050031150614,0.17422626664062005,-0.026715766329113905,-0.03694445184731143,47,0.0
2001-07-24,1171.6500244140625,-0.0164054709911232,-1.467708077808722,0.0189372864535901,0.0022743060064098,0.97878840754,2,Medium volatility,train,-0.03586998436603833,-0.0392896062181264,0.135317351914195,0.18137637726139516,-0.04605902534720016,-0.05261493938038986,48,0.0
2001-07-25,1190.489990234375,0.0159519462948551,1.3810872113356512,0.0231622456047023,0.0037954733253716,0.973042281069926,2,Medium volatility,train,-0.014360993248209036,-0.021826617464274296,0.2011716216653497,0.1916957392393495,0.009475882426000198,-0.03738112229437551,49,0.0
2001-07-26,1202.9300537109375,0.0103953132115135,0.8918729452085785,0.0169444755850662,0.0179232776462921,0.9651322467686416,2,Medium volatility,train,-0.010000261551239236,-0.006743929932638696,0.212489589475668,0.19520113674187256,0.01728845273379545,-0.027322205343685457,50,0.0
2001-07-27,1205.8199462890625,0.0023994968051406,0.1879093405110808,0.0092921397798693,0.069962440985719,0.9207454192344118,2,Medium volatility,train,-0.004162783270503735,-0.016760127634641193,0.2137280350822155,0.18996165565985573,0.023766379422359762,-0.02498546570449134,51,0.0
2001-07-30,1204.52001953125,-0.0010786253410532,-0.1183097219552961,0.0057508101109461,0.1519094740310314,0.8423397158580225,2,Medium volatility,train,0.011262659979332765,-0.016353433862429996,0.17580157370644806,0.18994940472111285,-0.014147831014664797,-0.026036574111088395,52,0.0
2001-07-31,1211.22998046875,0.0055551925434054,0.4657415010227733,0.004464711644292,0.2397993806975143,0.7557359076581935,2,Medium volatility,train,0.03322332351386136,-0.020826333923292997,0.0951280368106338,0.1873439491142039,-0.09221591230357011,-0.018809973365936816,53,0.0
2001-08-01,1215.9300537109375,0.0038729041767746,0.3176303235612466,0.0032280123403114,0.3772306414278918,0.6195413462317966,2,Medium volatility,train,0.021144281395780864,-0.015116226930429095,0.059999330805700135,0.18807848675762026,-0.12807915595192013,-0.002714753904029421,54,0.0
2001-08-06,1200.47998046875,-0.0114874735657108,-1.034720247732116,0.0048164581851189,0.3148545077658271,0.6803290340490539,2,Medium volatility,train,-0.003359703004321136,0.0014170631356540033,0.10502303643745634,0.16754411056180193,-0.0625210741243456,-0.016604562384804455,1,0.0
2001-08-07,1204.4000244140625,0.0032600773504194,0.2636761355445621,0.0029592443093756,0.4717356013965635,0.5253051542940607,2,Medium volatility,train,-0.005654818197307135,0.019179776229636306,0.09900299778582197,0.1591362334255109,-0.06013323563968892,-0.013393385693989401,2,0.0
2001-08-08,1183.530029296875,-0.0174800149492675,-1.5623125309047527,0.0128347212807106,0.0356508907570076,0.9515143879622816,2,Medium volatility,train,-0.027007737323349233,0.002834508219049004,0.13196661184098427,0.17141980785549055,-0.03945319601450628,-0.03048942920591846,3,0.0
2001-08-09,1183.4300537109375,-8.447593748162063e-05,-0.0307833253776659,0.0073409214269195,0.1005779167284268,0.8920811618446536,2,Medium volatility,train,-0.031048376950214254,-0.020664951952529317,0.11942411477218377,0.14903949829975116,-0.029615383527567388,-0.030571326061079263,4,0.0
2001-08-10,1190.1600341796875,0.0056707335759975,0.4759139058980501,0.0054228817380055,0.1715604477079769,0.8230166705540175,2,Medium volatility,train,-0.020121153526043052,-0.021215854613513118,0.14186753216478984,0.1487134397300041,-0.006845907565214249,-0.02505833775983002,5,0.0
2001-08-13,1191.2900390625,0.0009490058013961,0.0602059486768925,0.0036430614065238,0.3091834022944011,0.687173536299075,2,Medium volatility,train,-0.007684674158936153,-0.009324315097714617,0.13040947363305636,0.14438531705868526,-0.013975843425628909,-0.024132673305345076,6,0.0
2001-08-14,1186.72998046875,-0.0038351772866755,-0.3610006675139672,0.0029327306669504,0.4103576741483258,0.5867095951847239,2,Medium volatility,train,-0.014779928796031053,-0.023081407845515017,0.12492243545813583,0.13968245792608477,-0.014760022467948941,-0.027868129863813262,7,0.0
2001-08-15,1178.02001953125,-0.0073665295064451,-0.6719061850673904,0.0033952295831519,0.3840650145247881,0.6125397558920599,2,Medium volatility,train,-0.0046664433532086535,-0.02489089252898592,0.07016610432585635,0.14053879512744807,-0.07037269080159173,-0.035003055882654066,8,0.0
2001-08-17,1161.969970703125,-0.0168034431488752,-1.5027461402781213,0.0108372319094306,0.0609640587128277,0.9281987093777416,2,Medium volatility,train,-0.023970965258021233,-0.041205756834231416,0.11153523423302028,0.14880063185705483,-0.03726539762403455,-0.048150751011161175,1,1.0
2001-08-20,1171.4100341796875,0.0080913652815368,0.6890299323888949,0.0082050401834484,0.089291571394978,0.9025033884215734,2,Medium volatility,train,-0.016828605777880538,-0.01661032296180492,0.13649827749405538,0.14293487265377067,-0.006436595159715286,-0.04041774795847841,2,1.0
2001-08-21,1157.260009765625,-0.0121530301032484,-1.0933168381842835,0.0100881858439011,0.0315778427851616,0.9583339713709372,2,Medium volatility,train,-0.025146458594453434,-0.012357882073930121,0.14769900848671277,0.13775993132986722,0.009939077156845555,-0.05200900285429044,3,1.0
2001-08-22,1165.31005859375,0.0069320458174244,0.5869617172780444,0.0074533962179662,0.0671304770200443,0.9254161267619896,2,Medium volatility,train,-0.010847883270583935,-0.02137778255136082,0.16336994438913244,0.1272215065625053,0.03614843782662713,-0.04541465607720663,4,1.0
2001-08-23,1162.0899658203125,-0.0027671176371324,-0.2669671026205762,0.0052608997106985,0.1335553204399744,0.8611837798493269,2,Medium volatility,train,-0.016700179790294836,-0.03454021340000672,0.1580216214566402,0.12023523051677536,0.03778639093986484,-0.048052454785736276,5,1.0
2001-08-24,1184.9300537109375,0.0194636677547208,1.6902644075016688,0.0164683675117388,0.007902385160175,0.975629247328086,2,Medium volatility,train,0.019566931113301166,-0.01747604245042652,0.169662464817192,0.14041536615407665,0.02924709866311534,-0.02934257324518741,6,1.0
2001-08-27,1179.2099609375,-0.0048390568240659,-0.449383719588568,0.0100362484040431,0.036402828892274,0.9535609227036828,2,Medium volatility,train,0.006636509007698466,-0.021236473933439217,0.1734392272753905,0.141085614443209,0.032353612832181494,-0.03402829331353674,7,1.0
2001-08-28,1161.510009765625,-0.015123798461059,-1.354867716243312,0.0147950245609562,0.0059743050319664,0.9792306704070772,2,Medium volatility,train,0.003665740649887863,-0.041915464937903615,0.18567105373302564,0.14688625832192992,0.038784795411095724,-0.04852753654259678,8,1.0
2001-08-29,1148.56005859375,-0.0112118563033041,-1.0104544927798096,0.0133966417968483,0.0094520760072931,0.9771512821958585,2,Medium volatility,train,-0.014478161470840635,-0.05700022541798232,0.19081387500877892,0.14842653880594953,0.04238733620282939,-0.05913572918799914,9,1.0
2001-08-30,1129.030029296875,-0.0171501519012871,-1.5332708960658503,0.0218741287733391,0.0014090081934154,0.9767168630332452,2,Medium volatility,train,-0.028861195734995335,-0.07810654100865282,0.2111034793682337,0.15408675882980333,0.05701672053843038,-0.07025976695712832,10,1.0
2001-08-31,1133.5799560546875,0.0040218446133257,0.3307432617868122,0.0119272560524936,0.0377520999176297,0.9503206440298768,2,Medium volatility,train,-0.04430301887639044,-0.06882820654715342,0.12205894968964227,0.1563882210708711,-0.034329271381228835,-0.0588011183359356,11,1.0
2001-09-04,1132.93994140625,-0.0005647553909984,-0.0730678449534707,0.0069868617208792,0.102672594387482,0.8903405438916389,2,Medium volatility,train,-0.04002871744332294,-0.057905488372441014,0.1317865753050492,0.1538527438136461,-0.02206616850859691,-0.05933251540955231,12,1.0
2001-09-05,1131.739990234375,-0.001059709380919,-0.1166443326059643,0.0046590290739364,0.2014653079701118,0.7938756629559517,2,Medium volatility,train,-0.025964628363182935,-0.06222527510377942,0.12349881765041779,0.15239412888058024,-0.02889531123016245,-0.049987867669059494,13,1.0
2001-09-06,1106.4000244140625,-0.0226447393577595,-2.017022572642749,0.0268545732201332,0.0009586971860786,0.9721867295937882,2,Medium volatility,train,-0.037397511417638335,-0.06738999951227143,0.16570649355002906,0.1594157173957605,0.006290776154268568,-0.07125889738425306,14,1.0
2001-09-07,1085.780029296875,-0.0188128737311803,-1.679659406443342,0.0444720632677499,0.0004839993852098,0.9550439373470402,2,Medium volatility,train,-0.03906023324753154,-0.0861183973059701,0.17085355176022932,0.1675156631549005,0.003337888605328826,-0.08856786030768571,15,1.0
2001-09-10,1092.5400390625,0.0062066466400612,0.5230964915414715,0.023551969433391,0.0296298234535081,0.9468182071131008,2,Medium volatility,train,-0.036875431220796034,-0.0855824842419064,0.17885623486282393,0.1679275737231446,0.01092866113967933,-0.08289333139871835,16,1.0
2001-10-04,1069.6300048828125,-0.0024744510496974,-0.241200299658336,0.3873932781829659,0.021622348122461,0.590984373694573,2,Medium volatility,train,0.04887386040978647,-0.0540460841054003,0.16540406933291268,0.31154951240191237,-0.14614544306899968,-0.05641415131795946,1,0.0
2001-10-05,1071.3800048828125,0.0016347428379503,0.1205792603680565,0.1987918809703891,0.0795737554653381,0.7216343635642727,2,Medium volatility,train,0.02882344688864337,-0.0564331858807757,0.13962827813092402,0.31100935010666364,-0.17138107197573962,-0.05433645180434443,2,0.0
2001-10-08,1062.43994140625,-0.0083794472000287,-0.7610849698964991,0.1209051507884373,0.0750256707304947,0.8040691784810678,2,Medium volatility,train,0.02274253792785057,-0.064247877689806,0.16102604665066958,0.31146968400722125,-0.15044363735655167,-0.0612331890947615,3,0.0
2001-10-09,1056.75,-0.0053699340187387,-0.496122939778228,0.0601286039743146,0.1151145169881402,0.8247568790375451,2,Medium volatility,train,0.005142172973829169,-0.0685581023276257,0.15745094378071883,0.3114513181802759,-0.15400037439955705,-0.044875292225663665,4,0.0
2001-10-10,1080.989990234375,0.0226791184217551,1.973357481085539,0.1449986268848098,0.0015034692585731,0.853497903856617,2,Medium volatility,train,0.00809002899124057,-0.023234244548111106,0.17521017550346393,0.31566215844836204,-0.1404519829448981,-0.010571739629822607,5,0.0
2001-10-11,1097.4300537109375,0.0150938526678441,1.3055393682964895,0.1306753855653866,0.0043161535343474,0.8650084609002658,2,Medium volatility,train,0.02565833270878207,0.0106724818509133,0.1894621688082908,0.3135635106649396,-0.12410134185664878,0.0,6,0.0
2001-10-12,1091.6500244140625,-0.0052807960630048,-0.4882751011780585,0.0661680399317529,0.0288717093951738,0.9049602506730732,2,Medium volatility,train,0.01874279380782697,-0.0008149608521527008,0.20065358735512157,0.313463563620419,-0.11280997626529743,-0.005266877171196449,7,0.0
2001-10-15,1089.97998046875,-0.0015310059614019,-0.1581379866390799,0.0298554668188376,0.0846761068003466,0.8854684263808157,2,Medium volatility,train,0.025591235046453772,0.0481219898145521,0.18379520237399838,0.25443676309860397,-0.07064156072460559,-0.006788654290080021,8,0.0
2001-10-16,1097.5400390625,0.0069120178332839,0.5851984236762636,0.0164136677747257,0.1337606337832436,0.8498256984420307,2,Medium volatility,train,0.03787318689847637,0.0608558924569154,0.1639457690489538,0.2530587195103993,-0.08911295046144552,0.0,9,0.0
2001-10-17,1077.0899658203125,-0.0188084189541388,-1.6792672012269043,0.0336209573652053,0.004003317963519,0.9623757246712756,2,Medium volatility,train,-0.0036143504774175314,0.0582911829266253,0.18196577748876633,0.25566374573333855,-0.07369796824457223,-0.01863264438138912,10,0.0
2001-10-18,1068.6099853515625,-0.0079042035807326,-0.7192438126780168,0.020652677462279,0.0189446506315915,0.9604026719061296,2,Medium volatility,train,-0.02661240672599423,0.081939499113078,0.1333072696181595,0.22697546280999262,-0.09366819319183312,-0.026358996192657358,11,0.0
2001-10-19,1073.47998046875,0.0045469644930333,0.376975599378086,0.0113841049747434,0.0645687537163075,0.924047141308949,2,Medium volatility,train,-0.016784646169956133,0.10570420750339041,0.14733100634735882,0.21051259674395464,-0.06318159039659582,-0.021921804888595853,12,0.0
2001-10-22,1089.9000244140625,0.0151802819920057,1.313148734932256,0.015364082928638,0.0189862061867915,0.9656497108845704,2,Medium volatility,train,-7.335821654853338e-05,0.0826418967457891,0.1898479404755069,0.17756179172782652,0.012286148747680387,-0.006961035020611628,13,0.0
2001-10-23,1084.780029296875,-0.0047087428503349,-0.4379106829369243,0.0094261553335554,0.0511248127993332,0.9394490318671112,2,Medium volatility,train,-0.011694118900167333,0.06918187546868801,0.18268388634018334,0.17924850959760738,0.003435376742575963,-0.011626008447513603,14,0.0
2001-10-24,1085.199951171875,0.0003870283449813,0.0107286150476236,0.0058625307842917,0.1274630383436713,0.866674430872037,2,Medium volatility,train,0.007501328398952767,0.07474894373319761,0.1279174790821376,0.17688702696765388,-0.048969547885516274,-0.01124340566305504,15,0.0
2001-10-25,1100.0899658203125,0.0136277067612642,1.1764576954624506,0.0089898281404609,0.0539955294678158,0.9370146423917232,2,Medium volatility,train,0.02903323874094957,0.076953025133524,0.12101467490185921,0.17825286118138703,-0.057238186279527814,0.0,16,0.0
2001-10-26,1104.6099853515625,0.0041003546643478,0.3376554038012851,0.006015268513219,0.1218661870532502,0.8721185444335307,2,Medium volatility,train,0.02858662891226407,0.05936822343877841,0.12128191350853142,0.16604532580800754,-0.04476341229947613,0.0,17,0.0
2001-10-29,1078.300048828125,-0.0241065460452709,-2.145722214156685,0.036308425058175,0.0002502748695213,0.9634413000723036,2,Medium volatility,train,-0.010700199125012532,0.0375602156327434,0.19866311541970955,0.19015353581189917,0.008509579607810375,-0.02381830408229002,18,0.0
2001-10-30,1059.7900390625,-0.0173149600402622,-1.5477808504845048,0.0481009792710887,0.0008843283187329,0.9510146924101782,2,Medium volatility,train,-0.023306416314939835,0.0080148246571985,0.22167233335624364,0.19722958710077784,0.024442746255465803,-0.04057535861836137,19,0.0
2001-10-31,1059.780029296875,-9.44509056299836e-06,-0.0241774976827927,0.0224138355311518,0.0393844836591545,0.9382016808096936,2,Medium volatility,train,-0.023702889750484134,-0.011725882837708198,0.221231118883253,0.18424953680721098,0.03698158207604202,-0.04058442042819266,20,0.0
2001-11-01,1084.0999755859375,0.0226887601074201,1.9742063494750988,0.0606793976313703,0.0006458354688408,0.9386747668997888,2,Medium volatility,train,-0.014641836404328232,0.013437328319409301,0.2627362515963653,0.2008229017174883,0.06191334987887703,-0.01856764834431346,21,0.0
2001-11-02,1087.199951171875,0.0028554117779924,0.2280487748618383,0.0284338907873766,0.0379976770713821,0.9335684321412412,2,Medium volatility,train,-0.015886779290683634,0.014657997259451402,0.2611719608850037,0.20094101733939201,0.060230943545611704,-0.015761250043513253,22,0.0
2001-11-05,1102.8399658203125,0.0142831008837029,1.2341595717288656,0.0278183545857333,0.0167228439049573,0.9554588015093092,2,Medium volatility,train,0.022502867638290167,0.037320545343183006,0.21597176678033062,0.2032755540076639,0.01269621277266672,-0.0016023932018744969,23,0.0
2001-11-06,1118.8599853515625,0.014421656876812,1.246358248062127,0.0273518143696065,0.0100662259487982,0.9625819596815952,2,Medium volatility,train,0.05423948455536437,0.0571121362387337,0.1321575655757795,0.20591445459795887,-0.07375688902217936,0.0,24,0.0
2001-11-07,1115.800048828125,-0.0027386165135636,-0.2644578211831698,0.0140319431485344,0.0487112073144422,0.9372568495370232,2,Medium volatility,train,0.05151031313236377,0.031694401303415,0.14405832386838574,0.19348545920416477,-0.04942713533577903,-0.0027348699242971675,25,0.0
2001-11-08,1118.5400390625,0.0024526182229118,0.1925862293789956,0.0078177429531988,0.1220965051915077,0.8700857518552934,2,Medium volatility,train,0.03127417124785546,0.019053166858482698,0.10953298464931904,0.18720571937516028,-0.07767273472584124,-0.0002859573970392937,26,0.0
2001-11-09,1120.31005859375,0.0015811866117161,0.1158640903144054,0.0047989131001092,0.2389265723062507,0.7562745145936401,2,Medium volatility,train,0.029999946081579163,0.0259151495332036,0.1118014693786758,0.18582709507137635,-0.07402562569270055,0.0,27,0.0
2001-11-12,1118.3299560546875,-0.0017690231948774,-0.1790933789519889,0.0032698373987806,0.3741774622237407,0.6225527003774785,2,Medium volatility,train,0.013947822002998864,0.025677132299728102,0.09739778138858572,0.18587453406412213,-0.08847675267553641,-0.0017674593956140683,28,0.0
2001-11-13,1139.0899658203125,0.0183932061888736,1.5960193743136497,0.0129169005557582,0.041113861009713,0.9459692384345286,2,Medium volatility,train,0.017919371315060464,0.0371583206553178,0.1215689279070749,0.19430793392842247,-0.07273900602134757,0.0,29,0.0
2001-11-14,1141.2099609375,0.0018594007771621,0.1403584804843913,0.0073735726493185,0.1107822750135217,0.8818441523371596,2,Medium volatility,train,0.022517388605786164,0.0578261403866187,0.11269911795673532,0.1791787820198074,-0.06647966406307207,0.0,30,0.0
2001-11-15,1142.239990234375,0.0009021694267561,0.0560824043823714,0.0046819977944212,0.2223681628169612,0.7729498393886175,2,Medium volatility,train,0.020966939809630464,0.0666325133941074,0.11453617401678139,0.17503596670144114,-0.060499792684659756,0.0,31,0.0
2001-11-16,1138.6500244140625,-0.0031478666324904,-0.300488812179032,0.0035099721172411,0.3292465314352413,0.6672434964475177,2,Medium volatility,train,0.016237886565423965,0.0589376822685837,0.12355345370535224,0.17638217709957052,-0.05282872339421828,-0.003142917294968739,32,0.0
2001-11-19,1151.06005859375,0.0108399362791189,0.9310182233760071,0.0049867728409916,0.2580709278398404,0.7369422993191679,2,Medium volatility,train,0.028846846039420265,0.0545973365556969,0.12369216312227353,0.17319965824195588,-0.049507495119682346,0.0,33,0.0
2001-11-20,1142.6600341796875,-0.0073244002120311,-0.6681970591380602,0.0048458521852882,0.2456167298230443,0.7495374179916674,2,Medium volatility,train,0.003129239638515565,0.0519816791940007,0.09613531034741717,0.1748437275151725,-0.07870841716775533,-0.007297642161543494,34,0.0
2001-11-21,1137.030029296875,-0.0049392822463421,-0.4582077152835727,0.0039181963252475,0.3105830248689097,0.6854987788058428,2,Medium volatility,train,-0.0036694433849886353,0.0466553686026773,0.1012931877736934,0.17665452662847062,-0.07536133885477722,-0.012188789969843516,35,0.0
2001-11-23,1150.3399658203125,0.0116378957291667,1.0012717637662498,0.0058403081584563,0.2111755312411568,0.7829841606003868,2,Medium volatility,train,0.007066282917421965,0.0446655575705798,0.12914295621679114,0.17517948051121449,-0.04603652429442334,-0.0006255909655289438,36,0.0
2001-11-26,1157.4200439453125,0.0061359069473336,0.5168684634631849,0.0043988361169775,0.2995644267306317,0.6960367371523907,2,Medium volatility,train,0.016350056497245965,0.0467011098535656,0.12603452880630503,0.17559390986585255,-0.04955938105954752,0.0,37,0.0
2001-11-27,1149.5,-0.0068663628661314,-0.6278707678979771,0.0042346359083394,0.300789329806109,0.6949760342855515,2,Medium volatility,train,-0.0013562426480043356,0.0639412930327051,0.12253482726561679,0.15133858891467414,-0.028803761649057347,-0.0068428432588011345,38,0.0
2001-11-28,1128.52001953125,-0.0184200081550569,-1.645070935038601,0.0153835749870419,0.0121630413121365,0.9724533837008216,2,Medium volatility,train,-0.012451850591030135,0.0628362449179104,0.16693468276780216,0.15326182873445743,0.013672854033344728,-0.02496934847918364,39,0.0
2001-11-29,1140.199951171875,0.0102965857251255,0.8831808300238145,0.0122967343090588,0.0246417115005211,0.96306155419042,2,Medium volatility,train,0.002784017380437465,0.07314227573359891,0.1829364866082473,0.15473252308902546,0.02820396351922183,-0.01487799771873588,40,0.0
2001-11-30,1139.449951171875,-0.0006579957968888,-0.081276869385516,0.0072501163022387,0.0803276208886826,0.9124222628090788,2,Medium volatility,train,-0.009511874145618035,0.04979551982929,0.1607093779865073,0.13881501445562283,0.021894363530884475,-0.015525990643969312,41,0.0
2001-12-03,1129.9000244140625,-0.0084164921539384,-0.7643464629029342,0.0069330011839343,0.0714703786478138,0.9215966201682518,2,Medium volatility,train,-0.024064273246890033,0.0385236158973592,0.15024964100337385,0.1438283936293107,0.006421247374063133,-0.02377703727805003,42,0.0
2001-12-04,1144.800048828125,0.0131008370718639,1.1300713020154387,0.0092795124614556,0.0372073238741965,0.9535131636643476,2,Medium volatility,train,-0.004097073308894731,0.0373413520855202,0.18578755313136744,0.14260149908099135,0.043186054050376094,-0.010903556736558295,43,0.0
2001-12-05,1170.3499755859375,0.022072836601092,1.919979525133926,0.0301701279412527,0.0008512310758923,0.9689786409828548,2,Medium volatility,train,0.03639577144725417,0.0449925318098002,0.16967191881668567,0.15315536194885435,0.016516556867831322,0.0,44,0.0
2001-12-06,1167.0999755859375,-0.0027808099956949,-0.2681725982948873,0.0153709591922426,0.0340887756892961,0.9505402651184612,2,Medium volatility,train,0.023318375726433773,0.044950338327668905,0.1780630069028651,0.15317274588412028,0.024890261018744836,-0.0027769471250451705,45,0.0
2001-12-07,1158.31005859375,-0.0075599216711887,-0.6889327197567873,0.0107925533697338,0.0453498731828011,0.943857573447465,2,Medium volatility,train,0.016416449852133874,0.03493779843356841,0.19320844449412186,0.15687620492683824,0.036332239567283625,-0.010287450116072905,46,0.0
2001-12-10,1139.9300537109375,-0.0159951927163035,-1.4315865664342304,0.0170520352348321,0.0050355615059401,0.9779124032592278,2,Medium volatility,train,0.00883774928976877,0.017361419105548802,0.22041597199374252,0.16846785812424164,0.05194811386950088,-0.02599215833688573,47,0.0
2001-12-11,1136.760009765625,-0.0027847848460496,-0.2685225500498572,0.009691674464073,0.0407940531543882,0.9495142723815388,2,Medium volatility,train,-0.007047872628144731,0.016345657454376605,0.20152025303712834,0.16870468795540228,0.03281556508172606,-0.028700787389255633,48,0.0
2001-12-12,1137.0699462890625,0.0002726118763032,0.0006552184569769,0.0060453792115429,0.1099787587061401,0.8839758620823169,2,Medium volatility,train,-0.028848097352933533,-0.0017749368581937938,0.09039227182465683,0.15609561390901786,-0.06570334208436103,-0.02843596359303835,49,0.0
2001-12-13,1119.3800048828125,-0.0156797661970946,-1.4038159451250036,0.0121028854774993,0.0119377299522779,0.9759593845702228,2,Medium volatility,train,-0.04174705355433323,-0.019314103832450493,0.10484862403813694,0.16488488290575837,-0.06003625886762143,-0.04355105034082374,50,0.0
2001-12-14,1123.0899658203125,0.0033088196236992,0.2679674779985797,0.0074840689575568,0.0575339902071777,0.9349819408352654,2,Medium volatility,train,-0.03087831225944533,-0.016907453635507393,0.1289230651299013,0.1654377118995369,-0.03651464676963562,-0.04038109176869442,51,0.0
2001-12-17,1134.3599853515625,0.0099848177427945,0.8557323117591793,0.0074604115650624,0.0626963670593708,0.9298432213755669,2,Medium volatility,train,-0.004898301800347331,-0.0037747692602224936,0.13461182290615503,0.16932830696567733,-0.034716484059522296,-0.030751476895922947,52,0.0
2001-12-18,1142.9200439453125,0.0075178272323492,0.6385347869256407,0.006277466141236,0.0984449465104182,0.8952775873483457,2,Medium volatility,train,0.00540431027805147,-0.007096878306992193,0.14326700171898593,0.16697572324872834,-0.023708721529742405,-0.02343737532603629,53,0.0
2001-12-19,1149.56005859375,0.0057928818746004,0.4866680243297375,0.0050109272557507,0.1669169449324604,0.8280721278117888,2,Medium volatility,train,0.01092458027634867,0.006020403779639307,0.1459601835043302,0.16624278061795852,-0.020282597113628315,-0.017763846221963697,54,0.0
2001-12-20,1139.9300537109375,-0.0084124073066025,-0.7639868268496444,0.005566517935488,0.1359241902229642,0.8585092918415478,2,Medium volatility,train,0.018191939166840768,0.002547278719378907,0.10172063229677897,0.16804671103535365,-0.06632607873857468,-0.02599215833688573,55,0.0
2001-12-21,1144.8900146484375,0.004341671186717,0.3589012704303247,0.0042028415437066,0.2376944174938279,0.7581027409624654,2,Medium volatility,train,0.019224790729858568,-0.004748945823070795,0.10176339164541393,0.1635864800490582,-0.06182308840364428,-0.02175414317820057,56,0.0
2001-12-24,1144.6500244140625,-0.000209640566366,-0.0418030060271421,0.0029431625633914,0.3899587344513556,0.6070981029852529,2,Medium volatility,train,0.009030332420698067,-0.011094493336770393,0.09075679268791861,0.1619363180903207,-0.07117952540240208,-0.021959201698627195,57,0.0
2002-01-16,1127.5699462890625,-0.0163785204055795,-1.4653353080521616,0.0081252257535763,0.2180899106352094,0.7737848636112141,2,Medium volatility,train,-0.02415673433995013,-0.006003775239246001,0.12887841148315712,0.11537724135954046,0.013501170123616665,-0.038328085135533874,1,0.0
2002-01-17,1138.8800048828125,0.0099805005365558,0.8553522184814503,0.0074896135948271,0.1967298734774045,0.7957805129277682,2,Medium volatility,train,-0.015396150241875729,-0.0035411019350394014,0.15826492913234497,0.11776962309723617,0.0404953060351088,-0.028682062074280146,2,0.0
2002-01-18,1127.5799560546875,-0.0099716232857671,-0.9012625277173888,0.0079871730906458,0.1165716415524485,0.8754411853569056,2,Medium volatility,train,-0.015854791571781428,-0.0193056070954069,0.15922847817329194,0.1203030084243713,0.03892546974892064,-0.038319548094876144,3,0.0
2002-01-22,1119.31005859375,-0.0073612279647568,-0.671439429428232,0.0067405653163331,0.1185645351134844,0.8746948995701824,2,Medium volatility,train,-0.016920105661042427,-0.0182544277535612,0.16042143359899935,0.11953563535331414,0.04088579824568521,-0.04537270533196491,4,0.0
2002-01-23,1128.1800537109375,0.0078932860452347,0.671590740927243,0.0058504680827587,0.1546821490873865,0.8394673828298549,2,Medium volatility,train,-0.015837585074312932,-0.014702812895043497,0.16399610017410188,0.12210663004831851,0.04188947012578337,-0.03780774209641813,5,0.0
2002-01-24,1132.1500244140625,0.0035127389789462,0.2859208422445187,0.0040799481271611,0.2731301226737554,0.7227899291990835,2,Medium volatility,train,0.004053674310212771,-0.010980433349731299,0.1279032621115764,0.12298447350354648,0.004918788608029925,-0.03442186848334894,6,0.0
2002-01-25,1133.280029296875,0.0009976074738462,0.0644849124241128,0.0027384536380784,0.4370656330351049,0.5601959133268165,2,Medium volatility,train,-0.004929218752496829,-0.014097853053839699,0.10634736226873151,0.12196354347618817,-0.015616181207456656,-0.03345811988128933,7,0.0
2002-01-29,1100.6400146484375,-0.0290301470039491,-2.5792033876614475,0.0661659266374361,0.0001086660878817,0.933725407274682,2,Medium volatility,train,-0.01682063427196313,-0.053407103814141196,0.20841468297772694,0.15201992691418892,0.056394756063538026,-0.061295847812466664,1,0.0
2002-01-30,1113.5699462890625,0.011679180242277,1.0049065138893445,0.0466263357995091,0.0111286738081552,0.9422449903923356,2,Medium volatility,train,-0.013034740074920831,-0.030519921256455203,0.21979676828900446,0.15638437659754725,0.06341239169145721,-0.05026828170818276,2,0.0
2002-01-31,1130.199951171875,0.0148235426636595,1.281740872275505,0.0441909099161004,0.0074730458713617,0.9483360442125376,2,Medium volatility,train,-0.0017239363902075335,-0.021420061912181303,0.2458580122799287,0.1646503843933899,0.08120762788653882,-0.03608502975783334,3,0.0
2002-02-01,1122.199951171875,-0.0071035641868597,-0.6487543260354317,0.0251881265427837,0.0251156957535391,0.9496961777036772,2,Medium volatility,train,-0.009825108050913432,-0.037661835759670304,0.24899021217551995,0.16152034414671348,0.08746986802880646,-0.042907999227918325,4,0.0
2002-02-04,1094.43994140625,-0.0250482374354898,-2.2286301289810835,0.0998708531438092,4.009645429730239e-05,0.9000890504018935,2,Medium volatility,train,-0.03467922572036213,-0.0689039950272237,0.2871693810512133,0.17723813717401335,0.10993124387719996,-0.06047787547002814,5,0.0
2002-02-05,1090.02001953125,-0.0040467007733511,-0.379623510834839,0.0483919827016127,0.0279433377216239,0.9236646795767632,2,Medium volatility,train,-0.009695779489764134,-0.0664306119190322,0.22801780274597955,0.17690373086291497,0.05111407188306458,-0.06090233028512482,6,0.0
2002-02-06,1083.510009765625,-0.0059902823008499,-0.5507393279802928,0.0258097720029374,0.0525477288670468,0.9216424991300158,2,Medium volatility,train,-0.027365242032891035,-0.0688260728780373,0.20081098282840334,0.17714433100995486,0.023666651818448486,-0.0631533751059955,7,0.0
2002-02-07,1080.1700439453125,-0.0030873034739817,-0.2951567413548858,0.0130539623841106,0.1100735411525144,0.876872496463375,2,Medium volatility,train,-0.04527608817053223,-0.06710308459047701,0.12890270523371355,0.17707684405241425,-0.048174138818700696,-0.06604124478677298,8,0.0
2002-02-08,1096.219970703125,0.0147493947439247,1.2752127788070595,0.0165053459158789,0.0343774711310273,0.9491171829530936,2,Medium volatility,train,-0.023423129239747834,-0.0535736062850337,0.20042419101337539,0.18736893110188238,0.013055259911493006,-0.0435965880505087,9,0.0
2002-02-11,1111.93994140625,0.0142383132591561,1.2302164024489064,0.017977418302185,0.0158906577453516,0.9661319239524632,2,Medium volatility,train,0.01586342145489807,-0.029822311070016202,0.147510876888703,0.19434281132598324,-0.04683193443728023,-0.029881609288927247,10,0.0
2002-02-12,1107.5,-0.0040009619059162,-0.3755965927119329,0.0103516104228211,0.051246904992224,0.9384014845849548,2,Medium volatility,train,0.015909160322332968,-0.027527359100436605,0.14739829828342293,0.19378931104133607,-0.04639101275791313,-0.03375526167921317,11,0.0
2002-02-13,1118.510009765625,0.0098922282472235,0.8475805944426918,0.0090466927168043,0.0586306363273473,0.9323226709558484,2,Medium volatility,train,0.031791670870406366,-0.024445896311718306,0.13119826232234497,0.19571334014292593,-0.06451507782058097,-0.01788598889246762,12,0.0
2002-02-14,1116.47998046875,-0.0018165896617015,-0.1832812016515608,0.0058118037056186,0.1292915247696481,0.8648966715247332,2,Medium volatility,train,0.03306238468268657,-0.0098839655678403,0.1267604705898586,0.18783026772324782,-0.061069797133389225,-0.019668467545329693,13,0.0
2002-02-15,1104.1800537109375,-0.0110778348363753,-0.9986550428961372,0.007608032581096,0.0593188465795536,0.9330731208393503,2,Medium volatility,train,0.0072351551023865715,-0.0309423009407714,0.14758040318356894,0.1871623326793273,-0.03958192949575837,-0.02567765674296063,14,0.0
2002-02-19,1083.3399658203125,-0.0190541967358317,-1.7009058437821771,0.0197419051610169,0.0017291837808425,0.9785289110581404,2,Medium volatility,train,-0.02605735489260123,-0.040024874390836004,0.15344131508178677,0.19479576555948971,-0.04135445047770295,-0.044066834485336326,15,0.0
2002-02-20,1097.97998046875,0.0134232802463802,1.1584596801254816,0.0188713297876139,0.0079638946000797,0.9731647756123064,2,Medium volatility,train,-0.00863311274030483,-0.019240366179699,0.19470915024568375,0.2007709713683455,-0.006061821122661765,-0.031148566916886722,16,0.0
2002-02-21,1080.949951171875,-0.0156318712500063,-1.3995992025329398,0.0238256276226847,0.0024176534790868,0.9737567188982283,2,Medium volatility,train,-0.03415721223753463,-0.042765523474940004,0.18516477512636473,0.20416623394010022,-0.019001458813735495,-0.04617577012935392,17,0.0
2002-02-22,1089.8399658203125,0.0081906261667104,0.6977690087984756,0.0151363428153618,0.0251064738505593,0.9597571833340788,2,Medium volatility,train,-0.02414999640912273,-0.038087636287175805,0.2082845027357642,0.20642660533883977,0.001857897396924435,-0.038331270607066315,18,0.0
2002-02-25,1109.4300537109375,0.0178155532170487,1.5451619449227034,0.0242880722178449,0.0040043722893712,0.971707555492784,2,Medium volatility,train,0.004743391644301268,-0.021269690543973298,0.24258228150596967,0.21731883544826722,0.02526344605770245,-0.020855032973397636,19,0.0
2002-02-26,1109.3800048828125,-4.5113215472625257e-05,-0.027317772610087,0.0123389504411224,0.045385766737563,0.9422752828213146,2,Medium volatility,train,0.023752475164660343,-0.021120683993404825,0.18731733155425456,0.21732695747247469,-0.030009625918220123,-0.01842147158781493,20,0.0
2002-02-27,1109.8900146484375,0.000459619397473,0.0171196396014282,0.0070497241248529,0.1180906622111443,0.8748596136640028,2,Medium volatility,train,0.010788814315753143,0.008369082408017276,0.17473056812276982,0.19196856934401635,-0.017238001221246524,-0.017970215360900266,21,0.0
2002-02-28,1106.72998046875,-0.0028512206218742,-0.274371654863355,0.0048411363294287,0.2032963106856661,0.7918625529849052,2,Medium volatility,train,0.023569464943885243,-0.006161318456133924,0.11915805783251072,0.1877655241080319,-0.06860746627552118,-0.020766211039727644,22,0.0
2002-03-01,1131.780029296875,0.0223819365984851,1.947193150024488,0.0242550474665009,0.0034166675913501,0.9723282849421488,2,Medium volatility,train,0.037760775375659944,0.0013970754786916777,0.16520360701911474,0.19703266375477224,-0.0318290567356575,0.0,23,0.0
2002-03-04,1153.8399658203125,0.0193038401813501,1.6761929495089096,0.0406555496766126,0.0011434439918184,0.9582010063315688,2,Medium volatility,train,0.039249062339961345,0.027804479846901476,0.17006248430143225,0.2059016564580054,-0.035839172156573146,0.0,24,0.0
2002-03-05,1146.1400146484375,-0.0066956930098989,-0.6128447391473827,0.0229152613757202,0.0208434141842268,0.9562413244400528,2,Medium volatility,train,0.032598482545535074,0.04615702427249238,0.18972927736131498,0.18493190569292833,0.004797371668386646,-0.006673326804381263,25,0.0
2002-03-06,1162.77001953125,0.0144053187126713,1.244919811717658,0.0233708763977536,0.0112856931236999,0.9653434304785464,2,Medium volatility,train,0.04654418186073337,0.06460904375851478,0.18793595542070055,0.18793751865777672,-1.5632370761742287e-06,0.0,26,0.0
2002-03-07,1157.5400390625,-0.0045080090106166,-0.4202377762303325,0.0129874468935673,0.0423238047224192,0.9446887483840134,2,Medium volatility,train,0.04488739347199097,0.06609131704874807,0.19354942797688787,0.1870892457454097,0.006460182231478179,-0.004497863189539708,27,0.0
2002-03-08,1164.31005859375,0.0058315898377703,0.4900759311523432,0.0082987034500236,0.0907635999203981,0.900937696629578,2,Medium volatility,train,0.02833704671127617,0.07501021036050008,0.16168880997996946,0.18579006344254334,-0.024101253462573885,0.0,28,0.0
2002-03-11,1168.260009765625,0.0033867835320773,0.274831536799931,0.0053679030472376,0.1831616893630999,0.8114704075896624,2,Medium volatility,train,0.01241999006200337,0.06364759914865267,0.12033131819954944,0.18142211901798758,-0.06109080081843814,0.0,29,0.0
2002-03-12,1165.5799560546875,-0.0022966912284019,-0.2255500598066773,0.0037896733883122,0.296946749089323,0.6992635775223647,2,Medium volatility,train,0.01681899184350037,0.04711259466109468,0.10578002787919845,0.17770720274741933,-0.07192717486822088,-0.002294055851038812,30,0.0
2002-03-13,1154.0899658203125,-0.0099066544740384,-0.8955425766113334,0.0054480372748034,0.1821328750221414,0.8124190877030552,2,Medium volatility,train,-0.00749298134320933,0.04120690209297248,0.08923324150058266,0.1815030026305428,-0.09226976112996015,-0.01212918684784503,31,0.0
2002-03-14,1153.0400390625,-0.0009101583595807,-0.103477637584854,0.0036642624066527,0.313527343471214,0.6828083941221331,2,Medium volatility,train,-0.00389513069217343,0.030404515486168276,0.08598308622628448,0.17946626855483697,-0.09348318232855249,-0.013027896680447348,32,0.0
2002-03-15,1166.1600341796875,0.0113143624226781,0.97278740881109,0.0054301520098685,0.2261759262150644,0.768393921775067,2,Medium volatility,train,0.0015876418927343715,0.04353546757054788,0.11071850968913471,0.1821205082377801,-0.07140199854864537,-0.0017975241541982045,33,0.0
2002-03-18,1165.550048828125,-0.0005232085840543,-0.0694100020899541,0.0034256182262673,0.3734705101048916,0.6231038716688411,2,Medium volatility,train,-0.0023223502233972295,0.054090093822868876,0.10800613472368457,0.17599978340255096,-0.06799364867886638,-0.002319655654432373,34,0.0
2002-03-20,1151.8499755859375,-0.0158822904559841,-1.4216464830064026,0.0097350945178523,0.0782038608991664,0.9120610445829812,2,Medium volatility,train,-0.0019428007631240307,0.047897214070153266,0.1414668172130825,0.1670771426708848,-0.025610325457802313,-0.015756831948543715,1,0.0
2002-03-21,1153.5899658203125,0.0015094650990494,0.1095496213439865,0.0058083751638698,0.1719914969872535,0.8222001278488766,2,Medium volatility,train,0.0004768226955060692,0.06503855041920899,0.14185097871273536,0.15376932215274777,-0.011918343440012413,-0.01427002938140498,2,0.0
2002-03-22,1148.699951171875,-0.0042479637041221,-0.3973429995070165,0.0044063457641621,0.2454835016780553,0.7501101525577825,2,Medium volatility,train,-0.01508550343129413,0.05259996054837647,0.11084942087333811,0.1547544436594006,-0.043905022786062495,-0.018448493253792386,3,0.0
2002-03-25,1131.8699951171875,-0.0147596977790032,-1.3228117490241884,0.0099021358018491,0.0388723939160312,0.9512254702821196,2,Medium volatility,train,-0.029321992626243028,0.020024709552324577,0.12992584700793058,0.155515596332645,-0.025589749324714417,-0.03282950607363122,4,0.0
2002-03-26,1138.489990234375,0.0058316865354122,0.4900844445569911,0.0069434023942537,0.0859113420229008,0.9071452555828454,2,Medium volatility,train,-0.027548800304647833,0.025901509303209405,0.1370441395598093,0.15634432040647644,-0.019300180846667153,-0.027172792869021967,5,0.0
2002-03-27,1144.5799560546875,0.0053349046744592,0.4463470284119593,0.0052431724204794,0.1562592641195463,0.8384975634599742,2,Medium volatility,train,-0.006331605174204526,0.030776794580195603,0.12144243168688022,0.15692486280242074,-0.035482431115540516,-0.021968983884036453,6,0.0
2002-03-28,1147.3900146484375,0.0024520914651455,0.1925398528394253,0.0037275567817745,0.2840982790073581,0.7121741642108673,2,Medium volatility,train,-0.0053889788081084265,0.036080106667215305,0.12266962325651837,0.15612612646840923,-0.033456503211890865,-0.019567819642733464,7,0.0
2002-04-01,1146.5400390625,-0.0007410649888486,-0.0885904049695398,0.0026312289645273,0.4401726211831606,0.5571961498523119,2,Medium volatility,train,-0.0018820800928349274,0.012957105079881603,0.12009606874261945,0.13705711385660427,-0.016961045113984816,-0.020294114456469003,8,0.0
2002-04-02,1136.760009765625,-0.0085666262850354,-0.7775644957770925,0.0036924376615031,0.3545177618767324,0.6417898004617644,2,Medium volatility,train,0.004310991401132872,-0.014913361386503898,0.08360965166667418,0.1223917445172378,-0.038782092850563624,-0.028651042201243815,9,0.0
2002-04-03,1125.4000244140625,-0.0100435695733427,-0.9075967862061098,0.0054068768992728,0.2164598368166701,0.778133286284057,2,Medium volatility,train,-0.011564264707622028,-0.018261237949947697,0.09591594402170237,0.12496353437514633,-0.029047590353443967,-0.03835802506222996,10,0.0
2002-04-04,1126.3399658203125,0.00083485790093,0.0501561972322844,0.0034209757420206,0.3680995768305261,0.6284794474274532,2,Medium volatility,train,-0.016064311481151228,-0.031831698761689,0.08091542732260115,0.11216833996297905,-0.0312529126403779,-0.037554855441985335,11,0.0
2002-04-05,1122.72998046875,-0.0032102055853968,-0.3059772265911088,0.0025308643217095,0.4882932316174092,0.5091759040608813,2,Medium volatility,train,-0.021726608531693527,-0.030533895336469198,0.06787270431209773,0.11183253939800519,-0.043959835085907464,-0.040639548322439434,12,0.0
2002-04-11,1103.68994140625,-0.0239743913039465,-2.134087113580033,0.0343156861903403,0.0018703434815938,0.9638139703280658,2,Medium volatility,train,-0.020314349378037628,-0.0446530667965173,0.1850403346764204,0.13939771462933911,0.04564262004708128,-0.0569090528272822,1,1.0
2002-04-12,1111.010009765625,0.0066104620733282,0.5586490047042983,0.0190248030242231,0.0302949899813214,0.9506802069944552,2,Medium volatility,train,-0.010493681719312626,-0.0371324463636084,0.19741499639056828,0.14268630487228928,0.054728691518279,-0.050654134717205035,2,1.0
2002-04-15,1102.550048828125,-0.0076437972359579,-0.6963172496059097,0.0127430771122962,0.0415427535508251,0.9457141693368788,2,Medium volatility,train,-0.020415091857472627,-0.0560906060222444,0.1963793872685395,0.1355328769690385,0.060846510299501,-0.057883078530378995,3,1.0
2002-04-16,1128.3699951171875,0.0231483860770778,2.0146725055207693,0.0431003643606298,0.0005427014054182,0.956356934233952,2,Medium volatility,train,0.009411597612252971,-0.0324190113611123,0.25813174723956406,0.16259565403891685,0.09553609320064721,-0.03582021767774246,4,1.0
2002-04-17,1126.0699462890625,-0.0020404620978355,-0.2029912649051006,0.0207130480024932,0.0353538118568933,0.9439331401406134,2,Medium volatility,train,-0.0038998024873339292,-0.0385179676727648,0.24734366677769204,0.16127524030148224,0.0860684264762098,-0.023855980328054138,5,1.0
2002-04-18,1124.469970703125,-0.0014218595665962,-0.1485285752141356,0.0106454355568659,0.0952675184144423,0.8940870460286917,2,Medium volatility,train,0.018652729250016372,-0.0240575367833769,0.1701720486651112,0.15305858220383253,0.017113466461278676,-0.025242933780617927,6,1.0
2002-04-19,1125.1700439453125,0.0006223869243324,0.0314499354851999,0.0060051219345292,0.1986012709306687,0.7953936071348021,2,Medium volatility,train,0.01266465410102057,-0.024944614958093896,0.1693102789553427,0.1528911906422741,0.016419088313068597,-0.020483945526904468,7,1.0
2002-04-22,1107.8299560546875,-0.0155310671252006,-1.390724257003921,0.0123999295369686,0.0231787180614325,0.9644213524015988,2,Medium volatility,train,0.00477738421177787,-0.0362277183791724,0.19815426278038148,0.16047681770341385,0.03767744507696763,-0.03447830126521645,8,1.0
2002-04-23,1100.9599609375,-0.0062206162911238,-0.5710182760997541,0.0086410197900029,0.0456734782915172,0.9456855019184798,2,Medium volatility,train,-0.024591618156423734,-0.027688636891293,0.09133930614979119,0.15439990901587078,-0.06306060286607959,-0.04046579900310865,9,1.0
2002-04-24,1093.1400146484375,-0.0071281887677914,-0.6509223108759826,0.0071302486669935,0.0593629219678268,0.9335068293651796,2,Medium volatility,train,-0.029679344826379635,-0.0406485121944966,0.08894189022495748,0.1532745566271554,-0.06433266640219791,-0.047281220254145495,10,1.0
2002-04-25,1091.47998046875,-0.0015197466862915,-0.1571467032616026,0.0050139853557474,0.1324576419765336,0.8625283726677189,2,Medium volatility,train,-0.02977723194607493,-0.047503163555247294,0.08869332753926093,0.15094006411543281,-0.062246736576171885,-0.04872801180583608,11,1.0
2002-04-26,1076.3199462890625,-0.0139867901447807,-1.254763807871885,0.0093123891987198,0.0258830407056621,0.964804570095618,2,Medium volatility,train,-0.04438640901518803,-0.0639420451651735,0.08237338749122128,0.15497710231426504,-0.07260371482304376,-0.06124521637365132,12,1.0
2002-04-29,1065.449951171875,-0.0101505660916201,-0.917016919294284,0.0091257077555968,0.0219783244039827,0.9688959678404204,2,Medium volatility,train,-0.03900590798160753,-0.073351546267945,0.06590842218986824,0.15650986058545874,-0.0906014383955905,-0.06273097046090892,13,1.0
2002-04-30,1076.9200439453125,0.0107079565121104,0.9193985277991568,0.0089137529760994,0.0294935737474812,0.9615926732764192,2,Medium volatility,train,-0.022077335178373333,-0.05407696347079921,0.13636628821752597,0.16298080294158554,-0.026614514724059568,-0.047369614536957316,14,1.0
2002-05-01,1086.4599609375,0.008819512806963,0.7531371267889616,0.0077034309438436,0.0492883692622306,0.9430081997939258,2,Medium volatility,train,-0.006129633603618933,-0.0352138810904935,0.15649134262655476,0.16532671890715323,-0.008835376280598467,-0.03893071988303398,15,1.0
2002-05-02,1084.56005859375,-0.0017502398058626,-0.1774396613617808,0.0053277026865645,0.1152799133752619,0.8793923839381735,2,Medium volatility,train,-0.006360126723190033,-0.037798978797286095,0.15651999529671443,0.1650570520403929,-0.008537056743678467,-0.04061135041103314,16,1.0
2002-05-03,1073.4300537109375,-0.0103152498329617,-0.9315159215597066,0.0068002909553332,0.064419977823569,0.9287797312210976,2,Medium volatility,train,-0.0026885864113710325,-0.044904023044851,0.14260577672612804,0.16758425930636683,-0.024978482580238798,-0.05045681749220643,17,1.0
2002-05-06,1052.6700439453125,-0.0195293435134349,-1.7427384749135464,0.0197431999010998,0.0014884811548867,0.9787683189440134,2,Medium volatility,train,-0.012067363833185832,-0.066710979460488,0.18157867775324316,0.17689344775416987,0.0046852299990732815,-0.06882086988071234,18,1.0
2002-05-07,1049.489990234375,-0.0030255128867553,-0.2897166058753365,0.0109352580481998,0.0344975962355532,0.9545671457162468,2,Medium volatility,train,-0.02580083323205153,-0.0630581889545955,0.1497032436424526,0.17647465681296087,-0.026771413170508268,-0.07163390675329695,19,1.0
2002-05-08,1088.8499755859375,0.0368177484137346,3.218143557802501,0.3622526741324781,4.780509769503889e-08,0.6377472780624241,2,Medium volatility,train,0.0021974023747200686,-0.0375113785426123,0.3057314481948757,0.21963874576817616,0.08609270242669953,-0.03502399009391033,20,1.0
2002-05-09,1073.010009765625,-0.0146542786241674,-1.3135304893665474,0.3297389329541958,0.0016673113144882,0.6685937557313161,2,Medium volatility,train,-0.010706636443584732,-0.0281912658628332,0.3209887851886605,0.20997777535488077,0.1110110098337797,-0.04906190840869806,21,1.0
2002-05-10,1054.989990234375,-0.0169365134172592,-1.514461845222897,0.3528665249299672,0.000764793441909,0.6463686816281238,2,Medium volatility,train,-0.01732790002788223,-0.0517382413534206,0.3320496070799071,0.21440289179904393,0.11764671528086318,-0.06503186472553413,22,1.0
2002-05-13,1074.56005859375,0.018380051041599,1.5948611755225452,0.3994479103046644,0.0009165815198225,0.599635508175513,2,Medium volatility,train,0.02058149452715167,-0.025714393075863703,0.3268298939215273,0.22529727186454904,0.10153262205697824,-0.04768820223533954,23,1.0
2002-05-15,1091.0699462890625,-0.0056756001071534,-0.5230342381995742,0.3339148618762427,0.0157058882621075,0.6503792498616495,2,Medium volatility,train,0.002036745889864869,-0.0315748301654135,0.2568118579995782,0.22285657166733025,0.033955286332247925,-0.030306617066235497,1,1.0
2002-05-16,1098.22998046875,0.0065409582489337,0.5525297843177451,0.1875936261462177,0.0479229497139838,0.7644834241397984,2,Medium volatility,train,0.023231982762965966,-0.023612012349883596,0.22778662059780985,0.22462303389126273,0.0031635867065471224,-0.02394310408593836,2,1.0
2002-05-17,1106.5899658203125,0.0075834087309418,0.6443086798972094,0.1020766928649671,0.0833363802202372,0.8145869269147957,2,Medium volatility,train,0.047751904911166966,-0.016650990543274197,0.15094271787276864,0.22660935459926262,-0.07566663672649399,-0.0011192965378828967,3,1.0
2002-05-20,1091.8800048828125,-0.0133821982182897,-1.2015346327241934,0.0901878851128926,0.0205052786270423,0.8893068362600649,2,Medium volatility,train,0.015989655651278266,-0.014502121636363297,0.18759204108336833,0.2249691667543013,-0.03737712567093296,-0.01329305469220976,4,1.0
2002-05-21,1079.8800048828125,-0.0110510572730486,-0.9962975062736784,0.0633718879838528,0.0151617133725704,0.9214663986435766,2,Medium volatility,train,-0.015984488618616236,-0.0193325626182881,0.138865741624414,0.22706689874818226,-0.08820115712376825,-0.02413717977073826,5,1.0
2002-05-22,1086.02001953125,0.0056697271593284,0.4758252994731148,0.0317196797393868,0.0531094212079183,0.9151708990526948,2,Medium volatility,train,-0.004639161352134436,-0.006534646691168297,0.14710158111686275,0.22700826709663957,-0.07990668597977682,-0.018588589201433803,6,1.0
2002-05-23,1097.0799560546875,0.0101324092070802,0.8687264844540817,0.0216517016179273,0.0576654228548645,0.920682875527208,2,Medium volatility,train,-0.0010477103939879363,0.005117509202203403,0.15767936458349843,0.2297991362551089,-0.07211977167161046,-0.0085939779497054,7,1.0
2002-05-24,1083.8199462890625,-0.0121602767279851,-1.0939548418367278,0.0197591116912361,0.0219520810545141,0.9582888072542496,2,Medium volatility,train,-0.020791395852914837,0.0069440226189990024,0.15833761592986,0.22845571425284322,-0.07011809832298321,-0.0205767449864509,8,1.0
2002-05-28,1074.550048828125,-0.0085897732821589,-0.7796023919348876,0.013905253640005,0.0287092108857324,0.9573855354742624,2,Medium volatility,train,-0.01599897091678404,0.008504815428460202,0.14676847658753248,0.22761431243454533,-0.08084583584701285,-0.0289537389474126,9,1.0
2002-05-29,1067.6600341796875,-0.0064326449226621,-0.5896855931279207,0.0094418290162028,0.0496971164992383,0.9408610544845588,2,Medium volatility,train,-0.011380558566397535,-0.008635786006312297,0.13691586906383468,0.2255737465623669,-0.08865787749853221,-0.03518008733412503,10,1.0
2002-05-30,1064.6600341796875,-0.0028138383387537,-0.2710804628899682,0.006183572798062,0.1079220903817427,0.885894336820195,2,Medium volatility,train,-0.019864124064479637,-0.020269137152028997,0.12187284168241246,0.2231397712657927,-0.10126692958338025,-0.03789111860375716,11,1.0
2002-05-31,1067.1400146484375,0.0023266549682814,0.1814962365274376,0.0043251177300328,0.2153019731959122,0.780372909074055,2,Medium volatility,train,-0.027669878303278436,-0.016192242377884997,0.07881242559839631,0.22341579245728627,-0.14460336685888997,-0.035650017070804396,12,1.0
2002-06-03,1040.6800537109375,-0.0251077891822291,-2.233873153604212,0.0380448250594607,0.0002592375281534,0.9616959374123856,2,Medium volatility,train,-0.04061739075752244,-0.030984781727152397,0.14703269233736221,0.23680649883315352,-0.08977380649579131,-0.05956127756907337,13,1.0
2002-06-04,1040.68994140625,9.50114139808278e-06,-0.0225094431566623,0.0181537048493753,0.0384263762709597,0.9434199188796648,2,Medium volatility,train,-0.03201811633396545,-0.011445937072319414,0.15555059893203738,0.2275830365515787,-0.07203243761954131,-0.05955234228534778,14,1.0
2002-06-05,1049.9000244140625,0.0088110463968167,0.7523917314093621,0.0125435401278373,0.058139896857544,0.9293165630146186,2,Medium volatility,train,-0.01677442501448665,0.0003906222112525868,0.18308620547648036,0.22965046609435666,-0.0465642606178763,-0.05122940127531872,15,1.0
2002-06-06,1029.1500244140625,-0.0199617022470386,-1.7808039828193454,0.03026731353879,0.0011134158645834,0.9686192705966264,2,Medium volatility,train,-0.03392228892277155,-0.05638882844952062,0.2108113425886932,0.1966648189125464,0.0141465236761468,-0.0699807008902742,16,1.0
2002-06-07,1027.530029296875,-0.0015753499911639,-0.1620421011724239,0.0150708430799452,0.0375945154226058,0.9473346414974488,2,Medium volatility,train,-0.03782429388221684,-0.04330989981651712,0.20364606079512754,0.19189577264779234,0.011750288147335197,-0.07144465336338968,17,1.0
2002-06-10,1030.739990234375,0.0031190888556311,0.251263298134621,0.0084498353093265,0.1012875715487381,0.8902625931419352,2,Medium volatility,train,-0.00959741584435665,-0.023254297543626817,0.15389146996918254,0.18486037117960263,-0.03096890121042009,-0.06854388520476973,18,1.0
2002-06-11,1013.5999755859376,-0.0167686554715835,-1.499683381272574,0.016429120180608,0.0072608834772337,0.9763099963421582,2,Medium volatility,train,-0.02637557245733823,-0.05840300405680931,0.17824296975811704,0.17790873654222022,0.00033423321589681754,-0.08403292376272509,19,1.0
2002-06-12,1020.260009765625,0.006549180408375,0.5532536755008995,0.0104236548413967,0.0379890023719868,0.9515873427866164,2,Medium volatility,train,-0.028637438445779935,-0.0727769106452802,0.16960319950281047,0.15964985076713534,0.009953348735675133,-0.07801440345674138,20,1.0
2002-06-13,1009.5599975585938,-0.0105429163963828,-0.9515600254397394,0.010110407385053,0.0252374745584281,0.9646521180565188,2,Medium volatility,train,-0.019218652595124133,-0.07764422693450962,0.1372152236597023,0.16131173009108027,-0.02409650643137798,-0.08768375934964368,21,1.0
2002-06-14,1007.27001953125,-0.0022708696241418,-0.2232766872465565,0.0065297281515458,0.0746219593040618,0.9188483125443924,2,Medium volatility,train,-0.01991417222810203,-0.08645605480758511,0.13670585146153266,0.1569597900633974,-0.020253938601864724,-0.0897531600292768,22,1.0
2002-06-17,1036.1700439453125,0.0282875451247939,2.467131734757262,0.0662609696551155,4.974071829413614e-05,0.9336892896265904,2,Medium volatility,train,0.005254284041060771,-0.06575191841373301,0.2494928496051974,0.18968249325061154,0.05981035635458587,-0.055520030033561873,23,1.0
2002-06-18,1037.1400146484375,0.000935673629586,0.0590321643815947,0.0302952832103003,0.0380265634392424,0.9316781533504572,2,Medium volatility,train,0.022958613142230265,-0.05143404656585731,0.20756704366742604,0.18652366728500638,0.021043376382419654,-0.05463589146392367,24,1.0
2002-06-19,1019.989990234375,-0.0166741253282198,-1.4913608064293296,0.0396775927589807,0.0033826134547677,0.9569397937862514,2,Medium volatility,train,-0.00026469259436453715,-0.057057114621028505,0.24545326815153287,0.19071206665755502,0.05474120149397785,-0.07026832036704322,25,1.0
2002-06-20,1006.2899780273438,-0.0135225350742702,-1.213890098881371,0.0357903294999087,0.004184878222013,0.960024792278078,2,Medium volatility,train,-0.003244311272251936,-0.07624937685462711,0.25249928961155294,0.19146344968161233,0.061035839929940605,-0.08275602660159986,26,1.0
2002-06-21,989.1400146484376,-0.0171896641180575,-1.536749610575242,0.0470163060523966,0.0011140153716412,0.9518696785759624,2,Medium volatility,train,-0.01816310576616764,-0.10357145017976481,0.2741698910074411,0.18971697570822812,0.08445291529921298,-0.08735762057600394,27,1.0
2002-06-24,992.719970703125,0.0036127274125172,0.2947239731003743,0.0227746487251508,0.037748085451712,0.9394772658231372,2,Medium volatility,train,-0.04283792347844434,-0.08779844603926251,0.14256681720766853,0.19025097484302875,-0.047684157635360214,-0.07615287739667564,28,1.0
2002-06-25,976.1400146484376,-0.0168425871990169,-1.5061924408482852,0.0320074785641736,0.0031567380765346,0.9648357833592917,2,Medium volatility,train,-0.06061618430704724,-0.0960512599561205,0.12664438141461876,0.19463849630617175,-0.06799411489155299,-0.08572018863810638,29,1.0
2002-06-26,973.530029296875,-0.0026773626837606,-0.2590649426279195,0.0161009412006206,0.0380175587111521,0.9458815000882272,2,Medium volatility,train,-0.04661942166258804,-0.09229597771721901,0.13235231840759148,0.1946758515847903,-0.062323533177198825,-0.08772043411979236,30,1.0
2002-06-27,990.6400146484376,0.0174225426218201,1.5105607058195991,0.0245070350169926,0.0059982990658055,0.9694946659172018,2,Medium volatility,train,-0.01567434396649774,-0.07205959675664521,0.20743862089384094,0.20909076332375476,-0.001652142429913822,-0.07168693793682013,31,1.0
2002-06-28,989.8200073242188,-0.0008280978782515,-0.0962529103895581,0.0124644067004432,0.0477162639580481,0.9398193293415086,2,Medium volatility,train,0.0006872222733082653,-0.0752143496031781,0.17505618087349747,0.2082466655341049,-0.03319048466060742,-0.05722451251810734,32,1.0
2002-07-01,968.6500244140624,-0.0216197410782648,-1.9267801950080257,0.0373056586947517,0.0004221383877963,0.962272202917452,2,Medium volatility,train,-0.024545246217473733,-0.0717263014992138,0.2178906908279068,0.20404882802801855,0.01384186279988825,-0.07738832089783487,33,1.0
2002-07-02,948.0900268554688,-0.0214539119536274,-1.9121803514885407,0.0809293830719497,0.0001296513192278,0.9189409656088224,2,Medium volatility,train,-0.029156570972084232,-0.09318971459423929,0.23212215707231662,0.2126154819795567,0.019506675092759912,-0.09697113552827352,34,1.0
2002-07-03,953.989990234375,0.0062037161929007,0.5228384906017755,0.0413494262000371,0.0285756239915719,0.9300749498083908,2,Medium volatility,train,-0.020275492095422933,-0.09579704479815528,0.24471276107291684,0.21071696591593955,0.03399579515697729,-0.08017241957658738,35,1.0
2002-07-08,976.97998046875,-0.0122585334421261,-1.1026055095305607,0.4819492539778458,0.0027323814081681,0.515318364613986,2,Medium volatility,train,-0.013056954802704236,-0.05044701052366549,0.3465953464689784,0.24862801221856246,0.09796733425041593,-0.05800570157355289,1,1.0
2002-07-17,906.0399780273438,0.0056447655014721,0.4736276378772657,0.457786813399529,0.0174771695450526,0.5247360170554184,2,Medium volatility,train,-0.015800946403246037,-0.1351387871352158,0.14937967120634135,0.255524742353786,-0.10614507114744468,-0.11171679457447192,1,1.0
2002-08-29,917.7999877929688,-7.627441196333962e-05,-0.030061250835876,0.4671016500200615,0.0198823743108872,0.5130159756690511,2,Medium volatility,train,-0.04776236080349949,0.03677612861661857,0.18184081415154082,0.3253411438191723,-0.14350032966763146,-0.046639684060174935,1,1.0
2002-08-30,916.0700073242188,-0.0018866996968505,-0.1894537937372946,0.2573634761504287,0.0693012190278082,0.6733353048217631,2,Medium volatility,train,-0.026701546088229788,0.05824229225450417,0.15004532043685082,0.3126263325657141,-0.16258101212886328,-0.048436692938136794,2,1.0
2002-09-11,909.4500122070312,-0.0001429386881355,-0.0359304731608533,0.3987971063144128,0.0596213794427055,0.5415815142428817,2,Medium volatility,train,0.017805598363128748,0.028145418771602666,0.1778121575456083,0.28928163186336653,-0.11146947431775822,-0.05531318097516391,1,1.0
2002-09-16,891.0999755859375,0.0014486731753962,0.1041974096952433,0.2733767002355017,0.0710430837484932,0.655580216016005,2,Medium volatility,train,-0.013221652760395749,-0.041404523928583035,0.18252356744925058,0.26471967563723753,-0.08219610818798695,-0.07437419311644922,1,1.0
2002-09-17,873.52001953125,-0.0199255791559469,-1.777623651990656,0.3993904397968136,0.0010718520162199,0.5995377081869664,2,Medium volatility,train,-0.04045192523135905,-0.08466752013997134,0.18948204011952455,0.25452011052191753,-0.06503807040239298,-0.09263528777914132,2,1.0
2002-09-18,869.4600219726562,-0.004658693507558,-0.4335042641344759,0.2264034166563253,0.0224609987479233,0.7511355845957514,2,Medium volatility,train,-0.04496768005078155,-0.07526972601962063,0.18195622481792278,0.25201449736872455,-0.07005827255080177,-0.09685259068462904,3,1.0
2002-09-23,833.7000122070312,-0.0139244366114663,-1.2492741097789366,0.4672335988777092,0.0046125962763689,0.5281538048459218,2,Medium volatility,train,-0.06658298716244265,-0.12092069499323234,0.1829087531483425,0.24703296988756998,-0.06412421673922747,-0.12052323279579003,1,1.0
2002-10-28,890.22998046875,-0.0083004301481643,-0.7541281907715184,0.4246694307502041,0.0093457834954791,0.5659847857543168,2,Medium volatility,train,-0.010603736879458448,0.08794818591124812,0.19185616079764697,0.36857020563870746,-0.17671404484106049,-0.010547715448573025,1,1.0
2002-10-29,882.1500244140625,-0.0091176971167152,-0.8260815938940234,0.2894812591852528,0.0154551633740761,0.6950635774406709,2,Medium volatility,train,-0.009039054430473847,0.03958767083823311,0.18856605889164968,0.3483864681188356,-0.15982040922718593,-0.0195282386311062,2,1.0
2002-10-30,890.7100219726562,0.0096567849185209,0.8268518125457792,0.184482107233903,0.0291435483767814,0.7863743443893155,2,Medium volatility,train,-0.006077744947087349,0.07311450178061302,0.19608408871108843,0.3361375078249628,-0.1400534191138744,-0.010014169990499977,3,1.0
2002-10-31,885.760009765625,-0.0055728775938996,-0.5139903948897032,0.0955318629740441,0.0580001444400206,0.8464679925859351,2,Medium volatility,train,0.003687255766880053,0.07842299774023341,0.16850196986212088,0.3337380006143138,-0.16523603075219293,-0.015515895380859845,4,1.0
2002-11-01,900.9600219726562,0.0170148413200248,1.474666074994543,0.1096210615383519,0.0092148455598914,0.8811640929017567,2,Medium volatility,train,0.0036806213797665535,0.11812439956514441,0.16846965822432225,0.32191275987302603,-0.15344310164870378,0.0,5,1.0
2002-11-04,908.3499755859376,0.0081688541130233,0.6958521647119827,0.0609884350387538,0.0318973354130339,0.9071142295482124,2,Medium volatility,train,0.020149905640954154,0.14558936061733602,0.15593811537550964,0.3085678611066725,-0.15262974573116286,0.0,6,1.0
2002-11-05,915.3900146484376,0.0077204799687446,0.6563766361583235,0.0334681690498886,0.0611979827814142,0.905333848168697,2,Medium volatility,train,0.036988082726413955,0.13655265216030152,0.11590078547214301,0.30664850539574107,-0.19074771992359807,0.0,7,1.0
2002-11-06,923.760009765625,0.0091020882390795,0.7780154893828223,0.0210499207002733,0.0770011305504759,0.9019489487492508,2,Medium volatility,train,0.036433386046972556,0.17332087329752943,0.11540831957682973,0.27974105704521146,-0.16433273746838173,0.0,8,1.0
2002-11-07,902.6500244140624,-0.0231173997854403,-2.058636301817776,0.0685333782546474,0.0002762297913616,0.9311903919539908,2,Medium volatility,train,0.018888863855431856,0.11583516794720053,0.22016347591108784,0.2838624275089436,-0.06369895159785574,-0.022852239898237814,9,1.0
2002-11-08,894.739990234375,-0.0088017460667986,-0.7982647921187882,0.0415416657304901,0.0130127758415272,0.9454455584279826,2,Medium volatility,train,-0.0069277235313915456,0.06871826862623011,0.20223278624603105,0.26179149293735277,-0.05955870669132171,-0.03141510698066796,10,1.0
2002-11-11,876.1900024414062,-0.0209501971813308,-1.867832551486196,0.0838228272340904,0.0002706952968845,0.915906477469025,2,Medium volatility,train,-0.03604677482574565,0.04046825243913781,0.21689196605123884,0.2744756617483373,-0.05758369569709848,-0.05149606696688258,11,1.0
2002-11-12,882.9500122070312,0.0076856225027794,0.6533077328538499,0.045728025017975,0.0237543480235692,0.9305176269584556,2,Medium volatility,train,-0.03608163229171085,0.0019045166173850157,0.21677111425147252,0.2239624276214436,-0.007191313369971086,-0.04417813839868212,12,1.0
2002-11-13,882.530029296875,-0.0004757719240151,-0.0652336077733726,0.0209679873770489,0.0795414898953772,0.8994905227275739,2,Medium volatility,train,-0.04565949245480545,0.025837148259076216,0.18690613075793006,0.20551652117255312,-0.018610390414623063,-0.0446327834425424,13,1.0
2002-11-14,904.27001953125,0.0243351942032914,2.119160863451013,0.0751009596970167,0.0004860352805815,0.924413005022402,2,Medium volatility,train,0.0017931015339262488,0.028115592990030015,0.24254619812393502,0.20854600035622675,0.03400019776770827,-0.021098542942251775,14,1.0
2002-11-15,909.8300170898438,0.0061297776921929,0.5163288346968817,0.0383369079411192,0.0294210532326142,0.9322420388262666,2,Medium volatility,train,0.01672462529291775,0.028359629274053316,0.23244520435193142,0.208613752201553,0.023831452150378407,-0.015079666286177074,15,1.0
2002-11-18,900.3599853515625,-0.0104631205797787,-0.9445346827053026,0.0275354384741377,0.0218696771141078,0.9505948844117544,2,Medium volatility,train,0.027211701894469854,0.0007110958302201167,0.1810602347742496,0.20416712040365792,-0.023106885629408325,-0.025331281032613173,16,1.0
2002-11-19,896.739990234375,-0.0040287129960132,-0.3780398400835708,0.0145256790637057,0.0592949098511643,0.92617941108513,2,Medium volatility,train,0.01549736639567725,0.007364762399906717,0.18885674010825354,0.20103989283443585,-0.012183152726182311,-0.029250042484633476,17,1.0
2002-11-20,914.1500244140624,0.0192287444012677,1.669581405001429,0.0284618420877137,0.0041609409325859,0.9673772169797004,2,Medium volatility,train,0.035201882720960045,0.019898031366040014,0.21028700874754808,0.21046544696975292,-0.00017843822220484085,-0.010403119046039744,18,1.0
2002-11-21,933.760009765625,0.0212247578713959,1.845313408594744,0.0586599818736784,0.0005101988827292,0.9408298192435924,2,Medium volatility,train,0.032091446389064554,0.05646066754530292,0.1979601881493371,0.21271775864248327,-0.01475757049314616,0.0,19,1.0
2002-11-22,930.5499877929688,-0.0034436602808645,-0.3265309262513476,0.0283826432222964,0.0311548092336367,0.9404625475440668,2,Medium volatility,train,0.02251800841600715,0.03599553155730011,0.2077546806233723,0.2072189681041638,0.0005357125192085033,-0.003437737683221198,20,1.0
2002-11-25,932.8699951171876,0.0024900543562251,0.1958821624036911,0.0138595773188336,0.0927396162406568,0.8934008064405095,2,Medium volatility,train,0.03547118335201095,0.046786016061689514,0.1743139054937218,0.20392884064425632,-0.02961493515053451,-0.0009531513870044694,21,1.0
2002-11-26,913.3099975585938,-0.0211904901588466,-1.8889883036994024,0.0390823028902089,0.000909376103004,0.960008321006787,2,Medium volatility,train,0.018309406189177556,0.03471322301955812,0.2479966128763979,0.21637291921775642,0.03162369365864148,-0.02190071537992322,22,1.0
2002-11-27,938.8699951171876,0.0276016589994263,2.4067452970645533,0.182921245123466,1.394253046251344e-05,0.8170648123460715,2,Medium volatility,train,0.026682320787336154,0.05265809710046351,0.2783294008401786,0.2329244933737287,0.0454049074664499,0.0,23,1.0
2002-11-29,936.3099975585938,-0.0027304036508635,-0.2637347484989796,0.0876977035304794,0.0303138326773648,0.8819884637921558,2,Medium volatility,train,0.0027271592650767533,0.05550057104349962,0.2494789135415707,0.23186795834413157,0.017610955197439132,-0.0027266794890749013,24,1.0
2002-12-02,934.530029296875,-0.0019028551594493,-0.1908761447654577,0.0394754250974753,0.0854861445001759,0.8750384304023487,2,Medium volatility,train,0.004267964386491953,0.036582874564025515,0.2484268357779915,0.22640246536357753,0.022024370414413963,-0.00462254182462285,25,1.0
2002-12-03,920.75,-0.0148552051332071,-1.3312203589676224,0.0429056923535943,0.0127327174644694,0.944361590181936,2,Medium volatility,train,-0.013077295102940246,0.013558815317795113,0.2664306581356863,0.23221783069472704,0.03421282744095924,-0.019299791463594396,26,1.0
2002-12-04,917.5800170898438,-0.0034487671121796,-0.3269805392987776,0.0211126633492178,0.0495363086672427,0.9293510279835394,2,Medium volatility,train,0.004664427943726751,0.002389568236870915,0.22462818791657158,0.23116265877403258,-0.0065344708574610055,-0.022676172567093755,27,1.0
2002-12-05,906.5499877929688,-0.0120936158065481,-1.0880859148676385,0.0191761095464532,0.0199397939797385,0.960884096473808,2,Medium volatility,train,-0.035030846862247646,-0.018806135808756685,0.08533063268267754,0.23241319773408106,-0.14708256505140352,-0.03442436918029823,28,1.0
2002-12-06,912.22998046875,0.0062459574445909,0.5265574734167219,0.0114633175934984,0.0567748438090079,0.9317618385974936,2,Medium volatility,train,-0.026054485766793246,0.010557221421274514,0.11999537322207095,0.2189210425545782,-0.09892566933250725,-0.028374551095450062,29,1.0
2002-12-09,892.0,-0.0224259972710285,-1.9977641930041832,0.0397460579535593,0.0003171049289295,0.9599368371175112,2,Medium volatility,train,-0.04657762787837245,-0.003067029782955387,0.15664671444974637,0.23097930963919822,-0.07433259518945184,-0.049921709460251096,30,1.0
2002-12-10,904.4500122070312,0.013860905064269,1.1969888219477651,0.0349586861018807,0.0064932275722991,0.95854808632582,2,Medium volatility,train,-0.017861517680896347,0.031744072462644414,0.2043320876314245,0.22273980538307087,-0.018407717751646374,-0.036661074578126396,31,1.0
2002-12-11,904.9600219726562,0.000563730464071,0.0262857332191874,0.0167340147441268,0.0503074184101319,0.9329585668457412,2,Medium volatility,train,-0.013849020104645749,0.024622180423936012,0.20603573734533984,0.22164309585089478,-0.015607358505554947,-0.03611785797915379,32,1.0
2002-12-12,901.5800170898438,-0.0037419694595453,-0.3527945113645714,0.0094771550460181,0.1004419011712338,0.8900809437827479,2,Medium volatility,train,-0.005497373757642948,0.021355982888405813,0.1934265538227303,0.22224726930506175,-0.02882071548233145,-0.03971793562610271,33,1.0
2002-12-13,889.47998046875,-0.0135117982956272,-1.2129448168723518,0.0125720533155117,0.0232214946328818,0.9642064520516064,2,Medium volatility,train,-0.025255129497861045,-0.016491009610512787,0.19627653281355664,0.21059076812876773,-0.014314235315211088,-0.05260580794497849,34,1.0
2002-12-16,910.4000244140624,0.023247089835741,2.0233625316812445,0.0427988214848353,0.0003585245643972,0.9568426539507672,2,Medium volatility,train,0.020417957608908452,0.000626302533035316,0.2064982559101494,0.2255116473339976,-0.019013391423848197,-0.030323655938724103,35,1.0
2002-12-17,902.989990234375,-0.0081726218451381,-0.742875757106723,0.0259245097026754,0.0151744409300084,0.958901049367316,2,Medium volatility,train,-0.0016155693004986475,0.0029168012676759163,0.2012479102261071,0.2243046087671862,-0.023056698541079085,-0.03821615886056107,36,1.0
2002-12-18,891.1199951171875,-0.0132323752862566,-1.1883439982798725,0.0244920729918754,0.0069914976848752,0.9685164293232492,2,Medium volatility,train,-0.015411675050826247,-0.006286861022567483,0.2166601978437339,0.2286803855525155,-0.012020187708781604,-0.0508590116292299,37,1.0
2002-12-19,884.25,-0.0077392649719332,-0.7047223715013945,0.0156808983267813,0.0220370268018778,0.9622820748713408,2,Medium volatility,train,-0.019408970563214147,-0.03325487039576838,0.21875025497256964,0.2184463804052155,0.0003038745673541454,-0.058176313441958616,38,1.0
2002-12-20,895.760009765625,0.0129327027684063,1.1152685071137225,0.0153240761978304,0.0175242262815319,0.9671516975206376,2,Medium volatility,train,0.007035530500819353,-0.04154692549875798,0.22445071869840524,0.20918721052827297,0.015263508170132278,-0.045916884739917285,39,1.0
2002-12-23,897.3800048828125,0.0018068812749731,0.1357345851622802,0.0085619838327302,0.0701096457429912,0.9213283704242784,2,Medium volatility,train,-0.014404678059948547,-0.03629638394292038,0.14735176141716827,0.20954354739099396,-0.062191785973825686,-0.044191411430925975,40,1.0
2002-12-24,892.469970703125,-0.005486545312233,-0.5063895720199659,0.0063933738446713,0.1041248791569245,0.8894817469984041,2,Medium volatility,train,-0.011718601527043446,-0.044272983611378484,0.1434248659063276,0.20929591300746342,-0.06587104710113581,-0.049421138874792825,41,1.0
2002-12-26,889.6599731445312,-0.0031535297378519,-0.3009874004233652,0.0047065417808799,0.1801654918258126,0.8151279663933074,2,Medium volatility,train,-0.0016397559786387465,-0.026236023190383786,0.11663713229075667,0.19767000883084776,-0.08103287654009109,-0.05241409591166457,42,1.0
2002-12-27,875.4000244140625,-0.0161583844330541,-1.4459542086288362,0.0116027244929297,0.0164776613835169,0.9719196141235532,2,Medium volatility,train,-0.010058875439759647,-0.06999606662286419,0.1508368543348929,0.17352484923135794,-0.02268799489646503,-0.065053212401184,43,1.0
2002-12-30,879.3900146484375,0.0045475493041386,0.3770270870202267,0.0074872702539081,0.0606671453431394,0.9318455844029524,2,Medium volatility,train,-0.018444028904027347,-0.06271811366786209,0.1138211957715704,0.1757441854834003,-0.061922989711829884,-0.05900293507949006,44,1.0
2002-12-31,879.8200073242188,0.0004888474701409,0.0196929227219931,0.0050418260310022,0.1432771088838908,0.851681065085107,2,Medium volatility,train,-0.019762062708859548,-0.06032641103827188,0.11088356102870735,0.17614995627064423,-0.06526639524193688,-0.0444528837097814,45,1.0
2003-01-02,909.030029296875,0.032660779741823,2.8521578344983656,0.1320930883795493,4.878664470273642e-06,0.8679020329559805,2,Medium volatility,train,0.018385262345196454,-0.012810426163241781,0.2550890937538225,0.20947168325009943,0.04561741050372306,-0.009317975145192836,46,1.0
2003-01-03,908.5900268554688,-0.0004841522831044,-0.0659714270895416,0.0603048010934235,0.0356885673716836,0.9040066315348928,2,Medium volatility,train,0.021054639799943955,-0.009845811334166583,0.2520313909813568,0.20922186897197648,0.04280952200938032,-0.003990170999873088,47,1.0
2003-01-06,929.010009765625,0.0222255366515851,1.9334234653795943,0.1280204818551378,0.0007166074469437,0.8712629106979184,2,Medium volatility,train,0.05943856088458316,0.024473341123966617,0.21003192822218633,0.218720795225815,-0.00868886700362867,0.0,48,1.0
2003-01-07,922.9299926757812,-0.0065661294926719,-0.6014377738058936,0.0683842804510404,0.0199124788400292,0.9117032407089304,2,Medium volatility,train,0.04832488208777265,0.011661254186703818,0.23940837867782438,0.21950429814947894,0.01990408052834544,-0.006544619569145094,49,1.0
2003-01-08,909.9299926757812,-0.0141857186117118,-1.2722777668650092,0.062914719737407,0.0057025413689115,0.9313827388936814,2,Medium volatility,train,0.03365031600591996,0.019901532846020524,0.28208561240057217,0.21027833765644638,0.07180727474412579,-0.020538010235925608,50,1.0
2003-01-09,927.5700073242188,0.0192006058019638,1.6671040407411235,0.0903509807690731,0.0012502882762796,0.9083987309546472,2,Medium volatility,train,0.020190142066060755,0.02524123358371532,0.2273651234627188,0.21514995825157898,0.012215165211139828,-0.0015500397479780714,51,1.0
2003-01-10,927.5700073242188,0.0,-0.0233459378192967,0.0408988357628138,0.0393545993508318,0.9197465648863544,2,Medium volatility,train,0.020674294349165154,0.024677503119644322,0.22690010260792126,0.21518185101198442,0.01171825159593684,-0.0015500397479780714,52,1.0
2003-01-13,926.260009765625,-0.0014132879115829,-0.1477739139194394,0.0188883390531437,0.102207404828903,0.8789042561179532,2,Medium volatility,train,-0.0029645302140028445,0.027006184667606722,0.17580637645817754,0.21465354188827665,-0.03884716543009911,-0.0029601403333574527,53,1.0
2003-01-14,931.6599731445312,0.0058129291186173,0.4884330135997687,0.010458525163339,0.1722604080282837,0.8172810668083773,2,Medium volatility,train,0.009414528397286355,0.04633091208185122,0.17214273209148415,0.2081073884146594,-0.03596465632317525,0.0,54,1.0
2003-01-15,918.219970703125,-0.0145309310163908,-1.30267078196606,0.0154527599773099,0.0282334711348931,0.956313768887797,2,Medium volatility,train,0.009069315992607354,0.008552891229719419,0.17377304660072165,0.20116165077620063,-0.027388604175478976,-0.0144258665487621,55,1.0
2003-01-16,914.5999755859376,-0.0039501968883879,-0.3711271648367167,0.0091468331702279,0.0684869519905676,0.9223662148392044,2,Medium volatility,train,-0.014081486697744346,0.01277531618646962,0.10598701356341782,0.1994099021196353,-0.09342288855621748,-0.018311399062270417,56,1.0
2003-01-17,901.780029296875,-0.0141161641678584,-1.2661540898657797,0.0128379999545106,0.0136387691346562,0.973523230910833,2,Medium volatility,train,-0.028197650865602747,0.011891527304867821,0.12353266780159734,0.20020636718962262,-0.07667369938802528,-0.03207172649781842,57,1.0
2003-01-21,887.6199951171875,-0.0158269023864514,-1.4167700347359795,0.0184662359734076,0.0027142391137514,0.9788195249128409,2,Medium volatility,train,-0.042611265340471244,0.0038038898903496217,0.13227477850622477,0.2063105743940755,-0.07403579588785072,-0.04727044125197344,58,1.0
2003-01-22,878.3599853515625,-0.0104872022751809,-0.9466548710939514,0.0149420029712533,0.0100240732891071,0.9750339237396396,2,Medium volatility,train,-0.05891139673426944,-0.01961601515323758,0.0682344702879604,0.20398310656450255,-0.13574863627654216,-0.05720970024403971,59,1.0
2003-01-23,887.3400268554688,0.0101717379711123,0.8721890475107157,0.0119387049281716,0.0236152964354627,0.9644459986363656,2,Medium volatility,train,-0.034208727746766344,-0.011251158457098379,0.14971928957894173,0.2074470686693848,-0.05772777909044308,-0.047570946017433946,60,1.0
2003-01-24,861.4000244140625,-0.0296692527095556,-2.635471207410648,0.125925478968278,1.979599348398203e-06,0.8740725414323736,2,Medium volatility,train,-0.059927783567934045,-0.03543386585442098,0.2039363745103532,0.23029346705903703,-0.02635709254868382,-0.07541372470186514,61,1.0
2003-01-27,847.47998046875,-0.0162917838524929,-1.4576988925235093,0.1337172915418457,0.0011923581028921,0.8650903503552622,2,Medium volatility,train,-0.06210340325256854,-0.04857211996906198,0.2055435229255014,0.23570908161397636,-0.030165558688474953,-0.09035484522497794,62,1.0
2003-01-28,858.5399780273438,0.0129660294438265,1.1182026373349578,0.1015518311087288,0.0080643989681975,0.8903837699230737,2,Medium volatility,train,-0.03331047142229064,-0.019447706092181372,0.25649322832205557,0.23587143516280826,0.02062179315924731,-0.07848356398782863,63,1.0
2003-01-29,864.3599853515625,0.0067560851884742,0.5714698810045283,0.0527414285228272,0.0373322723596423,0.9099262991175304,2,Medium volatility,train,-0.01606718395863554,-0.017239170207845777,0.2666995518735844,0.23664515989592244,0.030054391977661965,-0.0722366418359891,64,1.0
2003-01-30,844.6099853515625,-0.0231143667315807,-2.058369267231221,0.1382068568441324,0.000148945321641,0.8616441978342266,2,Medium volatility,train,-0.04935328866132854,-0.040842384409567375,0.26625424920751617,0.24872896544875384,0.017525283758762333,-0.09343536301034627,65,1.0
2003-01-31,855.7000122070312,0.0130448966790162,1.125146226376399,0.1055143843722773,0.0074369930655995,0.8870486225621231,2,Medium volatility,train,-0.006639139272756745,-0.060458267472374184,0.24333217750632574,0.2220756704052525,0.02125650710107324,-0.0815318497381835,66,1.0
2003-02-03,860.3200073242188,0.0053845598851749,0.4507187472397674,0.0518881992397315,0.0422572464335961,0.9058545543266724,2,Medium volatility,train,0.015037204464911056,-0.05458955530409487,0.21321253174341537,0.2238422051956768,-0.010629673452261429,-0.07657296425382154,67,1.0
2003-02-04,848.2000122070312,-0.0141879501425536,-1.272474234169353,0.049677132300881,0.009117586984428,0.9412052807146908,2,Medium volatility,train,-0.012116775121469046,-0.09100304209823358,0.2189319827522834,0.2075515400976722,0.01138044265461119,-0.08958199701958491,68,1.0
2003-02-05,843.5900268554688,-0.0054498450223015,-0.5031584237443465,0.0259375779808971,0.0346989620397547,0.939363459979348,2,Medium volatility,train,-0.024322705332244746,-0.08988675762786318,0.2065049198740946,0.20745083108846799,-0.0009459112143733739,-0.09453013849227576,69,1.0
2003-02-06,838.1500244140625,-0.0064695152040803,-0.5929317077076252,0.0152938991645796,0.055440078288199,0.9292660225472212,2,Medium volatility,train,-0.007677853804744347,-0.08217055422023169,0.15230037820931114,0.20460710131219517,-0.052306723102884034,-0.10036918127420968,70,1.0
2003-02-07,829.6900024414062,-0.0101449712147525,-0.9165243379883382,0.0128365297115457,0.036484974252394,0.9506784960360602,2,Medium volatility,train,-0.030867721698513047,-0.11151613123694798,0.10390324270217165,0.18690875419307085,-0.0830055114908992,-0.10944977099204634,71,1.0
2003-02-10,835.969970703125,0.0075405522369367,0.6405355302310314,0.0090184598294269,0.0678510878346347,0.9231304523359384,2,Medium volatility,train,-0.028711729346751244,-0.10397557900001128,0.1161686584249177,0.19150723532236436,-0.07533857689744665,-0.10270914840146472,72,1.0
2003-02-11,829.2000122070312,-0.0081312969449021,-0.7392374512408315,0.0077571267781328,0.0660719797379339,0.9261708934839332,2,Medium volatility,train,-0.022655076149099743,-0.11069358803333047,0.099086257393317,0.1912443115716807,-0.0921580541783637,-0.10997570346580199,73,1.0
2003-02-12,818.6799926757812,-0.012768117118207,-1.1474700165773952,0.0102343728596699,0.0204040849471907,0.9693615421931392,2,Medium volatility,train,-0.029973348245005246,-0.1292746342701548,0.11249583537775404,0.18813203169229462,-0.07563619631454058,-0.10840537257224026,74,1.0
2003-02-13,817.3699951171875,-0.0016014154192465,-0.1643369403456177,0.006530697699893,0.0699475896960078,0.9235217126040992,2,Medium volatility,train,-0.025105248460171446,-0.11634511867301048,0.11566254127253499,0.186457043804317,-0.070794502531782,-0.10630875034351472,75,1.0
2003-02-14,834.8900146484375,0.0212081344456143,1.8438498573898527,0.0223599695855244,0.0020550489397984,0.9755849814746772,2,Medium volatility,train,0.006247857200195352,-0.09118678733900827,0.1918840076156504,0.20862942561238723,-0.016745417996736844,-0.07417553336215721,76,1.0
2003-02-18,851.1699829101562,0.0193118563360776,1.67689870372974,0.0381363526162967,0.0010764612910089,0.9607871860926944,2,Medium volatility,train,0.01801916129933625,-0.05775876683507228,0.22331794370612215,0.22102345662946657,0.0022944870766555825,-0.04106488408051123,77,1.0
2003-02-19,845.1300048828125,-0.0071213860718168,-0.6503233913740136,0.0221116972653516,0.0192969948491893,0.9585913078854592,2,Medium volatility,train,0.01902907217242155,-0.04905325052043768,0.22072019062293366,0.21661022560004917,0.004109965022884493,-0.04756916254779919,78,1.0
2003-02-20,837.0999755859375,-0.0095469589545409,-0.8638744464755312,0.0161752678848724,0.0217280986313043,0.9620966334838232,2,Medium volatility,train,0.02225023033608765,-0.04811300719979768,0.20917533775273728,0.2161948208445277,-0.007019483091790429,-0.05661871407691432,79,1.0
2003-02-21,848.1699829101562,0.0131375587482107,1.1333043331829658,0.015955277189962,0.0164816739355695,0.9675630488744684,2,Medium volatility,train,0.03698920450354485,-0.04514718642269928,0.20862105583885435,0.2185989644041587,-0.009977908565304366,-0.018730624642256277,80,1.0
2003-02-24,832.5800170898438,-0.0185517333890423,-1.6566682211483816,0.0292409488514035,0.0009599727238479,0.9697990784247484,2,Medium volatility,train,-0.0027706633311117487,-0.03402966710218598,0.22784573432513253,0.20392457743437217,0.023921156890760353,-0.0367670516917703,81,1.0
2003-02-25,838.5700073242188,0.0071687350619127,0.6078001914594061,0.0170266249368101,0.0271614619652256,0.955811913097964,2,Medium volatility,train,-0.014913784605276648,-0.010569148187780382,0.18314633681274345,0.1988658167014962,-0.015719479888752746,-0.029837079994921467,82,1.0
2003-02-26,827.5499877929688,-0.0132285552863011,-1.1880076797850565,0.0177244876772991,0.0094561559490672,0.9728193563736336,2,Medium volatility,train,-0.02102095381976095,-0.03676373291790798,0.19389215462819215,0.19711201159994457,-0.0032198569717524217,-0.042586420221225274,83,1.0
2003-02-27,837.280029296875,0.0116890639786912,1.005776692787959,0.0151220183653342,0.0166985059604485,0.9681794756742172,2,Medium volatility,train,0.00021506911347115264,-0.031830754127690986,0.21057194091595752,0.20053126822160175,0.010040672694355768,-0.026780706982513447,84,1.0
2003-02-28,841.1500244140625,0.004611454575361,0.3826534024335016,0.0090249170500145,0.0607277539468049,0.9302473290031806,2,Medium volatility,train,-0.008311035059378549,-0.004104932820749282,0.18978335238928604,0.18540922709956356,0.004374125289722475,-0.022282386492183393,85,1.0
2003-03-03,834.8099975585938,-0.0075658810658936,-0.6894573937569222,0.0074879750095198,0.0674632432257279,0.9250487817647522,2,Medium volatility,train,0.002674817263770152,-0.02471571056565908,0.1489324626343923,0.1804978508227276,-0.03156538818833529,-0.029651768584304627,86,1.0
2003-03-04,821.989990234375,-0.0154759334723078,-1.3858702079540175,0.0130593788220307,0.0083405814667108,0.9786000397112584,2,Medium volatility,train,-0.019969851270450346,-0.04557620392314178,0.16647545555430157,0.18522453676874118,-0.018749081214439606,-0.034282215376081115,87,1.0
2003-03-05,829.8499755859375,0.0095167144952856,0.8145198035249573,0.0103962198383585,0.0253025880855986,0.9643011920760428,2,Medium volatility,train,0.002775418511136352,-0.021871539285302583,0.16553299684507444,0.18417434823276718,-0.01864135138769274,-0.025047884385355657,88,1.0
2003-03-06,822.0999755859375,-0.0093829196859829,-0.8494321845554113,0.0092646249291295,0.0260437471480368,0.9646916279228336,2,Medium volatility,train,-0.01829656515353775,-0.025804613948983982,0.14715707558392072,0.18584165379183304,-0.038684578207912323,-0.03415299870518007,89,1.0
2003-03-07,828.8900146484375,0.0082254615547219,0.7008359683269693,0.0076172122447781,0.0504259112077018,0.94195687654752,2,Medium volatility,train,-0.014682558174176848,-0.011109637190181782,0.15872869923845628,0.18762726770843166,-0.028898568469975378,-0.02617569781483997,90,1.0
2003-03-10,807.47998046875,-0.0261692112152953,-2.32732233284088,0.0548337485957007,3.397046378182079e-05,0.9451322809405176,2,Medium volatility,train,-0.03328588832357855,-0.027133877190724583,0.2187006370698657,0.2053045136849226,0.013396123384943087,-0.05132935056289201,91,1.0
2003-03-11,800.72998046875,-0.0083944755992311,-0.7624080925818727,0.0329054543035282,0.0141565564756956,0.952937989220776,2,Medium volatility,train,-0.02620443045050185,-0.04306890502689238,0.20870307386583747,0.2040015312529686,0.00470154261286887,-0.059259611422094016,92,1.0
2003-03-12,804.1900024414062,0.0043117755028978,0.3562692098280469,0.0166934287399104,0.0578524867022523,0.9254540845578372,2,Medium volatility,train,-0.03140936944288965,-0.030625832579092484,0.19211092337951058,0.2039497312190495,-0.011838807839538917,-0.055194592633688866,93,1.0
2003-03-13,831.9000244140625,0.0338767079332065,2.959209966407923,0.2854659635552789,7.406658054700928e-07,0.7145332957789157,2,Medium volatility,train,0.011850258176299745,0.016018992472321015,0.3143866090694801,0.23330404024217405,0.08108256882730608,-0.022639377425187845,94,1.0
2003-03-14,833.27001953125,0.0016454721021226,0.1215238807918652,0.1407356060864563,0.0331939386506456,0.8260704552628979,2,Medium volatility,train,0.005270268723700444,0.019265879993690116,0.31096779388573764,0.2331531706820213,0.07781462320371635,-0.021029833920724217,95,1.0
2003-03-19,874.02001953125,0.0086988628605544,0.7425149255197249,0.4107911387082333,0.0297628548995074,0.5594460063922592,2,Medium volatility,train,0.08326771833137925,0.03361281357986522,0.23213823605430667,0.24357184709329355,-0.01143361103898688,0.0,1,1.0
2003-03-20,875.6699829101562,0.0018860070820361,0.1427009392571882,0.21260032723015,0.0975152574604648,0.689884415309385,2,Medium volatility,train,0.05127701748020885,0.04504577961644222,0.19903003141098563,0.24011889508880957,-0.04108886367782394,0.0,2,1.0
2003-03-21,895.7899780273438,0.0227166978586117,1.976666030767969,0.4026365979337769,0.0010352664666183,0.5963281355996047,2,Medium volatility,train,0.07234824323669795,0.05462491872684322,0.1980595269983808,0.24775611393307226,-0.04969658693469145,0.0,3,1.0
2003-03-28,863.5,-0.005796738526806,-0.5336994453819244,0.3302532752675209,0.0658513083432797,0.6038954163891994,2,Medium volatility,train,-0.03671208838928215,0.026223865396939616,0.24892772829960683,0.26933037289521194,-0.02040264459560512,-0.0360463711577248,1,1.0
2003-03-31,848.1799926757812,-0.0179010288039513,-1.5993792187459812,0.401295519926728,0.0026378002339666,0.5960666798393053,2,Medium volatility,train,-0.01874604569946115,0.015888717658881918,0.15271527677031477,0.27591561154492317,-0.1232003347746084,-0.053148602372630305,2,1.0
2003-04-01,858.47998046875,0.0120704920851233,1.0393581922984867,0.3038217405740183,0.008752946977578,0.6874253124484037,2,Medium volatility,train,-0.018763327312848552,0.04343514321631302,0.1526249651545064,0.2718785136779223,-0.11925354852341591,-0.041650385105620025,3,1.0
2003-04-03,876.4500122070312,-0.0050644682342895,-0.469229276416821,0.401664724830194,0.0148562181095202,0.5834790570602857,2,Medium volatility,train,0.009089035482829548,0.06401765913547391,0.2431984011883498,0.2810193693136118,-0.03782096812526203,-0.021589843930718944,1,0.0
2003-04-04,878.8499755859375,0.0027345352829826,0.2174066279157833,0.2123346620299732,0.0627050331885831,0.7249603047814436,2,Medium volatility,train,0.017620309292618146,0.058526732863734617,0.2356520980425236,0.2804238345671026,-0.044771736524579026,-0.018910685380417513,2,0.0
2003-04-07,879.9299926757812,0.0012281436508096,0.0847816613613428,0.0939623832889726,0.1566877998802475,0.74934981683078,2,Medium volatility,train,0.03674948174737905,0.08592408772983952,0.17021667404508178,0.25987388236049147,-0.08965720831540969,-0.01770502655822115,3,0.0
2003-04-08,878.2899780273438,-0.0018655403207805,-0.1875908907022131,0.0382491254124214,0.2782073726159841,0.6835435019715943,2,Medium volatility,train,0.022813449341475247,0.09245302300829013,0.1737041094408026,0.25682035129905434,-0.08311624185825173,-0.019535829189044396,4,0.0
2003-04-09,865.989990234375,-0.0141034603345602,-1.2650356254304345,0.0457111241888634,0.0564590724489565,0.89782980336218,2,Medium volatility,train,-0.01707078995583805,0.0740377871708321,0.094913181708404,0.26487777619919944,-0.16996459449079543,-0.033266712649088315,5,0.0
2003-04-10,871.5800170898438,0.0064343262346184,0.5431417427021666,0.023657463793452,0.1046035570599979,0.87173897914655,2,Medium volatility,train,-0.005571995486930152,0.04659540547224402,0.11147589455617993,0.24146908611918458,-0.12999319156300465,-0.027026380659910698,6,0.0
2003-04-11,868.2999877929688,-0.00377041310138,-0.3552987320243556,0.0120111165548653,0.1726671607142174,0.8153217227309172,2,Medium volatility,train,-0.012076943871292753,0.04117952026874142,0.10774622107550269,0.24238773601797695,-0.13464151494247426,-0.03068798592155697,7,0.0
2003-04-14,885.22998046875,0.0193102131772677,1.6767540375768273,0.0272509081928172,0.0109529448148654,0.9617961469923174,2,Medium volatility,train,0.006005125655165347,0.02567617737600692,0.17729436549201744,0.22097997512805367,-0.04368560963603624,-0.011788474773795077,8,0.0
2003-04-15,890.8099975585938,0.0062836822586094,0.5298788223213615,0.015328958736147,0.04416484853554,0.9405061927283128,2,Medium volatility,train,0.014154348234555247,0.02772674026912272,0.17774119326896512,0.22143821751776768,-0.04369702424880256,-0.005559317017272969,9,0.0
2003-04-16,879.9099731445312,-0.0123115594498681,-1.1072739983571709,0.015262921344173,0.0172101459244148,0.967526932731412,2,Medium volatility,train,0.015946249119247347,0.006716317958700219,0.1693004897407589,0.2246045100475453,-0.05530402030678641,-0.017727375023532277,10,0.0
2003-04-17,893.5800170898438,0.0154162862569044,1.3339269024886864,0.0188618717173689,0.0075548231284747,0.973583305154156,2,Medium volatility,train,0.024928209141533347,0.02024659713356852,0.18669099772179593,0.2305798630105015,-0.043888865288705586,-0.0024670525365405593,11,0.0
2003-04-21,892.010009765625,-0.0017585310235839,-0.1781696325389287,0.0102285252270208,0.0481373913806159,0.9416340833923632,2,Medium volatility,train,0.02694009121932945,-0.004228631748627081,0.1823212076141572,0.21668136935929858,-0.034360161745141365,-0.001756985713861292,12,0.0
2003-04-22,911.3699951171876,0.021471602310612,1.8670459612696155,0.0297221714259716,0.0013500932288736,0.9689277353451544,2,Medium volatility,train,0.02910148035267375,0.05311004205575722,0.19095178157607817,0.18650683423852435,0.004444947337553823,0.0,13,0.0
2003-04-23,919.02001953125,0.008358949618775,0.7125884566257267,0.0183530771957229,0.0232548089417007,0.9583921138625764,2,Medium volatility,train,0.031176747712839348,0.049381217976021526,0.19165898040559826,0.18456683166107682,0.007092148744521437,0.0,14,0.0
2003-04-24,911.4299926757812,-0.0082931195123263,-0.7534845514862233,0.0128940717626916,0.0314802051238616,0.9556257231134464,2,Medium volatility,train,0.035195187650381154,0.04657903387984682,0.17283419445602347,0.18633572406504173,-0.013501529609018265,-0.008258826460973201,15,0.0
2003-04-25,898.8099975585938,-0.0139431231657276,-1.2509193018929872,0.0155286745079724,0.0081976686904085,0.9762736568016188,2,Medium volatility,train,0.005835778227749149,0.03428102736518212,0.19958611984112629,0.19432693840109483,0.005259181440031457,-0.021990839745759216,16,0.0
2003-04-28,914.8400268554688,0.0176775524738088,1.5330121536162566,0.0241053915106572,0.0026219733550971,0.9732726351342456,2,Medium volatility,train,0.025271861725141852,0.05775531836579692,0.2221127560049871,0.19978966937612877,0.02232308662885832,-0.004548315147599569,17,0.0
2003-04-29,917.8400268554688,0.0032738967977801,0.2648928203062597,0.0126543792766581,0.041407447692323,0.9459381730310188,2,Medium volatility,train,0.007074156212309952,0.07893024396752832,0.18047634065130544,0.18490516645003546,-0.004428825798730024,-0.001283968412769898,18,0.0
2003-04-30,916.9199829101562,-0.0010029039411492,-0.1116430969454128,0.0072824258534303,0.1069636830523611,0.8857538910942085,2,Medium volatility,train,-0.0022876973476142477,0.06585684794125582,0.17190851638297008,0.18319201842008834,-0.011283502037118254,-0.002285082562363372,19,0.0
2003-05-01,916.2999877929688,-0.000676400160084,-0.0828972169771301,0.0047154379945487,0.210625146579049,0.7846594154264022,2,Medium volatility,train,0.005329022004628051,0.03939966881841872,0.1608595431389849,0.16414909823074125,-0.003289555091756352,-0.002959708907830594,20,0.0
2003-05-02,930.0800170898438,0.0149268136785591,1.2908330064885354,0.0094046234557691,0.0627793604595626,0.9278160160846683,2,Medium volatility,train,0.03419895884891475,0.05939095073126732,0.1257143972182895,0.16788369466619882,-0.042169297447909315,0.0,21,0.0
2003-05-05,926.5499877929688,-0.0038026246923319,-0.3581346885455017,0.0063042449712197,0.1164480803457632,0.877247674683017,2,Medium volatility,train,0.012718781682774051,0.052853790755952826,0.10460276219288522,0.16951454659543652,-0.0649117844025513,-0.0037954038706478066,22,0.0
2003-05-06,934.3900146484376,0.0084259280036027,0.7184853335453298,0.0058727446945628,0.1418552290794641,0.8522720262259729,2,Medium volatility,train,0.01787081288859665,0.060051575108745925,0.11131553703605833,0.17058355206173426,-0.05926801502567593,0.0,23,0.0
2003-05-07,929.6199951171876,-0.0051180303952298,-0.4739449689708507,0.0047955236193707,0.1914623593336037,0.8037421170470255,2,Medium volatility,train,0.013755686434516051,0.05679908503429662,0.1223622788991075,0.17211734253023947,-0.04975506363113197,-0.005104955592922011,24,0.0
2003-05-08,920.27001953125,-0.0101087687726515,-0.913337020978413,0.0063180565374984,0.1099348761327561,0.8837470673297454,2,Medium volatility,train,0.004323317821948551,0.060793776596205315,0.14771128653087298,0.1676596611470707,-0.019948374616197723,-0.015111457630998193,25,0.0
2003-05-09,933.4099731445312,0.0141773917364096,1.224852780702651,0.0098592640948849,0.040477937656362,0.949662798248753,2,Medium volatility,train,0.0035738958797990484,0.06853684209799651,0.14414919371652576,0.17172595482015093,-0.02757676110362517,-0.0010488569960532823,26,0.0
2003-05-12,945.1099853515624,0.0124567891293212,1.0733683603534712,0.0107565827151075,0.0285823222446867,0.9606610950402058,2,Medium volatility,train,0.019833309701452147,0.08476404432869772,0.1550307560894103,0.17233289832865323,-0.017302142239242924,0.0,27,0.0
2003-05-13,942.2999877929688,-0.002977625078552,-0.285500491801358,0.0068948602106728,0.0756113874751374,0.9174937523141896,2,Medium volatility,train,0.008429756619297447,0.06247620607287803,0.15540901025690443,0.16486191237857148,-0.00945290212166705,-0.0029731963497861003,28,0.0
2003-05-14,939.280029296875,-0.0032100267454691,-0.305961481257078,0.005064972281052,0.1406516726707228,0.8542833550482252,2,Medium volatility,train,0.010337760269058147,0.05298249706879952,0.15162505309549723,0.16583829462436808,-0.014213241528870851,-0.006168547729943574,29,0.0
2003-05-15,946.6699829101562,0.0078368900423795,0.666625552703457,0.0049286675823179,0.1796553540838284,0.8154159783338537,2,Medium volatility,train,0.02828341908408915,0.07313094656104713,0.11810613394817604,0.1573706759435593,-0.03926454199538326,0.0,30,0.0
2003-05-16,944.2999877929688,-0.0025066462131606,-0.2440348098788702,0.0036735358362676,0.289015316168374,0.7073111479953584,2,Medium volatility,train,0.01159938113451895,0.055208014090982124,0.1041283283608832,0.1526410555292329,-0.0485127271683497,-0.0025035071988888102,31,0.0
2003-05-19,920.77001953125,-0.0252336016180665,-2.2449498681442406,0.037589173023615,0.0003477783011429,0.962063048675242,2,Medium volatility,train,-0.026091009612868747,0.03173294349649952,0.17206928761204707,0.18046877630047906,-0.008399488688431989,-0.02735902040464744,32,0.0
2003-05-20,919.72998046875,-0.0011301702506951,-0.1228478126956485,0.0180999598278453,0.0370349564981739,0.9448650836739808,2,Medium volatility,train,-0.02424355478501185,0.009131170935192424,0.17367413003645285,0.1654024413656464,0.008271688670806437,-0.02845764936856876,33,0.0
2003-05-21,923.4199829101562,0.0040040229440094,0.3291742154335679,0.009928252622631,0.0961303161626049,0.893941431214764,2,Medium volatility,train,-0.017029505095533352,0.004776244260426825,0.18290071005095318,0.16345562723764917,0.01944508281330401,-0.024559773120224282,34,0.0
2003-05-22,931.8699951171876,0.0091091643211145,0.7786384782013904,0.0081978860080429,0.1092902196102844,0.8825118943816725,2,Medium volatility,train,-0.01575723081679835,0.022178528093867625,0.18697531791369687,0.163098615030303,0.023876702883393858,-0.01563373515601707,35,0.0
2003-05-23,933.219970703125,0.0014476254190736,0.1041051636655428,0.0050133456602744,0.220073261467803,0.7749133928719225,2,Medium volatility,train,-0.01180295918456415,0.03756927667866883,0.18933366014945158,0.15361856478569563,0.035715095363755944,-0.014207709602964913,36,0.0
2003-05-27,951.47998046875,0.0193777063876865,1.6826962405094952,0.0166284763541382,0.0140600951624392,0.9693114284834226,2,Medium volatility,train,0.03280834882118885,0.03926943059254652,0.11504362919141677,0.15591714866311052,-0.04087351947169375,0.0,37,0.0
2003-05-28,953.219970703125,0.0018270496802683,0.1375102416520031,0.0091332081375501,0.0639486897811019,0.9269181020813478,2,Medium volatility,train,0.03576556875215225,0.03782258347503473,0.1062769853937043,0.15584426849474306,-0.049567283101038764,0.0,38,0.0
2003-05-29,949.6400146484376,-0.0037627153926242,-0.354621014261936,0.0061736454466883,0.1184582304909278,0.8753681240623838,2,Medium volatility,train,0.02799883041551865,0.03506277202355973,0.12724925411324897,0.15677971258198242,-0.02953045846873345,-0.0037556452494870163,39,0.0
2003-05-30,963.5900268554688,0.0145829399742662,1.2605578525665704,0.0101718878704499,0.0386583958573893,0.9511697162721606,2,Medium volatility,train,0.03347260606867035,0.05032211215790992,0.13905676168003347,0.16258172959967176,-0.02352496791963829,0.0,40,0.0
2003-06-02,967.0,0.0035325746463072,0.2876672039901312,0.0065063994383241,0.1010829795444194,0.8924106210172563,2,Medium volatility,train,0.035557555295903945,0.03892787312565803,0.13568106648343287,0.15627962651554064,-0.020598560032107777,0.0,41,0.0
2003-06-03,971.5599975585938,0.0047045291089418,0.3908478232199588,0.0048340560476364,0.1850653199058528,0.8101006240465107,2,Medium volatility,train,0.02088437801715925,0.047435026926931724,0.09459355494073307,0.15510362460089497,-0.0605100696601619,0.0,42,0.0
2003-06-04,986.239990234375,0.014996698227585,1.2969857464396075,0.0095346070275066,0.053506048086212,0.9369593448862812,2,Medium volatility,train,0.034054026564475946,0.054005797150914026,0.11323264447872854,0.15992626608293417,-0.046693621604205635,0.0,43,0.0
2003-06-05,990.1400146484376,0.003946639276501,0.3241220717403012,0.0062129432183574,0.122194473133521,0.8715925836481216,2,Medium volatility,train,0.041763381233601155,0.06307046682264482,0.08367378646289586,0.1573976747323693,-0.07372388826947343,0.0,44,0.0
2003-06-06,987.760009765625,-0.0024065989201966,-0.2352264969542476,0.0044185373590816,0.2149622210289105,0.7806192416120079,2,Medium volatility,train,0.024773842339138347,0.07077263667509973,0.08927393681562325,0.1513604605111483,-0.062086523695525045,-0.002403705382675314,45,0.0
2003-06-09,975.9299926757812,-0.0120489081214651,-1.0841497835773273,0.0073597406301351,0.07676349580866,0.9158767635612048,2,Medium volatility,train,0.009192359571366047,0.04454633681722502,0.14139500415854922,0.15528037335189304,-0.013885369193343822,-0.014351527826801158,46,0.0
2003-06-10,984.8400268554688,0.0090883636738245,0.776807158183257,0.006866868878785,0.091401063189034,0.901732067932181,2,Medium volatility,train,0.013576194136248748,0.041177911361728325,0.14843820498245025,0.1529035239159107,-0.004465318933460444,-0.00535276598719292,47,0.0
2003-06-11,997.47998046875,0.0127528601586206,1.0994348954562512,0.0089564832177543,0.0499780341858459,0.9410654825963995,2,Medium volatility,train,0.011332356067284348,0.05690839659890093,0.1394958691473105,0.15602859976872885,-0.016532730621418357,0.0,48,0.0
2003-06-12,998.510009765625,0.0010320987513452,0.0675215759497367,0.0056932731501174,0.1261972810724937,0.8681094457773887,2,Medium volatility,train,0.008417815542128549,0.06115052209571522,0.13895318743280904,0.15463827120422177,-0.015685083771412728,0.0,49,0.0
2003-06-13,988.6099853515624,-0.009964276289371,-0.9006156871943154,0.0068274659665611,0.0759962137599774,0.9171763202734612,2,Medium volatility,train,0.0008601381729541491,0.043349355763964724,0.15724804578215074,0.15988150233152548,-0.0026334565493747464,-0.009914797365312755,50,0.0
2003-06-16,1010.739990234375,0.0221381038476673,1.9257257508890857,0.0260907060328316,0.0014357511013918,0.9724735428657764,2,Medium volatility,train,0.03504715014208655,0.06799410582479262,0.17244435175200454,0.17300112885787886,-0.0005567771058743176,0.0,51,0.0
2003-06-17,1011.6599731445312,0.0009097933052535,0.0567536220187003,0.0131271742323155,0.0412935893467955,0.9455792364208888,2,Medium volatility,train,0.02686857977351555,0.09413750074811263,0.17527163715564378,0.13873211891336998,0.036539518242273805,0.0,52,0.0
2003-06-18,1010.0900268554688,-0.0015530571085644,-0.1600794025315028,0.0075372466680943,0.1040050273415888,0.8884577259903168,2,Medium volatility,train,0.01256266250633055,0.09371461389024331,0.16831819129821013,0.1389638275890732,0.029354363709136938,-0.001551851739456156,53,0.0
2003-06-19,994.7000122070312,-0.0153535449329949,-1.375094938371827,0.0131801924251073,0.0127684981849597,0.9740513093899328,2,Medium volatility,train,-0.003822981178009551,0.07435704601323902,0.20396493606097646,0.15533458554572674,0.04863035051524972,-0.016764487463889255,54,0.0
2003-06-20,995.6900024414062,0.0009947701794397,0.0642351127918457,0.0076852364916548,0.0619776729072246,0.9303370906011206,2,Medium volatility,train,0.007136065290801149,0.06624265187156422,0.19047710478876848,0.15431963147742736,0.036157473311341115,-0.015785907446239755,55,0.0
2003-06-23,981.6400146484376,-0.0142113093247653,-1.2745308114188538,0.0116381747031182,0.0121774010197747,0.9761844242771072,2,Medium volatility,train,-0.02921334788163145,0.05058371712772532,0.11692046393681531,0.16578710318827872,-0.04886663925146341,-0.02967396090880514,56,0.0
2003-06-24,983.4500122070312,0.0018421528232437,0.1388399448906556,0.0071109169390108,0.0606059644611045,0.9322831185998846,2,Medium volatility,train,-0.02828098836364125,0.03304816356328252,0.11974996331682074,0.1540155621904052,-0.03426559887358445,-0.02788482463116071,57,0.0
2003-06-25,975.3200073242188,-0.0083011803202737,-0.7541942370431483,0.0068287057198528,0.0585656273461063,0.9346056669340408,2,Medium volatility,train,-0.035029111575350554,0.02291993356274052,0.11569404339177741,0.15781037509137613,-0.04211633169959872,-0.035921126450577434,58,0.0
2003-06-26,985.8200073242188,0.0107081597978515,0.919416425379068,0.007491670032935,0.0552039402977282,0.9373043896693368,2,Medium volatility,train,-0.008967406844504151,0.03739080875321622,0.1372637056566417,0.16006456940861025,-0.022800863751968548,-0.025542145094457402,59,0.0
2003-06-27,976.219970703125,-0.0097858487482849,-0.8849066602961778,0.0078223898977224,0.0395872885666956,0.952590321535582,2,Medium volatility,train,-0.01974802577222875,0.013022020030665122,0.14316923770053008,0.15786605049512134,-0.014696812794591257,-0.03503153567620998,60,0.0
2003-06-30,974.5,-0.001763421890037,-0.1786002317177284,0.0054380918134059,0.0999918350756076,0.8945700731109864,2,Medium volatility,train,-0.007300138337500451,0.0077260234943209195,0.11776743006868728,0.15771132016237374,-0.03994389009368646,-0.03673168271057248,61,0.0
2003-07-01,982.3200073242188,0.0079926093606834,0.6803353137913779,0.005322110962319,0.132709414075971,0.8619684749617098,2,Medium volatility,train,-0.0011496818000607516,0.01101410374606252,0.13206678954043813,0.1592484868371878,-0.027181697296749685,-0.02900180554649745,62,0.0
2003-07-02,993.75,0.011568537660243,0.9951653759087858,0.006991752192286,0.0916157656380896,0.9013924821696244,2,Medium volatility,train,0.018720036180455948,0.007585943178720519,0.13112806575611788,0.15573301249489244,-0.024604946738774558,-0.017703550224352438,63,0.0
2003-07-03,985.7000122070312,-0.0081336049130245,-0.7394406481973895,0.0066394856334307,0.0841558196082414,0.909204694758328,2,Medium volatility,train,-0.00012172853042005313,-0.004494301010804982,0.13521091472140473,0.15784043473684142,-0.022629520015436694,-0.02566075719770644,64,0.0
2003-07-07,1004.4199829101562,0.0188134614005281,1.6330192700908233,0.0167429489414709,0.0066272443145846,0.9766298067439444,2,Medium volatility,train,0.02847758161839295,0.016725759309919718,0.15205257172362657,0.1706951464004132,-0.018642574676786622,-0.007156545110578061,65,0.0
2003-07-08,1007.8400268554688,0.0033992100641331,0.275925587220213,0.0095056025920352,0.0481748398547213,0.9423195575532434,2,Medium volatility,train,0.03364021357256305,0.03217387749551792,0.14252383212177389,0.16424766279436048,-0.021723830672586597,-0.0037759191729104247,66,0.0
2003-07-09,1002.2100219726562,-0.0056018700718372,-0.5165429358987488,0.0069516159736268,0.0781513274081769,0.9148970566181962,2,Medium volatility,train,0.020045734140042452,0.01748364374985622,0.16134345755749074,0.16368117849240818,-0.0023377209349174366,-0.009341034955155703,67,0.0
2003-07-10,988.7000122070312,-0.0135719011987065,-1.2182363661218776,0.0104054096655461,0.0182387474273602,0.9713558429070936,2,Medium volatility,train,-0.005094704718907049,-0.008841117607470882,0.17988594676978814,0.16494402197037217,0.014941924799415973,-0.022695333953100638,68,0.0
2003-07-11,998.1400146484376,0.009502600460288,0.8132771828282368,0.0089041622723802,0.0340126925247515,0.9570831452028684,2,Medium volatility,train,0.012541500654405452,-0.0003706158985280813,0.1795883260363348,0.168463761062274,0.01112456497406078,-0.013364133063473616,69,0.0
2003-07-14,1003.8599853515624,0.0057142719955916,0.4797470933103907,0.0064936612743588,0.0800057005877303,0.9135006381379108,2,Medium volatility,train,-0.0005576887505310477,0.01530793238643452,0.13281987307574397,0.16550803169796982,-0.03268815862222585,-0.007710088369636936,70,0.0
2003-07-15,1000.4199829101562,-0.0034326599813585,-0.3255624434724254,0.0049196497675037,0.1439363620545556,0.8511439881779407,2,Medium volatility,train,-0.007389558796022647,-0.01026283144259128,0.13078741215750425,0.14644946458895625,-0.015662052431451995,-0.011110442770052353,71,0.0
2003-07-16,994.0900268554688,-0.0063474008916903,-0.5821805814728226,0.0047438838809871,0.1660010983409433,0.8292550177780694,2,Medium volatility,train,-0.008135089615875748,-0.01752002563953508,0.1320517743946638,0.1477079548040428,-0.015656180409378995,-0.01584017223673606,72,0.0
2003-07-17,981.72998046875,-0.0125114712616589,-1.1248745324987115,0.0079038242153092,0.0512997147244321,0.9407964610602588,2,Medium volatility,train,-0.007074659678828149,-0.02847843979262958,0.12730360120246367,0.15310796759680037,-0.025804366394336697,-0.02590693531808208,73,0.0
2003-07-18,993.3200073242188,0.0117365737251287,1.0099595217400783,0.008854110950219,0.0400941557298059,0.9510517333199752,2,Medium volatility,train,-0.004840686413987449,-0.0013883211345059807,0.13735315239995935,0.1507221893585828,-0.01336903695862346,-0.01440706773331224,74,0.0
2003-07-21,978.7999877929688,-0.0147255561988446,-1.3198058733740972,0.0131783062757731,0.00735761583808,0.9794640778861468,2,Medium volatility,train,-0.02528051460842365,-0.01710864751279028,0.14813184548863526,0.15891421804700778,-0.010782372558372527,-0.02881413546662459,75,0.0
2003-07-22,988.1099853515624,0.0094666936610661,0.8101158946584318,0.010430518403903,0.0246718485001249,0.964897633095972,2,Medium volatility,train,-0.01238116096599905,0.006569355473041119,0.17539359178604214,0.15490456000919922,0.020489031776842914,-0.0195765607419518,76,0.0
2003-07-23,988.6099853515624,0.000505888560923,0.0211932457766073,0.0064641958839746,0.0826979143459105,0.9108378897701148,2,Medium volatility,train,-0.005527871513385749,0.005233091210720419,0.17315425655793149,0.15480899441625354,0.018345262141677948,-0.019080450261442228,77,0.0
2003-07-24,981.5999755859376,-0.0071160327940802,-0.6498520808159822,0.0059471079300067,0.0927562331476103,0.901296658922383,2,Medium volatility,train,-0.00013243304580704777,0.006418238736913919,0.15796496093529339,0.15403539301705257,0.003929567918240812,-0.02603592888784334,78,0.0
2003-07-25,998.6799926757812,0.0172505311558222,1.4954165597438247,0.0131948282141187,0.013005449446383,0.973799722339498,2,Medium volatility,train,0.005381524384886451,0.012960610094884618,0.1808778519958423,0.16109553677238822,0.019782315223454083,-0.009088777916736901,79,0.0
2003-07-28,996.52001953125,-0.0021651703840603,-0.2139707684660486,0.0078827325973122,0.0557076324098285,0.9364096349928592,2,Medium volatility,train,0.01794191019967075,0.02058128845910922,0.1380988201285685,0.15698150526751714,-0.01888268513894864,-0.011231948545978976,80,0.0
2003-07-29,989.280029296875,-0.0072917938721621,-0.66532634833336,0.0067947611047203,0.0664318091377201,0.9267734297575594,2,Medium volatility,train,0.0011834226664425513,0.015052916476984122,0.14305614567306565,0.15936770698097627,-0.016311561307910616,-0.018415618614099127,81,0.0
2003-07-30,987.489990234375,-0.001811075172216,-0.1827956977706582,0.0048699470336662,0.1411322245525804,0.8539978284137532,2,Medium volatility,train,-0.0011335410666964488,0.00524923194408472,0.1435919180507809,0.15735271144527394,-0.013760793394493043,-0.020191732892954506,82,0.0
2003-07-31,990.3099975585938,0.0028516627087107,0.2277187012093589,0.0037034602119653,0.2602461100871654,0.7360504297008692,2,Medium volatility,train,0.00883415443609445,-0.0034676430074475793,0.13305121248728163,0.15226900924962536,-0.019217796762343725,-0.017393662515637454,83,0.0
2003-08-01,980.1500244140624,-0.0103123768761648,-0.9312629821573868,0.0056642544164643,0.144781250318578,0.8495544952649575,2,Medium volatility,train,-0.018728753595892548,-0.005646414970587879,0.0729060235112914,0.15388219451930896,-0.08097617100801756,-0.027474600833032103,84,0.0
2003-08-04,982.8200073242188,0.0027203518276346,0.2161578953478512,0.0039653507182509,0.2663972890594793,0.7296373602222698,2,Medium volatility,train,-0.013843231384197647,-0.02173952454348138,0.0840001953683677,0.1379695375363179,-0.05396934216795021,-0.024825387824012335,85,0.0
2003-08-05,965.4600219726562,-0.0178213034547072,-1.5923600800630429,0.0135634512595263,0.0134067879894573,0.9730297607510164,2,Medium volatility,train,-0.02437274096674275,-0.04296003806232168,0.12777749450711579,0.14841424141155798,-0.0206367469044422,-0.03825231002255569,86,0.0
2003-08-06,967.0800170898438,0.0016765453381557,0.124259614847745,0.0078728188601909,0.0629227951009414,0.9292043860388676,2,Medium volatility,train,-0.02088512045637105,-0.035681622652328784,0.13377029122228457,0.14841632943973387,-0.014646038217449309,-0.03663854401850464,87,0.0
2003-08-07,974.1199951171876,0.0072532545305055,0.615241411561744,0.0063734532767164,0.1020624400822572,0.8915641066410263,2,Medium volatility,train,-0.01648352863457625,-0.01485646692311678,0.14762839117747628,0.14502573982730502,0.0026026513501712645,-0.029625635714486176,88,0.0
2003-08-08,977.5900268554688,0.0035558923770215,0.2897201317879632,0.0045714696797235,0.198430851706862,0.7969976786134144,2,Medium volatility,train,-0.002615259381389948,-0.02080317500638328,0.1405043949067717,0.14113970183335148,-0.0006353069265797873,-0.02616894674499215,89,0.0
2003-08-11,980.5900268554688,0.0030640720105878,0.2464195330220433,0.0033429705143068,0.3355134903050626,0.6611435391806304,2,Medium volatility,train,-0.0022715391984367483,-0.02345337499138708,0.14092062562565835,0.1398334456463988,0.001087179979259556,-0.019821631308286625,90,0.0
2003-08-12,990.3499755859376,0.0099039326371919,0.8486110663962967,0.0043299846278994,0.3024536899908194,0.6932163253812811,2,Medium volatility,train,0.02545369689346235,-0.010116782372836681,0.04813048061025724,0.14464746916683185,-0.09651698855657462,-0.008341027306980386,91,0.0
2003-08-13,984.030029296875,-0.0064019771865924,-0.5869855598937496,0.0040043206213411,0.3208059688367464,0.6751897105419125,2,Medium volatility,train,0.01737517436871425,-0.01017135866773878,0.0879099418738821,0.1446753607978427,-0.056765418923960614,-0.014669326997984955,92,0.0
2003-08-14,990.510009765625,0.0065635576932603,0.5545194731104535,0.0033338129839178,0.4091289233446282,0.5875372636714539,2,Medium volatility,train,0.01668547753146905,0.00890367028718042,0.0865139878391204,0.13970197105522897,-0.05318798321610857,-0.008180781601788478,93,0.0
2003-09-18,1039.5799560546875,0.0131782651597243,1.1368881863790663,0.0043496252089208,0.4632437467254638,0.5324066280656153,2,Medium volatility,train,0.022530110410516745,0.03851680035380735,0.12360913888577707,0.11826049243663891,0.005348646449138156,0.0,1,0.0
2003-09-22,1022.8200073242188,-0.0130931987562235,-1.1760906889500955,0.0068779888243064,0.2218138607968381,0.7713081503788555,2,Medium volatility,train,0.007862125122445045,0.029527721829661444,0.16723345541385148,0.12340041143292813,0.04383304398092336,-0.01612184674478956,1,0.0
2003-09-23,1029.030029296875,0.006053113846697,0.509579235371133,0.0047557331508325,0.3139963293819983,0.6812479374671692,2,Medium volatility,train,-0.0002816984453986532,0.03492648270055795,0.14239977704711881,0.12435718705812329,0.018042589988995522,-0.010148259108275326,2,0.0
2003-09-24,1009.3800048828124,-0.0192803536018333,-1.7208170316492075,0.0183798593988659,0.0088010798748531,0.9728190607262808,2,Medium volatility,train,-0.016302192185286852,0.01261166354367195,0.18920710966439624,0.14387779636541315,0.0453293132989831,-0.02905014760623803,3,0.0
2003-09-25,1003.27001953125,-0.0060716011700829,-0.557898762540291,0.011475962360736,0.0314889994861508,0.957035038153113,2,Medium volatility,train,-0.035552058515094055,0.006479869789756218,0.1372689472696797,0.1457361193947826,-0.008467172125102895,-0.03492750731866501,4,0.0
2003-09-26,996.8499755859376,-0.006419680828853,-0.5885442149689354,0.0082560687847655,0.0525774405786744,0.93916649063656,2,Medium volatility,train,-0.03881172051029575,-0.0059909977831340815,0.13406410316571218,0.14594779870413332,-0.01188369553842114,-0.04110312075553524,5,0.0
2003-09-29,1006.5800170898438,0.0097134594598848,0.831841523715399,0.0077544398434713,0.0616883170027554,0.9305572431537732,2,Medium volatility,train,-0.016005062294187453,-0.001419636647538582,0.16337140170223216,0.1489220257874308,0.01444937591480136,-0.03174353138750563,6,0.0
2003-09-30,995.969970703125,-0.0105966350238899,-0.9562894935437294,0.0084986856708776,0.0353817028515151,0.9561196114776072,2,Medium volatility,train,-0.03265481116477435,-0.02578986919084688,0.149453464037119,0.144168241120723,0.005285222916396021,-0.04194962118841428,7,0.0
2003-10-01,1018.219970703125,0.0220941477754497,1.921855792716712,0.0286844516796799,0.0008156700284272,0.9704998782918928,2,Medium volatility,train,0.008719690212508645,-0.007874913027713981,0.19541272587597047,0.1646058225401266,0.030806903335843877,-0.020546746045995157,8,0.0
2003-10-02,1020.239990234375,0.0019819081376839,0.1511442112630727,0.0143370032462849,0.0398086905642772,0.9458543061894378,2,Medium volatility,train,0.016773199520275443,-0.007548071063412782,0.18562500642793645,0.1646609558667313,0.02096405056120515,-0.018603634773519118,9,0.0
2003-10-03,1029.8499755859375,0.0093752526973061,0.8020652957959822,0.0109253439323025,0.0540837155774117,0.9349909404902856,2,Medium volatility,train,0.03256813304643455,0.00824867782042472,0.17015784193000802,0.1664156568071846,0.003742185122823427,-0.009359530656666615,10,0.0
2003-10-06,1034.3499755859375,0.0043600496417077,0.3605193370249644,0.006874812947319,0.1201369683455471,0.8729882187071337,2,Medium volatility,train,0.027214723228257444,0.00262340331223942,0.16847111397298667,0.16345006167939,0.005021052293596673,-0.005030859279548161,11,0.0
2003-10-07,1039.25,0.0047261126469786,0.3927480701073688,0.0048845582351208,0.211168523646579,0.7839469181183001,2,Medium volatility,train,0.04253747089912595,0.01559366478186502,0.1143479438098757,0.16122074952976528,-0.04687280571988958,-0.00031739362880722766,12,0.0
2003-10-08,1033.780029296875,-0.0052772833201419,-0.4879658340560455,0.0041593232762783,0.263773978593277,0.7320666981304447,2,Medium volatility,train,0.015166039803534348,0.022361225402960323,0.07613724545743167,0.15605520600892708,-0.07991796055149542,-0.0055791059879836125,13,0.0
2003-10-09,1038.72998046875,0.0047767784577343,0.3972087636703271,0.0031732035696686,0.3900789776857121,0.6067478187446192,2,Medium volatility,train,0.017960910123584747,0.021712161539283122,0.07626045175248207,0.15584546916876818,-0.07958501741628611,-0.0008176144422438192,14,0.0
2003-10-22,1030.3599853515625,-0.0150938324056157,-1.352229460018267,0.0043125195980079,0.4480012385944784,0.5476862418075136,2,Medium volatility,train,-0.015791447058523755,0.020571955707425423,0.12737923380109029,0.13181693158078714,-0.004437697779696853,-0.01877014098646934,1,0.0
2003-10-28,1046.7900390625,0.0150730830264746,1.303710778085852,0.0046683070059674,0.4469725082120632,0.5483591847819693,2,Medium volatility,train,0.000726302094025447,0.04976654777000762,0.15757944977066327,0.12582979449116302,0.031749655279500244,-0.003123513093726382,1,0.0
2003-11-24,1052.0799560546875,0.016097165451856,1.3938725225581556,0.0049063940359727,0.4550733538901729,0.5400202520738543,2,Medium volatility,train,0.00806409008947195,0.020113822286620526,0.15346893112733084,0.11856091582473935,0.034908015302591494,-0.006553288274601554,1,0.0
2004-01-28,1128.47998046875,-0.0137030638061226,-1.2297841177491622,0.0047582219468351,0.3966811973782365,0.5985605806749283,2,Medium volatility,train,-0.01681865122347215,0.016980157683987626,0.13977528109497936,0.1085989011030141,0.031176379991965264,-0.02327394234061797,1,0.0
2004-03-11,1106.780029296875,-0.0153409698217386,-1.37398780681708,0.0098914436580423,0.1092442635768496,0.8808642927651081,2,Medium volatility,train,-0.04253285417279245,-0.045032187093967474,0.09979560397021534,0.10158493888344554,-0.0017893349132302033,-0.043397057330918476,1,0.0
2004-03-12,1120.5699462890625,0.0123825113607054,1.066828834795832,0.0108146760023803,0.0639997665254281,0.9251855574721914,2,Medium volatility,train,-0.031871989148576946,-0.02775759462545107,0.15979077311344522,0.11288062964858706,0.04691014346485817,-0.031478270557841914,2,0.0
2004-03-15,1104.489990234375,-0.0144537553616386,-1.2958761221898616,0.0147380964320034,0.0114980905933147,0.9737638129746818,2,Medium volatility,train,-0.037940467175578946,-0.036728180493509774,0.16807139210011343,0.12095889995659281,0.04711249214352062,-0.045376364915106104,3,0.0
2004-03-16,1110.699951171875,0.0056067221045896,0.4702782404620127,0.0092241889482385,0.0482477267432628,0.9425280843084988,2,Medium volatility,train,-0.026546463197395852,-0.04083139346193467,0.18854901099200913,0.11678477437244869,0.07176423661956044,-0.039901141680217855,4,0.0
2004-03-17,1123.75,0.0116809035743346,1.0050582386145888,0.0096715656562978,0.0388406321106751,0.951487802233027,2,Medium volatility,train,-0.00012458814374764933,-0.02467194663033897,0.19641568078189375,0.125586634244291,0.07082904653760275,-0.02862056408797009,5,0.0
2004-03-18,1122.3199462890625,-0.0012733832323759,-0.1354564972501286,0.006135750482973,0.101453647780027,0.892410601737,2,Medium volatility,train,0.01394299844561505,-0.02180427466434487,0.15760700947931963,0.12514124057271553,0.0324657689066041,-0.02985671515987609,6,0.0
2004-03-19,1109.780029296875,-0.0112360996903175,-1.0125889167391229,0.0079108210362311,0.0455309251436254,0.9465582538201434,2,Medium volatility,train,-0.00967561260540785,-0.03046520549692907,0.1564968582779453,0.12993198210729748,0.026564876170647816,-0.04069633028268338,7,0.0
2004-03-22,1095.4000244140625,-0.01304220822571,-1.171601406575239,0.0105347022247613,0.014091309046117,0.9753739887291216,2,Medium volatility,train,-0.008264065469479252,-0.04077668238544507,0.15096490422279674,0.13589999726249258,0.015064906960304159,-0.05312653364773667,8,0.0
2004-03-23,1093.949951171875,-0.0013246611737711,-0.1399710837077742,0.0066734789527375,0.0604462039379471,0.9328803171093152,2,Medium volatility,train,-0.01519544874783995,-0.04043471353703847,0.14019779738546592,0.13591694733029705,0.004280850055168872,-0.05437998977946279,9,0.0
2004-03-24,1091.3299560546875,-0.0023978588407622,-0.2344570073222597,0.0049280823239706,0.1272521723631003,0.867819745312929,2,Medium volatility,train,-0.02927421116293675,-0.04684533259017407,0.08220457302863442,0.13412858681603787,-0.05192401378740345,-0.05664473672409098,10,0.0
2004-03-25,1109.18994140625,0.0162328707457071,1.4058202190760265,0.0108508632002481,0.0248364918059576,0.9643126449937942,2,Medium volatility,train,-0.011767957184853753,-0.031696094763905974,0.1649211958796149,0.14847713571110166,0.01644406016851324,-0.04120640747274695,11,0.0
2004-03-26,1108.06005859375,-0.0010191750233872,-0.1130756272990941,0.0066921416980757,0.0794818853899219,0.9138259729120024,2,Medium volatility,train,-0.0015510325179234523,-0.03274139134711857,0.14919796550326708,0.14837824845966396,0.0008197170436031187,-0.042183088166008686,12,0.0
2004-03-29,1122.469970703125,0.0129207967557789,1.1142202840004356,0.0089580512717757,0.0425400039588067,0.9485019447694176,2,Medium volatility,train,0.024411972463565447,-0.02940820489351447,0.12695783404353447,0.15196027262929646,-0.025002438585761982,-0.02972703272988264,13,0.0
2004-03-30,1127.0,0.0040276469387849,0.3312541071762374,0.0060661920799444,0.1045323127188992,0.8894014952011563,2,Medium volatility,train,0.02976428057612145,-0.01941977097756447,0.118002380126746,0.15217059831262453,-0.03416821818587852,-0.02581123535229568,14,0.0
2004-03-31,1126.2099609375,-0.0007012565260868,-0.0850856085211212,0.0042746728403582,0.2067607879454834,0.7889645392141583,2,Medium volatility,train,0.03146088289079684,-0.02179924061319107,0.11230539921546577,0.15187103256351997,-0.0395656333480542,-0.02649415210324535,15,0.0
2004-04-01,1132.1700439453125,0.0052782054676123,0.4413551456564197,0.0035557635448617,0.3128218261473306,0.6836224103078076,2,Medium volatility,train,0.02050621761270205,-0.01985159529932887,0.08046288922760121,0.15273237624767283,-0.07226948702007162,-0.02134220365375239,16,0.0
2004-04-02,1141.81005859375,0.0084785899282975,0.7231217679573195,0.0038442701992025,0.3369705059620292,0.6591852238387682,2,Medium volatility,train,0.030003982564386748,-0.01309465170752127,0.07217537885364017,0.15599951697745879,-0.08382413812381861,-0.004698302656497844,17,0.0
2004-04-05,1150.5699462890625,0.0076426511446188,0.6495244703760655,0.0035703963565052,0.391192812685587,0.6052367909579079,2,Medium volatility,train,0.024725836953226648,0.00293327677173413,0.05148646689045251,0.15584761780711864,-0.10436115091666613,0.0,18,0.0
2004-04-13,1129.43994140625,-0.0138573688181811,-1.2433693612053542,0.0053030557621037,0.3408865052997766,0.6538104389381197,2,Medium volatility,train,-0.01853554228564375,0.02233820166166933,0.10034706275539497,0.1291248176729604,-0.028777754917565443,-0.018364815586364935,1,0.0
2004-04-20,1118.1500244140625,-0.0156792540269217,-1.4037708528989186,0.0061259172472491,0.3086482001748781,0.6852258825778729,2,Medium volatility,train,-0.010046327061513151,0.020555940069635428,0.11323352137368724,0.11963057974773855,-0.006397058374051315,-0.02817727160314254,1,0.0
2004-04-21,1124.0899658203125,0.0052982333088866,0.4431184266800471,0.0038456289167867,0.4295657090882807,0.5665886619949325,2,Medium volatility,train,-0.003623100859159652,0.02717883455229313,0.12271054726848589,0.12018275430050002,0.002527792967985873,-0.02301466377959549,2,0.0
2004-04-22,1139.9300537109375,0.0139931150962979,1.2086287904005248,0.007858677676858,0.1909951431260807,0.8011461791970612,2,Medium volatility,train,0.00977637761897985,0.043569808489353226,0.15516990877516942,0.1269174802799254,0.028252428495244036,-0.009247497392437465,3,0.0
2004-04-23,1140.5999755859375,0.0005875142056135,0.0283796893055362,0.0043919532904647,0.334927131242243,0.6606809154672922,2,Medium volatility,train,0.0052654516959520494,0.02792445194925963,0.15319578670996029,0.1161761925923518,0.03701959411760848,-0.008665245198939187,4,0.0
2004-04-26,1135.530029296875,-0.0044548902418135,-0.4155611205815211,0.0032812784684204,0.4199865821605385,0.5767321393710411,2,Medium volatility,train,-0.00025528165793725025,0.02448873673083333,0.15713289046424686,0.11767467209478176,0.0394582183694651,-0.013071710277759108,5,0.0
2004-04-28,1122.4100341796875,-0.0138907892722119,-1.2463117478353671,0.0069945649056258,0.1829560022282979,0.8100494328660763,2,Medium volatility,train,-0.0014955993356480478,-0.004081045359476371,0.14438919713778992,0.12001180397982805,0.024377393157961863,-0.024474750275026103,1,0.0
2004-04-29,1113.8900146484375,-0.0076197831853086,-0.6942030167622196,0.0062128699421665,0.1699720245287525,0.8238151055290809,2,Medium volatility,train,-0.023108497617254548,-0.01099957201869817,0.09244259488946248,0.1227292762743462,-0.030286681384883718,-0.031879792931258866,2,0.0
2004-04-30,1107.300048828125,-0.0059337426943661,-0.5457614966788148,0.0051173466782546,0.2026740093897327,0.7922086439320126,2,Medium volatility,train,-0.029629754517234146,-0.02221152018067657,0.08268055993535617,0.12214948178159983,-0.03946892184624366,-0.037607359379146055,3,0.0
2004-05-03,1117.489990234375,0.0091604263623059,0.7831516647813732,0.0053237128169772,0.2076898758272855,0.7869864113557371,2,Medium volatility,train,-0.01601443791311475,-0.021529683746668173,0.12778649483320237,0.12284471693888911,0.004941777894313257,-0.02875093005981988,4,0.0
2004-05-04,1119.550048828125,0.0018417722884791,0.1388064420422926,0.0034631346329948,0.3557544649923205,0.6407824003746846,2,Medium volatility,train,-0.01644211650110165,-0.027330562602807872,0.12688912731793744,0.11924359687481019,0.007645530443127255,-0.024918116377394273,5,0.0
2004-05-07,1098.699951171875,-0.0138205377547997,-1.240126699440116,0.0074724777072063,0.1510023308483674,0.8415251914444263,2,Medium volatility,train,-0.007797045535517748,-0.03630392778071567,0.12595612416639823,0.12747130768888681,-0.0015151835224885835,-0.04060426299566022,1,0.0
2004-05-10,1087.1199951171875,-0.0105956251443775,-0.956200582244904,0.008414555603286,0.0776608261865351,0.9139246182101788,2,Medium volatility,train,-0.027553097042201147,-0.052047258466025474,0.10126360204016739,0.12827050595925296,-0.02700690391908557,-0.046887586895902555,2,0.0
2004-05-11,1095.449951171875,0.0076332000399199,0.6486923810190728,0.0067207028091269,0.1139878955729361,0.879291401617937,2,Medium volatility,train,-0.021761669290760347,-0.030556689607924473,0.12609054177468804,0.1260409246447047,4.9617129983331454e-05,-0.03958445149963152,3,0.0
2004-05-12,1097.280029296875,0.0016692238134483,0.1236150168901437,0.004446289430434,0.226627595656895,0.7689261149126709,2,Medium volatility,train,-0.02185943363917365,-0.027762472901009267,0.12585271687190186,0.1265232706366456,-0.000670553764743731,-0.037979964243650466,4,0.0
2004-05-13,1096.43994140625,-0.0007659026155675,-0.0907771466790207,0.0031036818259334,0.3716496667683311,0.6252466514057354,2,Medium volatility,train,-0.015879641661376547,-0.02912201213473517,0.12589607513708204,0.12634226073810292,-0.00044618560102088756,-0.03871649581353187,5,0.0
2004-05-17,1084.0999755859375,-0.0106432567008143,-0.9603941355310796,0.004325470508409,0.3250155203407733,0.6706590091508177,2,Medium volatility,train,-0.0027818659736045474,-0.04660468258685747,0.09359920445294927,0.1273558980500809,-0.03375669359713164,-0.04953533334153837,1,0.0
2004-05-18,1091.489990234375,0.0067935991497689,0.5747726661208113,0.0035252200743012,0.4066965887194529,0.5897781912062459,2,Medium volatility,train,-0.0036214668637555474,-0.024131829410166866,0.0899785294486739,0.12126401459188628,-0.031285485143212374,-0.04305627424403036,2,0.0
2004-08-06,1063.969970703125,-0.0156017666472427,-1.3969487483951286,0.0106436057833273,0.0802920522712985,0.909064341945374,2,Medium volatility,train,-0.034865400871732045,-0.04488123308354987,0.12918987522538,0.1113875808575678,0.017802294367812208,-0.04588665393864866,1,0.0
2004-08-09,1065.219970703125,0.001174155597206,0.0800284725818831,0.0061251389576007,0.1755936383859346,0.8182812226564647,2,Medium volatility,train,-0.038128997189095945,-0.04508993027999237,0.11560989317156949,0.11130426748154311,0.004305625690026377,-0.04476571846545252,2,0.0
2004-08-10,1079.0400390625,0.0128904700574006,1.1115502762333804,0.0085844757618119,0.0889353256670949,0.9024801985710932,2,Medium volatility,train,-0.018956475469834245,-0.03290817755169308,0.17545259222758947,0.12277856973684287,0.0526740224907466,-0.029177514908576008,3,0.0
2004-08-11,1075.7900390625,-0.0030164814361448,-0.2889214634903329,0.0056426257680338,0.1614577771997766,0.8328995970321895,2,Medium volatility,train,-0.021008641763987746,-0.03262812542962367,0.17426597711391706,0.12273493178220514,0.05153104533171192,-0.029657160002091953,4,0.0
2004-08-12,1063.22998046875,-0.011743885362887,-1.0572951248745246,0.0080066859538621,0.0618247149582777,0.93016859908786,2,Medium volatility,train,-0.01629750779166795,-0.04006209907694887,0.1595138031143417,0.12738584690161342,0.03212795621272829,-0.040986101973910616,5,0.0
2004-08-13,1064.800048828125,0.0014756076020079,0.1065687567953243,0.005255718409505,0.1455663215648767,0.8491779600256182,2,Medium volatility,train,0.0007798664575826525,-0.03378599779605177,0.12632291477351934,0.12749987043866934,-0.001176955665149998,-0.039569929174844254,6,0.0
2004-08-16,1079.3399658203125,0.0135626775979211,1.1707324309102298,0.0084602386234635,0.0624038830733913,0.9291358783031451,2,Medium volatility,train,0.013168388458297754,-0.019778337717377168,0.15302639789498715,0.13800050867176183,0.015025889223225314,-0.026455191321509863,7,0.0
2004-08-17,1081.7099609375,0.0021933746536735,0.1697620387997593,0.0054759057101987,0.1451041731159804,0.8494199211738208,2,Medium volatility,train,0.0024712930545706543,-0.024618052143548272,0.13027373646043833,0.13544792890162144,-0.005174192441183112,-0.022510016346713124,8,0.0
2004-08-18,1095.1700439453125,0.0123665562793062,1.0654241256274135,0.007656136447292,0.0834776229494899,0.908866240603218,2,Medium volatility,train,0.017854330770021656,0.001178629252931931,0.14515059477938508,0.13557793453512565,0.009572660244259429,-0.010346777775927074,9,0.0
2004-08-19,1091.22998046875,-0.0036041599868958,-0.3406615598062438,0.005417217691933,0.1464381675663922,0.8481446147416748,2,Medium volatility,train,0.025994056146012856,-0.005127804669738569,0.1057099263166478,0.13578420702138255,-0.03007428070473475,-0.013907226253225047,10,0.0
2004-08-20,1098.3499755859375,0.0065035489507287,0.5492362138960173,0.0046148161460551,0.2147641968934247,0.7806209869605201,2,Medium volatility,train,0.03102199749473366,0.011123709784668832,0.10152292827732415,0.13308495736746664,-0.031562029090142496,-0.007473224383926169,11,0.0
2004-08-23,1095.6800537109375,-0.0024338073383418,-0.2376219666776827,0.0033957000005224,0.333930917485989,0.6626733825134886,2,Medium volatility,train,0.015025512558470754,0.010652797079115033,0.09359202126156882,0.13320718544550625,-0.03961516418393743,-0.009885906141693601,12,0.0
2004-10-27,1125.4000244140625,0.0127970649956967,1.1033267552578787,0.0048906581879902,0.4458077746536488,0.5493015671583609,2,Medium volatility,train,0.019506589333718356,0.009463489285164533,0.1434721275539629,0.1235837029056491,0.019888424648313807,-0.014579067205633733,1,0.0
2004-11-04,1161.6700439453125,0.016027357888424,1.3877265605336184,0.0052358805054275,0.4462929973981366,0.5484711220964359,2,Medium volatility,train,0.029909138879645254,0.02706595263033723,0.10229737039534556,0.12229758861265701,-0.020000218217311447,0.0,1,0.0
2005-04-15,1142.6199951171875,-0.0168618619627656,-1.507889419803106,0.0110229618255502,0.0964578732303139,0.8925191649441357,2,Medium volatility,train,-0.03320696272982983,-0.040805862502660134,0.13001353324477818,0.1142606355324109,0.015752897712367278,-0.04073410256943688,1,0.0
2005-04-18,1145.97998046875,0.0029362822699345,0.2351687336162497,0.0063195018674521,0.195054786524019,0.7986257116085288,2,Medium volatility,train,-0.030279154658698446,-0.03739901764735014,0.13860618048856585,0.1154521070095944,0.023154073478971443,-0.037913287795151795,2,0.0
2005-04-19,1152.780029296875,0.0059162928136293,0.4975333075081563,0.0046015574992234,0.2856082309034027,0.7097902115973738,2,Medium volatility,train,-0.02989274664785225,-0.026536291230981033,0.14024605621210395,0.11789604064444245,0.022350015567661502,-0.03220443010881835,3,0.0
2005-04-20,1137.5,-0.0133435700606669,-1.1981337521010096,0.008786562137841,0.0735463542337254,0.9176670836284336,2,Medium volatility,train,-0.03140499120289065,-0.029631315082391634,0.14371265422050356,0.12128473109478367,0.02242792312571988,-0.04503250162766903,4,0.0
2005-04-21,1159.949951171875,0.019543986803022,1.6973358163352832,0.0214014259212597,0.0043859768955153,0.974212597183225,2,Medium volatility,train,-0.0018088701368467464,-0.010786973704960737,0.2114721054071461,0.14140880822583551,0.07006329718131057,-0.026185052212999604,5,0.0
2005-04-22,1152.1199951171875,-0.0067731393687058,-0.6196632321123972,0.0133753387877276,0.0238467204882792,0.9627779407239933,2,Medium volatility,train,0.008279852457213053,-0.01661300635223394,0.17901022822265095,0.14304757968642887,0.03596264853622208,-0.03275854983577786,6,0.0
2005-04-25,1162.0999755859375,0.0086249729608329,0.7360095485181687,0.0099510718886678,0.0451750593299553,0.9448738687813768,2,Medium volatility,train,0.01396854314811145,-0.010426526531567639,0.18461750153139525,0.14639122042609967,0.03822628110529558,-0.02438003820320911,7,0.0
2005-04-26,1151.8299560546875,-0.0088767484509073,-0.8048681139054145,0.0087032225451095,0.0419838828896496,0.9493128945652408,2,Medium volatility,train,-0.0008244981164251489,-0.011678095801463638,0.1955781324337414,0.14721817762684689,0.048359954806894506,-0.03300204687133468,8,0.0
2005-04-27,1156.3800048828125,0.0039424963921659,0.3237573260230211,0.0059486386830678,0.1041610193333151,0.8898903419836169,2,Medium volatility,train,0.01646156833640765,-0.021414229140668338,0.16533531086922373,0.13895515366411326,0.02638015720511047,-0.029182135885078453,9,0.0
2005-04-28,1143.219970703125,-0.0114456235739419,-1.0310357120243283,0.0079294415156797,0.0440922303509584,0.9479783281333616,2,Medium volatility,train,-0.014528042040556247,-0.032165467962428834,0.12365722266607801,0.1434927804369756,-0.0198355577708976,-0.0402304039457998,10,0.0
2005-04-29,1156.8499755859375,0.0118519564622063,1.020117990042111,0.0089560732366268,0.0350375756133754,0.9560063511499978,2,Medium volatility,train,0.004097053790355853,-0.013795630550959137,0.14838107245668636,0.14952160572243595,-0.0011405332657495881,-0.028787580503389143,11,0.0
2005-05-02,1162.1600341796875,0.0045795989253338,0.379848783482364,0.0062278872361669,0.0894322384465594,0.9043398743172736,2,Medium volatility,train,5.167975485675328e-05,-0.01194050894234984,0.13962048030837496,0.15019160580664825,-0.010571125498273298,-0.02432961709988679,12,0.0
2005-05-03,1161.1700439453125,-0.0008522166554065,-0.0983763635110426,0.004430981986985,0.1831002730119172,0.8124687450010978,2,Medium volatility,train,0.008076211550357554,-0.01726356838332514,0.12207246966492533,0.14905327416350947,-0.026980804498584143,-0.025160745449367306,13,0.0
2005-05-04,1175.6500244140625,0.0123930515603474,1.0677568096963437,0.0068977699609579,0.1041009527133159,0.8890012773257261,2,Medium volatility,train,0.016526766718539053,-0.007136404076619337,0.14058238556405903,0.15570185292799057,-0.015119467363931549,-0.013004340416644333,14,0.0
2005-05-05,1172.6300048828125,-0.002572113341297,-0.2497986335048556,0.0048055574580909,0.1879403710040875,0.8072540715378216,2,Medium volatility,train,0.025400276951183954,-0.01566175048487474,0.09871252304517382,0.1541344254478506,-0.05542190240267679,-0.012738267628490063,15,0.0
2005-05-06,1171.3499755859375,-0.0010921846046327,-0.1195034997487507,0.0034241543900903,0.3191869180015954,0.6773889276083143,2,Medium volatility,train,0.012456135884344955,-0.008373920597915738,0.08754450608451428,0.1516508374537305,-0.06410633136921623,-0.01381595107156841,16,0.0
2005-05-09,1178.8399658203125,0.0063739661724024,0.5378275527786118,0.0030478178623415,0.4128117709083705,0.5841404112292878,2,Medium volatility,train,0.014250503131413555,-0.00200842862431646,0.09039684425191066,0.15346503614456716,-0.0630681918926565,-0.007509971603668175,17,0.0
2005-05-10,1166.219970703125,-0.0107631508697192,-0.9709497970214104,0.0053491918415873,0.2251292095282084,0.7695215986302042,2,Medium volatility,train,0.004339568917100852,-0.01830146429681876,0.12582044225208652,0.15626065756168694,-0.03044021530960042,-0.010705435413708386,18,0.0
2005-05-11,1171.1099853515625,0.0041842802471094,0.3450443373090761,0.0036648246831867,0.3548915487171926,0.6414436265996207,2,Medium volatility,train,-0.0038692023961371487,-0.002285858544080861,0.09492784518346821,0.1519275081775625,-0.0569996629940943,-0.006557277232597913,19,0.0
2005-05-12,1159.3599853515625,-0.0100838884121374,-0.9111465169218516,0.0054130384279721,0.2150149213832682,0.7795720401887596,2,Medium volatility,train,-0.011380977466977547,-0.0023176126931963607,0.11246355697323573,0.15195371702145394,-0.039490160048218204,-0.01652470312642873,20,0.0
2005-05-13,1154.050048828125,-0.0045905790757858,-0.427507367947107,0.0041658729176873,0.2865926078894348,0.7092415191928778,2,Medium volatility,train,-0.014879371938130648,0.009953670193783437,0.11280067013153494,0.14040641510337618,-0.027605744971841234,-0.021029077492242254,21,0.0
2005-05-16,1165.68994140625,0.0100355990912026,0.8602031774294158,0.0050232275168055,0.2538760884556194,0.741100684027575,2,Medium volatility,train,-0.011217739019330448,0.017052987015051535,0.12928859489686145,0.14406083816276968,-0.01477224326590823,-0.011155054795679464,22,0.0
2005-05-17,1173.800048828125,0.0069332546353733,0.5870681434135985,0.0041412187525074,0.3267173544839066,0.6691414267635859,2,Medium volatility,train,0.006478666485762054,0.018069948836795538,0.11893281896967924,0.14455335627516502,-0.025620537305485788,-0.004275319074952155,23,0.0
2005-05-18,1185.56005859375,0.0099688954813217,0.8543304921060424,0.0048641947312951,0.2919770234177944,0.7031587818509105,2,Medium volatility,train,0.012263281719974354,0.041382414378784135,0.13106668038513558,0.1379537519061103,-0.00688707152097473,0.0,24,0.0
2005-05-19,1191.0799560546875,0.0046451354452319,0.3856187164625692,0.0032922645151264,0.4247263566747529,0.5719813788101206,2,Medium volatility,train,0.026992305577343653,0.026483563020994035,0.0855151159221801,0.12299321428290157,-0.03747809836072147,0.0,25,0.0
2005-10-05,1196.3900146484375,-0.0149990419345336,-1.3438839655343335,0.0034988287823097,0.4784047038230306,0.5180964673946596,2,Medium volatility,train,-0.016989734188320643,-0.03286286534077367,0.13269590993826025,0.09783957143375831,0.03485633850450194,-0.036319527120596606,1,0.0
2005-10-20,1177.800048828125,-0.0151336416769067,-1.3557343276508025,0.0116527427624178,0.0927105660738038,0.8956366911637783,2,Medium volatility,train,0.000815481818914757,-0.03078293366670687,0.17789485050944692,0.11843498834216072,0.0594598621672862,-0.04151171241550611,1,0.0
2005-10-21,1179.5899658203125,0.00151855851177,0.1103502189655995,0.0064318029457415,0.1948706479491443,0.798697549105114,2,Medium volatility,train,-0.005899855440694642,-0.029815872085168667,0.1673369838080804,0.11869705046378623,0.04863993334429417,-0.04005508616178233,2,0.0
2005-10-24,1199.3800048828125,0.0166378691830253,1.441476885680344,0.0134398578970707,0.033734900095153,0.9528252420077764,2,Medium volatility,train,0.007767443988225958,-0.013457704263260869,0.20310414401639212,0.13424560219271678,0.06885854182367535,-0.02395004297459713,3,0.0
2005-10-25,1196.5400390625,-0.0023706693865319,-0.2320632072101831,0.0078570667410766,0.0872840135161742,0.904858919742749,2,Medium volatility,train,0.015497155191449757,-0.01585307600647916,0.18595747071588886,0.13434453657751935,0.05161293413836951,-0.026261194157362167,4,0.0
2005-10-26,1191.3800048828125,-0.0043217880969663,-0.4038426091853711,0.0056571907989179,0.1413133032019429,0.8530295059991392,2,Medium volatility,train,-0.003669671465609643,-0.02118613256566156,0.1634005050277585,0.13470881411536714,0.02869169091239135,-0.030460406349352653,5,0.0
2005-10-27,1178.9000244140625,-0.0105304821715561,-0.9504652977364312,0.0071498902863899,0.0739764925124179,0.9188736172011922,2,Medium volatility,train,0.0009334880397409567,-0.04054443217203266,0.1444736181233262,0.13345006602777412,0.011023552095552086,-0.04061655731952951,6,0.0
2005-10-28,1198.4100341796875,0.0164138857010121,1.4217570457819395,0.0131795341522042,0.0142647923431334,0.9725556735046624,2,Medium volatility,train,0.015828815228983054,-0.02505056235617126,0.1783765036660841,0.14776052930040554,0.03061597436567856,-0.02306180656904888,7,0.0
2005-10-31,1207.010009765625,0.0071505284498289,0.6061972541706477,0.0091131821561673,0.0440005023019493,0.9468863155418832,2,Medium volatility,train,0.0063414744957866545,-0.01618136207613906,0.15021207611162846,0.1505675323169444,-0.0003554562053159349,-0.00614256516625189,8,0.0
2005-11-01,1202.760009765625,-0.0035273112139897,-0.3338956791954235,0.006222137621439,0.093581575943525,0.9001962864350359,2,Medium volatility,train,0.0051848326683288535,-0.009688819546579363,0.15179549972820205,0.14720108279432037,0.004594416933881684,-0.003521097559766928,9,0.0
2005-11-02,1214.760009765625,0.0099276104936789,0.8506957002043982,0.00663041787473,0.092999565001948,0.9003700171233219,2,Medium volatility,train,0.019434231258974054,0.015237832881633136,0.1534003662581058,0.14137964577196072,0.012020720486145081,0.0,10,0.0
2005-11-03,1219.93994140625,0.0042550947222137,0.3512789493393688,0.0048407064797822,0.1785928805208222,0.8165664129993955,2,Medium volatility,train,0.03421980815274386,0.023597012634789836,0.10420543828067018,0.14071103062126128,-0.0365055923405911,0.0,11,0.0
2005-11-04,1220.1400146484375,0.0001639890874391,-0.0089080939197455,0.0034106556366162,0.3164891993741129,0.6801001449892708,2,Medium volatility,train,0.017969911539170855,0.020066557857889637,0.07635575940458247,0.14044597741680823,-0.06409021801222575,0.0,12,0.0
2005-11-07,1222.81005859375,0.0021859186053232,0.1691055971799526,0.0024000543986152,0.4828682336497787,0.5147317119516059,2,Medium volatility,train,0.013005301694665156,0.029444485098665037,0.07102232953640598,0.13726262289179103,-0.06624029335538505,0.0,13,0.0
2006-01-20,1261.489990234375,-0.0184963224099918,-1.651789755889835,0.0050766613157657,0.3212684245905267,0.6736549140937075,2,Medium volatility,train,-0.01928977233105384,0.0014834699564809442,0.1286590764384235,0.11142817964186212,0.017230896796561382,-0.025259285508864804,1,0.0
2006-01-23,1263.8199462890625,0.0018452837666602,0.1391155978198332,0.0028940823638336,0.4900938567226217,0.5070120609135447,2,Medium volatility,train,-0.01864893740105164,0.0008152483284528439,0.12998741461778374,0.1112677298378684,0.01871968477991534,-0.023458951739226963,2,0.0
2006-05-17,1270.3199462890625,-0.0169844939825454,-1.5186861257688304,0.0085973396653237,0.1825775835617702,0.808825076772906,2,Medium volatility,train,-0.04051968661022714,-0.030704946719474466,0.11527873436011994,0.09936907018967941,0.015909664170440527,-0.04181757110501738,1,0.0
2006-05-18,1261.81005859375,-0.006721550408602,-0.6151212631036639,0.0065547267166362,0.1945336062103317,0.798911667073032,2,Medium volatility,train,-0.03436056234047064,-0.03859374610035266,0.1088720804105097,0.10040862917811326,0.008463451232396446,-0.048236446039114145,2,0.0
2006-05-19,1267.030029296875,0.0041283576149622,0.3401208253486041,0.0042465202183403,0.3178247984013093,0.6779286813803503,2,Medium volatility,train,-0.018927387264411438,-0.03432817958052237,0.12066840657045991,0.10243224706100676,0.018236159509453148,-0.04429910393747105,3,0.0
2006-05-22,1262.0699462890625,-0.0039224146258121,-0.3686811729935418,0.0031500719199701,0.4173368313747733,0.5795130967052565,2,Medium volatility,train,-0.025371332674626337,-0.03583014862530927,0.1101744714937203,0.10269379733253742,0.007480674161182879,-0.04804041682311866,4,0.0
2006-05-30,1259.8699951171875,-0.0159765596575205,-1.4299460841418947,0.0097347074112494,0.1211988949217297,0.8690663976670209,2,Medium volatility,train,-0.0017446503731300411,-0.03534004199204067,0.14832257587792955,0.12375921904104568,0.024563356836883862,-0.04969980551765618,1,0.0
2006-05-31,1270.0899658203125,0.0080792000284137,0.6879588853556277,0.0074048199867123,0.1539256290542002,0.8386695509590874,2,Medium volatility,train,0.01069402726593246,-0.03338675466667247,0.15234640026537438,0.12550109761037148,0.0268453026550029,-0.04199104176867885,2,0.0
2006-06-01,1285.7099609375,0.0122233273698579,1.0528140387685214,0.008929193298337,0.0913002364569566,0.8997705702447063,2,Medium volatility,train,0.02133495141778296,-0.017279923653465267,0.1648576046349721,0.13400444067933076,0.030853163955641333,-0.03020912422543598,3,0.0
2006-06-02,1288.219970703125,0.0019503332475387,0.1483643108307883,0.0054381281296725,0.1915858497297976,0.8029760221405298,2,Medium volatility,train,0.01197934435401006,-0.018481823342762566,0.15514214749505603,0.13361451457485327,0.021527632920202766,-0.028315863192416302,4,0.0
2006-06-05,1265.2900390625,-0.0179600220173385,-1.6045730692595626,0.0154875986270376,0.0085415420488166,0.9759708593241456,2,Medium volatility,train,-0.01168372102904874,-0.04668451148278677,0.19686924222658278,0.1394179878180122,0.05745125440857057,-0.04516502024264646,5,0.0
2006-06-06,1263.8499755859375,-0.0011387773107429,-0.1236055911023998,0.0087363811502586,0.0515202725615095,0.9397433462882318,2,Medium volatility,train,0.003154061317728861,-0.046993250059402164,0.16502718588846288,0.13938010406454326,0.025647081823919615,-0.046251745766473173,6,0.0
2006-06-07,1256.1500244140625,-0.0061110913770088,-0.5613755392701381,0.0067616937347872,0.0760949188973012,0.9171433873679116,2,Medium volatility,train,-0.011036230087693638,-0.05346661818571707,0.1571589907222588,0.13959231572279868,0.01756667499946013,-0.05042140257993444,7,0.0
2006-06-08,1257.9300537109375,0.0014160484463516,0.1013250798800901,0.0046801771862267,0.1685793485346845,0.8267404742790887,2,Medium volatility,train,-0.02184350901119994,-0.05032092601573727,0.11699541553095183,0.140282820554995,-0.023287405024043167,-0.036748030981584856,8,0.0
2006-06-09,1252.300048828125,-0.0044856559701651,-0.418269781202377,0.0040131858027708,0.2360520730170524,0.7599347411801768,2,Medium volatility,train,-0.02827949822890374,-0.041925907307543864,0.1061065550857215,0.1353890248279613,-0.029282469742239803,-0.032599421530996486,9,0.0
2006-06-12,1237.43994140625,-0.0119372174925924,-1.0743163739895971,0.0069708403852791,0.0876781491550893,0.9053510104596316,2,Medium volatility,train,-0.02225669370415764,-0.042558307339039265,0.07246626175899007,0.13594751428064802,-0.06348125252165795,-0.04407884016512165,10,0.0
2006-06-13,1223.68994140625,-0.0111738459303234,-1.0071080028381367,0.0084195158647338,0.0407096363753447,0.9508708477599214,2,Medium volatility,train,-0.032291762323738135,-0.05625368405376546,0.07720697159749505,0.138283139832132,-0.06107616823463695,-0.05293017226059571,11,0.0
2006-06-14,1230.0400390625,0.0051758847821616,0.4323466798657865,0.0060986044155712,0.0937686465975954,0.9001327489868333,2,Medium volatility,train,-0.02100478616456774,-0.04920656799897487,0.10720356685181488,0.14101017392314796,-0.03380660707133308,-0.045163041222586964,12,0.0
2006-06-15,1256.1600341796875,0.0210127547396172,1.8266483366034527,0.0212746734875278,0.0029023869949793,0.9758229395174928,2,Medium volatility,train,-0.0014080798713021411,-0.01120931927681227,0.1951211711670421,0.15250807315827486,0.04261309800876725,-0.02488700474495731,13,0.0
2006-06-16,1251.5400390625,-0.0036846514409676,-0.3477481475010995,0.0117898275185915,0.0343826400870952,0.9538275323943132,2,Medium volatility,train,-0.0006070753421046427,-0.00817242030917787,0.19431598392989952,0.1513195356420376,0.04299644828786192,-0.02847334498362475,14,0.0
2006-06-19,1240.1300048828125,-0.0091586074677323,-0.8296834022282522,0.0099168757763511,0.0329015956660716,0.9571815285575772,2,Medium volatility,train,0.002171534682755459,-0.021459385391872372,0.18644190317795675,0.1532700342714827,0.033171868906474056,-0.037330554496888047,15,0.0
2006-06-20,1240.1199951171875,-8.071577966006771e-06,-0.0240565715847266,0.0062006143740171,0.0960399296902793,0.8977594559357035,2,Medium volatility,train,0.013337309035112852,-0.017545042344026276,0.16346977400475818,0.15295108797997775,0.010518686024780427,-0.037338324727013816,16,0.0
2006-06-21,1252.199951171875,0.009693820144399,0.8301124490817999,0.0064893340344964,0.0990141470779538,0.8944965188875497,2,Medium volatility,train,0.017855244397350253,-0.003491744588978477,0.16937450802294327,0.1566041073833847,0.01277040063955856,-0.027961078348746504,17,0.0
2006-06-22,1245.5999755859375,-0.0052846433977933,-0.4886138262723505,0.0052820596339763,0.1398073462323037,0.85491059413372,2,Medium volatility,train,-0.008442153740060247,-0.010358791204779177,0.10167134021433492,0.1574333549805654,-0.05576201476623048,-0.03308440800985646,18,0.0
2006-06-23,1244.5,-0.0008834791118985,-0.101128756818406,0.0038096380055613,0.2562294317778381,0.7399609302166005,2,Medium volatility,train,-0.005640981410991147,-0.022548210627989278,0.10044792559133184,0.15143251345819803,-0.05098458786686619,-0.033938280493557405,19,0.0
2006-06-26,1250.56005859375,0.00485765502067,0.4043292569240718,0.003088435532193,0.3797332028124874,0.6171783616553195,2,Medium volatility,train,0.008375281077411154,-0.023393598973039574,0.08164065121250416,0.15097962226455316,-0.069338971052049,-0.02923406946472018,20,0.0
2006-06-27,1239.199951171875,-0.0091255271286003,-0.8267709598213183,0.004406096441299,0.2762156213166673,0.7193782822420335,2,Medium volatility,train,-0.0007421744732231395,-0.016542566444119375,0.10753500674802377,0.1442231921500649,-0.036688185402041135,-0.038052522586258575,21,0.0
2006-06-28,1246.0,0.0054724496476818,0.4584566930461582,0.0033676894133241,0.389438355584977,0.6071939550016987,2,Medium volatility,train,-0.00496354496994034,-0.019149316824851277,0.0899681058643861,0.14246616926365765,-0.05249806339927156,-0.032773883081536836,22,0.0
2006-06-29,1272.8699951171875,0.0213357691851641,1.8550870102672607,0.0197066405302774,0.0130649198462166,0.967228439623506,2,Medium volatility,train,0.02165686761301706,-0.010036875009545074,0.15858805957868702,0.15594008323542308,0.0026479763432639414,-0.011915647897896897,23,0.0
2006-06-30,1270.199951171875,-0.0020998596049777,-0.2082207100440037,0.0105895345544926,0.0560286124180466,0.9333818530274608,2,Medium volatility,train,0.020440487119937862,-0.014087067862061473,0.16077695253075416,0.15576708600216374,0.005009866528590423,-0.002097656442177853,24,0.0
2006-07-03,1280.18994140625,0.0078341287007477,0.666382440066782,0.0079715671538767,0.087039507065905,0.9049889257802182,2,Medium volatility,train,0.02341696080001556,0.011707082856024727,0.16259559816278665,0.14495199714442236,0.01764360101836429,0.0,25,0.0
2006-07-05,1270.9100341796875,-0.0072752524377062,-0.6638700157670993,0.0067600559948577,0.0941571314365627,0.8990828125685795,2,Medium volatility,train,0.02526723549090966,0.005570607729061428,0.15491899529276007,0.14740571892778268,0.007513276364977395,-0.007248851851131444,26,0.0
2006-07-06,1274.0799560546875,0.0024911088267076,0.1959749995580455,0.0046394025067264,0.1937693690020404,0.8015912284912332,2,Medium volatility,train,0.022285894669935462,0.014172807932777828,0.1556674558792685,0.14570204911151324,0.009965406767755258,-0.004772717824083839,27,0.0
2006-07-07,1265.47998046875,-0.0067728336209347,-0.6196363136225104,0.0046135056391832,0.2034754026636603,0.7919110916971565,2,Medium volatility,train,-0.00582270813616334,0.0059839258654915285,0.09091767168021933,0.1479384610309955,-0.057020789350776174,-0.011490451894459963,28,0.0
2006-07-10,1267.3399658203125,0.0014687073896704,0.1059612518072891,0.0032216365607755,0.3512387269170727,0.6455396365221517,2,Medium volatility,train,-0.002254141141515241,0.011938289225327027,0.09188601771602807,0.14694288366705258,-0.055056865951024506,-0.01003755393658401,29,0.0
2006-07-12,1258.5999755859375,-0.0109285276046682,-0.9855098114778468,0.0048150423357675,0.2803836999358978,0.7148012577283346,2,Medium volatility,train,-0.009733233495586342,0.02812913655721323,0.09277725978344983,0.13972175817612478,-0.04694449839267495,-0.01686465822141714,1,0.0
2006-07-13,1242.280029296875,-0.0130515481927453,-1.1724237112065314,0.008694315686169,0.0784118569099089,0.912893827403922,2,Medium volatility,train,-0.025275890515039243,0.009901703582306328,0.10674858474351977,0.14753866611451846,-0.040790081370998696,-0.029612724552211422,2,0.0
2006-07-14,1236.199951171875,-0.0049063057756866,-0.4553044176122623,0.0062295086951795,0.1219470532875004,0.8718234380173199,2,Medium volatility,train,-0.023409362669791142,-0.01601735693299747,0.10588938673093395,0.1280927348672732,-0.022203348136339257,-0.0343620808222046,3,0.0
2006-07-17,1234.489990234375,-0.0013841973303625,-0.1452127357510243,0.0042969185905388,0.2264742146775469,0.7692288667319142,2,Medium volatility,train,-0.026262267389824043,-0.01371690282239237,0.09885337562533726,0.12768679624193047,-0.028833420616593206,-0.035697789596499274,4,0.0
2006-07-18,1236.8599853515625,0.0019179767067623,0.1455155927108548,0.0030311704916694,0.379106908030567,0.6178619214777636,2,Medium volatility,train,-0.02835260219670034,-0.002640318647897771,0.08942522953309037,0.12412704917206585,-0.03470181963897548,-0.03384650562641578,5,0.0
2006-07-19,1259.81005859375,0.0183850643312046,1.595302553018324,0.0124969532154781,0.042042661017645,0.9454603857668769,2,Medium volatility,train,0.0009609897391724583,0.01575281726127284,0.16464172555665965,0.13969435770481844,0.024947367851841207,-0.015919421136923906,6,0.0
2006-07-20,1249.1300048828125,-0.0085136495493385,-0.7729003449348381,0.0098819245815828,0.0431349498908399,0.9469831255275772,2,Medium volatility,train,0.005498888382579259,-0.0024546524324646646,0.14791629923469218,0.13927061828000448,0.008645680954687707,-0.024261975132626845,7,0.0
2006-07-21,1240.2900390625,-0.0071020581669509,-0.6486217337959576,0.0077442235667349,0.057359770864984,0.934896005568281,2,Medium volatility,train,0.0033031359913149585,-0.004272067201622264,0.15298027668588393,0.14025780396162532,0.01272247272425861,-0.03116717375542033,8,0.0
2006-07-24,1260.9100341796875,0.0164884548800152,1.4283222275448069,0.0138062440775208,0.0113047936671348,0.9748889622553442,2,Medium volatility,train,0.021175788201692657,0.013099866790291435,0.18055074125027173,0.15162900051045466,0.02892174073981707,-0.015060192712797016,9,0.0
2006-07-25,1268.8800048828125,0.006300915845494,0.5313960930200085,0.0090636229529729,0.0446552966668275,0.9462810803801994,2,Medium volatility,train,0.02555872734042436,0.014543127615115435,0.17985936863171736,0.1522141217461434,0.02764524688557396,-0.008834576930837224,10,0.0
2006-07-26,1268.4000244140625,-0.0003783425313201,-0.0566557786938562,0.0057890971249688,0.1147061774799009,0.8795047253951302,2,Medium volatility,train,0.006795320477899655,0.023290312212395633,0.14642458993538005,0.1480310259310029,-0.0016064359956228513,-0.009209506035672055,11,0.0
2006-07-27,1263.199951171875,-0.0041081376249909,-0.3850325029056359,0.0046075616816386,0.1788669961133079,0.8165254422050534,2,Medium volatility,train,0.011200832402247254,0.013709724939722934,0.13356077802514296,0.14822892727368034,-0.014668149248537377,-0.013271460495707377,12,0.0
2006-07-28,1278.550048828125,0.0120785161997174,1.0400646473178474,0.0068055754886711,0.1090736374158075,0.8841207870955212,2,Medium volatility,train,0.030381406768915552,0.004452471954276234,0.12087063381577211,0.1348341553894618,-0.0139635215736897,-0.0012809759904249818,13,0.0
2006-07-31,1276.6600341796875,-0.0014793421532655,-0.1535894278978971,0.0045946853619311,0.207154269613159,0.7882510450249098,2,Medium volatility,train,0.012413609735634854,0.005072989405988434,0.09364101433627917,0.13471652329610748,-0.04107550895982831,-0.0027573308556736453,14,0.0
2006-08-01,1270.9200439453125,-0.0045062371124355,-0.4200817756711238,0.0038356503929775,0.279814972344959,0.7163493772620636,2,Medium volatility,train,0.0016064567777053533,-0.0072673764071947665,0.09653188298761112,0.13271786731655208,-0.03618598432894096,-0.005967701373760015,15,0.0
2006-08-02,1277.4100341796875,0.0050935350341712,0.4250964852021063,0.003052506646487,0.4018199709531136,0.5951275224003991,2,Medium volatility,train,0.007078334343196654,0.0051014110646826335,0.10069632422873889,0.13149485438225497,-0.03079853015351608,-0.0008916464783544908,16,0.0
2007-02-27,1399.0400390625,-0.0353426608431011,-3.134966523164467,0.1063632248737245,1.4112175725702017e-05,0.8936226629505497,2,Medium volatility,train,-0.04243095536454595,-0.01530707755686847,0.21369442760328938,0.13989187667983952,0.07380255092344987,-0.041543360474285196,1,0.0
2007-02-28,1406.8199462890625,0.0055454849527336,0.4648868302580968,0.0528603660563817,0.0300039944527034,0.9171356394909148,2,Medium volatility,train,-0.035480032440258144,-0.015517091211780371,0.22929137270010544,0.13977036349475225,0.08952100920535319,-0.03621348889949483,2,0.0
2007-03-01,1403.1700439453125,-0.0025978059772997,-0.2520606515071981,0.0246752011116976,0.0805735468117678,0.8947512520765345,2,Medium volatility,train,-0.03721991406418904,-0.02468614303067697,0.2271619566530471,0.13727515691009262,0.08988679974295447,-0.038713969970309514,3,0.0
2007-03-02,1387.1700439453125,-0.0114682618297496,-1.0330288178377325,0.0209544673143244,0.035071658938107,0.9439738737475684,2,Medium volatility,train,-0.045118136937150846,-0.04149385638425837,0.22590615027819827,0.13943328228542073,0.08647286799277754,-0.04967527615471845,4,0.0
2007-03-05,1374.1199951171875,-0.0094522095148414,-0.8555325644557332,0.0154506974078423,0.0311921126542017,0.9533571899379558,2,Medium volatility,train,-0.05331545321225825,-0.05263908215129527,0.21754012943113757,0.14096208290410403,0.07657804652703354,-0.05861562496262873,5,0.0
2007-03-06,1395.4100341796875,0.0153747807178872,1.3302726929150184,0.019087604390359,0.0105868354081572,0.9703255602014836,2,Medium volatility,train,-0.0025980116512699467,-0.036297226630920165,0.1576939194326404,0.15411876557242143,0.003575153860218977,-0.044030210159998195,6,0.0
2007-03-07,1391.969970703125,-0.0024683144867996,-0.2406600275061959,0.0104331184195283,0.0506464406344797,0.938920440945992,2,Medium volatility,train,-0.010611811090803147,-0.03946330505473527,0.1501913425501249,0.153857439082549,-0.0036660965324241124,-0.0463869344762734,7,0.0
2007-03-08,1401.8900146484375,0.0071013477307833,0.6018673102973291,0.0075859248856101,0.08911963587006,0.9032944392443298,2,Medium volatility,train,-0.0009126573827201471,-0.03375602627087687,0.16089020137334445,0.15667258183890642,0.004217619534438027,-0.039590894535813326,8,0.0
2007-03-09,1402.8399658203125,0.0006773922729204,0.0362926884327024,0.0048944536679076,0.1889610326968495,0.8061445136352429,2,Medium volatility,train,0.011232996719949852,-0.03189867099180567,0.1342260148973848,0.15688008535777628,-0.022654070460391473,-0.03894010043236584,9,0.0
2007-03-12,1406.5999755859375,0.0026766986224968,0.2123146020450044,0.0034627884361772,0.3265929211180055,0.6699442904458173,2,Medium volatility,train,0.023361904857288052,-0.022119596255937665,0.0982100916023876,0.15620128698478764,-0.05799119538240004,-0.036364186788779396,10,0.0
2007-03-13,1377.949951171875,-0.0205785755074057,-1.8351144249229687,0.0188118285898361,0.0050613265756173,0.9761268448345464,2,Medium volatility,train,-0.012591451368004849,-0.03943145966544727,0.15158519803520368,0.17008497061415398,-0.018499772578950302,-0.055991792400862384,11,0.0
2007-03-14,1387.1700439453125,0.006668880164959,0.5637922206404709,0.0116249007285325,0.0345202336714449,0.9538548656000224,2,Medium volatility,train,-0.003454256716246249,-0.04033135423340607,0.16245107180893473,0.16947637274481284,-0.007025300935878109,-0.04967527615471845,12,0.0
2007-03-15,1392.280029296875,0.0036769799595122,0.3003808631907401,0.007165040249704,0.0937020428582368,0.8991329168920591,2,Medium volatility,train,-0.006878624487517348,-0.044269386337018865,0.1554782065420273,0.16718866643677935,-0.011710459894752057,-0.04617451902744829,13,0.0
2007-03-16,1386.949951171875,-0.0038356557012155,-0.3610427878437749,0.0052146396755811,0.1566136295633371,0.8381717307610819,2,Medium volatility,train,-0.011391672461653249,-0.04914209753768757,0.15511511899602487,0.1668445928643457,-0.011729473868320822,-0.04982605767213244,14,0.0
2007-03-19,1402.06005859375,0.0108355690427277,0.9306337253690165,0.0064247012996485,0.1237999078337555,0.8697753908665959,2,Medium volatility,train,-0.003232802041422348,-0.037434367134430366,0.17555562533134367,0.17304759737425784,0.0025080279570858233,-0.03947440055147733,15,0.0
2007-03-20,1410.93994140625,0.006313481911504,0.5325024282177772,0.0051014769205023,0.1908535098564088,0.8040450132230887,2,Medium volatility,train,0.02365925537748735,-0.03396116300633317,0.07712591255497177,0.1746490282870387,-0.09752311573206694,-0.032031491750415864,16,0.0
2007-03-21,1435.0400390625,0.01693664320298,1.4677813961127792,0.0122569099353468,0.0297940886478727,0.9579490014167804,2,Medium volatility,train,0.03392701841550835,-0.01561908183179897,0.11047184283571032,0.18618439369219297,-0.07571255085648265,-0.014652745676791645,17,0.0
2007-03-22,1434.5400390625,-0.0003484830473077,-0.0540269051765725,0.0071722166970715,0.0899542177695018,0.9028735655334266,2,Medium volatility,train,0.02990155540868845,-0.015109640525737867,0.11882206148570733,0.18619008269995121,-0.06736802121424389,-0.011473275736472943,18,0.0
2007-03-23,1436.1099853515625,0.0010937916027593,0.0729531066225674,0.0047389358552148,0.1905718288772475,0.8046892352675377,2,Medium volatility,train,0.03483100271266325,-0.010445809966190768,0.10109894765348577,0.1860008586089909,-0.08490191095550513,-0.009148809351854248,19,0.0
2007-03-26,1437.5,0.0009674345258661,0.0618284410714825,0.0033130494813475,0.3346187238761507,0.6620682266425018,2,Medium volatility,train,0.02496286819580165,-0.008223482200590668,0.10148137933128237,0.18604947843897796,-0.08456809910769558,0.0,20,0.0
2007-03-27,1428.6099853515625,-0.0062035603687595,-0.5695166472505169,0.0033610129371205,0.3596211161827625,0.637017870880117,2,Medium volatility,train,0.01244582591553815,0.020915618273750936,0.12226629592375937,0.1383025848218796,-0.016036288898120227,-0.006184358016304348,21,0.0
2007-03-28,1417.22998046875,-0.0079976848154936,-0.7274740400431019,0.0040402532393346,0.309704130302814,0.6862556164578514,2,Medium volatility,train,-0.012488502102935447,0.007372448505523734,0.060867233986078656,0.1406677552590265,-0.07980052127294784,-0.014100883152173949,22,0.0
2007-03-29,1422.530029296875,0.0037327485166898,0.3052908101610371,0.0027797192805674,0.4596939365512076,0.537526344168225,2,Medium volatility,train,-0.008407270538937948,0.013703002999513233,0.0725297926497618,0.14069076689931417,-0.06816097424955238,-0.01041389266304349,23,0.0
2007-06-07,1490.719970703125,-0.0177259615455289,-1.583966036146477,0.0065555283091008,0.2579423003459976,0.7355021713449015,2,Medium volatility,train,-0.02641367382228495,-0.014557567965722471,0.12296556075201653,0.11426072316955216,0.008704837582464375,-0.031484349664599676,1,0.0
2007-06-08,1507.6700439453125,0.0113062368277967,0.9720720193158456,0.0075030700436772,0.1847268967503006,0.807770033206022,2,Medium volatility,train,-0.018837500254512952,0.010803250746730029,0.15594137068886443,0.11062220949522468,0.045319161193639754,-0.0204719452345129,2,0.0
2007-06-11,1509.1199951171875,0.0009612543562846,0.0612843297218563,0.0043033738094654,0.3271987986804616,0.6684978275100729,2,Medium volatility,train,-0.01972314572647975,0.002169189640527429,0.1544283721625922,0.10563804152253646,0.04879033064005574,-0.019529916932899294,3,0.0
2007-06-12,1493.0,-0.0107391776941705,-0.9688391628825552,0.0063594281414482,0.1706449207644513,0.8229956510941003,2,Medium volatility,train,-0.02510090729798535,-0.00677540387519057,0.160568362332288,0.11200900799532915,0.04855935433695885,-0.030003022453155004,4,0.0
2007-06-13,1515.6700439453125,0.0150700958615308,1.3034477836279017,0.0110660562713328,0.0480866426681307,0.9408473010605366,2,Medium volatility,train,-0.0011275521940873508,0.009599526531174529,0.19892578405237016,0.12392331948126846,0.0750024645711017,-0.015274372682352988,5,0.0
2007-06-14,1522.969970703125,0.0048047420992167,0.3996707243830229,0.0070904460428391,0.1076360413459281,0.8852735126112328,2,Medium volatility,train,0.02140315145065825,0.005814725825817829,0.14245711119000617,0.12147011988377215,0.02098699130623402,-0.010531635313705046,6,0.0
2007-06-15,1532.9100341796875,0.006505555530853,0.5494128762036073,0.0055354626231684,0.1675291948456342,0.8269353425311974,2,Medium volatility,train,0.01660247015371455,0.013238725528359929,0.1335047306632169,0.123241659086585,0.01026307157663188,-0.0040736101771414734,7,0.0
2007-06-18,1531.050048828125,-0.001214105621254,-0.1302376079357154,0.0037924457806028,0.2910247037626545,0.7051828504567426,2,Medium volatility,train,0.01442711017617595,0.0054358956929428295,0.13613096769229008,0.12145739073364814,0.014673576958641937,-0.005282036278479008,8,0.0
2007-06-19,1533.699951171875,0.0017292784103801,0.1289023131943797,0.0025943554142881,0.4566457265680932,0.5407599180176187,2,Medium volatility,train,0.02689556628072655,0.005623119165950429,0.08761398114213433,0.12148378686570585,-0.033869805723571525,-0.0035604038175066632,9,0.0
2007-06-20,1512.8399658203125,-0.0136944283818012,-1.2290238421094488,0.0073466978310543,0.1256359830480228,0.8670173191209227,2,Medium volatility,train,-0.0018689579626054494,-0.007428534662419571,0.11374636517383177,0.130771672801581,-0.01702530762774923,-0.017113064730224004,10,0.0
2007-06-21,1522.18994140625,0.0061613924415659,0.5191122443950442,0.0054465310048935,0.1959146517374448,0.7986388172576617,2,Medium volatility,train,-0.0005123076202562492,-5.918132976797091e-05,0.11713501130978685,0.1326496843983665,-0.01551467308857965,-0.011038417671619838,11,0.0
2007-06-22,1502.56005859375,-0.0129796898274321,-1.1660971935249558,0.0089599595466287,0.0532292605455806,0.9378107799077906,2,Medium volatility,train,-0.019997552978541347,-0.003288930504244369,0.1266894148759498,0.1360665458289232,-0.009377130952973378,-0.023791885185165507,12,0.0
2007-06-25,1497.739990234375,-0.0032130603124347,-0.3062285610182507,0.0060398667318228,0.1094162291258528,0.8845439041423244,2,Medium volatility,train,-0.021996507669722047,-0.011939859451209272,0.12510026037357344,0.13486511331955842,-0.009764852945984975,-0.026923467060693262,13,0.0
2007-06-26,1492.8900146484375,-0.0032434502628655,-0.3089041375903682,0.0045553944780865,0.1859075132233567,0.8095370922985567,2,Medium volatility,train,-0.026969236342967648,-0.01675228197224187,0.11651245512766743,0.1349190265687483,-0.018406571441080863,-0.030074479558707568,14,0.0
2007-06-27,1506.3399658203125,0.0089689963237846,0.7662978786117174,0.0049832344967242,0.1972739983079292,0.7977427671953465,2,Medium volatility,train,-0.00430581163738185,-0.015735193321587872,0.1237832446426981,0.13579693422015837,-0.012013689577460268,-0.021336092428854037,15,0.0
2007-06-28,1505.7099609375,-0.0004183230074659,-0.0601757194572143,0.0033967976481395,0.337572872101301,0.6590303302505595,2,Medium volatility,train,-0.01088552708641365,-0.01640835707829637,0.11140127997186414,0.13575184020000236,-0.024350560228138224,-0.02174540443968309,16,0.0
2007-06-29,1503.3499755859375,-0.0015685867913806,-0.1614466589740579,0.0023999285528891,0.4885891407120873,0.5090109307350236,2,Medium volatility,train,0.0005255759496378492,-0.021707007129701673,0.0723525288262347,0.13474798959249087,-0.06239546076625617,-0.023278678825530696,17,0.0
2007-07-02,1519.4300537109375,0.0106393648577496,0.9133596162231596,0.0037084752149134,0.407141157322717,0.5891503674623695,2,Medium volatility,train,0.01437800111982215,-0.012914542100203468,0.09131610396246827,0.1404709571161806,-0.04915485315371233,-0.009304230237494715,18,0.0
2007-07-10,1510.1199951171875,-0.0142870247254691,-1.281196908250202,0.0036510712383666,0.4959965680198503,0.500352360741783,2,Medium volatility,train,-0.00614618524297425,0.0006624183833020322,0.10558294684363219,0.12560535631987926,-0.020022409476247074,-0.015374556174870047,1,0.0
2007-07-12,1547.699951171875,0.0188757075105625,1.6384995104779447,0.013787710345619,0.0807992159855103,0.9054130736688706,2,Medium volatility,train,0.014513239634721651,0.020912311969161233,0.16838375612346043,0.1268311590761072,0.04155259704735323,0.0,1,0.0
2007-07-13,1552.5,0.003096608437751,0.249284088607828,0.0075503345773532,0.1703165797602741,0.8221330856623726,2,Medium volatility,train,0.014311297351055751,0.019204178307695535,0.16836470738384485,0.12632995110935397,0.04203475627449088,0.0,2,0.0
2007-07-16,1549.52001953125,-0.0019213166689402,-0.1925015236021969,0.0046015784622647,0.2862093328596886,0.7091890886780466,2,Medium volatility,train,0.011469078796561151,0.010777306107902333,0.1709636757787114,0.12502670961298754,0.045936966165723875,-0.0019194721215780586,3,0.0
2007-07-17,1549.3699951171875,-9.682461363347272e-05,-0.0318705212480177,0.0028731955865778,0.4482105080083981,0.5489162964050239,2,Medium volatility,train,0.02565927890839678,0.01189458711552286,0.1167506426874215,0.1248890096407151,-0.008138366953293605,-0.0020161062047101552,4,0.0
2007-07-20,1534.0999755859375,-0.0122961537901264,-1.105917661091114,0.0043832129033052,0.3863180430240143,0.6092987440726805,2,Medium volatility,train,-0.011922660871164125,0.007793825056787659,0.08712897485424109,0.12238709227252118,-0.03525811741828008,-0.012220864994591185,1,0.0
2007-07-24,1511.0400390625,-0.0200031614596101,-1.7844541137436236,0.0181682625958017,0.0142891738630662,0.967542563541132,2,Medium volatility,train,-0.02505021221656635,0.008840882568678557,0.1544928364268143,0.13436400916895894,0.020128827257855364,-0.02706873965393397,1,0.0
2007-07-25,1518.0899658203125,0.0046547619122065,0.3864662449759227,0.0103862534301341,0.0567255157573033,0.9328882308125626,2,Medium volatility,train,-0.01832799049359065,0.016739094743750557,0.16638485866030944,0.13441299934861636,0.03197185931169308,-0.02252941974942524,2,0.0
2007-07-26,1482.6600341796875,-0.0236151483184281,-2.102458825210848,0.0443568287528053,0.0001660640123495,0.9554771072348452,2,Medium volatility,train,-0.046402232824323944,-0.01584504989846214,0.19097309626407163,0.15523638355099573,0.03573671271307591,-0.045342109786729035,3,0.0
2007-07-27,1458.949951171875,-0.0161208294826877,-1.4426478147735324,0.0504115622219223,0.0014121515632163,0.9481762862148612,2,Medium volatility,train,-0.050226908516885244,-0.03154755637368394,0.19550746216622122,0.16401767328847486,0.031489788877746366,-0.06060860196916862,4,0.0
2007-07-30,1473.9100341796875,0.0102017913107266,0.8748349883643874,0.0327025956699162,0.0165539601659202,0.9507434441641636,2,Medium volatility,train,-0.04488258603779284,-0.01977717827157674,0.21772243629574795,0.16900517756142397,0.048717258734323976,-0.05097607600069509,5,0.0
2007-07-31,1455.27001953125,-0.0127272929087878,-1.1438757922779528,0.0285029852186694,0.0085011535623396,0.962995861218991,2,Medium volatility,train,-0.037606717486970545,-0.04314383603811414,0.20359397312483354,0.16808098549913894,0.0355129876256946,-0.06297804317293842,6,0.0
2007-08-01,1465.81005859375,0.0072165668337129,0.6120113720048598,0.0166441444753251,0.036395797426741,0.9469600580979338,2,Medium volatility,train,-0.035044912565464145,-0.03950112664888135,0.21180027078107225,0.17010626257908,0.04169400820199226,-0.05619150329042333,7,0.0
2007-08-02,1472.199951171875,0.0043498168025948,0.3596184226039598,0.0094241993672341,0.093072391732974,0.8975034088997919,2,Medium volatility,train,-0.0070799474444412465,-0.035498839277330045,0.17199006019954335,0.1713538158105865,0.000636244388956847,-0.05207716741659152,8,0.0
2007-08-03,1433.06005859375,-0.0269457884166621,-2.395693348158884,0.0721580964205608,3.4555892415192725e-05,0.927807347687024,2,Medium volatility,train,-0.017904906378415648,-0.06574317841540904,0.22438926020964575,0.19090450353188784,0.03348475667775791,-0.07727863397698198,9,0.0
2007-08-06,1467.6700439453125,0.0238640801648672,2.0776832806930643,0.1775620080569517,0.0001045787823748,0.8223334131606734,2,Medium volatility,train,-0.004242617524275051,-0.042800000136096236,0.27723214383512806,0.21255205816610265,0.06468008566902542,-0.054993892475660444,10,0.0
2007-08-07,1476.7099609375,0.0061404746545443,0.51727061122019,0.0918213825686598,0.0271339643333349,0.8810446530980053,2,Medium volatility,train,0.01462515003905705,-0.022372500756082842,0.26195304664015256,0.2095716859550547,0.052381360685097855,-0.049173253971541375,11,0.0
2007-08-08,1497.489990234375,0.013973752789071,1.2069241039872844,0.0775754846902536,0.0145471423138724,0.907877372995874,2,Medium volatility,train,0.02138233599441515,-0.014103852209668845,0.2708938212508781,0.21485005726489653,0.05604376398598154,-0.03579337020196216,12,0.0
2007-08-09,1453.0899658203125,-0.0300980667075814,-2.6732246315080785,0.437823288315643,7.67401957338898e-07,0.5621759442823997,2,Medium volatility,train,-0.013065547515761045,-0.06307762642781274,0.3478142671180897,0.22517594514007172,0.122638321978018,-0.06438174019603027,13,0.0
2007-08-10,1453.6400146484375,0.0003784657249807,0.0099747492089241,0.2375395754200806,0.0290319902651557,0.7334284343147637,2,Medium volatility,train,0.014258706625881754,-0.06579576914058305,0.28992955634661804,0.22442037161101216,0.06550918473560588,-0.06402757373732304,14,0.0
2007-08-13,1452.9200439453125,-0.0004954108659971,-0.06696264952314,0.1103871585213648,0.0911859185595906,0.7984269229190445,2,Medium volatility,train,-0.010100784404982546,-0.06436986333763994,0.23746569238063034,0.224584090587642,0.012881601792988334,-0.0644911498077747,15,0.0
2007-08-14,1426.5400390625,-0.0183233954989878,-1.636565012670049,0.1571258456649978,0.0032643276248727,0.8396098267101294,2,Medium volatility,train,-0.03456465455851465,-0.08259643422299427,0.24575787097315469,0.23017543277153793,0.015582438201616755,-0.08147675623452044,16,0.0
2007-08-15,1406.699951171875,-0.0140054582495308,-1.2564073756634462,0.1359066637906794,0.0032279394564837,0.8608653967528368,2,Medium volatility,train,-0.06254386559711644,-0.09453443266175587,0.18180781418326283,0.23252141435736104,-0.050713600174098206,-0.09425142878970882,17,0.0
2007-08-16,1411.27001953125,0.003243520983883,0.2622184883356582,0.063536440941926,0.0408585453748981,0.8956050136831758,2,Medium volatility,train,-0.02920227790565205,-0.09575000569017808,0.13697302771057987,0.23195368345889575,-0.09498065574831588,-0.08452417424942438,18,0.0
2007-08-17,1445.93994140625,0.0242695665225198,2.1133829045315102,0.1742065524579325,0.0002726884725627,0.8255207590695048,2,Medium volatility,train,-0.005311177108112946,-0.05918428537753188,0.23822719910690185,0.2507750537270512,-0.012547854620149373,-0.06203416530856576,19,0.0
2007-08-20,1445.550048828125,-0.0002696828152997,-0.0470892151952045,0.0806503098925969,0.0356235237904971,0.8837261663169058,2,Medium volatility,train,-0.005085449057415548,-0.06431143702446578,0.23825857802859426,0.24938492876410534,-0.011126350735511076,-0.047783674634190754,20,0.0
2007-08-21,1447.1199951171875,0.0010854652755822,0.0722200443565541,0.0353705572462447,0.1032674210547977,0.8613620216989576,2,Medium volatility,train,0.014323411717154455,-0.043222810289273474,0.19518597799071852,0.24206358090837887,-0.046877602917660355,-0.04674951570790198,21,0.0
2007-08-22,1464.0699462890625,0.0116448208805781,1.0018814644275555,0.0271735784514232,0.0723335660803388,0.9004928554682379,2,Medium volatility,train,0.039973690847263356,-0.03623275132090187,0.14493797982245477,0.24572395116499307,-0.1007859713425383,-0.02231737384774224,22,0.0
2007-08-23,1462.5,-0.001072891793787,-0.1178049319005869,0.0127493734271686,0.1564821554480628,0.8307684711247685,2,Medium volatility,train,0.03565727806959335,-0.013690494796260774,0.15435499618882567,0.23254472074738353,-0.07818972455855785,-0.023365759011783838,23,0.0
2007-08-24,1479.3699951171875,0.0114690180502607,0.9864035209810776,0.0118624583438479,0.1093066803516157,0.8788308613045364,2,Medium volatility,train,0.022856729597334254,0.013899352736687624,0.0912076535871999,0.22903339927290361,-0.13782574568570372,-0.012100244566143337,24,0.0
2007-08-27,1466.7900390625,-0.0085399519130984,-0.7752160442785255,0.0095268583768372,0.0905986939857344,0.8998744476374283,2,Medium volatility,train,0.014586460499535554,-0.004842390487137376,0.12293212593188858,0.22840928082994344,-0.10547715489805486,-0.020500939152902187,25,0.0
2007-08-28,1432.3599853515625,-0.0237529428961655,-2.114590465398894,0.0438604240509922,0.0002290762485788,0.9559104997004289,2,Medium volatility,train,-0.010251947672212144,-0.015868040474515073,0.21112545383987535,0.23894537521537798,-0.027819921375502626,-0.04349278145933977,26,0.0
2007-08-29,1463.760009765625,0.0216850509809045,1.8858383006281367,0.0886264426602951,0.0003356228047425,0.9110379345349624,2,Medium volatility,train,-0.00021171757188574378,-0.0013995563273234736,0.2499975457946209,0.25004227189685957,-4.472610223865692e-05,-0.022524344528987994,27,0.0
2007-08-30,1457.6400146484375,-0.0041897747783128,-0.392219959671642,0.0431635223666331,0.0280748474844217,0.9287616301489452,2,Medium volatility,train,-0.0033286005564115437,-0.009939147908231076,0.25142446100241544,0.24988580555509254,0.0015386554473229008,-0.026611179938304974,28,0.0
2007-08-31,1473.989990234375,0.0111543032908532,0.9586955640665804,0.0305356252484113,0.0306170712776217,0.9388473034739668,2,Medium volatility,train,-0.003643315315819042,0.028160943799284223,0.2506657132417777,0.23329093081724803,0.017374782424529694,-0.015692926265451712,29,0.0
2007-09-04,1489.4200439453125,0.0104138090770478,0.8935013488026317,0.0213646676968706,0.0376967484727157,0.9409385838304136,2,Medium volatility,train,0.015310445674327157,0.014710672711464824,0.24978848574246332,0.22131142625921416,0.028477059483249162,-0.0053889817906558335,30,0.0
2007-09-05,1472.2900390625,-0.0115677736314108,-1.0417899853092023,0.0184244233182105,0.0190964802928563,0.9624790963889333,2,Medium volatility,train,0.027495614939081855,-0.0029975755744902754,0.18826833962416972,0.22432204812182913,-0.036053708497659404,-0.016828126622690065,31,0.0
2007-09-06,1478.550048828125,0.004242872517798,0.3502028882293402,0.0103164154539088,0.0661731720786842,0.923510412467407,2,Medium volatility,train,0.010053436475975352,-0.012728455845763278,0.13875830070553546,0.21906722638220374,-0.08030892567666828,-0.007298139407600601,32,0.0
2007-09-07,1453.550048828125,-0.0170530370794876,-1.5247207622772556,0.0188241340301767,0.0044526004888589,0.9767232654809644,2,Medium volatility,train,-0.002809825825199449,0.00031657378233052383,0.18429589946964048,0.20085405651638877,-0.01655815704674829,-0.024083196182973166,33,0.0
2007-09-10,1451.699951171875,-0.0012736238921533,-0.1354776852959508,0.0101741508758629,0.0441506745522903,0.9456751745718466,2,Medium volatility,train,-0.01523775300820595,-0.0013355158348034761,0.15973464976657006,0.20089779838142147,-0.0411631486148514,-0.025325355950978734,34,0.0
2007-09-11,1471.489990234375,0.0135402363950207,1.1687566739287512,0.0120898838504453,0.0229255029288407,0.964984613220714,2,Medium volatility,train,-0.01211132569023305,0.012700131426214324,0.17364196824523667,0.20631626363260686,-0.032674295387370184,-0.012038278780942657,35,0.0
2007-09-12,1471.56005859375,4.76161521048013e-05,-0.0191537407534906,0.00714921952332,0.079030758124232,0.913820022352448,2,Medium volatility,train,-0.0004959359067174471,0.031071143077306927,0.15774520705847206,0.1944978714747517,-0.03675266441627964,-0.011991234725331923,36,0.0
2007-09-13,1483.949951171875,0.0083843161538093,0.714821764212329,0.0064165193835218,0.104196246552166,0.8893872340643122,2,Medium volatility,train,0.003645507729293853,0.05346091748064703,0.16549237604941525,0.18721982596081072,-0.02172744991139547,-0.003672632710748136,37,0.0
2007-09-14,1484.25,0.000202175617602,-0.0055460948369578,0.0043690394785089,0.210855592984916,0.784775367536575,2,Medium volatility,train,0.020900720426383454,0.050419572114366026,0.09199876417606997,0.18739866814048245,-0.09539990396441247,-0.0034711792461297186,38,0.0
2007-09-17,1476.6500244140625,-0.0051335689917122,-0.4753130101858756,0.0038956355312025,0.2673442126529441,0.7287601518158534,2,Medium volatility,train,0.017040775326824555,0.021016436600134025,0.10576612353210031,0.17132438456544757,-0.06555826103334726,-0.008573820114185948,39,0.0
2007-09-18,1519.780029296875,0.0287895816408063,2.5113317785726976,0.0627778577206313,0.0001388772370818,0.9370832650422868,2,Medium volatility,train,0.03229012057261015,0.05007570105624003,0.19009722360987683,0.19619634249556933,-0.006099118885692506,0.0,40,0.0
2007-09-19,1529.030029296875,0.006067959764235,0.5108862920985439,0.0322276888845801,0.0293044385983514,0.9384678725170684,2,Medium volatility,train,0.03831046418474035,0.05505819554489283,0.18359785950479904,0.19649956857745976,-0.012901709072660722,0.0,41,0.0
2007-09-20,1518.75,-0.0067459384752552,-0.6172684248743001,0.0186693480780897,0.0478306236677741,0.933500028254136,2,Medium volatility,train,0.02318020955567585,0.03666743618905952,0.2045407780554763,0.1963151636377401,0.008225614417736199,-0.00672323571146749,42,0.0
2007-09-21,1525.75,0.0045984643357455,0.3815097223587161,0.010265068231277,0.1090250917726107,0.8807098399961122,2,Medium volatility,train,0.02757649827381935,0.04233879231859203,0.20162182208088397,0.1962378455374783,0.005383976543405666,-0.0021451699665985258,43,0.0
2007-09-24,1517.72998046875,-0.0052703077703659,-0.4873516962475353,0.0069215282300192,0.1515842223621357,0.841494249407845,2,Medium volatility,train,0.027439759495165653,0.025599466497965427,0.20198734921293357,0.19472634521184318,0.007261004001090393,-0.007390338065055069,44,0.0
2007-09-25,1517.2099609375,-0.0003426885186383,-0.0535167462281525,0.0043079694720113,0.2769476231312107,0.7187444073967779,2,Medium volatility,train,-0.0016925106642789478,0.03379672989242553,0.08119135165130122,0.19155720567669327,-0.11036585402539205,-0.007730435722580586,45,0.0
2007-09-26,1525.4200439453125,0.0053967146323143,0.4517888693105567,0.0033090891333672,0.3919825374981028,0.60470837336853,2,Medium volatility,train,-0.0023637557961996482,0.06294638742090532,0.0785921859044794,0.16785578653254332,-0.08926360062806392,-0.002360964325352377,46,0.0
2007-10-01,1547.0400390625,0.0132021598818248,1.138991913359304,0.0043141993474802,0.4199050398147404,0.5757807608377794,2,Medium volatility,train,0.019127668330830752,0.048370450144615225,0.08831141346887056,0.15487781012794732,-0.06656639665907677,0.0,1,0.0
2007-10-19,1500.6300048828125,-0.0259493114071025,-2.30796202567771,0.0267838250563356,0.0071240296225131,0.9660921453211512,2,Medium volatility,train,-0.03995401032374875,-0.016601069255772077,0.1542524904386765,0.12683327916365406,0.027419211275022448,-0.04122289782118749,1,1.0
2007-10-22,1506.3299560546875,0.0037911765191722,0.3104348986633696,0.0139059108970248,0.0479244827347046,0.9381696063682704,2,Medium volatility,train,-0.027746101419149252,-0.0075395849662339785,0.17111023155235303,0.1267107490849237,0.044399482467429335,-0.03758110560768457,2,1.0
2007-10-23,1519.5899658203125,0.008764339431984,0.7482795805473312,0.0102350515823931,0.0679281177330525,0.921836830684554,2,Medium volatility,train,-0.01238689500662925,0.0015674429843883222,0.19279919940193604,0.13059958236995614,0.062199617031979904,-0.029109068065731325,3,1.0
2007-10-24,1515.8800048828125,-0.0024444075023621,-0.2385552209315157,0.0063236416228323,0.1379766699080779,0.8556996884690897,2,Medium volatility,train,-0.01659114926360155,-0.006273679150288078,0.18996981008518224,0.12938825331766235,0.06058155676751989,-0.03147942290688399,4,1.0
2007-10-25,1514.4000244140625,-0.0009767946012351,-0.1093443917090654,0.0042086785036537,0.2529478056312125,0.7428435158651338,2,Medium volatility,train,-0.01681499755954355,-0.011149955820707377,0.18982272329258318,0.12848432064502077,0.06133840264756241,-0.032425006682026525,5,1.0
2007-10-26,1535.280029296875,0.013693456876032,1.182246433653628,0.0077730592272543,0.1073817973380016,0.884845143434744,2,Medium volatility,train,0.02282777072359095,0.005571500789178823,0.09561812089070709,0.1371644849000939,-0.0415463640093868,-0.019084429384569557,6,1.0
2007-10-29,1540.97998046875,0.0037057710835721,0.3029156767040101,0.0051114437510289,0.2049264653558877,0.7899620908930833,2,Medium volatility,train,0.02274236528799085,-0.003924888009073878,0.0956545119427463,0.1296180432766556,-0.03396353133390931,-0.015442637171066642,7,1.0
2007-10-30,1531.02001953125,-0.0064843722893348,-0.5942397476574569,0.0046992114240365,0.2226606908979223,0.7726400976780411,2,Medium volatility,train,0.00749365356667205,-0.010144180845032677,0.10974989350186896,0.131432949636605,-0.021683056134736048,-0.02180621943611416,8,1.0
2007-10-31,1549.3800048828125,0.011920661356755,1.026166871453184,0.0067207131047819,0.140622748482962,0.8526565384122559,2,Medium volatility,train,0.02185872242578915,0.0063387290489876225,0.1210604021192812,0.13726749960593776,-0.016207097486656566,-0.010075723914807266,9,1.0
2007-11-01,1508.43994140625,-0.026778888689809,-2.380999247223188,0.0596562955166815,5.7932950206105565e-05,0.9402857715331124,2,Medium volatility,train,-0.003943371662784752,-0.022548886376804477,0.23539187835574965,0.16591231929121875,0.0694795590645309,-0.03623300138850449,10,1.0
2007-11-02,1509.6500244140625,0.0008018866808869,0.0472533618327227,0.0274079500958737,0.0381355364182208,0.9344565134859054,2,Medium volatility,train,-0.01683494185792985,-0.03126188092539208,0.20806518755440506,0.1615515616617476,0.04651362589265745,-0.03545985952418662,11,1.0
2007-11-05,1502.1700439453125,-0.004967093437072,-0.46065625400459,0.0148770491970055,0.0730320257595551,0.9120909250434394,2,Medium volatility,train,-0.02550780637857395,-0.03300727636855798,0.2003515761237309,0.1618898530621612,0.0384617230615697,-0.0402389416262684,12,1.0
2007-11-06,1520.27001953125,0.0119772048944515,1.0311450488644929,0.0137487183998066,0.0498806229256058,0.9363706586745876,2,Medium volatility,train,-0.007046229194787651,-0.029093718133297475,0.2265164509751882,0.16537735097276268,0.061139100002425506,-0.02700848781937526,13,1.0
2007-11-07,1475.6199951171875,-0.0298097263615746,-2.6478387172951297,0.1427767517667402,2.883435779101668e-06,0.8572203647974806,2,Medium volatility,train,-0.04877661691311725,-0.05718964654557647,0.25583733054645047,0.1923070901782763,0.06353024036817417,-0.05517995326969127,14,1.0
2007-11-08,1474.77001953125,-0.0005761784748674,-0.0740735502984276,0.0654323320478755,0.035358852427308,0.8992088155248164,2,Medium volatility,train,-0.022573906698175647,-0.05259401572644427,0.21948239372876702,0.192268122325692,0.02721427140307503,-0.055724181441905274,15,1.0
2007-11-09,1453.699951171875,-0.0143900618120111,-1.2902684470616512,0.0622782771409294,0.0074889497759564,0.930232773083114,2,Medium volatility,train,-0.03776585519107365,-0.07172703664916108,0.22211824892045556,0.194407239861706,0.02771100905874957,-0.06175376822303469,16,1.0
2007-11-12,1439.1800537109375,-0.0100384525923686,-0.90714627956756,0.0411712657905209,0.013322849742119,0.94550588446736,2,Medium volatility,train,-0.04283721434637025,-0.07334875685610237,0.2214757527473533,0.1949950270581493,0.026480725689203982,-0.07112519254449134,17,1.0
2007-11-13,1481.050048828125,0.028677784387761,2.5014889816337487,0.2239280263286167,1.1121602610521732e-05,0.7760608520687727,2,Medium volatility,train,-0.02613663485306075,-0.03807610548780537,0.30802982420174674,0.2243068181575729,0.08372300604417385,-0.04410148307022699,18,1.0
2007-11-14,1470.5799560546875,-0.0070944777433501,-0.6479543419935521,0.1263549773211698,0.0163347452912539,0.8573102773875761,2,Medium volatility,train,-0.0034213862348362514,-0.04693042998576567,0.2437222602979512,0.22457630889587438,0.01914595140207681,-0.05085908465308031,19,1.0
2007-11-15,1451.1500244140625,-0.013300488548972,-1.1943407915417368,0.1046016905663971,0.0068040582704635,0.8885942511631394,2,Medium volatility,train,-0.016145696308940853,-0.05947797222944458,0.2564956623518179,0.22762952290299696,0.028866139448820965,-0.06339954056408492,20,1.0
2007-11-16,1458.739990234375,0.0052166803519844,0.4359383826924369,0.0511586513064945,0.0419031713805891,0.9069381773129164,2,Medium volatility,train,0.003461045855054649,-0.028311980470357673,0.24337628804981604,0.21306663319788005,0.030309654851935985,-0.05850082895273523,21,1.0
2007-11-19,1433.27001953125,-0.0176144820806181,-1.5741512177489696,0.0693371200077409,0.0024301651190062,0.9282327148732528,2,Medium volatility,train,-0.00411498363319485,-0.04971763907014798,0.26408493128388827,0.21925651272657332,0.04482841855731495,-0.07493964359011107,22,1.0
2007-11-20,1439.699951171875,0.0044761639989676,0.3707422182592887,0.0334822056482754,0.0375858372973827,0.9289319570543418,2,Medium volatility,train,-0.028316604021988247,-0.05400581450316438,0.14625038144034352,0.21697420686217486,-0.07072382542183134,-0.07078964060803994,23,1.0
2007-11-21,1416.77001953125,-0.0160550780643191,-1.4368589618113958,0.0404271697605879,0.0042743777286328,0.9552984525107792,2,Medium volatility,train,-0.03727720434295725,-0.06761648506512138,0.1609944834565536,0.2218276088902915,-0.060833125433737895,-0.08558906461529592,24,1.0
2007-11-23,1440.699951171875,0.0167494261229776,1.451298525096083,0.0468417989844991,0.0030878245821362,0.9500703764333644,2,Medium volatility,train,-0.007227289671007647,-0.049890264340908666,0.21124214726693033,0.23247057919431668,-0.021228431927386354,-0.07014422115196817,25,1.0
2007-11-26,1407.219970703125,-0.0235129665512978,-2.093462589996383,0.1286009677880897,4.706309782879777e-05,0.8713519691140816,2,Medium volatility,train,-0.03595693657428985,-0.08709668776823848,0.24209474612690793,0.2354463525878377,0.006648393539070235,-0.0917528519354035,26,1.0
2007-11-27,1428.22998046875,0.0148197955564901,1.2814109713703197,0.1134417140367796,0.0044292247270553,0.882129061236165,2,Medium volatility,train,-0.003522658937181646,-0.07598266329532047,0.2587446380243077,0.24325110296950944,0.015493535054798252,-0.07819258286041042,27,1.0
2007-11-28,1469.02001953125,0.0281596233998318,2.4558693152560256,0.4156416134031875,8.466738297855206e-06,0.5843499198585146,2,Medium volatility,train,0.020160800463682557,-0.041338667606153866,0.3192684841085633,0.26682068763790734,0.05244779647065595,-0.05186589803554398,28,1.0
2007-11-29,1469.719970703125,0.000476361425262,0.0185936327039832,0.2219853420832191,0.0297459202069639,0.748268737709817,2,Medium volatility,train,0.03669223995326366,-0.05278296753764687,0.28191949905229424,0.26215843076167805,0.01976106829061619,-0.033250704268779296,29,1.0
2007-11-30,1481.1400146484375,0.0077401849067433,0.6581114882958551,0.1240243703107208,0.0591410951668689,0.8168345345224101,2,Medium volatility,train,0.027682998737029355,-0.01826389394109457,0.2724056322273457,0.2489807221928132,0.02342491003453251,-0.02573885190137315,30,1.0
2007-12-03,1472.4200439453125,-0.0059047358888442,-0.5432076942478735,0.0636685815530247,0.0891128922298959,0.8472185262170794,2,Medium volatility,train,0.04529122939948295,-0.02497051651082567,0.1874718120388235,0.24947932885898302,-0.062007516820159536,-0.0314746557987714,31,1.0
2007-12-04,1462.7900390625,-0.0065617377722411,-0.6010511201875307,0.0340821119165487,0.1095390152990273,0.856378872784424,2,Medium volatility,train,0.023909696070751753,-0.026565160845994768,0.20288209418662626,0.24983955792838786,-0.0469574637417616,-0.037809060055313704,32,1.0
2007-12-05,1485.010009765625,0.0150759150455686,1.3039601132717369,0.0366609019260431,0.0310119804091775,0.9323271176647794,2,Medium volatility,train,0.010825987716488551,-0.02346645069487767,0.13127027911695788,0.25213831716385543,-0.12086803804689755,0.0,33,1.0
2007-12-06,1507.3399658203125,0.0149249725092905,1.2906709071994436,0.0365572523536546,0.0120624627876556,0.9513802848586898,2,Medium volatility,train,0.02527459880051705,0.02126824817598743,0.1522810885541856,0.23504421680122467,-0.08276312824703908,0.0,34,1.0
2007-12-07,1504.6600341796875,-0.0017795035510106,-0.1800160851407104,0.017626871357846,0.0554626018340235,0.9269105268081304,2,Medium volatility,train,0.01575491034276315,0.02006492309984423,0.15577794908804085,0.23518680855783286,-0.07940885946979201,-0.0017779211733210953,35,1.0
2007-12-10,1515.9599609375,0.0074818941071708,0.6353711809793521,0.0112193759540142,0.0906914633159247,0.898089160730061,2,Medium volatility,train,0.029141540338778152,0.04193687901902613,0.13882598288225262,0.2292481030050986,-0.09042212012284598,0.0,36,1.0
2007-12-11,1477.6500244140625,-0.0255958713704247,-2.276844637581379,0.0645617208035046,7.777348250686423e-05,0.9353605057139884,2,Medium volatility,train,0.010107406740594554,0.02637946024097003,0.24010948428749507,0.24537611358395736,-0.005266629296462294,-0.025271074111842595,37,1.0
2007-12-12,1486.5899658203125,0.0060318790254934,0.5077096900339391,0.0330486731168822,0.0293016649384833,0.9376496619446344,2,Medium volatility,train,0.001063370720519351,0.0037335548787024277,0.22147142827260347,0.22524443838014654,-0.003773010107543079,-0.019373859385457992,38,1.0
2007-12-13,1488.4100341796875,0.001223575520302,0.0843794763366472,0.015590532198512,0.0913369926868656,0.8930724751146223,2,Medium volatility,train,-0.01263802626846915,0.01205160814235453,0.1905246191018921,0.223689567157503,-0.03316494805561088,-0.01817325487988153,39,1.0
2007-12-14,1467.949951171875,-0.0138416226517117,-1.241983045219018,0.0182298987742924,0.0191444140090859,0.9626256872166216,2,Medium volatility,train,-0.02470014536917025,0.011510474039614828,0.2031166889849646,0.22412076630090377,-0.021004077315939174,-0.031669708305445354,40,1.0
2007-12-17,1445.9000244140625,-0.0151348544669955,-1.355841103499479,0.0222358667312149,0.0040789921376618,0.973685141131123,2,Medium volatility,train,-0.04731689394333655,-0.00884106077936507,0.18319842078491025,0.22979916124906263,-0.046600740464152385,-0.04621489902682585,41,1.0
2007-12-18,1454.97998046875,0.0062601594638191,0.5278078403763607,0.0130256046106132,0.0347849218900923,0.9521894734992944,2,Medium volatility,train,-0.015460863109092747,0.015033580765072128,0.15058491188057063,0.22203355568253788,-0.07144864380196725,-0.04022532391359379,42,1.0
2007-12-19,1453.0,-0.0013617568126456,-0.143237039094123,0.0075247860224438,0.0945081749012921,0.8979670390762641,2,Medium volatility,train,-0.02285449894723175,0.009195659953458928,0.13446182855216363,0.221718116954863,-0.08725628840269936,-0.04153141412690364,43,1.0
2007-12-20,1460.1199951171875,0.0048882361912445,0.4070216688029058,0.0053302068345968,0.1737015399464823,0.8209682532189209,2,Medium volatility,train,-0.01918983827628925,0.030138974209022527,0.144090030096754,0.21375958538743753,-0.06966955529068353,-0.03683472338265448,44,1.0
2007-12-21,1484.4599609375,0.0165324226656187,1.43219321698115,0.011875661467382,0.0308655885431024,0.9572587499895155,2,Medium volatility,train,0.011184207041041155,0.029921970751663626,0.16532465084139725,0.21356584634910605,-0.048241195507708806,-0.02077891290777878,45,1.0
2007-12-24,1496.449951171875,0.0080445603851142,0.6849091594835933,0.0088280102865075,0.0570886322966114,0.9340833574168812,2,Medium volatility,train,0.034363621893150856,0.06147949768807562,0.09168901376227037,0.1940169412674256,-0.10232792750515524,-0.012869739484121734,46,1.0
2007-12-26,1497.6600341796875,0.0008083090331476,0.0478187953067175,0.0055873311946045,0.1378686452168644,0.8565440235885311,2,Medium volatility,train,0.028911771462479353,0.04746801116473312,0.09970920892340193,0.18932833759987353,-0.0896191286764716,-0.012071510613311576,47,1.0
2007-12-27,1476.27001953125,-0.0143852633546597,-1.2898459837180225,0.0102634755746317,0.0235760219782045,0.9661605024471638,2,Medium volatility,train,0.015888264920465255,0.004923124410241623,0.16173818929063796,0.17281641534421768,-0.01107822605357972,-0.02618139161254951,48,1.0
2007-12-28,1478.489990234375,0.0015026405620073,0.108948778921852,0.0064345709122952,0.0809804987525855,0.9125849303351192,2,Medium volatility,train,0.012502669291228053,0.0059494035469869234,0.1613618069144797,0.17287010852743534,-0.01150830161295563,-0.02471699231419855,49,1.0
2007-12-31,1468.3599853515625,-0.0068751683110734,-0.6286460124067674,0.0058458659794746,0.0948956168916067,0.8992585171289186,2,Medium volatility,train,-0.010904921685464046,-0.008665949670829776,0.122562411409407,0.17233619922785515,-0.04977378781844814,-0.03139923006706635,50,1.0
2008-01-02,1447.1600341796875,-0.0145430830039972,-1.303740661083447,0.0104957777266938,0.0156469497501368,0.9738572725231692,2,Medium volatility,train,-0.033492565074575445,-0.017304296785982776,0.11095495499389432,0.1782807809737113,-0.06732582597981698,-0.045383736068639435,51,1.0
2008-01-03,1447.1600341796875,0.0,-0.0233459378192967,0.0065694042384097,0.0662494553170904,0.9271811404444996,2,Medium volatility,train,-0.03430087410772305,-0.010742559013741677,0.10828530916478102,0.17708040248200974,-0.06879509331722872,-0.045383736068639435,52,1.0
2008-01-04,1411.6300048828125,-0.0248579702239553,-2.2118787198340684,0.0414254848688646,9.32118505492362e-05,0.958481303280586,2,Medium volatility,train,-0.04477358097701864,-0.05067644428326558,0.15521520431527885,0.186371336888169,-0.031156132572890155,-0.06882104985818216,53,1.0
2008-01-07,1416.1800537109375,0.0032180752317447,0.2599782063570426,0.0201545581447133,0.0367756214833188,0.9430698203719676,2,Medium volatility,train,-0.04305814630728125,-0.06238334156081137,0.16130298300852697,0.17670369385742124,-0.015400710848894272,-0.06581961911768208,54,1.0
2008-01-08,1390.18994140625,-0.0185227574625868,-1.654117137356512,0.0352069328938743,0.0015269608828616,0.963266106223264,2,Medium volatility,train,-0.054705735458794646,-0.07912659547238757,0.17160996485043659,0.18443041971115998,-0.01282045486072339,-0.08296394546823738,55,1.0
2008-01-09,1409.1300048828125,0.013532109841889,1.1680412000677207,0.0305969920592045,0.0075726542861985,0.9618303536545968,2,Medium volatility,train,-0.026630542612908443,-0.07307637973766938,0.2259147247583431,0.19025424222261358,0.03566048253572951,-0.05911223326818993,56,1.0
2008-01-10,1420.3299560546875,0.0079167118971259,0.673653187874786,0.018328666521566,0.0319371240728762,0.9497342094055576,2,Medium volatility,train,-0.018713830715782545,-0.039563796470118776,0.24044698089562505,0.1763793194315441,0.06406766146408094,-0.05163393317586651,57,1.0
2008-01-11,1401.02001953125,-0.0136886513285663,-1.2285152217243525,0.0195910432599421,0.0089907565981113,0.9714182001419464,2,Medium volatility,train,-0.0075445118203935485,-0.059284326824178474,0.19766613375604533,0.17828103220733008,0.019385101548715256,-0.06452733760861162,58,1.0
2008-01-14,1416.25,0.0108119766488803,0.9285566158191996,0.015291838186921,0.0199758637336278,0.9647322980794512,2,Medium volatility,train,4.938959674205025e-05,-0.04969592569560018,0.21216829329483824,0.18411003260869988,0.02805826068613837,-0.05435815360077911,59,1.0
2008-01-15,1380.949951171875,-0.0252409005948042,-2.245592480944952,0.071473674440183,3.2460815247249284e-05,0.9284938647445696,2,Medium volatility,train,-0.006668753535475348,-0.061095203638692676,0.24369090852455585,0.1967595250154318,0.04693138350912404,-0.07792828835933918,60,1.0
2008-01-16,1373.199951171875,-0.0056278857217879,-0.5188333925309503,0.0368728127015638,0.0230600624204984,0.9400671248779378,2,Medium volatility,train,-0.02582874909915225,-0.051588234893485074,0.2132512690712901,0.1920991740778252,0.021152094993464904,-0.08310302750115317,61,1.0
2008-01-17,1333.25,-0.0295241765449123,-2.6226984854486246,0.2562558420433475,1.860794595387805e-06,0.7437422971620571,2,Medium volatility,train,-0.06326963754119044,-0.08737257090221648,0.22939864239679764,0.21037747804505857,0.01902116435173906,-0.10977794053891521,62,1.0
2008-01-18,1325.18994140625,-0.0060637693295886,-0.5572092356195142,0.1405281360705911,0.0190711969755996,0.8404006669538092,2,Medium volatility,train,-0.05564475554221275,-0.09207458341915947,0.2327501195634667,0.2101595600458965,0.02259055951757019,-0.1151597083699335,63,1.0
2008-01-22,1310.5,-0.0111470573876619,-1.0047494995786632,0.0988795734693299,0.0140703405116972,0.8870500860189728,2,Medium volatility,train,-0.07760378957875495,-0.10810987699806587,0.15826967403966202,0.20834896656950952,-0.0500792925298475,-0.12496830382617541,64,1.0
2008-01-23,1338.5999755859375,0.0212155296645759,1.844500943499532,0.1707022850648493,0.0006580557435094,0.8286396591916412,2,Medium volatility,train,-0.031147359319374845,-0.10342676999910866,0.25797353863902117,0.21508323877349586,0.04289029986552531,-0.10620571756184427,65,1.0
2008-01-24,1352.0699462890625,0.0100124382575454,0.8581640630825522,0.1064465115980956,0.0153110222030448,0.8782424661988595,2,Medium volatility,train,-0.015507035340041546,-0.10145889212667747,0.278139967890483,0.21670841532886564,0.061431552561617364,-0.09721170664099943,66,1.0
2008-01-25,1330.6099853515625,-0.0159992390082663,-1.431942808014955,0.1124283910413971,0.0025165317164503,0.8850550772421526,2,Medium volatility,train,-0.0019820978033955466,-0.11826644016809137,0.22071432009463238,0.2187532406624767,0.001961079432155677,-0.10002097130151699,67,1.0
2008-01-28,1353.9599609375,0.0173961304104812,1.508235335331184,0.1266245113523542,0.0020980895089089,0.8712773991387367,2,Medium volatility,train,0.021477801936674253,-0.08648504640295047,0.23979927904627354,0.23056075088513248,0.009238528161141069,-0.08422784741148914,68,1.0
2008-01-29,1362.300048828125,0.006140880526634,0.5173063448044534,0.0644273396417595,0.0309779588312388,0.9045947015270016,2,Medium volatility,train,0.038765739850970156,-0.08184680643832376,0.20650318852914212,0.2325872786324048,-0.02608409010326268,-0.07223020075560294,69,1.0
2008-01-30,1355.81005859375,-0.0047753787088495,-0.4437774033289361,0.0319207798209082,0.0661080630300563,0.9019711571490354,2,Medium volatility,train,0.012774831477544749,-0.07974701683609987,0.18604019942893305,0.23238409326383436,-0.04634389383490131,-0.06312361689681312,70,1.0
2008-01-31,1378.550048828125,0.0166331526297911,1.4410616332973794,0.0395175106336008,0.0119735017051177,0.9485089876612814,2,Medium volatility,train,0.019395545849790446,-0.04857078120231157,0.2033598170822702,0.23946541016084325,-0.036105593078573056,-0.047410088539691864,71,1.0
2008-02-01,1395.4200439453125,0.0121632191673803,1.0475220229520636,0.0303701199216082,0.0160573552881274,0.9535725247902644,2,Medium volatility,train,0.04755800402543705,-0.03640756203493127,0.13001462795908741,0.24466088826033752,-0.11464626030125011,-0.01753811640963232,72,1.0
2008-02-04,1380.8199462890625,-0.0105179900194496,-0.9493654700289924,0.0224749799274769,0.0156792970418578,0.9618457230306652,2,Medium volatility,train,0.019643883595506246,-0.02206758183042557,0.16166641270104715,0.23236902651334504,-0.0707026138122979,-0.02781748677284379,73,1.0
2008-02-05,1336.6400146484375,-0.0325184734153438,-2.88632084885899,0.2918478949763157,1.6929669529567389e-07,0.708151935726989,2,Medium volatility,train,-0.019015470346471552,-0.05780413047751407,0.27888320903696484,0.25571571916325975,0.023167489873705094,-0.05892288693165293,74,1.0
2008-02-06,1326.449951171875,-0.0076528493892382,-0.6971142146848472,0.1740332433412823,0.0138553804711191,0.8121113761875984,2,Medium volatility,train,-0.021892941026860253,-0.046934222404165477,0.27998517382566257,0.2500454929181681,0.029939680907494493,-0.06609732089548193,75,1.0
2008-02-07,1336.9100341796875,0.0078548426395883,0.6682061261436771,0.0964244223237204,0.038572269364099,0.8650033083121806,2,Medium volatility,train,-0.030671251017063056,-0.05261148960646617,0.25081146285185374,0.24624544776312926,0.004566015088724479,-0.05873277650688935,76,1.0
2008-02-08,1331.2900390625,-0.0042125802217771,-0.3942277849357461,0.0460912998655569,0.0814237270433107,0.8724849730911323,2,Medium volatility,train,-0.047047050406220446,-0.06474078172536918,0.2086039265601556,0.24325702357395784,-0.03465309701380223,-0.059989381067961145,77,1.0
2008-02-11,1339.1300048828125,0.0058717267068635,0.4936096409840999,0.0228320763557515,0.1450089015697215,0.8321590220745269,2,Medium volatility,train,-0.030657333679907355,-0.04518040368993937,0.2291615227021621,0.24207845272199854,-0.012916930019836431,-0.05445365939430713,78,1.0
2008-02-12,1348.8599853515625,0.0072396273807111,0.6140416569646558,0.0129850891084658,0.1988035736003888,0.7882113372911452,2,Medium volatility,train,0.00910076711614755,-0.04875275295810857,0.1024699361049739,0.23995424895369166,-0.13748431284871776,-0.03336633925804111,79,1.0
2008-02-13,1367.2099609375,0.0135123580384073,1.1663022218231514,0.0149975149307638,0.0867430370442273,0.8982594480250087,2,Medium volatility,train,0.03026597454379305,-0.009999494324897074,0.0913885755489594,0.23083654169067458,-0.13944796614171517,-0.02021619449298817,80,1.0
2008-02-14,1348.8599853515625,-0.0135123580384073,-1.2129940974617446,0.0171183656226385,0.0203541626831993,0.962527471694162,2,Medium volatility,train,0.00889877386579745,-0.017883966641516473,0.15126085700436773,0.23462412676607455,-0.08336326976170683,-0.03336633925804111,81,1.0
2008-02-15,1349.989990234375,0.0008373973796755,0.0503797767294712,0.0092015586277872,0.0754065807071332,0.9153918606650794,2,Medium volatility,train,0.01394875146725005,0.012477607283071325,0.14442220696216998,0.21018467575097666,-0.06576246878880668,-0.0325565437504336,82,1.0
2008-02-19,1348.780029296875,-0.000896675900365,-0.1022906217621662,0.0056626530270921,0.1614864842316551,0.8328508627412528,2,Medium volatility,train,0.00718034886002155,0.017644700712294924,0.14353463226917906,0.20886928758697124,-0.06533465531779217,-0.03342363817318461,83,1.0
2008-02-20,1360.030029296875,0.008306277988261,0.7079511676989354,0.0053375544933545,0.1906017646611392,0.8040606808455063,2,Medium volatility,train,0.00824699946757145,0.03709803608821782,0.14584942097535078,0.20557034063369603,-0.05972091965834525,-0.0253615495936107,84,1.0
2008-02-21,1342.530029296875,-0.0129508645274825,-1.1635593711153729,0.0088240924785737,0.0521231261477045,0.9390527813737216,2,Medium volatility,train,-0.01821622309831835,0.002931641896159425,0.13365582808132398,0.19890421546055229,-0.0652483873792283,-0.03790257627294791,85,1.0
2008-02-22,1353.1099853515625,0.0078497205291121,0.6677551678961103,0.0071239071512263,0.0824748419324834,0.9104012509162902,2,Medium volatility,train,0.0031458554692010508,0.0007689241677261253,0.12252472098332137,0.19768960726369553,-0.07516488628037415,-0.03032066135020217,86,1.0
2008-02-25,1371.800048828125,0.0137181458061128,1.184420083889263,0.0100076112228318,0.0356067708461941,0.954385617930974,2,Medium volatility,train,0.016026603895638352,0.030486308982105227,0.14823057565610395,0.19401518358942174,-0.04578460793331779,-0.016926799367455003,87,1.0
2008-02-26,1381.2900390625,0.0068940917430708,0.5836201839514885,0.0073795514189126,0.0725160231573021,0.9201044254237852,2,Medium volatility,train,0.023817371539074154,0.019984270314694824,0.14559612719726228,0.1864446267092865,-0.04084849951202421,-0.010125986755115224,88,1.0
2008-02-27,1380.02001953125,-0.0009198674497632,-0.1043324403686896,0.0049787000315252,0.1567703731310925,0.8382509268373823,2,Medium volatility,train,0.014591226101049952,0.012923522338297626,0.14606693761643186,0.18558957937122594,-0.039522641754794086,-0.011036120973668684,89,1.0
2008-02-28,1367.6800537109375,-0.0089820929904345,-0.8141428043199743,0.0058413138514729,0.114864234163063,0.879294451985464,2,Medium volatility,train,0.01855999763809795,0.008716808056712625,0.12498865839353947,0.18769670510605968,-0.06270804671252021,-0.019879311863648552,90,1.0
2008-02-29,1330.6300048828125,-0.0274633950193701,-2.441264205634692,0.0613199902100898,3.064788814773146e-05,0.9386493619017624,2,Medium volatility,train,-0.01675311791038425,-0.03537973959244858,0.22621534085684142,0.201263002677946,0.024952338178895417,-0.046430491910749105,91,1.0
2008-03-03,1331.3399658203125,0.0005334101903082,0.0236162910848653,0.0281150327120398,0.0379549991333489,0.9339299681546112,2,Medium volatility,train,-0.029937853526188846,-0.04700954856952067,0.18840843811779795,0.19504522545594724,-0.0066367873381492914,-0.0361619007084778,92,1.0
2008-03-04,1326.75,-0.0034535854252286,-0.3274047507676442,0.014345225165522,0.086011868227628,0.89964290660685,2,Medium volatility,train,-0.04028553069448825,-0.03994514397529968,0.16241556456299425,0.19283673790689723,-0.030421173343902985,-0.03948485656170886,93,1.0
2008-03-05,1333.699951171875,0.005224655309318,0.4366405098332496,0.0083493118741124,0.1581132115123944,0.8335374766134931,2,Medium volatility,train,-0.03414100793540705,-0.002202015250637873,0.17978231325038255,0.15877105628490323,0.021011256965479314,-0.034453363554930894,94,1.0
2008-03-06,1304.3399658203125,-0.0222598585247641,-1.983137089934759,0.0340341071360905,0.0008941919204457,0.9650717009434636,2,Medium volatility,train,-0.04741877346973665,-0.016809024386163773,0.20570081126606224,0.17475320974168893,0.030947601524373314,-0.05570884540253007,95,1.0
2008-03-07,1293.3699951171875,-0.0084459282050168,-0.766938056753025,0.021524929205541,0.0147792318861058,0.9636958389083532,2,Medium volatility,train,-0.02840130665538335,-0.033109795230768874,0.14976266196270932,0.17363020073888466,-0.02386753877617534,-0.06365067542583958,96,1.0
2008-03-10,1273.3699951171875,-0.015584285792662,-1.3954097078796397,0.026366956027542,0.0030598061305008,0.970573237841957,2,Medium volatility,train,-0.04451900263835355,-0.04448150080165377,0.15102338429184672,0.1800781304902225,-0.02905474619837578,-0.07812989371773016,97,1.0
2008-03-11,1320.6500244140625,0.0364571326133296,3.186394404762713,0.4978928701152211,2.101932080044133e-08,0.5021071088654581,2,Medium volatility,train,-0.0046082845997953495,-0.013896094895187672,0.3300887964299243,0.2233059134091809,0.10678288302074337,-0.04390100046590839,98,1.0
2008-03-12,1308.77001953125,-0.0090362783594617,-0.8189133650436858,0.3489632143950382,0.0080426430239958,0.6429941425809659,2,Medium volatility,train,-0.01886921826857505,-0.03017200063536047,0.3291250911497673,0.22311906093823644,0.10600603021153085,-0.05250165966625686,99,1.0
2008-03-13,1315.47998046875,0.0051138234240504,0.4268827053135993,0.1892768038748286,0.0414474556356883,0.7692757404894829,2,Medium volatility,train,0.008504463680239448,-0.038570535249717375,0.2958513016342089,0.21782410835783336,0.07802719327637556,-0.04764391020905079,100,1.0
2008-03-14,1288.1400146484375,-0.0210022743914946,-1.8724175067585904,0.3158947790638053,0.000423155185555,0.6836820657506396,2,Medium volatility,train,-0.0040518825062383496,-0.04606045160280467,0.3266918163747966,0.22428830987876958,0.10240350649602703,-0.06743697686930739,101,1.0
2008-03-17,1276.5999755859375,-0.0089990540836311,-0.8156360842678194,0.2031353203964699,0.0103876703468414,0.7864770092566886,2,Medium volatility,train,0.002533349202792551,-0.055896903066111274,0.31411659866249997,0.225133226719654,0.08898337194284597,-0.07579151410345142,102,1.0
2008-03-28,1315.219970703125,-0.0079819575314159,-0.7260893864906999,0.4071007410692064,0.0154766542624146,0.5774226046683789,2,Medium volatility,train,-0.010806530901060448,-0.03911198323861567,0.15670511002462276,0.29455941818342324,-0.13785430815880048,-0.027915963757209505,1,1.0
2008-03-31,1322.699951171875,0.0056711353928271,0.4759492824511645,0.2314568783560897,0.0520857697999852,0.716457351843925,2,Medium volatility,train,-0.02034063809344825,-0.005977452826418473,0.10738544534022493,0.2803717540834869,-0.17298630874326199,-0.02238748200735241,2,1.0
2008-04-04,1370.4000244140625,0.0007956797214259,0.0467068918621399,0.2551497323601988,0.1315087604147223,0.6133415072250789,2,Medium volatility,train,0.04109875610151255,0.049405546332633526,0.21814381755281384,0.2934278879725076,-0.07528407041969373,0.0,1,0.0
2008-04-07,1372.5400390625,0.0015603804918233,0.1140322884801574,0.1081098470259735,0.2788332179442704,0.6130569350297561,2,Medium volatility,train,0.036988001200508755,0.05941185502947363,0.2220903413410729,0.2907676339928297,-0.06867729265175679,0.0,2,0.0
2008-04-08,1365.5400390625,-0.0051130829272389,-0.473509386508224,0.0496712359697142,0.3560508509136015,0.5942779131166843,2,Medium volatility,train,-0.0033921738631238485,0.06988305789489672,0.04037875475979758,0.2845384417869434,-0.2441596870271458,-0.005100033369358936,3,0.0
2008-04-09,1354.489990234375,-0.0081249908997769,-0.7386822576205548,0.0311133929277933,0.3071706494636848,0.6617159576085219,2,Medium volatility,train,-0.009581221831489148,0.02530093438179023,0.06292358747758246,0.26023140465690187,-0.1973078171793194,-0.013150835905999414,4,0.0
2008-04-10,1360.550048828125,0.0044640731409257,0.3696777210799541,0.0126298412414586,0.4494820179860178,0.5378881407725234,2,Medium volatility,train,-0.006417940472840948,0.03880128588217763,0.07340717956129887,0.25767698390367033,-0.18426980434237145,-0.008735621470514321,5,0.0
2008-04-11,1332.8299560546875,-0.0205845974395009,-1.8356446048082409,0.0477661633194048,0.0081650482009462,0.9440687884796488,2,Medium volatility,train,-0.027798217633767747,0.013102865018626328,0.1390627368967209,0.2687883827876884,-0.1297256458909675,-0.02893182120569404,6,0.0
2008-04-14,1328.3199462890625,-0.0033895227619904,-0.3217645783264984,0.0233065733197658,0.0429833109774793,0.9337101157027548,2,Medium volatility,train,-0.03274812088758145,0.030715616648130523,0.12951374145579447,0.2575809375714487,-0.1280671961156542,-0.03221770696295434,7,0.0
2008-04-15,1334.4300537109375,0.0045893291868175,0.380705450219141,0.0122938570735571,0.1018017130214795,0.8859044299049634,2,Medium volatility,train,-0.023045708773525048,0.044303999918579126,0.14823746790359837,0.2548543022122406,-0.10661683430864222,-0.02776602814267859,8,0.0
2008-04-16,1364.7099609375,0.0224376485954636,1.9520981173504788,0.0396826898281547,0.0016076945153425,0.9587096156565028,2,Medium volatility,train,0.007516930721715449,0.025206752085033125,0.22091836113742172,0.2244851964430422,-0.0035668353056204916,-0.005704808531741046,9,0.0
2008-04-17,1365.56005859375,0.0006227205936708,0.0314793122315256,0.0188137155702535,0.0413023457086194,0.9398839387211272,2,Medium volatility,train,0.00367557817446055,0.05041646930478803,0.21966675008366293,0.2039129107394985,0.01575383934416444,-0.0050854476154427175,10,0.0
2008-04-18,1390.3299560546875,0.0179764536061535,1.5593278552131355,0.0293657969951627,0.0051656264112127,0.9654685765936244,2,Medium volatility,train,0.04223662922011495,0.044730636786799526,0.1591815003173102,0.19732774220269922,-0.03814624188538901,0.0,11,0.0
2008-04-21,1388.1700439453125,-0.0015547328014768,-0.1602269330353347,0.0146280955665762,0.0445685100222908,0.9408033944111328,2,Medium volatility,train,0.04407141918062855,0.027970661400107826,0.1525952092077245,0.19189377103514044,-0.03929856182741592,-0.001553524830540276,12,0.0
2008-04-22,1375.93994140625,-0.0088492733031717,-0.8024491609109294,0.0112977672677227,0.041856300607173,0.9468459321251044,2,Medium volatility,train,0.030632816690639345,0.016820140364227028,0.19049960807359825,0.19508419247161246,-0.004584584398014208,-0.010350071640023994,13,0.0
2008-04-23,1379.9300537109375,0.0028957208430835,0.2315976450861347,0.0068394423280099,0.1091347725685178,0.8840257851034723,2,Medium volatility,train,0.011090888938259246,0.028520266345940227,0.1398491226370317,0.19197022372682224,-0.05212110108979054,-0.007480168501340256,14,0.0
2008-04-24,1388.8199462890625,0.0064216149002849,0.5420226178644836,0.0053888094545424,0.1707848665809163,0.8238263239645411,2,Medium volatility,train,0.01688978324487335,0.04646853979516393,0.14135428727705057,0.1866819241027018,-0.04532763682565122,-0.001086080148851809,15,0.0
2008-04-25,1397.8399658203125,0.0064737365287355,0.5466114837891117,0.0044873020004403,0.2443881626997767,0.7511245352997828,2,Medium volatility,train,0.0053870661674553484,0.06092423385531533,0.09159311441685639,0.18329592308797424,-0.09170280867111785,0.0,16,0.0
2008-04-28,1396.3699951171875,-0.0010521548912096,-0.1159792240620462,0.0030654390532774,0.3902802841987767,0.6066542767479458,2,Medium volatility,train,0.005889644077722548,0.05420094357127862,0.09091830775884761,0.1835585416252824,-0.09264023386643479,-0.0010516015703287973,17,0.0
2008-04-29,1390.93994140625,-0.0038962732556067,-0.366379647762565,0.002462118257833,0.4928416030365136,0.5046962787056533,2,Medium volatility,train,0.01084264412528755,0.015037578179278224,0.06518490874780125,0.1411448210531598,-0.07595991230535856,-0.004936204846606507,18,0.0
2008-05-01,1409.3399658203125,0.0169954684034419,1.472960454517773,0.0092765436080663,0.1448205410745316,0.8459029153174019,2,Medium volatility,train,0.01466705837727485,0.028814479323768023,0.12677159971078983,0.15264104642725554,-0.02586944671646571,0.0,1,0.0
2008-05-02,1413.9000244140625,0.0032303754374387,0.2610611348159761,0.0053769056931031,0.2626899724762132,0.7319331218306836,2,Medium volatility,train,0.01142369728597805,0.03124917503978083,0.12384562614673289,0.15274379817881192,-0.028898172032079034,0.0,2,0.0
2008-05-05,1407.489990234375,-0.0045438916104298,-0.4233969338480944,0.0039577741123376,0.3405570484316291,0.6554851774560332,2,Medium volatility,train,0.00793196056675785,0.025144902937527726,0.13039864469425924,0.15419797458664852,-0.02379932989238928,-0.0045335837534509205,3,0.0
2008-05-06,1418.260009765625,0.0076228057559779,0.6477772527544683,0.0036023848194592,0.3955382022050627,0.6008594129754778,2,Medium volatility,train,0.019451039578342454,0.03788079162074453,0.12644281143955421,0.15386377909986015,-0.02742096766030594,0.0,4,0.0
2008-05-07,1392.5699462890625,-0.0182798527423706,-1.6327314434197249,0.0148377847296202,0.0191428011483457,0.966019414122034,2,Medium volatility,train,0.005024905244058051,0.027725929778150825,0.18878500732267636,0.16574775607267275,0.02303725125000361,-0.018113789643415146,5,0.0
2008-05-08,1397.6800537109375,0.0036628353266756,0.2991355486146276,0.0086369506717259,0.0685564937673059,0.9228065555609682,2,Medium volatility,train,-0.00830772783270825,0.026924691963900724,0.14600321842837338,0.16558339042893822,-0.019580172000564833,-0.014510707425282598,6,0.0
2008-05-09,1388.280029296875,-0.0067481656630263,-0.6174645098082203,0.0069091880130272,0.0850790547784832,0.9080117572084896,2,Medium volatility,train,-0.01828626893317325,0.04076112374037533,0.14286769765732457,0.14853510523691932,-0.0056674075795947465,-0.02113856434103667,7,0.0
2008-05-12,1403.5799560546875,0.0109604922924848,0.941632154640034,0.0076629190702834,0.0704986338431754,0.9218384470865412,2,Medium volatility,train,-0.0027818850302586493,0.05511113879485052,0.16946346095212095,0.15021601720831362,0.019247443743807324,-0.010350749234876555,8,0.0
2008-05-13,1403.0400390625,-0.0003847453519085,-0.057219492570284,0.0050678018281499,0.1564223448266819,0.8385098533451683,2,Medium volatility,train,-0.010789436138145049,0.050137064256124526,0.15716647126421823,0.15043652925249157,0.006729942011726664,-0.010731438945134064,9,0.0
2008-05-14,1408.6600341796875,0.0039975832806238,0.328607257862312,0.0038491534764669,0.2697555353757382,0.7263953111477948,2,Medium volatility,train,0.011487999884849352,0.03169699894128473,0.09224178268886601,0.13205963088509928,-0.03981784819623327,-0.006768840353556849,10,0.0
2008-05-15,1423.5699462890625,0.0105288411960371,0.903628948165113,0.0051552497853246,0.2212728421745436,0.7735719080401318,2,Medium volatility,train,0.018354005754210853,0.04160311954365103,0.10655601227903042,0.13555145313969805,-0.02899544086066763,0.0,11,0.0
2008-05-16,1425.3499755859375,0.0012496171021449,0.0866722160513237,0.0033194438982051,0.3743258796787831,0.6223546764230117,2,Medium volatility,train,0.026351788519382052,0.024876283039642427,0.07438889258779044,0.12256712164736366,-0.048178229059573224,0.0,12,0.0
2008-05-20,1413.4000244140625,-0.0093168565354586,-0.8436158862292398,0.0034954453661411,0.4117330783412574,0.5847714762926014,2,Medium volatility,train,0.007356827657664553,0.026861075223149733,0.10169198024064505,0.12265695466382724,-0.020964974423182195,-0.009273589104020541,1,1.0
2008-05-21,1390.7099609375,-0.0161837865360716,-1.44819064767374,0.0113609344209658,0.0469627157605121,0.941676349818522,2,Medium volatility,train,-0.012824542159030847,0.007781567843994627,0.1470512119010038,0.1365855446983325,0.01046566720267128,-0.025178247914576235,2,1.0
2008-05-22,1394.3499755859375,0.0026139593430798,0.2067909422897213,0.0067851586836154,0.1185964665902458,0.8746183747261387,2,Medium volatility,train,-0.020739424011988146,0.0039739122867895275,0.11706179183752513,0.1350937284636654,-0.018031936626140277,-0.02262677021119197,3,1.0
2008-05-23,1375.9300537109375,-0.0132984341947146,-1.1941599231281983,0.0101523714235009,0.0290124820103899,0.960835146566109,2,Medium volatility,train,-0.03528747530884765,-0.01579825843666057,0.11967409769311789,0.14072405049285328,-0.021049952799735386,-0.03553826219716982,4,1.0
2008-05-27,1385.3499755859375,0.0068228925121216,0.5773516974426262,0.007455762188488,0.0647502786233655,0.9277939591881464,2,Medium volatility,train,-0.029362225411043448,-0.00792321103332937,0.14313907458670597,0.14315569189919045,-1.6617312484479285e-05,-0.02893534354078431,5,1.0
2008-05-28,1390.8399658203125,0.00395505891648,0.3248633494045992,0.0052896209047135,0.1393671627511188,0.8553432163441677,2,Medium volatility,train,-0.016090309959104848,-7.187886124267098e-05,0.1516012709438993,0.14331403987988026,0.008287231064019046,-0.025087120654973094,6,1.0
2008-05-29,1398.260009765625,0.0053207568862037,0.4451014360280595,0.0042770190924078,0.2277490867215637,0.7679738941860285,2,Medium volatility,train,0.005414233463170452,0.00910259643304723,0.1162905290745655,0.1437230130874179,-0.027432484012852393,-0.019886021617439575,7,1.0
2008-05-30,1400.3800048828125,0.0015150183743459,0.1100385399855509,0.0030015362794347,0.3819585338869017,0.6150399298336636,2,Medium volatility,train,0.004315292494436552,-0.006377853596048772,0.11576948705719531,0.13066116354603644,-0.014891676488841127,-0.018400005544644493,8,1.0
2008-06-02,1385.6700439453125,-0.0105598229547778,-0.953048504062296,0.0052024242059425,0.2131721975476921,0.7816253782463654,2,Medium volatility,train,0.007053903734373352,-0.020168051988265275,0.09897305303345888,0.13459291446067506,-0.03561986142721618,-0.028710990794606595,9,1.0
2008-06-03,1377.6500244140625,-0.0058046421345538,-0.5343952907987629,0.0044660625346708,0.2509167252409821,0.744617212224347,2,Medium volatility,train,-0.005573630912302048,-0.021428802512389274,0.09662318444912146,0.13507999317214817,-0.0384568087230267,-0.0343326442743459,10,1.0
2008-06-04,1377.199951171875,-0.0003267497324213,-0.0521134717118844,0.0029821499837079,0.4051602335552433,0.5918576164610487,2,Medium volatility,train,-0.009855439561203348,-0.029378358000788474,0.08880940704902762,0.13138244194838075,-0.04257303489935313,-0.03464812428012676,11,1.0
2008-06-05,1404.050048828125,0.0193085352541535,1.6766063107227018,0.0142377227456568,0.0326607788987297,0.9531014983556134,2,Medium volatility,train,0.00413233880674645,0.008210029995735627,0.16142275963992803,0.1350919119223939,0.026330847717534134,-0.015827478727774458,12,1.0
2008-06-06,1360.6800537109375,-0.0313763380185383,-2.785765544669292,0.1877388300315461,6.701365425898637e-07,0.8122604998319114,2,Medium volatility,train,-0.028759017586137747,-0.026829143349478272,0.25960411267329536,0.17341899361145213,0.08618511906184323,-0.04622778922786808,13,1.0
2008-06-09,1361.760009765625,0.0007933736546297,0.0465038623011769,0.087392677116247,0.0354981717412184,0.8771091511425345,2,Medium volatility,train,-0.017405820976730244,-0.01928760403182227,0.25901551413146456,0.17241638926073705,0.08659912487072752,-0.04547079123189768,14,1.0
2008-06-10,1358.43994140625,-0.0024410485020096,-0.2382594895294738,0.0396440329298773,0.090702369657036,0.8696535974130867,2,Medium volatility,train,-0.014042227344186049,-0.03268914482631667,0.258374595695888,0.16688314723732808,0.09149144845855992,-0.047798001754606134,15,1.0
2008-06-11,1335.489990234375,-0.017038681020649,-1.5234568334405183,0.0542791614112293,0.005823063396551,0.9398977751922196,2,Medium volatility,train,-0.03075415863241375,-0.04934308049505717,0.2717310765408449,0.17505835896692323,0.09667271757392165,-0.0638848295188661,16,1.0
2008-06-12,1339.8699951171875,0.0032743322917703,0.2649311618468334,0.0256933392334462,0.0466342795472425,0.9276723812193112,2,Medium volatility,train,-0.04678836159479695,-0.050066331483910674,0.20749754910404591,0.1747394192464807,0.03275812985756521,-0.06081465374251094,17,1.0
2008-06-13,1360.030029296875,0.0149341891825907,1.2914823568663665,0.027354228892708,0.0159093298567403,0.9567364412505516,2,Medium volatility,train,-0.00047783439366794536,-0.045660983497357074,0.1635321508229844,0.17947960748870537,-0.015947456665720977,-0.04668342552588345,18,1.0
2008-06-16,1360.1400146484375,8.086652661098981e-05,-0.0162263281785518,0.013434392689537,0.066814523232113,0.91975108407835,2,Medium volatility,train,-0.0011903415216866556,-0.04682973407289098,0.16339947709379937,0.17923513705492194,-0.015835659961122572,-0.04660633100860423,19,1.0
2008-06-17,1350.9300537109375,-0.0067943624734683,-0.6215317459166378,0.0092889060187379,0.0828967935731804,0.9078143004080818,2,Medium volatility,train,-0.005543655493145356,-0.05452173916067668,0.16861259117995292,0.17945917250002036,-0.010846581320067439,-0.04419836537714972,20,1.0
2008-06-18,1337.81005859375,-0.0097592914913047,-0.8825685197731213,0.0088965977547055,0.0550601038605057,0.9360432983847888,2,Medium volatility,train,0.001735734036198944,-0.05496417411652278,0.13739702948013124,0.17967031077714843,-0.042273281297017185,-0.04717779846214276,21,1.0
2008-06-19,1342.8299560546875,0.0037453020931321,0.3063960457586334,0.0059035791816005,0.1259291110582794,0.86816730976012,2,Medium volatility,train,0.0022067038375607442,-0.03503508548731909,0.13793422954990492,0.1740344968742588,-0.03610026732435387,-0.0436025003699364,22,1.0
2008-06-20,1317.9300537109375,-0.0187169298745102,-1.6712123661716032,0.0170962685863198,0.0039495303973417,0.9789542010163385,2,Medium volatility,train,-0.03144441521954015,-0.05636597470490909,0.12459500122605725,0.1827230121414563,-0.058128010915399056,-0.06133684136763262,23,1.0
2008-06-23,1318.0,5.307143031352268e-05,-0.0186734499217279,0.0093679010876712,0.0454875768611061,0.9451445220512228,2,Medium volatility,train,-0.03147221031583762,-0.04301446907988096,0.1245234879929301,0.1788725213901605,-0.05434903339723039,-0.06128702384928919,24,1.0
2008-06-24,1314.2900390625,-0.0028188104950155,-0.2715182189447953,0.0061800964932073,0.1017066441586168,0.8921132593481759,2,Medium volatility,train,-0.02749665833738482,-0.05265617208701807,0.12626567737238126,0.1758630478206189,-0.04959737044823764,-0.06392935197754679,25,1.0
2008-06-25,1321.969970703125,0.0058264005356178,0.4896190572493573,0.0049615902712672,0.170698115347486,0.8243402943812467,2,Medium volatility,train,-0.011910966310462325,-0.050784830467880265,0.1380027094361653,0.17686265564443468,-0.03885994620826938,-0.058459510181640084,26,1.0
2008-06-26,1283.1500244140625,-0.0298050148105826,-2.6474239053170305,0.0878988451891169,9.452858789375685e-06,0.9120917019520938,2,Medium volatility,train,-0.04546128321417702,-0.08591060216466656,0.2090633716405657,0.1977164433482196,0.011346928292346098,-0.08610805897907303,27,1.0
2008-06-27,1278.3800048828125,-0.0037243561390027,-0.3512438083481817,0.0422340489686512,0.0290910390858634,0.9286749119454852,2,Medium volatility,train,-0.03046870947866952,-0.09114997667801517,0.19551268901717178,0.19660417407515499,-0.0010914850579832047,-0.08950538768201433,28,1.0
2008-06-30,1280.0,0.0012664227601932,0.0881518112568321,0.0193817726789711,0.0910679349799845,0.8895502923410443,2,Medium volatility,train,-0.029255358148789844,-0.07932373096304417,0.1975762195792935,0.19631226534231208,0.0012639542369814183,-0.08835158613588023,29,1.0
2008-07-01,1284.9100341796875,0.0038286256531536,0.3137319762862793,0.0098778830922662,0.1806135931530639,0.80950852375467,2,Medium volatility,train,-0.022607922000620746,-0.06969046317533677,0.2070020308232613,0.1979975233838347,0.009004507439426601,-0.08485453545468435,30,1.0
2008-07-02,1261.52001953125,-0.0183713449871705,-1.640786557141429,0.0230671390639318,0.0066897497603161,0.970243111175752,2,Medium volatility,train,-0.04680566752340905,-0.08773505843008596,0.20302299683747813,0.20411914492569147,-0.0010961480882133445,-0.10151349620039263,31,1.0
2008-07-03,1262.9000244140625,0.0010933244042243,0.0729119737665721,0.0118099444939653,0.0509575921244916,0.937232463381543,2,Medium volatility,train,-0.015907328308602146,-0.10595026928001516,0.12664357355244463,0.18643902137939056,-0.05979544782694593,-0.07259721584024004,32,1.0
2008-07-07,1252.31005859375,-0.0084207903501969,-0.7647248825136471,0.0094444648851618,0.0503176651799882,0.9402378699348498,2,Medium volatility,train,-0.020603762519796346,-0.08299472161167376,0.13109125536390612,0.16118657747450624,-0.03009532211060012,-0.08037389142504825,33,1.0
2008-07-08,1273.699951171875,0.0169361196263837,1.4677352996481616,0.0162747034613014,0.0087517754356643,0.9749735211030344,2,Medium volatility,train,-0.004934065653605844,-0.06685197563991976,0.18866408904211807,0.1763836649826941,0.012280424059423978,-0.06355232736749172,34,1.0
2008-07-09,1244.68994140625,-0.0230395564248073,-2.0517828562197384,0.0533312419010773,8.205897150154263e-05,0.9465866991274212,2,Medium volatility,train,-0.03180224773156674,-0.08745048356271747,0.2272870438362467,0.18900283536992268,0.03828420846632402,-0.08488102107048767,35,1.0
2008-07-10,1253.3900146484375,0.0069654363115265,0.5899014661912397,0.0287475592793951,0.0264130165081032,0.9448394242125016,2,Medium volatility,train,-0.006465466432869744,-0.06344636623054196,0.21648955520117893,0.1869688524254259,0.029520702775753027,-0.07848456691981986,36,1.0
2008-07-11,1239.489990234375,-0.0111518953520821,-1.0051754411835665,0.0226045907330399,0.017129206081533,0.960266203185427,2,Medium volatility,train,-0.018710686189176144,-0.07787259387439435,0.22353507027747557,0.18736296172384065,0.036172108553634924,-0.08870412098363822,37,1.0
2008-07-14,1228.300048828125,-0.0090688574970414,-0.8217816809182553,0.0159399000464689,0.0229003271795359,0.961159772773995,2,Medium volatility,train,-0.019358753336020645,-0.10187564055402647,0.22425542464925236,0.17496525269355984,0.04929017195569252,-0.09693117208553703,38,1.0
2008-07-15,1214.9100341796875,-0.0109611112071839,-0.9883785204520422,0.0139525543682088,0.0166747878632694,0.9693726577685216,2,Medium volatility,train,-0.04725598416958824,-0.11291761828782136,0.15217481764728763,0.17502113768196645,-0.02284632003467882,-0.1006862044097766,39,1.0
2008-07-16,1245.3599853515625,0.0247546048747127,2.156086404646158,0.0570229278780097,0.0001384907286927,0.9428385813932976,2,Medium volatility,train,0.0005381771299317537,-0.08136865093964035,0.22314891683357604,0.20404289926993902,0.01910601756363703,-0.07258549026527339,40,1.0
2008-07-17,1260.3199462890625,0.0119409813729269,1.027955875990667,0.0413945512865114,0.0105385529582113,0.9480668957552773,2,Medium volatility,train,0.005513722191332153,-0.05966837807540876,0.2328798611657178,0.21013845759241734,0.022741403573300456,-0.06144486827508988,41,1.0
2008-07-18,1260.6800537109375,0.0002856861755846,0.0018062992701497,0.0193544993513581,0.0573867996189197,0.9232587010297222,2,Medium volatility,train,0.01695130371899885,-0.06312799399295627,0.21302381911101897,0.20908087928818603,0.003942939822832947,-0.04636256371208558,42,1.0
2008-07-21,1260.0,-0.0005395795681693,-0.0708513279539216,0.0097473231326114,0.1352369321139367,0.8550157447534517,2,Medium volatility,train,0.025480581647870957,-0.04495064368661535,0.19390881435906096,0.20135067502196186,-0.007441860662900895,-0.046876988189198165,43,1.0
2008-07-22,1277.0,0.0134018560870154,1.1565734651741182,0.0118967057212777,0.0606313986643346,0.9274718956143876,2,Medium volatility,train,0.04984354894207026,-0.03160185902991348,0.14865934326028943,0.2084440641040942,-0.05978472084380476,-0.034017391998100055,44,1.0
2008-07-23,1282.18994140625,0.004055930696718,0.3337442514188075,0.0071563570707469,0.132472091581639,0.860371551347614,2,Medium volatility,train,0.029144874764075554,-0.02472711783817998,0.09232780113127688,0.20928462690828414,-0.11695682577700726,-0.030091477248697984,45,1.0
2008-07-24,1252.5400390625,-0.023395986965812,-2.0831635327782903,0.0360619016829514,0.0004041431993852,0.9635339551176632,2,Medium volatility,train,-0.006192093574663347,-0.05394950533960978,0.1926169748112782,0.22095422274249502,-0.028337247931216808,-0.02519242145840439,46,1.0
2008-07-25,1257.760009765625,0.0041588480463001,0.3428052484096817,0.0182207413177065,0.0355132884440799,0.9462659702382136,2,Medium volatility,train,-0.002318931703947846,-0.019985642482727082,0.195706892371963,0.1985639336662601,-0.0028570412942970913,-0.021129903021884,47,1.0
2008-07-28,1234.3699951171875,-0.0187716543170859,-1.676030387734723,0.0335627105719361,0.0013372367225883,0.9651000527054756,2,Medium volatility,train,-0.020551006452864447,-0.03503294066081028,0.22769100271358325,0.2077768594882373,0.01991414322534596,-0.03933352352934638,48,1.0
2008-07-29,1263.199951171875,0.0230874307944617,2.0093059115052307,0.0855514973031855,0.0001826728741514,0.914265829822663,2,Medium volatility,train,-0.010865431745418149,-0.013211932626541786,0.2696715628330347,0.2247897238350092,0.044881838998025475,-0.016896189173020715,49,1.0
2008-07-30,1284.260009765625,0.0165345392799292,1.4323795668626436,0.0899853885981726,0.0026332512192448,0.9073813601825826,2,Medium volatility,train,0.001613176837793051,-0.0005060189997661835,0.29468006012038794,0.23216429382389908,0.06251576629648886,0.0,50,1.0
2008-07-31,1267.3800048828125,-0.0132309032871615,-1.1882144012835891,0.0740659314645132,0.0042919608802637,0.921642107655223,2,Medium volatility,train,0.011778260516443552,0.004634422700242816,0.2582624646284963,0.2276840479569107,0.03057841667158559,-0.013143759639368535,51,1.0
2008-08-01,1260.31005859375,-0.0055940123576432,-0.5158511310188516,0.03806378784384,0.0281508897154422,0.9337853224407175,2,Medium volatility,train,0.0020254001125002514,-0.0020529140616246844,0.26222503512043066,0.22853912489725547,0.033685910223175186,-0.018648833561551004,52,1.0
2008-08-04,1249.010009765625,-0.0090065236049028,-0.8162937120637254,0.0247066987726281,0.0301128590648152,0.9451804421625564,2,Medium volatility,train,0.011790530824683353,-0.002638647316330584,0.2317987321923968,0.22881655995331104,0.0029821722390857563,-0.027447712871191188,53,1.0
2008-08-05,1284.8800048828125,0.0283140872375078,2.4694685419565205,0.1489936196871783,2.30137490847991e-05,0.8509833665637369,2,Medium volatility,train,0.017017187267729453,0.008739320294793514,0.256424049864613,0.24248807320223445,0.01393597666237853,0.0,54,1.0
2008-08-06,1289.18994140625,0.0033487361579265,0.2714817892200435,0.0702961022432769,0.0344303890267178,0.8952735087300052,2,Medium volatility,train,0.003831384145726754,0.03512761287752732,0.23518209709201315,0.2269893049647137,0.008192792127299453,0.0,55,1.0
2008-08-07,1266.0699462890625,-0.0180964967014887,-1.616588504047154,0.0965257986201328,0.0017011405714939,0.9017730608083732,2,Medium volatility,train,-0.0010342092686004452,0.010065679864512112,0.2512570334389194,0.23612003829413986,0.015136995144779564,-0.017933738369047658,56,1.0
2008-08-08,1296.3199462890625,0.0236118675696417,2.055478107554829,0.2187827502768551,0.0001227630101315,0.7810944867130133,2,Medium volatility,train,0.028171670658684454,0.044829442786235914,0.28576706127246887,0.2449656396105589,0.040801421661909976,0.0,57,1.0
2008-08-11,1305.3199462890625,0.0069187406968787,0.5857903146164198,0.1186498779291867,0.0240225432367463,0.857327578834067,2,Medium volatility,train,0.044096934960465954,0.060817040980156015,0.26150726757783876,0.24189035925445512,0.01961690832338364,0.0,58,1.0
2008-08-12,1289.5899658203125,-0.0121238684022477,-1.0907493985243133,0.0900707857836453,0.0121174730679296,0.8978117411484251,2,Medium volatility,train,0.0036589793207104544,0.059654283785092216,0.23421189393055133,0.24277027753905484,-0.0085583836085035,-0.012050670422580567,59,1.0
2008-08-13,1285.8299560546875,-0.0029199218388873,-0.2804202124987079,0.0420301850220273,0.0508064671956809,0.9071633477822916,2,Medium volatility,train,-0.002609678676103346,0.03197975707149221,0.23406416810827974,0.23004632100036487,0.0040178471079148625,-0.014931197741813174,60,1.0
2008-08-14,1292.9300537109375,0.0055066121473705,0.4614644104828876,0.0210466640869707,0.1062739297038336,0.8726794062091956,2,Medium volatility,train,0.020993430172755855,0.025545387845935814,0.18824266221680716,0.22746421058880995,-0.039221548372002785,-0.009491843446772341,61,1.0
2008-08-15,1298.199951171875,0.0040676498031482,0.3347760190316634,0.010488515681357,0.2006250487274763,0.7888864355911666,2,Medium volatility,train,0.0014492124062623546,0.029327351473499415,0.11221191185356069,0.22763276053782786,-0.11542084868426716,-0.005454597654336868,62,1.0
2008-08-18,1278.5999755859375,-0.0152129417489375,-1.3627160242934466,0.0169608913372562,0.0262860925602141,0.9567530161025296,2,Medium volatility,train,-0.020682470039553844,0.014653989292731217,0.13248574848354364,0.23480979889386414,-0.1023240504103205,-0.020470054701215656,63,1.0
2008-08-19,1266.68994140625,-0.0093585575662942,-0.8472873071942377,0.0130202928582953,0.0267510355129502,0.9602286716287544,2,Medium volatility,train,-0.017917159203600347,-0.008106424360578384,0.12503747829906903,0.23252953691209527,-0.10749205861302624,-0.0295942806915922,64,1.0
2008-08-20,1274.5400390625,0.0061782071568332,0.5205926370116251,0.0085507281980086,0.0665368818475035,0.9249123899544878,2,Medium volatility,train,-0.008819030207879844,-0.0059841479004631845,0.1399299705246309,0.23315765686189086,-0.09322768633725995,-0.023580354620388433,65,1.0
2008-08-21,1277.719970703125,0.00249185684366,0.1960408560864379,0.0055111482503971,0.1507271814909635,0.8437616702586394,2,Medium volatility,train,-0.011833785511590346,0.019903695909008815,0.1331820822316541,0.2175243028024497,-0.0843422205707956,-0.02114422265928162,66,1.0
2008-08-22,1292.199951171875,0.0112689376647932,0.9687881453615592,0.0068985284627604,0.1097193051866065,0.883382166350633,2,Medium volatility,train,-0.004632497649945347,0.027013785527501916,0.15652180066944474,0.22020171029719657,-0.06367990962775183,-0.01005117186363913,67,1.0
2008-08-25,1266.8399658203125,-0.0198205705279157,-1.768378535725322,0.0211889758003336,0.0020855764642761,0.9767254477353904,2,Medium volatility,train,-0.009240126428923547,0.025964869316672114,0.17885860619697966,0.22143588361875272,-0.04257727742177306,-0.029479347632851205,68,1.0
2008-08-26,1271.510009765625,0.0036795944289531,0.3006110449806222,0.0115217765601425,0.0396894741798854,0.948788749259972,2,Medium volatility,train,0.0037980255663237535,0.006557032951163517,0.17021706813994086,0.20708915767756267,-0.036872089537621805,-0.025901647040296072,69,1.0
2008-08-27,1281.6600341796875,0.0079509611276487,0.6766685412235359,0.0085643897125537,0.0676385943896483,0.9237970158977978,2,Medium volatility,train,0.005570779537139254,-0.002026545201116982,0.17340366694351012,0.20065451935830758,-0.027250852414797466,-0.018125756966051565,70,1.0
2008-08-28,1300.6800537109375,0.0147311065442297,1.2736026584232978,0.0122604347861302,0.0226035946556589,0.9651359705582108,2,Medium volatility,train,0.017810029237708955,0.02593546463027422,0.19444389677011856,0.20092189683864814,-0.006478000068529582,-0.00355460175975697,71,1.0
2008-08-29,1282.8299560546875,-0.0138187052787808,-1.2399653655176963,0.0147611823552369,0.0070444441450109,0.978194373499752,2,Medium volatility,train,-0.007277613705865044,0.01771077170913662,0.20903557713882764,0.20641590527692322,0.002619671861904427,-0.01722948484646425,72,1.0
2008-09-02,1277.5799560546875,-0.0041009116023289,-0.3843963130905831,0.0090307013003886,0.0386239874429797,0.9523453112566316,2,Medium volatility,train,0.008442045219721757,0.02261638371171052,0.15671334171005422,0.20413895647517297,-0.04742561476511875,-0.021251487279603687,73,1.0
2008-09-03,1274.97998046875,-0.0020371521529352,-0.2026998524182521,0.0059653607512483,0.0968630315941296,0.897171607654622,2,Medium volatility,train,0.002725298637833456,-0.007734855678732479,0.15725571660294954,0.17862892915917816,-0.02137321255622862,-0.023243317400126307,74,1.0
2008-09-04,1236.8299560546875,-0.0303788577228472,-2.6979458913803835,0.1022055256973677,3.5308124513223385e-06,0.897790943490181,2,Medium volatility,train,-0.035604520212662444,-0.041462449559506176,0.23527158250992972,0.2057908142309762,0.029480768278953517,-0.052469887117781,75,1.0
2008-09-05,1242.31005859375,0.0044209777845676,0.3658835416158794,0.0490054007169752,0.0330711923241939,0.9179234069588308,2,Medium volatility,train,-0.04591464897232454,-0.01894497507344988,0.192168523502224,0.198309805149366,-0.006141281647142005,-0.048271604118549916,76,1.0
2008-09-08,1267.7900390625,0.0203026610131651,1.7641306255979985,0.0843849893705401,0.0016825758512154,0.9139324347782444,2,Medium volatility,train,-0.011793282680378644,-0.022254181629926477,0.26062918110755984,0.19341620023314593,0.06721298087441391,-0.02875150060585341,77,1.0
2008-09-10,1232.0400390625,0.0061305918718019,0.5164005162842636,0.4913905177696648,0.0142309394980297,0.4943785427323054,2,Medium volatility,train,-0.03425911307170015,-0.04565294807114308,0.3451710438654128,0.22277535210222593,0.12239569176318688,-0.05277240506041625,1,1.0
2008-09-11,1249.050048828125,0.013711937637729,1.183873507483313,0.4203142591304109,0.0092010754128072,0.5704846654567818,2,Medium volatility,train,0.009831682288876056,-0.029021088594526782,0.3048977349641675,0.22950574645179936,0.07539198851236814,-0.039694623389901484,2,1.0
2008-09-12,1251.699951171875,0.0021192868823822,0.1632392408900101,0.2247269127202182,0.0508254761379818,0.7244476111418,2,Medium volatility,train,0.007529991386690657,-0.03240841385951509,0.30431354372600994,0.2285089069032726,0.07580463682273733,-0.037657302731227915,3,1.0
2008-12-26,872.7999877929688,0.0053418816207164,0.4469612891687576,0.3477697000732737,0.058236240973838,0.5939940589528881,2,Medium volatility,train,-0.014197591710338932,-0.016904888902641857,0.15335217767157108,0.500770854974069,-0.347418677302498,-0.04421910817876318,1,1.0
2008-12-29,869.4199829101562,-0.0038801175284808,-0.3649572734450415,0.1809978734118437,0.1211269380364533,0.697875188551703,2,Medium volatility,train,-0.02101030122054323,-0.030381920349929162,0.14637087461823534,0.4993988251129518,-0.35302795049471647,-0.04792046487724766,2,1.0
2008-12-30,890.6400146484375,0.0241140188632202,2.0996882565584114,0.4130695595999386,0.0006094701651662,0.5863209702348952,2,Medium volatility,train,0.02157529432901377,0.08726862015150035,0.18246192791379537,0.3771883570969431,-0.19472642918314773,-0.024682952110347434,3,1.0
2008-12-31,903.25,0.0140590481602069,1.2144336357070198,0.3512836630361194,0.0041758413724314,0.6445404955914492,2,Medium volatility,train,0.045399327473452274,0.06216400433528474,0.14954820803163588,0.357490082421943,-0.20794187439030715,-0.01087408041725113,4,1.0
2009-01-06,934.7000122070312,0.0077867374137605,0.6622100404613868,0.4765697505503562,0.0252169382839386,0.4982133111657051,2,Medium volatility,train,0.07239933224405407,0.06477963046840204,0.19849100516493134,0.3244857011615256,-0.12599469599659424,0.0,1,1.0
2009-04-28,855.1599731445312,-0.0027442976398495,-0.2649579960165709,0.4468144316353829,0.0259818090486414,0.5272037593159757,2,Medium volatility,train,0.005958071721739178,0.08238705211493662,0.16454902503604685,0.29518609719794303,-0.13063707216189618,-0.016605339060269175,1,1.0
2009-04-30,872.8099975585938,-0.000950519220745,-0.107031068012705,0.369364222331285,0.0240245941668321,0.6066111835018828,2,Medium volatility,train,0.02422528338785488,0.07335117506385622,0.19155064777483724,0.2970702205311363,-0.10551957275629906,-0.0009500676204463598,1,1.0
2009-05-01,877.52001953125,0.0053818803258085,0.4504828348357422,0.2020956163843185,0.0693695458580706,0.7285348377576109,2,Medium volatility,train,0.012949329693332082,0.05041082942835893,0.16849815938943521,0.28336771100053254,-0.11486955161109733,0.0,2,1.0
2009-05-22,887.0,-0.0014983325081701,-0.1552613670737982,0.4384149325305655,0.0223534613242535,0.539231606145181,2,Medium volatility,train,0.004655685750107181,0.02369454264250543,0.2468671462076916,0.2608709680822925,-0.014003821874600891,-0.04544620961050683,1,1.0
2009-06-05,940.0900268554688,-0.002517857488816,-0.245021867312723,0.2929786607810796,0.0408518072218503,0.6661695319970701,2,Medium volatility,train,0.022537177738810987,0.03540328111408733,0.21062138367258063,0.2658697220690385,-0.0552483383964579,-0.004921950406431619,1,0.0
2009-06-08,939.1400146484376,-0.0010110654544455,-0.1123616487514886,0.1395410412623133,0.1131822237768673,0.7472767349608193,2,Medium volatility,train,-0.003963831577057614,0.010608313280528331,0.1289481803716961,0.2535563768301255,-0.12460819645842941,-0.0059275310072860465,2,0.0
2009-06-09,942.4299926757812,0.0034970597611723,0.2845404205212092,0.0596939929409042,0.2258199910015834,0.7144860160575123,2,Medium volatility,train,-0.002448108790633614,0.035852563244454135,0.13093550317197275,0.2403059952929541,-0.10937049212098135,-0.002445114616160926,3,0.0
2009-06-10,939.1500244140624,-0.003486401379968,-0.3302939163782409,0.0252216734140316,0.3332663594728209,0.6415119671131474,2,Medium volatility,train,0.007899955580108487,0.03334549684796263,0.08684391003594143,0.24082635795481389,-0.15398244791887244,-0.005916935747502183,4,0.0
2009-06-11,944.8900146484376,0.0060932972495431,0.5131170421039146,0.0116108962249877,0.4391997913214452,0.549189312453567,2,Medium volatility,train,0.0025750326874858847,0.06670199263411823,0.058347571113599304,0.21678870027839298,-0.15844112916479366,0.0,5,0.0
2009-06-15,923.719970703125,-0.0240555912535969,-2.141236078282573,0.0464828927433655,0.0024838991208422,0.9510332081357924,2,Medium volatility,train,-0.01655561477462982,0.045219667140036036,0.1720485228758145,0.22985267867300027,-0.05780415579718576,-0.023768561680042266,1,0.0
2009-06-16,911.969970703125,-0.0128019010278865,-1.1504444023849285,0.0386912531170762,0.005044085584833,0.9562646612980908,2,Medium volatility,train,-0.03285457556368862,0.002481171115616434,0.17066501029568687,0.21187140386727393,-0.04120639357158706,-0.0361865235776595,2,0.0
2009-06-17,910.7100219726562,-0.0013825234667823,-0.1450653663043284,0.0185428370922928,0.0446776316254685,0.9367795312822386,2,Medium volatility,train,-0.03075069765050292,0.0028369936687068337,0.17308711630470802,0.2118355674073293,-0.03874845110262129,-0.037518097648120086,3,0.0
2009-06-18,918.3699951171876,0.0083758150048822,0.714073310378644,0.0123763741962649,0.0688042940943481,0.9188193317093868,2,Medium volatility,train,-0.028468179895163814,0.016357481361636034,0.18162091113033688,0.21274694421291782,-0.03112603308258094,-0.029422671720838234,4,0.0
2009-06-19,921.22998046875,0.0031093582232424,0.2504065987428146,0.0070907158870781,0.1515095164427676,0.8413997676701542,2,Medium volatility,train,-0.02675484252014112,0.03636639761521454,0.18528068087974886,0.20278058493257647,-0.017499904052827614,-0.026400102433736583,5,0.0
2009-06-22,893.0399780273438,-0.0310783643308232,-2.759531496681179,0.1299480313018021,3.242801835423525e-06,0.8700487258963625,2,Medium volatility,train,-0.033777615597367416,0.006786365792561432,0.222617172131354,0.23252041649184746,-0.009903244360493446,-0.05619264509000199,6,0.0
2009-06-23,895.0999755859375,0.0023040684995176,0.1795076901226353,0.059897605468198,0.0361612512344474,0.9039411432973544,2,Medium volatility,train,-0.018671646069963316,-0.016871773308078264,0.22260352575661796,0.2132825788596435,0.009320946896974464,-0.05401554115878482,7,0.0
2009-06-24,900.9400024414062,0.0065032488243268,0.5492097903198608,0.0308250403907771,0.077099516924194,0.8920754426850289,2,Medium volatility,train,-0.010785873778854217,0.008784900290616337,0.23222631697778257,0.20379081967729637,0.028435497300486196,-0.04784352150157023,8,0.0
2009-06-25,920.260009765625,0.021217583998248,1.8446818101007096,0.0663176170228845,0.0021681067477237,0.9315142762293918,2,Medium volatility,train,0.0020558952145115807,0.014701229122311636,0.2724200928175777,0.2101558532263418,0.062264239591235865,-0.027425213857839692,9,0.0
2009-06-26,918.9000244140624,-0.0014789203486031,-0.1535522915861648,0.0306054791878047,0.0390818613433131,0.930312659468882,2,Medium volatility,train,-0.0025323833573339177,-0.00026113711414236444,0.27168664293105116,0.20503276858782551,0.06665387434322564,-0.02886251141333085,10,0.0
2009-06-29,927.22998046875,0.0090242968412619,0.7711666186685713,0.0194412530399233,0.0568192760062433,0.9237394709538334,2,Medium volatility,train,0.03757027781475118,-0.016726784134303563,0.12278022767480153,0.18628377056177847,-0.06350354288697695,-0.02005901550729372,11,0.0
2009-06-30,919.3200073242188,-0.0085673516331663,-0.7776283565086223,0.013744385991028,0.052980446330117,0.9332751676788548,2,Medium volatility,train,0.02669885768206728,-0.027275472742218164,0.1598424950255654,0.18784192458634405,-0.027999429560778638,-0.02841865338984395,12,0.0
2009-07-01,923.3300170898438,0.0043524446236515,0.359849779890015,0.0080597206134106,0.1185957257439842,0.8733445536426051,2,Medium volatility,train,0.02454805348139198,-0.009088562367856563,0.1596367713212613,0.18310757920482457,-0.02347080788356326,-0.024180683306558426,13,0.0
2009-07-02,896.4199829101562,-0.0295776848259574,-2.627409434336302,0.1047410805840496,7.462928778457164e-06,0.8952514564871719,2,Medium volatility,train,-0.026247215342813417,-0.05008446733597966,0.21451442852766728,0.20342158523171489,0.011092843295952393,-0.05262049429438287,14,0.0
2009-07-06,898.719970703125,0.0025624621042563,0.2022570485593368,0.0482423857423844,0.0363882887055592,0.9153693255520564,2,Medium volatility,train,-0.02220583288995402,-0.04500414774290736,0.219569989648373,0.20417526128111602,0.015394728367256971,-0.05018975720688745,15,0.0
2009-07-07,881.030029296875,-0.0198797853628844,-1.7735918981335572,0.0850677597086888,0.0007921860960325,0.9141400541952786,2,Medium volatility,train,-0.05110991509410032,-0.06387286765134625,0.20655292333578562,0.21297886702087615,-0.006425943685090529,-0.06888533323700607,16,0.0
2009-07-08,879.5599975585938,-0.0016699311679353,-0.1703691690730148,0.0391136737282059,0.0359501254781944,0.9249362007935996,2,Medium volatility,train,-0.044212494628869316,-0.06903985858045386,0.21385207340897538,0.21167991445803028,0.002172158950945108,-0.07043893307651794,17,0.0
2009-07-09,882.6799926757812,0.0035409460623174,0.2884042359442748,0.0186466823151482,0.0971193309908803,0.8842339866939714,2,Medium volatility,train,-0.04502399319020342,-0.06201251113816846,0.21137626951624056,0.21305730369543868,-0.0016810341791981265,-0.06714157303515744,18,0.0
2009-07-10,879.1300048828125,-0.0040299380776831,-0.3781476981013841,0.0100832471351588,0.1587004447094089,0.8312163081554322,2,Medium volatility,train,-0.019476246441929117,-0.07213574646539467,0.1342263778012674,0.2104154899965042,-0.0761891121952368,-0.07089336989899508,19,0.0
2009-07-13,901.0499877929688,0.0246279487772271,2.1449354128760345,0.0498563103156957,0.0008295929035339,0.9493140967807704,2,Medium volatility,train,0.002589240231041682,-0.04890381853638726,0.22805964244006183,0.23165496629176105,-0.0035953238516992225,-0.028234627036699433,20,0.0
2009-07-14,905.8400268554688,0.0053019832360989,0.4434485758660164,0.0252502516832619,0.0329167204451905,0.9418330278715474,2,Medium volatility,train,0.027771008830024983,-0.019546244046691464,0.16063377893855196,0.2190729657674556,-0.058439186828903644,-0.023068660487517656,21,0.0
2009-07-15,932.6799926757812,0.0291994348751014,2.547415868745322,0.1739617189342888,1.3700056035844895e-05,0.8260245810096752,2,Medium volatility,train,0.05864037487306169,0.022455091856296436,0.20431840618007382,0.2378946083676418,-0.03357620218756799,0.0,22,0.0
2009-07-16,940.739990234375,0.0086046346917054,0.7342189369632446,0.1003665233370547,0.0191313518215927,0.8805021248413526,2,Medium volatility,train,0.06370406350244968,0.03244225001478414,0.19647132384059537,0.2390758310674584,-0.042604507226863014,0.0,23,0.0
2009-07-17,940.3800048828124,-0.0003827351332095,-0.0570425099171492,0.0447138694400122,0.0717914646618148,0.8834946658981729,2,Medium volatility,train,0.06735126644692328,0.023683699876692436,0.18158126309113246,0.23787570591052482,-0.05629444281939236,-0.00038266189946167817,24,0.0
2009-07-20,951.1300048828124,0.0113667024627313,0.977395504019041,0.0324171337091403,0.0566245184178089,0.9109583478730506,2,Medium volatility,train,0.05409002013242749,0.03194104411618134,0.1585799164218653,0.24041965512952293,-0.08183973870765762,0.0,25,0.0
2009-07-21,954.5800170898438,0.0036207145224276,0.2954271701721778,0.0155405307657477,0.1299550908614092,0.854504378372843,2,Medium volatility,train,0.052408751418756186,0.06664012296943214,0.16185293155495029,0.20890636640464375,-0.04705343484969346,0.0,26,0.0
2009-07-22,954.0700073242188,-0.0005344193762502,-0.0703970169593114,0.0076204454153333,0.2458717514087416,0.7465078031759249,2,Medium volatility,train,0.022674897167404583,0.06380163509366435,0.0757841539259635,0.2093127818519212,-0.1335286279259577,-0.0005342765996504406,27,0.0
2009-07-23,976.2899780273438,0.0230225992243129,2.003598043352609,0.0352042167011219,0.0031271475053821,0.9616686357934958,2,Medium volatility,train,0.03709286170001208,0.08032098549365044,0.14156066662268857,0.2201307604529429,-0.07857009383025432,0.0,28,0.0
2009-07-24,979.260009765625,0.0030375434434768,0.2440839183978713,0.0173353589058446,0.0425708288086879,0.9400938122854674,2,Medium volatility,train,0.04051314027669838,0.062140944938879235,0.13349714385029166,0.2110287726460242,-0.07753162879573255,0.0,29,0.0
2009-07-27,982.1799926757812,0.0029773891259701,0.2387878425454564,0.0092989360122801,0.1101240354330055,0.8805770285547142,2,Medium volatility,train,0.03212382693993718,0.06659725441345243,0.13378711209061273,0.2103707486413906,-0.07658363655077788,0.0,30,0.0
2009-07-28,979.6199951171876,-0.0026098471073492,-0.2531207705598969,0.0057239756354861,0.1959398163634136,0.7983362080011003,2,Medium volatility,train,0.02589326531016038,0.054963110464841335,0.14568894083062697,0.21025350013711372,-0.06456455930648675,-0.0026064444171982615,31,0.0
2009-07-29,975.1500244140624,-0.0045734060269344,-0.4259954271072145,0.0043636565675202,0.2655322336607827,0.730104109771697,2,Medium volatility,train,0.02185427865947618,0.05895705607107324,0.15559237336402526,0.2079870146996444,-0.052394641335619135,-0.007157515235641232,32,0.0
2009-07-30,986.75,0.0118253841881577,1.01777852739395,0.0063626336518875,0.1722326016175326,0.8214047647305799,2,Medium volatility,train,0.01065706362332098,0.06642999563557944,0.09062216140116831,0.21021791283875368,-0.11959575143758537,0.0,33,0.0
2009-07-31,987.47998046875,0.0007395090837833,0.0417615451278745,0.0039689123763511,0.309931338298246,0.6860997493254029,2,Medium volatility,train,0.00835902926362748,0.09674718954532015,0.09063888080357717,0.17337481852086334,-0.08273593771728617,0.0,34,0.0
2009-08-03,1002.6300048828124,0.0152256078272809,1.3171392890876543,0.0091848051862408,0.0903877053637879,0.9004274894499712,2,Medium volatility,train,0.02060724796493828,0.10941033526834473,0.12600026589290345,0.17678329887100003,-0.05078303297809658,0.0,35,0.0
2009-08-04,1005.6500244140624,0.0030075704221061,0.2414450488821861,0.0056594226105105,0.1852930522054529,0.8090475251840366,2,Medium volatility,train,0.026224665494393583,0.13229769105333522,0.11548540818340497,0.15133247374131997,-0.035847065557915,0.0,36,0.0
2009-08-05,1002.719970703125,-0.0029178446171664,-0.280237330799569,0.0039937722774883,0.2889393199438885,0.7070669077786231,2,Medium volatility,train,0.027880226904161583,0.13104977760410413,0.10866877059271145,0.1522520752449542,-0.04358330465224276,-0.002913591845875585,37,0.0
2009-08-06,997.0800170898438,-0.005640532654179,-0.5199468473255487,0.0036231629067363,0.3340104317006709,0.6623664053925927,2,Medium volatility,train,0.01041431006182488,0.12186829888760772,0.11448356585055411,0.15775471637109267,-0.043271150520538565,-0.008521858614990774,38,0.0
2009-08-07,1010.47998046875,0.0133497005322524,1.1519816123263342,0.0069554759742094,0.1609049313916597,0.8321395926341308,2,Medium volatility,train,0.023024501510293977,0.13924793749754324,0.13345599907947128,0.1551399934614078,-0.021683994381936522,0.0,39,0.0
2009-08-10,1007.0999755859376,-0.0033505567248806,-0.3183339502892254,0.0046967714777978,0.2505366671808824,0.7447665613413197,2,Medium volatility,train,0.004448336958132478,0.11126943199543554,0.10879728048200243,0.1448559637502653,-0.036058683268262864,-0.0033449498734694494,40,0.0
2009-08-11,994.3499755859376,-0.0127409356094299,-1.1450769159948715,0.0082221885559284,0.0751156256739565,0.916662185770115,2,Medium volatility,train,-0.011300169073403523,0.09322651314990674,0.1359219149324834,0.15811053351306234,-0.02218861858057894,-0.015962715931620797,41,0.0
2009-08-12,1005.8099975585938,0.0114592307928722,0.9855418362398148,0.0088501239706571,0.0572856917190415,0.9338641843103014,2,Medium volatility,train,0.0030769063366350765,0.07548630906767753,0.16079682049158686,0.1334025434811385,0.02739427701044836,-0.00462154916516988,42,0.0
2009-08-13,1012.72998046875,0.0068564507961443,0.5803062188307427,0.006711586489927,0.1000125703752042,0.8932758431348687,2,Medium volatility,train,0.015573889786958376,0.07373812517211642,0.15579482612865703,0.13274044097858637,0.02305438515007066,0.0,43,0.0
2009-08-14,1004.0900268554688,-0.0085679499772792,-0.7776810356169409,0.0066878206027666,0.0833083745919254,0.910003804805308,2,Medium volatility,train,-0.006343760722573224,0.06555291032804673,0.14501407079463116,0.13878552536030356,0.006228545434327604,-0.008531349698250423,44,0.0
2009-08-17,979.72998046875,-0.0245599608491735,-2.1856415299033647,0.0402909690806118,0.0001349194555424,0.9595741114638456,2,Medium volatility,train,-0.027553164846866124,0.02962624701614193,0.20884752480504154,0.16549307760608395,0.04335444719895759,-0.03258519115305114,45,0.0
2009-08-18,989.6699829101562,0.0100945333938859,0.8653918413567419,0.0265361831836207,0.0160053213837742,0.9574584954326048,2,Medium volatility,train,-0.0047176958435503225,0.03610006588760023,0.2190882929412313,0.16804358949157405,0.05104470344965725,-0.022770134195020275,46,0.0
2009-08-19,996.4600219726562,0.0068374834470192,0.5786363051179894,0.0153339072464558,0.0479546264784782,0.936711466275066,2,Medium volatility,train,-0.009339443189403319,0.043471968710869634,0.20756404440593815,0.16868478864860706,0.03887925575733109,-0.01606544568628554,47,0.0
2009-08-20,1007.3699951171876,0.010889227984113,0.9353579386178024,0.0128114381939998,0.0459711559826057,0.9412174058233944,2,Medium volatility,train,-0.005306666001434618,0.031338597470669735,0.2174512515853989,0.15440840435377964,0.06304284723161926,-0.005292610522976249,48,0.0
2009-08-21,1026.1300048828125,0.0184514797254209,1.6011498634046213,0.0235479916061057,0.0046670206984166,0.9717849876954776,2,Medium volatility,train,0.02171276370126548,0.04675253375261383,0.23722549590196956,0.16509734406679413,0.07212815183517543,0.0,49,0.0
2009-08-24,1025.5699462890625,-0.0005459459189838,-0.0714118309770491,0.0120549657401339,0.0458889064393898,0.9420561278204764,2,Medium volatility,train,0.04572677863145518,0.043229198707659934,0.09780386577675004,0.1653751009805049,-0.06757123520375485,-0.0005457969176273503,50,0.0
2009-08-25,1028.0,0.0023666638183668,0.1850186753747668,0.0070410608156071,0.1176265640937699,0.8753323750906229,2,Medium volatility,train,0.037998909055936086,0.04820570963337593,0.10599115556899127,0.1644597475170731,-0.05846859194808182,0.0,51,0.0
2009-08-26,1028.1199951171875,0.0001167199556535,-0.0130697387989589,0.0045242091693463,0.230661337701949,0.7648144531287048,2,Medium volatility,train,0.031278145564570384,0.05289583561596383,0.11649784028079854,0.16274183639171053,-0.046243996110911983,0.0,52,0.0
2009-08-27,1030.97998046875,0.0027779002715915,0.2212245462054599,0.003154225156477,0.3787894558024093,0.6180563190411136,2,Medium volatility,train,0.023166817852048882,0.04384835169939763,0.11151688051590151,0.15928461752364084,-0.04776773700773933,0.0,53,0.0
2009-08-31,1020.6199951171876,-0.0081091985403825,-0.7372918747401902,0.0030132296543029,0.4557708762588693,0.5412158940868278,2,Medium volatility,train,-0.004838222227148218,0.01778372851557343,0.06284789561063743,0.1559945439062752,-0.09314664829563778,-0.010048677518308402,1,0.0
2009-09-01,998.0399780273438,-0.022372226316806,-1.993030117978108,0.0248394555066677,0.0034387004905822,0.97172184400275,2,Medium volatility,train,-0.029577112362321016,-0.00759606822333867,0.14251845914334146,0.17518483377296473,-0.03266637462962327,-0.03195018629404389,2,0.0
2009-09-02,994.75,-0.0033018843457508,-0.3140487614204429,0.0132095534822115,0.0364786217799561,0.9503118247378324,2,Medium volatility,train,-0.03299571666372532,-0.00798010795192307,0.13676285019517526,0.17525996135955252,-0.03849711116437726,-0.035141303570489835,3,0.0
2009-09-03,1003.239990234375,0.0084985824509411,0.7248819394760112,0.0097416305040462,0.0590674656204816,0.931190903875472,2,Medium volatility,train,-0.027275034484375717,0.00615900715319703,0.15947043881575426,0.17675249782765576,-0.017282059011901496,-0.02690642957175815,4,0.0
2009-09-04,1016.4000244140624,0.013032243708162,1.124032239946501,0.0112681534497239,0.0325450481464211,0.9561867984038548,2,Medium volatility,train,-0.012252483043836214,0.005841550329106631,0.19944076971274435,0.17646053087781124,0.02298023883493311,-0.014141842063760124,5,0.0
2009-09-08,1025.3900146484375,0.0088060458298393,0.75195147403275,0.0089245549423822,0.0523896566467883,0.9386857884108296,2,Medium volatility,train,0.004662761326385585,0.01799815288382653,0.204119556155977,0.17830135576248893,0.02581820039348806,-0.005421992595599168,6,0.0
2009-09-09,1033.3699951171875,0.0077522590254428,0.6591745117185128,0.0071298701037944,0.0838856590609443,0.9089844708352612,2,Medium volatility,train,0.034787246668634385,0.03849134751869923,0.08653606947128409,0.1725511702840707,-0.0860151008127866,0.0,7,0.0
2009-09-10,1044.1400146484375,0.0103682927766577,0.8894940258143786,0.0074277956872991,0.0783356108188004,0.9142365934939004,2,Medium volatility,train,0.04845742379104288,0.03740040950248473,0.029771668361012686,0.17183139671171863,-0.14205972835070593,0.0,8,0.0
2009-09-11,1042.72998046875,-0.0013513389885906,-0.1423198383228526,0.0049988855942706,0.1627878246675844,0.8322132897381449,2,Medium volatility,train,0.03860750235151118,0.02919261971774983,0.07734750437295404,0.17117548541967406,-0.09382798104672002,-0.0013504263412050799,9,0.0
2009-09-14,1049.3399658203125,0.0063191074071058,0.5329977052427594,0.0043068208953919,0.2381746075193145,0.7575185715852935,2,Medium volatility,train,0.03189436605045499,0.044079677102134826,0.06485375748656624,0.16790475347604053,-0.10305099598947429,0.0,10,0.0
2009-09-15,1052.6300048828125,0.003130436490645,0.2522623608498191,0.003082825147603,0.3845560304096287,0.6123611444427683,2,Medium volatility,train,0.026218756711260685,0.07177007444195332,0.06415785705969539,0.13672700289642636,-0.07256914583673098,0.0,11,0.0
2009-09-16,1068.760009765625,0.0152073080624424,1.3155281504914056,0.0082783801800326,0.1203874788180963,0.871334141001871,2,Medium volatility,train,0.03367380574826029,0.07688284911050983,0.09078651533812228,0.140873787661303,-0.050087272323180734,0.0,12,0.0
2009-09-17,1065.489990234375,-0.0030643290055714,-0.2931340348823819,0.0053585590785914,0.2033073026840952,0.7913341382373134,2,Medium volatility,train,0.020241183966031185,0.06698103665791923,0.10294421740516109,0.14238018796051086,-0.03943597055534977,-0.003059638741504833,13,0.0
2009-09-18,1068.300048828125,0.0026338675941071,0.2085436944095962,0.0035553795050599,0.345622787086885,0.6508218334080551,2,Medium volatility,train,0.024226390548728886,0.058725676267913335,0.0952303088381825,0.139711359358589,-0.044481050520406504,-0.00043036877624269554,14,0.0
2009-09-21,1064.6600341796875,-0.0034131142078885,-0.3238416044174447,0.0026908588080128,0.4600024736649738,0.5373066675270133,2,Medium volatility,train,0.014494168933734586,0.03686108233460394,0.10696694885260974,0.1292012561170521,-0.022234307264442366,-0.00383619853706596,15,0.0
2009-09-23,1060.8699951171875,-0.0101195584531232,-0.9142869605433508,0.0041253543089671,0.3676569253074505,0.6282177203835824,2,Medium volatility,train,-0.007409785484208212,0.03147415457036553,0.09045616529133928,0.13668204758403796,-0.04622588229269868,-0.010068528001755062,1,0.0
2009-09-24,1050.780029296875,-0.0095565481917736,-0.864718697226868,0.0053741781846702,0.2473365704922036,0.7472892513231262,2,Medium volatility,train,-0.013902004670410412,0.021800886422938436,0.10448584066579665,0.14197607182245173,-0.03749023115665508,-0.019483795435924156,2,0.0
2009-09-25,1044.3800048828125,-0.0061093608278186,-0.5612231791377733,0.0045462081422766,0.2764269137719568,0.7190268780857666,2,Medium volatility,train,-0.02264523309233611,0.012913625323528334,0.0960615715353926,0.1439605011434621,-0.04789892960806949,-0.025455861398952617,3,0.0
2009-09-28,1062.97998046875,0.017652853549567,1.530837623479778,0.0131133200399155,0.0357615661101441,0.9511251138499404,2,Medium volatility,train,-0.0015792653348806127,0.03255678660547283,0.17172786495619696,0.1550434163078079,0.016684448648389055,-0.008099633684279128,4,0.0
2009-09-29,1060.6099853515625,-0.0022320656428957,-0.2198603268492809,0.0076818240196366,0.0912740776763342,0.9010440983040292,2,Medium volatility,train,-0.010364679566044114,0.038433919502959636,0.1628476012365951,0.15168988496217736,0.01115771627441775,-0.010311151368617932,5,0.0
2009-09-30,1057.0799560546875,-0.0033338521352126,-0.3168632532946939,0.0053293569602879,0.1604780202442895,0.8341926227954225,2,Medium volatility,train,-0.0035789732481335142,0.05747229368455303,0.15123499906597498,0.12527186746005148,0.025963131605923506,-0.013605133773753608,6,0.0
2009-10-01,1029.8499755859375,-0.0260972114932815,-2.3209833699045057,0.0478438394866406,0.0001023536116068,0.9520538069017526,2,Medium volatility,train,-0.020119636549641415,0.03467696653702233,0.22055270318812475,0.15956328765483366,0.0609894155332911,-0.03901429302227721,7,0.0
2009-10-02,1025.2099609375,-0.0045157053093634,-0.4209153698534563,0.0242787660811207,0.0272509614435262,0.948470272475353,2,Medium volatility,train,-0.018525981031186217,0.02166267877671783,0.2200247533407498,0.1589630752577908,0.06106167808295901,-0.04334403799778086,8,0.0
2009-10-05,1040.4599609375,0.014765453960325,1.276626656176325,0.0254156254535139,0.011748452960145,0.962835921586341,2,Medium volatility,train,-0.021413380620428215,0.02339588902888083,0.2062299328762793,0.1607081747797568,0.04552175809652251,-0.0291137788543826,9,0.0
2009-10-06,1054.719970703125,0.0136124155690531,1.1751114360885524,0.0235468833761559,0.0109774412086958,0.9654756754151482,2,Medium volatility,train,-0.005568899408479414,0.02820225876809463,0.2364912312284846,0.16440360520481923,0.07208762602366536,-0.015807311028006588,10,0.0
2009-10-07,1057.5799560546875,0.0027079365605269,0.2150648367104051,0.0121727564796482,0.057175791280387,0.9306514522399648,2,Medium volatility,train,0.0004728892872600853,0.023157936303178733,0.2367442936813283,0.16287090041706861,0.07387339326425968,-0.013138567900199516,11,0.0
2009-10-08,1065.47998046875,0.0074421458766931,0.6318716874710811,0.0085431342732514,0.0930617545129692,0.8983951112137794,2,Medium volatility,train,0.034012246657234686,0.020231789403214132,0.1133799879789617,0.16109083424169626,-0.04771084626273456,-0.005766804316508889,12,0.0
2009-10-09,1071.489990234375,0.0056248105435727,0.471870773614693,0.0059656616503562,0.1622587256092815,0.8317756127403623,2,Medium volatility,train,0.044152762510170786,0.02720793893537743,0.07370291423721954,0.1616087758735716,-0.08790586163635204,-0.0001586734037746229,13,0.0
2009-10-12,1076.18994140625,0.0043767775685665,0.3619920886605887,0.004232244719395,0.2724505677125885,0.7233171875680164,2,Medium volatility,train,0.033764086118412286,0.025265609096838133,0.0597389122918369,0.1609964050218703,-0.1012574927300334,0.0,14,0.0
2009-10-13,1073.18994140625,-0.0027915046308129,-0.2691141699250952,0.0030843318451666,0.3948146796558711,0.6021009884989623,2,Medium volatility,train,0.017360165918546288,0.019343667975380233,0.055461158308697966,0.16143414089895036,-0.1059729825902524,-0.0027876120046986808,15,0.0
2009-10-14,1092.02001953125,0.0173937430582586,1.508025149280018,0.0111254171378439,0.0635365293041276,0.9253380535580285,2,Medium volatility,train,0.03204597241627798,0.02153010297119643,0.10315404644029273,0.1640207581461917,-0.060866711705898954,0.0,16,0.0
2009-10-15,1096.56005859375,0.0041488503163931,0.341925033353904,0.0068392105834901,0.1361501115489969,0.857010677867513,2,Medium volatility,train,0.028752676855977988,0.028743282293160935,0.10361060226792038,0.16362432422191242,-0.060013721953992044,0.0,17,0.0
2009-10-16,1087.6800537109375,-0.0081310234683291,-0.739213373955368,0.0064836686199789,0.1187735257238985,0.8747428056561225,2,Medium volatility,train,0.014996842844076187,0.017978391230724734,0.13615783331457892,0.16683944828621203,-0.030681614971633103,-0.008098056110305896,18,0.0
2009-10-19,1097.9100341796875,0.0093613667395144,0.8008427553567181,0.0064127985412611,0.12530366590577,0.8682835355529689,2,Medium volatility,train,0.019981432015024087,0.030752872178127635,0.1422421384653325,0.16852488722975548,-0.026282748764422964,0.0,19,0.0
2009-10-20,1091.06005859375,-0.0062586491870249,-0.5743667489929389,0.0054766042649828,0.1493304215226193,0.8451929742123978,2,Medium volatility,train,0.016514287458812088,0.017940874402834935,0.1519531804034489,0.1695467439232799,-0.01759356351983099,-0.006239104637617676,20,0.0
2009-10-21,1081.4000244140625,-0.0088932339171821,-0.806319518949517,0.0060945972208235,0.1117313838598246,0.8821740189193518,2,Medium volatility,train,-0.009772689516628609,0.019167198938776036,0.11667944614701396,0.16859314783417403,-0.05191370168716007,-0.015037670894373911,21,0.0
2009-10-22,1092.9100341796875,0.0105873743585087,0.908782295109774,0.0068927326954759,0.0957371035742777,0.8973701637302464,2,Medium volatility,train,-0.003334165474513009,0.03931112148905833,0.13873233554126568,0.16716207069318312,-0.028429735151917435,-0.004554107207641822,22,0.0
2009-10-23,1079.5999755859375,-0.0122533153528996,-1.1021461011706348,0.0092163905353937,0.0326258068076481,0.9581578026569582,2,Medium volatility,train,-0.007456457359083507,0.03316716696397733,0.15176759598204034,0.17217788475897275,-0.020410288776932406,-0.016677193962828185,23,0.0
2009-10-26,1066.949951171875,-0.011786514446439,-1.0610482529851573,0.0103117738880102,0.0163555406729508,0.9733326854390388,2,Medium volatility,train,-0.02860433854503691,0.003727798967971336,0.13390725012456356,0.16778996109681515,-0.033882710972251595,-0.028199107435013637,24,0.0
2009-10-27,1063.4100341796875,-0.0033233071166751,-0.3159348541314335,0.0068530907248716,0.0555845527923697,0.9375623564827584,2,Medium volatility,train,-0.02566899647468711,0.0026365574941919364,0.13460846197590176,0.16803044609826776,-0.033421984122365994,-0.031423339732728595,25,0.0
2009-10-28,1042.6300048828125,-0.0197343861452417,-1.7607907341035314,0.0202558719030358,0.0012021662492522,0.978541961847712,2,Medium volatility,train,-0.03651014870274671,-0.013763976515837165,0.1642149100187394,0.1813456218181658,-0.017130711799426407,-0.05035023597191002,26,0.0
2009-10-29,1066.1099853515625,0.0222701243339678,1.9373490314531487,0.051577912900331,0.0002788180833125,0.9481432690163564,2,Medium volatility,train,-0.024827398727287606,0.03460335931141213,0.23137981709135086,0.17297078715710731,0.058409029934243545,-0.028964166314305206,27,0.0
2009-10-30,1036.18994140625,-0.0284660280152504,-2.5295375103351336,0.2733226945383371,1.7181781666732331e-06,0.7266755872834962,2,Medium volatility,train,-0.04104011138963841,0.010653036605525135,0.27576239304843925,0.20138218717797,0.07438020587046926,-0.056215983871166775,28,0.0
2009-11-02,1042.8800048828125,0.006435653191021,0.5432585699234252,0.1492671365674806,0.0243285369822239,0.8264043264502955,2,Medium volatility,train,-0.022817943752178403,0.0023232358362211365,0.28785429230125753,0.195953334447007,0.09190095785425054,-0.05012253061152783,29,0.0
2009-11-03,1045.4100341796875,0.002423064313306,0.1899842590883295,0.0676879539810772,0.0819948097624633,0.8503172362564594,2,Medium volatility,train,-0.017071572322197307,-0.008866115419525965,0.29139304250698755,0.1899758175220258,0.10141722498496175,-0.04781812568023924,30,0.0
2009-11-04,1046.5,0.0010420772415047,0.0684000971094424,0.0285178288858732,0.181657383793292,0.7898247873208347,2,Medium volatility,train,0.0037048910645490936,-0.010531974738548163,0.26102853913291624,0.18971489391294907,0.07131364521996716,-0.04682536144056548,31,0.0
2009-11-05,1066.6300048828125,0.0190528872206146,1.6540986764703156,0.0521081582736196,0.0127260634704171,0.935165778255963,2,Medium volatility,train,0.00048765395119589397,0.0010787666053733366,0.24813582316547733,0.19984241013296458,0.04829341303251275,-0.028490521375229227,32,0.0
2009-11-06,1069.300048828125,0.0025001243195763,0.1967687369996551,0.0242210022273495,0.0605079364956007,0.9152710612770496,2,Medium volatility,train,0.031453806286022595,-0.0020459196186230614,0.10524440628260845,0.19903566968954906,-0.0937912634069406,-0.0260585881000156,33,0.0
2009-11-09,1093.0799560546875,0.0219950849152743,1.913134150723389,0.0596511856973622,0.0012422181211759,0.9391065961814616,2,Medium volatility,train,0.04701323801027589,0.015572387728084737,0.14513765718832386,0.21288346063230174,-0.06774580344397788,-0.004399338720507129,34,0.0
2009-11-10,1093.010009765625,-6.3992141384972e-05,-0.0289799014112786,0.0273758400146014,0.0397973905800765,0.932826769405322,2,Medium volatility,train,0.044526181555584916,0.018299900217512665,0.1518686456497068,0.21251595249745336,-0.06064730684774655,-0.004463047300340639,35,0.0
2009-11-11,1098.510009765625,0.0050193577956907,0.4185658104675514,0.0143083780000422,0.0939138021614545,0.8917778198385032,2,Medium volatility,train,0.04850346210977092,0.005925514954944766,0.14335089745517793,0.20459056413022647,-0.06123966667504854,0.0,36,0.0
2009-11-12,1087.239990234375,-0.0103123590590774,-0.9312614135144324,0.012506560248457,0.0538103890524599,0.933683050699083,2,Medium volatility,train,0.01913821583007892,-0.008535694420525732,0.16623921038593326,0.20725969045801276,-0.04102048007207951,-0.010259368991689555,37,0.0
2009-11-13,1093.47998046875,0.005722887256427,0.4805055937267163,0.0079668503573015,0.1077249299960265,0.8843082196466718,2,Medium volatility,train,0.02236097876692962,0.005318216304230368,0.166201673323317,0.20631116986137554,-0.04010949653805854,-0.004578956270000822,38,0.0
2009-11-16,1109.300048828125,0.0143639765684984,1.241279987669837,0.0114630023366298,0.0376872638471402,0.9508497338162298,2,Medium volatility,train,0.01472987042015372,0.010320826133214368,0.12842157837865922,0.20978676536240384,-0.08136518698374462,0.0,39,0.0
2009-11-17,1110.3199462890625,0.0009189839116237,0.057562776714219,0.0067733777542767,0.1054738294485279,0.8877527927971953,2,Medium volatility,train,0.01571284647316239,0.017498459231862967,0.12740808928691102,0.20833094118479029,-0.08092285189787926,0.0,40,0.0
2009-11-18,1109.800048828125,-0.0004683507842679,-0.0645802395590601,0.004520480021904,0.2096788901222101,0.7858006298558858,2,Medium volatility,train,0.010225137893203793,0.025923342364777165,0.12809718797046163,0.20537172869138715,-0.07727454072092552,-0.00046824112515952976,41,0.0
2009-11-19,1094.9000244140625,-0.0135168057116663,-1.2133856772505736,0.0086525827537423,0.0486650730352779,0.9426823442109796,2,Medium volatility,train,0.007020691240614893,0.0018191622946021647,0.14427214598313198,0.2085390607700412,-0.06426691478690921,-0.013887818485596726,42,0.0
2009-11-20,1091.3800048828125,-0.0032201022062015,-0.3068485398506839,0.0059397959709769,0.1028708827981471,0.8911893212308759,2,Medium volatility,train,-0.0019222982220136083,0.010852375441300265,0.1419365227074987,0.2040962178744915,-0.062159695166992796,-0.01705809345274889,43,0.0
2009-11-23,1106.239990234375,0.0135239139343354,1.1673196201399223,0.0089259298958443,0.0455325900051946,0.9455414800989612,2,Medium volatility,train,-0.002762360856176607,0.036162803822074666,0.13757019229296386,0.20361645027645225,-0.0660462579834884,-0.0036745769256182337,44,0.0
2009-11-24,1105.6500244140625,-0.0005334495209039,-0.0703116294477781,0.0057364846407314,0.1155912608621039,0.8786722544971646,2,Medium volatility,train,-0.004214794288704209,0.03895266141784586,0.13709553759385773,0.2029582755302295,-0.06586273793637176,-0.004205924509064207,45,0.0
2009-11-25,1110.6300048828125,0.0044940068802361,0.372313132144449,0.0044032542628871,0.2078244554304031,0.7877722903067097,2,Medium volatility,train,0.0007475633757997912,0.06318105444332367,0.141334522483257,0.18703089403362907,-0.04569637155037207,0.0,46,0.0
2009-11-27,1091.489990234375,-0.0173836999679339,-1.5538328162639896,0.0131158453221543,0.011917368452076,0.9749667862257696,2,Medium volatility,train,-0.0031193308804678063,0.023527230141421964,0.1609510633261265,0.1862934502812419,-0.025342386955115398,-0.017233475202623416,47,0.0
2009-11-30,1095.6300048828125,0.0037858184300647,0.3099631645050666,0.0080003042333428,0.0561064122717516,0.9358932834949056,2,Medium volatility,train,0.003886589755798392,0.055779076586737066,0.16140264775735824,0.15186992500695884,0.009532722750399403,-0.013505847972820395,48,0.0
2009-12-01,1108.8599853515625,0.012002902588402,1.0334075121761053,0.0091206454618073,0.0402997774698877,0.950579577068305,2,Medium volatility,train,0.0023655784098649928,0.061346325984118065,0.15553074342680587,0.15474846694372865,0.0007822764830772155,-0.0015937076465323274,49,0.0
2009-12-02,1109.239990234375,0.0003426399988395,0.0068205988340902,0.0058232198212972,0.1092561138128388,0.8849206663658639,2,Medium volatility,train,0.0032416679296083926,0.059265901669651566,0.15534435773394534,0.1550247469319498,0.00031961080199555125,-0.0012515551014526949,50,0.0
2009-12-03,1099.9200439453125,-0.0084375974920334,-0.7662046083540821,0.0061212527011355,0.0922302017749717,0.9016485455238926,2,Medium volatility,train,-0.009689936442661107,0.04978622693611346,0.16081536136686622,0.15989778779229558,0.0009175735745706459,-0.009643140281114682,51,0.0
2009-12-04,1105.97998046875,0.0054943122542923,0.4603815095471155,0.0048997363298619,0.1627796440866772,0.8323206195834609,2,Medium volatility,train,0.013188075779565092,0.036227651969791164,0.10651663332176363,0.14868903499149097,-0.04217240166972734,-0.004186834853748711,52,0.0
2009-12-07,1103.25,-0.0024714329268036,-0.2409345796162842,0.0037326073988657,0.2679330410043001,0.7283343515968341,2,Medium volatility,train,0.006930824422696791,0.03125609472341126,0.11045470859799182,0.14939208953812752,-0.0389373809401357,-0.006644881599062513,53,0.0
2009-12-08,1091.93994140625,-0.0103044920695154,-0.9305687920172994,0.005674440193004,0.1497000077277709,0.8446255520792251,2,Medium volatility,train,-0.01537657023522061,-0.0010434822613784363,0.09160586259715586,0.1348147234181212,-0.04320886082096534,-0.016828343727787742,54,0.0
2009-12-09,1095.949951171875,0.0036656453959773,0.2993829513080534,0.004061749335499,0.2646665676232214,0.7312716830412795,2,Medium volatility,train,-0.012053564838082809,0.0026861552759838356,0.09990864072571912,0.13542674757557277,-0.03551810684985365,-0.013217771576850668,55,0.0
2009-12-10,1102.3499755859375,0.0058227200195837,0.4892950191270654,0.003364173314448,0.368093016558024,0.6285428101275279,2,Medium volatility,train,0.002206752673534291,0.0034895174998768354,0.09755917138215983,0.13581982843787233,-0.038260657055712494,-0.007455254459606153,56,0.0
2009-12-17,1096.0799560546875,-0.0118809135380324,-1.0693592898350397,0.0034543801249177,0.4864345569477323,0.5101110629273499,2,Medium volatility,train,-0.005704104044011309,-0.012439724437338264,0.10730846245791467,0.13020091738922426,-0.02289245493130959,-0.01618334772503227,1,0.0
2010-01-20,1138.0400390625,-0.0106543866018613,-0.9613740286230132,0.0044792463774193,0.4221250971582831,0.5733956564642977,2,Medium volatility,train,0.0016005810594411935,0.03175442828522844,0.15232177700217406,0.11501082806125132,0.03731094894092274,-0.010597829662970737,1,0.0
2010-01-21,1116.47998046875,-0.019126657272988,-1.707285377571148,0.0189523821748891,0.0146539926812823,0.9663936251438284,2,Medium volatility,train,-0.025817532546907003,0.0021787938920146376,0.17743123922169476,0.1307421886636448,0.04668905055804998,-0.029341958193652706,2,0.0
2010-01-22,1091.760009765625,-0.0223897796301084,-1.9945755378675505,0.0545307898455499,0.000139904049406,0.945329306105044,2,Medium volatility,train,-0.050630798598429005,-0.023768199237488564,0.1932107167860915,0.15131945363088908,0.04189126315520242,-0.05083328699126488,3,0.0
2010-01-25,1096.780029296875,0.004587559053796,0.3805496050672168,0.0268192823397852,0.033717303063723,0.9394634145964916,2,Medium volatility,train,-0.0351611132434248,-0.021476660870529962,0.2140107359117154,0.15218951308819553,0.06182122282351987,-0.04646892541445724,4,0.0
2010-01-26,1092.1700439453125,-0.0042120578477859,-0.3941817943502754,0.0142003555125148,0.0739655705344185,0.9118340739530666,2,Medium volatility,train,-0.05179532229894761,-0.030931126190039664,0.1560042174380453,0.1507539352800229,0.005250282158022396,-0.05047680682064681,5,0.0
2010-01-27,1097.5,0.0048682828686121,0.4052649485116793,0.0082476710563267,0.1450926462696314,0.8466596826740418,2,Medium volatility,train,-0.03627265282847421,-0.02721625860326886,0.18327701834482152,0.15213380564674525,0.031143212698076267,-0.0458429891101092,6,0.0
2010-01-28,1084.530029296875,-0.0118881255342797,-1.0699942447436177,0.0100529137573366,0.0534675398345239,0.9364795464081394,2,Medium volatility,train,-0.029034121089765906,-0.03770235004893966,0.16444044496887525,0.15643460650866986,0.008005838460205389,-0.05711896949956086,7,0.0
2010-01-29,1073.8699951171875,-0.009877799049982,-0.8930021020304479,0.0094153075396247,0.037835173760421,0.9527495186999542,2,Medium volatility,train,-0.01652214050963951,-0.047775559576156666,0.11152664279431558,0.15861350905156194,-0.047086866257246354,-0.06638671104751048,8,0.0
2010-02-01,1089.18994140625,0.0141653055463697,1.2237886945011762,0.0121787231910947,0.0173097168656551,0.9705115599432502,2,Medium volatility,train,-0.006944394017065807,-0.023509818165824765,0.15413011059747136,0.16580362396646062,-0.011673513368989252,-0.05306768220180158,9,0.0
2010-02-02,1103.3199462890625,0.0128895204452028,1.1114666709588403,0.0127613541320311,0.0157389120316191,0.9714997338363496,2,Medium volatility,train,0.010157184275922892,-0.026536379887748165,0.17516144630213779,0.16216326515986826,0.012998181142269527,-0.040783178126317265,10,0.0
2010-02-03,1097.280029296875,-0.0054893503825388,-0.5066365345943351,0.0085477673540052,0.0423756633077854,0.9490765693382092,2,Medium volatility,train,-0.0002004489752280075,-0.03513656223704677,0.17901194721690128,0.16192749983343446,0.017084447383466816,-0.046034229737514254,11,0.0
2010-02-04,1063.1099853515625,-0.0316358560498066,-2.808613899295096,0.1487390572242214,6.911919495367269e-07,0.851260251583829,2,Medium volatility,train,-0.01994817949075491,-0.06731779017467676,0.2671204637003913,0.19170293513654185,0.07541752856384942,-0.0757413705054738,12,0.0
2010-02-05,1066.18994140625,0.0028929303608267,0.2313519668653621,0.0695752053501966,0.0350954862320963,0.8953293084177069,2,Medium volatility,train,-0.007177450079946208,-0.06841807816850476,0.2652346543342911,0.1912078940491152,0.07402676028517591,-0.07306368334117963,13,0.0
2010-02-08,1056.739990234375,-0.0089028031003746,-0.8071620041132377,0.042815122545392,0.0353657657007325,0.9218191117538754,2,Medium volatility,train,-0.030245558726690505,-0.08019846434397486,0.2356463918387513,0.19066153376229117,0.04498485807646013,-0.08127938918465272,14,0.0
2010-02-09,1070.52001953125,0.0129558417735866,1.1173056996489157,0.0351462072747441,0.0229512137561144,0.9419025789691414,2,Medium volatility,train,-0.030179237398306705,-0.06898785419897266,0.23591525530908933,0.19870092393604574,0.037214331373043585,-0.0692991508576537,15,0.0
2010-02-10,1068.1300048828125,-0.0022350694280079,-0.2201247845716513,0.017014880541697,0.0713341009702396,0.9116510184880632,2,Medium volatility,train,-0.02692495644377581,-0.06179747718803676,0.23719670877271207,0.19752994301246396,0.03966676576024811,-0.07137700892866616,16,0.0
2010-02-11,1078.469970703125,0.0096338823351018,0.8248354349351397,0.0125611762173536,0.0788513536703174,0.9085874701123288,2,Medium volatility,train,0.01434478194113259,-0.060455051186295156,0.12542578268250687,0.19855646595482174,-0.07313068327231487,-0.062387532045009686,17,0.0
2010-02-12,1075.510009765625,-0.0027483661199418,-0.2653161910733174,0.0072529662311539,0.1507110188319597,0.8420360149368862,2,Medium volatility,train,0.00870348546036409,-0.06562690372765057,0.13038844706888644,0.19757285335644142,-0.06718440628755498,-0.0649608964919125,18,0.0
2010-02-16,1094.8699951171875,0.017840653536262,1.5473718144712802,0.01621920396116,0.0167791257143217,0.9670016703245184,2,Medium volatility,train,0.035446942097000694,-0.036904123890180364,0.13094426394775902,0.2083475635655485,-0.0774032996177895,-0.04812949261590438,19,0.0
2010-02-17,1099.510009765625,0.0042290045967101,0.3489819357683861,0.0093877224354901,0.0624876723221936,0.9281246052423162,2,Medium volatility,train,0.02672010492012419,-0.04509727050120716,0.12270518903375636,0.20314153328882129,-0.08043634425506492,-0.033856479538817874,20,0.0
2010-02-18,1106.75,0.0065631577337956,0.5544842600825156,0.0068241134907804,0.110027873863937,0.8831480126452824,2,Medium volatility,train,0.03551833208192769,-0.02787972616555026,0.1070330991797759,0.20290518073924088,-0.09587208155946499,-0.008714872312054256,21,0.0
2010-02-19,1109.1700439453125,0.0021842348635905,0.1689573580459742,0.0045421238077937,0.2191139084122419,0.7763439677799643,2,Medium volatility,train,0.02806868461041639,-0.006568834028971763,0.10859895166060426,0.1925712373844881,-0.08397228572388382,0.0,22,0.0
2010-02-22,1108.010009765625,-0.0010464051249199,-0.1154730060603123,0.0031902115550591,0.3593782617338096,0.6374315267111311,2,Medium volatility,train,0.029770645605438288,0.014774540476216737,0.10235205511253434,0.17513061778294942,-0.07277856267041508,-0.0010458578339902491,23,0.0
2010-02-23,1094.5999755859375,-0.0121766449451987,-1.095395924098568,0.0065342651218131,0.1358871018967468,0.85757863298144,2,Medium volatility,train,-0.0002466528760224091,-0.0019896635227779624,0.10411641334869189,0.1800244286307548,-0.07590801528206291,-0.013136009612691457,24,0.0
2010-02-24,1105.239990234375,0.0096735196971904,0.828325167425039,0.0065657116852716,0.1338898128868655,0.8595444754278627,2,Medium volatility,train,0.00519786222445789,0.011895914022198337,0.1199308292611478,0.18242166492302545,-0.062490835661877644,-0.0035432382369058324,25,0.0
2010-02-25,1102.93994140625,-0.0020832085528654,-0.2067547265757442,0.004446099780343,0.2352159463919393,0.7603379538277176,2,Medium volatility,train,-0.00344850406220311,0.004944422600720836,0.11217669801760387,0.18195459262024555,-0.06977789460264168,-0.005616904795681332,26,0.0
2010-02-26,1104.489990234375,0.001404392556858,0.1002988779806405,0.003022992899017,0.3914480553692265,0.6055289517317565,2,Medium volatility,train,-0.00422834636893561,0.018236940691858532,0.11127541378199263,0.17651478904320014,-0.06523937526120752,-0.004219419498826871,27,0.0
2010-03-01,1115.7099609375,0.0101072574236029,0.8665120839149275,0.0040891711533092,0.3441062934599407,0.65180453538675,2,Medium volatility,train,0.0069253161795871905,0.03822199716544344,0.1310439217819613,0.17465508858319803,-0.04361116680123672,0.0,28,0.0
2010-04-27,1183.7099609375,-0.0236596401787014,-2.1063759549629424,0.0221797910372052,0.0166745682833281,0.9611456406794666,2,Medium volatility,train,-0.01962527264318751,0.008901460632212081,0.16767355088498492,0.12936478393210812,0.0383087669528768,-0.027577934042642416,1,1.0
2010-04-28,1191.3599853515625,0.0064419583781809,0.5438136880071569,0.0129980297603475,0.0511580254763848,0.9358439447632676,2,Medium volatility,train,-0.012163797829305007,0.015300760547462038,0.1804008954687251,0.13099823258845306,0.049402662880272036,-0.021293410983078798,2,1.0
2010-04-29,1206.780029296875,0.0128601802812893,1.1088835191577933,0.0134245532032659,0.0305055918018737,0.9560698549948604,2,Medium volatility,train,-0.0015649381911054076,0.03143918314678434,0.20515568434643436,0.13650550568672176,0.0686501786597126,-0.008625788435932091,3,1.0
2010-04-30,1186.68994140625,-0.0167878101398661,-1.5013697868433995,0.0213266772314465,0.002821419550011,0.9758519032185424,2,Medium volatility,train,-0.02545101601419021,0.007264919001394133,0.21736838519967205,0.14861635579526397,0.06875202940440808,-0.025129869179152164,4,1.0
2010-05-03,1202.260009765625,0.0130352574532617,1.1242975745610293,0.0193987454042327,0.0092685647670648,0.9713326898287024,2,Medium volatility,train,-0.008110054205835607,0.012403447011568034,0.24646476347607285,0.1528999683415999,0.09356479513447294,-0.012339001026679064,5,1.0
2010-05-04,1173.5999755859375,-0.0241271999574177,-2.147540615393909,0.0709366949825148,4.505179237966872e-05,0.9290182532251056,2,Medium volatility,train,-0.008577613984551907,-0.013406631821198764,0.24858062698850153,0.17510322201112843,0.0734774049773731,-0.03588332401720906,6,1.0
2010-05-05,1165.8699951171875,-0.0066083418007805,-0.6051542083847375,0.0382053670728817,0.0197363840025764,0.942058248924542,2,Medium volatility,train,-0.02162791416351331,-0.014120930654717066,0.2406830217219568,0.17538892284757207,0.06529409887438473,-0.04223353126838281,7,1.0
2010-05-06,1128.1500244140625,-0.0328884406439637,-2.91889331558942,0.4142156264566348,1.1915294061434777e-07,0.5857842543904245,2,Medium volatility,train,-0.06737653508876632,-0.05037803272953577,0.25112553246948016,0.20681825683419394,0.04430727563528622,-0.07322062527740292,8,1.0
2010-05-07,1110.8800048828125,-0.0154266461809067,-1.3815308812915343,0.3967447749500823,0.0011315121217457,0.6021237129281719,2,Medium volatility,train,-0.0660153711298069,-0.07246634720727387,0.2503682159585819,0.20857549863538918,0.0417927173231927,-0.0874080095403531,9,1.0
2010-05-19,1115.050048828125,-0.005143468860016,-0.4761846093601162,0.3691423287617956,0.0210077511318573,0.6098499201063469,2,Medium volatility,train,-0.04953082830118031,-0.07836000648989545,0.1124659762804912,0.2685153453664681,-0.15604936908597689,-0.08398230317456212,1,1.0
2010-06-17,1116.0400390625,0.0012821858123892,0.0895396138877288,0.3545157505750764,0.0625033519268238,0.5829808974980997,2,Medium volatility,train,0.02651236886765489,0.0008874498656264462,0.14601353288909266,0.30011421204347544,-0.15410067915438277,0.0,1,0.0
2010-06-18,1117.510009765625,0.0013162641384552,0.0925399205531441,0.1698649696738771,0.1643665950329852,0.6657684352931377,2,Medium volatility,train,0.02345851726349309,0.041959509841847445,0.14826659309477963,0.26280619223369944,-0.11453959913891981,0.0,2,0.0
2010-06-21,1113.199951171875,-0.0038642979433989,-0.3635644935745336,0.0763649205765577,0.2614335994650664,0.6622014799583759,2,Medium volatility,train,0.021400513251850592,0.02318257931274404,0.15330277871717532,0.2592754766434429,-0.1059726979262676,-0.003856841152281021,3,0.0
2010-06-22,1095.31005859375,-0.0162012250869896,-1.4497259637116562,0.1067545544211281,0.0247251030312342,0.8685203425476377,2,Medium volatility,train,-0.018023162433639307,0.01997340054944204,0.10436964463573845,0.26170875754252454,-0.1573391129067861,-0.019865550176620728,4,0.0
2010-06-23,1092.0400390625,-0.0029899392610692,-0.2865846508006569,0.0494696798339879,0.0703592263038226,0.8801710938621894,2,Medium volatility,train,-0.02045701234061331,0.01662958652372054,0.10190170703763253,0.2620680151215046,-0.1601663080838721,-0.022791715940393975,5,0.0
2010-06-24,1073.68994140625,-0.0169462832049509,-1.515321991905992,0.0641750112241598,0.0048212470658531,0.931003741709987,2,Medium volatility,train,-0.03868548135795341,0.005360382012420641,0.11793124816598001,0.2684177721084907,-0.15048652394251072,-0.039212237900728364,6,0.0
2010-06-25,1076.760009765625,0.002855281931545,0.2280373429869023,0.0298637984212036,0.0455268500884427,0.9246093514903536,2,Medium volatility,train,-0.03714646356486361,-0.02413164782471066,0.12412797900138232,0.24211167210943435,-0.11798369310805203,-0.036464997757421846,7,0.0
2010-06-28,1074.5699462890625,-0.0020360096106539,-0.2025992612913445,0.0144301376584812,0.108079220075314,0.8774906422662047,2,Medium volatility,train,-0.03531817523211861,-0.01371576508995946,0.12727736817412671,0.23867346459134758,-0.11139609641722087,-0.03842476854911425,8,0.0
2010-06-29,1041.239990234375,-0.0315082303422089,-2.797377541604224,0.2026587807078579,1.5617221483318123e-06,0.7973396575699937,2,Medium volatility,train,-0.05062518048733791,-0.02790964210756966,0.19936271327392757,0.2555863306288335,-0.05622361735490594,-0.06824996542737549,9,0.0
2010-06-30,1030.7099609375,-0.0101644539733349,-0.918239629118608,0.1336313602827535,0.0083851242932133,0.8579835154240331,2,Medium volatility,train,-0.05779969519960361,-0.06358852418924646,0.19147028767262567,0.23741748778981525,-0.045947200117189585,-0.07767272603341557,10,0.0
2010-07-01,1027.3699951171875,-0.0032457133092442,-0.309103379569596,0.0633264448141176,0.043175249664397,0.8934983055214853,2,Medium volatility,train,-0.04409912530389691,-0.07087742948193336,0.19180856659119327,0.23595837313661386,-0.044149806545420583,-0.08066148299409193,11,0.0
2010-07-02,1022.5800170898438,-0.0046732717543021,-0.4347877547258764,0.0311101668586385,0.0826690255844242,0.8862208075569372,2,Medium volatility,train,-0.05162767898974401,-0.04053325914640516,0.17382705211385155,0.2064726671982321,-0.03264561508438055,-0.08494777840575307,12,0.0
2010-07-06,1028.06005859375,0.0053447258874577,0.447211702655782,0.0156598953794182,0.1527843220275288,0.831555782593053,2,Medium volatility,train,-0.04424694349163241,-0.02156406709323166,0.1964166811853225,0.20345541589172403,-0.007038734706401539,-0.08004398205850105,13,0.0
2010-07-07,1060.27001953125,0.0308500230082637,2.692736110361392,0.1795218739829714,1.7195743677729072e-05,0.8204609302733509,2,Medium volatility,train,0.018111309858840186,-0.0016303117284867594,0.23008469795314224,0.2284198570356503,0.0016648409174919443,-0.05122100897009407,14,0.0
2010-07-08,1070.25,0.0093686549516585,0.8014844204265503,0.1081020421431022,0.0166304384175575,0.8752675194393402,2,Medium volatility,train,0.03764441878383359,0.013697739965059741,0.20292258422019055,0.2296030088860751,-0.02668042466588455,-0.04229045767163808,15,0.0
2010-07-09,1077.9599609375,0.0071780637666289,0.6086215045393238,0.0570665926316367,0.0464241768601104,0.8965092305082528,2,Medium volatility,train,0.04806819585970668,-0.008204041934488662,0.18503378226871126,0.20685145109325412,-0.021817668824542863,-0.035391225566220985,16,0.0
2010-07-12,1078.75,0.0007326336059527,0.0411562178027262,0.0250775642848844,0.1214414630523706,0.8534809726627449,2,Medium volatility,train,0.05347410121996149,-0.011841524071152961,0.1662246940886288,0.2061739933012321,-0.03994929921260329,-0.034684261820396745,17,0.0
2010-07-13,1095.3399658203125,0.0152618227355736,1.3203277036396943,0.0290323340549804,0.032307213173968,0.9386604527710516,2,Medium volatility,train,0.06339119806807739,0.005226592596177039,0.1620119953234499,0.21324297889106375,-0.05123098356761385,-0.019838787797491153,18,0.0
2010-07-14,1095.1700439453125,-0.0001551436647933,-0.0370050175133757,0.0138978132835097,0.0949700412820106,0.8911321454344796,2,Medium volatility,train,0.03238603139502039,-0.018151001667116563,0.09064033833172237,0.19618248201997945,-0.10554214368825708,-0.019990841804627624,19,0.0
2010-07-15,1096.47998046875,0.0011953885564128,0.081897853986101,0.0072465835400051,0.1987929269208923,0.7939604895391025,2,Medium volatility,train,0.024212764999774684,-0.01639952375660856,0.09234162070887982,0.19631555931066422,-0.1039739386017844,-0.018818649598750015,20,0.0
2010-07-16,1064.8800048828125,-0.0292429097007493,-2.5979353328903616,0.0980325803538979,1.6325127513173178e-05,0.9019510945185888,2,Medium volatility,train,-0.012208208467603513,-0.04692461926974706,0.23116387338671135,0.21926279146636593,0.011901081920345419,-0.04709577938711307,21,0.0
2010-07-19,1071.25,0.0059640695879084,0.5017396459898061,0.0494760069382733,0.0288871601900254,0.9216368328717012,2,Medium volatility,train,-0.0069767724856478145,-0.042276813820293864,0.23709512354306797,0.22082508334648845,0.016270040196579516,-0.037684111580955415,22,0.0
2010-07-20,1083.47998046875,0.0113518741689926,0.976089998917212,0.0350770466175426,0.0297947687613575,0.9351281846210996,2,Medium volatility,train,-0.010886721052228815,-0.027060641707902358,0.22419974128777245,0.22553036531864373,-0.0013306240308712802,-0.011856121617872528,23,0.0
2010-07-21,1069.5899658203125,-0.0129026995822858,-1.159318857487058,0.0309893008935479,0.0110402874286182,0.9579704116778338,2,Medium volatility,train,-0.023634276969721313,-0.023762116203198562,0.23284994606323572,0.22306940289331914,0.009780543169916583,-0.02452394492140375,24,0.0
2010-07-22,1093.6700439453125,0.0222636878224253,1.9367823513748617,0.0723553584505844,0.0004017294367643,0.9272429121126512,2,Medium volatility,train,-0.002565977703708814,0.0014915108802959383,0.291020693849344,0.2371647170013266,0.05385597684801738,-0.002562688396952062,25,0.0
2010-07-23,1102.6600341796875,0.0081864201843444,0.6973987078364245,0.0406963555362767,0.0223206200226155,0.9369830244411076,2,Medium volatility,train,0.034863352181384887,0.02662421426959124,0.18106870837025074,0.23027793177959174,-0.049209223409341,0.0,26,0.0
2010-07-26,1115.010009765625,0.01113790871673,0.9572521613030992,0.0288987157109974,0.0270192122310107,0.9440820720579918,2,Medium volatility,train,0.040037191310206485,0.03490684105477624,0.1825901942477769,0.23273847592307334,-0.05014828167529645,0.0,27,0.0
2010-07-27,1113.8399658203125,-0.0010499083075199,-0.1157814314825173,0.0140319580117555,0.0831836358438422,0.902784406144402,2,Medium volatility,train,0.027635408833693986,0.03589294235791024,0.18804171476089027,0.23256154475374802,-0.04451982999285775,-0.0010493573466290318,28,0.0
2010-07-28,1106.1300048828125,-0.0069460326382797,-0.6348850134904903,0.0096309760835587,0.0960490876843655,0.8943199362320757,2,Medium volatility,train,0.033592075777700084,0.06045514006183944,0.1603885436845715,0.20172505259623486,-0.04133650891166335,-0.0079640584434566,29,0.0
2010-07-29,1101.530029296875,-0.0041672922205169,-0.3902405617434696,0.0063244094639434,0.1547470524384078,0.8389285380976488,2,Medium volatility,train,0.007161095734757887,0.06645230181465744,0.11169388316758183,0.19781442352806713,-0.0861205403604853,-0.012089560049405756,30,0.0
2010-07-30,1101.5999755859375,6.34971961988029e-05,-0.0177555499398718,0.0040584328419481,0.2835963528248137,0.7123452143332383,2,Medium volatility,train,-0.0009618272533877112,0.06976151232010044,0.09800834801999252,0.19675843410047122,-0.09875008608047871,-0.012026828514755894,31,0.0
2010-08-02,1125.8599853515625,0.0217835287811665,1.8945084330738824,0.021441976133426,0.0068013743427075,0.9717566495238664,2,Medium volatility,train,0.009683792811048787,0.09621831285556903,0.16227551981978378,0.20408617528117276,-0.041810655461388985,0.0,32,0.0
2010-08-03,1120.4599609375,-0.0048078946413303,-0.4466401545323079,0.0122858198270784,0.0351156926936751,0.9525984874792464,2,Medium volatility,train,0.005925806477238388,0.08606569232678105,0.16743394632639289,0.2067568859245646,-0.03932293959817171,-0.004796355216742376,33,0.0
2010-08-04,1127.239990234375,0.0060328780600285,0.5077976465247841,0.0081066063105988,0.0790988230164425,0.9127945706729588,2,Medium volatility,train,0.018904717175546586,0.06124854737854584,0.1555258330720397,0.18308058920050937,-0.027554756128469665,0.0,34,0.0
2010-08-05,1125.81005859375,-0.0012693298432147,-0.135099630821469,0.0052492745292437,0.164592922945231,0.8301578025255253,2,Medium volatility,train,0.021802679552848786,0.05061056258367264,0.14901377073932723,0.1821607857011547,-0.03314701496182748,-0.001268524584838171,35,0.0
2010-08-06,1121.6400146484375,-0.0037109155663976,-0.3500604802851782,0.0040838483131402,0.2479249554937142,0.7479911961931455,2,Medium volatility,train,0.018028266790252385,0.03972158325064614,0.15625096842610853,0.18255557737459904,-0.026304608948490515,-0.004967864549210277,36,0.0
2010-08-09,1127.7900390625,0.0054680871074062,0.4580726084921906,0.0033539338292633,0.3573450578231847,0.6393010083475519,2,Medium volatility,train,0.0017128251164920845,0.044457036752099645,0.07247083484745369,0.1828807873396651,-0.1104099524922114,0.0,37,0.0
2010-08-10,1121.06005859375,-0.0059852816039276,-0.5502990591631378,0.0032374153890448,0.390305701960624,0.6064568826503312,2,Medium volatility,train,0.0005354381538947841,0.02320993241259844,0.07693617339063531,0.17851525160250029,-0.10157907821186497,-0.0059674054882985494,38,0.0
2010-08-11,1089.469970703125,-0.0285834059979617,-2.539871643039295,0.0665502990686477,6.393390273829288e-05,0.933385767028614,2,Medium volatility,train,-0.034080845904095415,-0.005218329920569958,0.18318603653622598,0.20611636935433633,-0.022930332818110355,-0.03397801632583086,39,0.0
2010-08-12,1083.6099853515625,-0.0053932664000715,-0.4981771574383688,0.0341192907062311,0.0239649841505733,0.9419157251431955,2,Medium volatility,train,-0.038204782460952214,-0.011806984877054259,0.17870942639091938,0.20678922502966154,-0.02807979863874216,-0.039174005959179414,40,0.0
2010-08-13,1079.25,-0.0040316907121891,-0.3783020026578992,0.0174290381261328,0.0621716279505586,0.9203993339233084,2,Medium volatility,train,-0.03852555760674372,0.013404234111505941,0.17836516869340083,0.1793498245729672,-0.0009846558795663651,-0.043039960791682486,41,0.0
2010-08-16,1079.3800048828125,0.0001204512887111,-0.0127412266701084,0.0088975932836673,0.1453029604982124,0.8457994462181202,2,Medium volatility,train,-0.043873193425438814,0.007560615812308642,0.16082994001545278,0.1783130406313772,-0.017483100615924424,-0.04292468677940209,42,0.0
2010-08-17,1092.5400390625,0.0121184896013479,1.0435839652303247,0.0098899263281721,0.0885002207590003,0.9016098529128276,2,Medium volatility,train,-0.02576942222016331,0.008327231244663941,0.21016944667654508,0.1789261738946377,0.03124327278190739,-0.031255817819868636,43,0.0
2010-08-18,1094.1600341796875,0.0014816804859387,0.1071034225562125,0.0057918999246468,0.1882528831526184,0.8059552169227348,2,Medium volatility,train,0.004295664263737082,0.02271161131288844,0.09804201492639668,0.17223041207447454,-0.07418839714807786,-0.029819384564495843,44,0.0
2010-08-19,1075.6300048828125,-0.0170804358568963,-1.5271329915142298,0.0144052287659841,0.0120484577580392,0.9735463134759766,2,Medium volatility,train,-0.0073915051930877156,-0.016632512366433157,0.1499509449870418,0.16505899508933902,-0.01510805010229721,-0.046249773781515846,45,0.0
2010-08-20,1071.68994140625,-0.00366975392292,-0.346436547787845,0.0087202561613511,0.0476070790836193,0.9436726647550294,2,Medium volatility,train,-0.007029568403818616,-0.028488686473697556,0.1496576488288247,0.1619651482100045,-0.012307499381179782,-0.04974338814242807,46,0.0
2010-08-23,1067.3599853515625,-0.0040484907945526,-0.3797811069717999,0.0061534720620142,0.0936214656392192,0.9002250622987664,2,Medium volatility,train,-0.011198510487082317,-0.043675085984980155,0.14985577474497008,0.15551764156165926,-0.005661866816689176,-0.053582716301671995,47,0.0
2010-08-24,1051.8699951171875,-0.0146187683619913,-1.310404112909815,0.0108592347458143,0.0150566465076628,0.9740841187465228,2,Medium volatility,train,-0.037935768450421514,-0.05724394603945156,0.11217739163782116,0.1612509815070747,-0.049073589869253545,-0.0673175336859888,48,0.0
2010-08-25,1055.3299560546875,0.0032839446916375,0.2657774518710659,0.0069343698784043,0.0629180623670469,0.9301475677545488,2,Medium volatility,train,-0.03613350424472272,-0.04701396870953436,0.11984261314666429,0.1618696222786627,-0.0420270091319984,-0.06424962138169488,49,0.0
2010-08-26,1047.219970703125,-0.0077144665808921,-0.7025390841595194,0.0064723376070831,0.0674109128560772,0.9261167495368396,2,Medium volatility,train,-0.026767534968718518,-0.05056114306990956,0.09271660169262834,0.16283356417517483,-0.0701169624825465,-0.0714406632163116,50,0.0
2010-08-27,1064.5899658203125,0.0164507104032827,1.4249991475054935,0.0124954546871351,0.0130398436341998,0.9744647016786652,2,Medium volatility,train,-0.00664707064251582,-0.034173929862825664,0.16832744838277175,0.17549759255331943,-0.0071701441705476765,-0.05603886455206142,51,0.0
2010-08-30,1048.9200439453125,-0.014828611113085,-1.3288789817627094,0.0163831512336127,0.0038486320793677,0.9797682166870194,2,Medium volatility,train,-0.01742719096104822,-0.07078606975707716,0.1896691964997672,0.15865068830019943,0.03101850819956778,-0.06993322549891456,52,0.0
2010-08-31,1049.3299560546875,0.0003907180884921,0.0110534655707299,0.0090718981189365,0.0456099563657116,0.9453181455153518,2,Medium volatility,train,-0.0024177045105648184,-0.06558745702725476,0.16796916756358632,0.15914567284995434,0.008823494713631974,-0.0695697605850768,53,0.0
2010-09-01,1080.2900390625,0.0290777363867507,2.536701352279272,0.0890978304091907,2.0203814788052064e-05,0.9108819657760212,2,Medium volatility,train,0.02337608718454838,-0.04254259870053256,0.2546268784046429,0.1925931116111861,0.06203376679345676,-0.04211776869343997,54,0.0
2010-09-02,1090.0999755859375,0.0090398529867341,0.7725362049228379,0.0521800120178532,0.018803452288954,0.9290165356931928,2,Medium volatility,train,0.04013040675217458,-0.03223341587058376,0.2350081389375207,0.19643604140549767,0.038572097532023036,-0.03341939737993538,55,0.0
2010-09-03,1104.510009765625,0.0131323937931613,1.1328496028352582,0.0423071336725027,0.015187914800305,0.9425049515271924,2,Medium volatility,train,0.03681209014205318,-0.01539010651102486,0.2299018809028834,0.202711481961533,0.02719039894135042,-0.020642166086363933,56,0.0
2010-09-07,1091.8399658203125,-0.0115374914127679,-1.0391238936044076,0.0323694187737222,0.0115878009708497,0.956042780255428,2,Medium volatility,train,0.04010320984237028,-0.03239568503119896,0.21431248139963138,0.20464721881012649,0.009665262589504897,-0.026064698808457187,57,0.0
2010-09-08,1098.8699951171875,0.0064180594909029,0.5417095943184785,0.0178371620686568,0.0443355153848783,0.9378273225464648,2,Medium volatility,train,0.046130551244781076,-0.019992343936368458,0.20678252477985873,0.20580934176099733,0.000973183018861401,-0.005106349963848955,58,0.0
2010-09-09,1104.1800537109375,0.0048206520589966,0.4010714609767651,0.0100240440648112,0.1020430883537798,0.8879328675814089,2,Medium volatility,train,0.021873466917026983,0.013411714120589838,0.13395542967847118,0.1802621402269788,-0.04630671054850763,-0.00029873523261003676,59,0.0
2010-09-10,1109.550048828125,0.0048515450406902,0.4037913251716892,0.006307058827055,0.1848075679027802,0.8088853732701647,2,Medium volatility,train,0.01768515897098308,0.02365652556135154,0.12915805700859898,0.17940252036069704,-0.05024446335209806,0.0,60,0.0
2010-09-13,1121.9000244140625,0.0110691266031448,0.9511964814128558,0.007234848665884,0.1385573367437092,0.8542078145904067,2,Medium volatility,train,0.015621891780966582,0.03875734287668544,0.12189270288930786,0.1814676391790692,-0.059574936289761335,0.0,61,0.0
2010-09-14,1121.0999755859375,-0.0007133739296074,-0.0861524428040015,0.0045186153187255,0.256048242872446,0.7394331418088286,2,Medium volatility,train,0.02644600926412708,0.037923517658366934,0.05987187941328448,0.18159574512076332,-0.12172386570747884,-0.0007131195389205036,62,0.0
2010-09-15,1125.0699462890625,0.0035348838022688,0.2878705055258244,0.0031309232865957,0.4012582626610674,0.5956108140523367,2,Medium volatility,train,0.023562833575492985,0.02933991185928784,0.0599311008198146,0.1778982493291516,-0.11796714850933701,0.0,63,0.0
2010-09-20,1142.7099609375,0.0150952878895571,1.3056657273571874,0.0054760765869279,0.3535439310253632,0.6409799923877088,2,Medium volatility,train,0.01837890182130488,0.06416581310180894,0.09368142432106523,0.16912825973623444,-0.07544683541516921,0.0,1,0.0
2010-09-21,1139.780029296875,-0.0025673131207142,-0.2493760149237038,0.0031746125160372,0.4880225730727818,0.5088028144111809,2,Medium volatility,train,0.016524962630198085,0.06564699077564733,0.09866623054021488,0.16840357712707305,-0.06973734658685816,-0.002564020390809607,2,0.0
2010-09-23,1124.8299560546875,-0.0083662401778417,-0.7599222039607192,0.0031553082709706,0.4760088683195223,0.5208358234095071,2,Medium volatility,train,0.00015107591148308397,0.06377840147370854,0.12867747005504118,0.16389100020805292,-0.035213530153011735,-0.01564701936101387,1,0.0
2010-09-24,1148.6700439453125,0.0209729155478086,1.8231408347239124,0.0193286442375379,0.0214004097806181,0.9592709459818438,2,Medium volatility,train,0.020297477344358883,0.09246578360240924,0.18584929799889838,0.16979064545156425,0.01605865254733413,0.0,2,0.0
2010-09-27,1142.1600341796875,-0.0056835531819343,-0.5237344387678025,0.0116641996569428,0.0475412926541314,0.9407945076889256,2,Medium volatility,train,-0.00048136372713251767,0.07033152001719223,0.16980573556590534,0.16761901229781315,0.002186723268092189,-0.005667432349210744,3,0.0
2010-09-28,1147.699951171875,0.0048386607358485,0.4026569717524241,0.0073587248235608,0.1065680615514847,0.8860732136249544,2,Medium volatility,train,0.006924610129430182,0.08999879186612574,0.170882389013973,0.15373351525070206,0.017148873763270955,-0.000844535624961118,4,0.0
2010-09-29,1144.72998046875,-0.0025911128831443,-0.2514713815128971,0.0049769464817844,0.1911459388764112,0.8038771146418042,2,Medium volatility,train,0.00917067004073678,0.08701696089448933,0.1673185485209187,0.1550780399114593,0.01224050860945941,-0.0034301090181038107,5,0.0
2010-09-30,1141.199951171875,-0.0030884867064555,-0.2952609149070434,0.003740081050221,0.2928437647787032,0.7034161541710757,2,Medium volatility,train,0.014448423512122981,0.054850737801283134,0.15392213411433675,0.12802659915384068,0.02589553496049607,-0.006503253752296101,6,0.0
2010-10-01,1146.239990234375,0.0044067143598951,0.3646277684293189,0.0028409640826005,0.4299525276214068,0.5672065082959927,2,Medium volatility,train,-0.0021177776757905177,0.05021759917444414,0.06753298709344434,0.12614481386527646,-0.05861182677183212,-0.0021155367668430625,7,0.0
2010-10-04,1137.030029296875,-0.0080673865197216,-0.7336106820653967,0.0036024144863198,0.3696578845020816,0.6267397010115985,2,Medium volatility,train,-0.004501611013577818,0.02901781886156124,0.07780588791090272,0.12497127917779681,-0.04716539126689409,-0.010133471060547405,8,0.0
2010-10-05,1160.75,0.0206467225071635,1.7944223128057828,0.0182559101703821,0.0163375480988102,0.9654065417308076,2,Medium volatility,train,0.011306450757737185,0.06120203278149264,0.15897896920924362,0.13222141784782548,0.026757551361418136,0.0,9,0.0
2010-10-06,1159.969970703125,-0.0006722304595951,-0.0825301103256648,0.0097494682642622,0.0660903622065752,0.9241601695291626,2,Medium volatility,train,0.013225333181286384,0.05411174283099464,0.1564743022797377,0.13222812696657946,0.02424617531315823,-0.0006720045633211713,10,0.0
2010-10-07,1158.06005859375,-0.0016478755817939,-0.1684273623662673,0.0060193507471049,0.1419982903433997,0.8519823589094954,2,Medium volatility,train,0.014665944305947982,0.04764321519020414,0.15406263621087338,0.13281699565748475,0.021245640553388623,-0.002317416675640782,11,0.0
2010-10-08,1165.1500244140625,0.0061036131712839,0.5140252712434235,0.0047763338656729,0.2172440833452804,0.7779795827890466,2,Medium volatility,train,0.016362843117336785,0.048895283320797844,0.15525282166175358,0.1331804554053427,0.022072366256410875,0.0,12,0.0
2010-10-11,1165.3199462890625,0.0001458262731874,-0.0105071751820275,0.0032119317105183,0.3667462050965426,0.630041863192939,2,Medium volatility,train,0.024576055910245784,0.03797198299084044,0.13204182280162108,0.1295811413820291,0.0024606814195919646,0.0,13,0.0
2010-10-19,1165.9000244140625,-0.0160046440290546,-1.4324186741084493,0.0072860683598914,0.251887100168986,0.7408268314711225,2,Medium volatility,train,-0.0033138230879172156,0.02265805486648194,0.13725846868254216,0.13845068285966602,-0.0011922141771238681,-0.015877250249970554,1,0.0
2010-10-20,1178.1700439453125,0.0104690826136781,0.8983677134254653,0.007297871051165,0.2089483351144197,0.7837537938344151,2,Medium volatility,train,5.947396420148514e-05,0.03796431027461094,0.14811083967107358,0.1402504088094691,0.007860430861604484,-0.00552026842672293,2,0.0
2010-10-21,1180.260009765625,0.0017723369527997,0.1326932515043893,0.0041335734689515,0.3578844766562159,0.6379819498748325,2,Medium volatility,train,0.005479843101403884,0.04810288740525234,0.14533324661806363,0.13519650370912237,0.01013674290894126,-0.003756152407424329,3,0.0
2010-11-04,1221.06005859375,0.0190993044096652,1.6581853150401984,0.0039106345137872,0.4867332283967948,0.509356137089418,2,Medium volatility,train,0.031006648821729182,0.05297314007984039,0.11153132293909253,0.10398418786214848,0.007547135076944045,0.0,1,0.0
2010-11-16,1178.3399658203125,-0.0163381574146885,-1.461781690119995,0.0095161077017389,0.1343422458972291,0.856141646401032,2,Medium volatility,train,-0.029319717280028218,0.010613297469197695,0.11767158345271721,0.11756172421186951,0.00010985924084769283,-0.038756789747388054,1,0.0
2010-11-17,1178.5899658203125,0.0002121403759884,-0.0046687826430411,0.0053256890788647,0.2556568340647347,0.7390174768564006,2,Medium volatility,train,-0.03347411048376512,0.00035635523150799456,0.1012834644757372,0.11185360633358221,-0.010570141857845008,-0.0385528496201466,2,0.0
2010-11-18,1196.68994140625,0.0152405835436475,1.318457773497571,0.010533452222658,0.0713328929312413,0.9181336548461008,2,Medium volatility,train,-0.013982377049260617,0.013824601822355795,0.17429363089987965,0.12360418650653127,0.05068944439334838,-0.023787604323889155,3,0.0
2010-11-19,1199.72998046875,0.0025371519119099,0.2000287014670302,0.0062584431111742,0.1582669884887304,0.8354745684000953,2,Medium volatility,train,0.00043354110740248227,0.013975344949975295,0.15987438763882228,0.12363133277160217,0.03624305486722011,-0.021307660510987536,4,0.0
2010-11-22,1197.8399658203125,-0.0015766088850606,-0.1621529360691264,0.0041404122413265,0.2745529695466674,0.7213066182120059,2,Medium volatility,train,7.510953179668228e-05,0.010254065918033295,0.16003794940423213,0.12375328153946351,0.036284667864768624,-0.022849459822550156,5,0.0
2010-11-23,1180.72998046875,-0.0143870315905498,-1.2900016618436678,0.0093246547748957,0.0504439415767544,0.94023140364835,2,Medium volatility,train,0.002026235355935385,-0.0041498508147342645,0.1501645843660206,0.1340831672652794,0.01608141710074118,-0.03680711018134242,6,0.0
2010-11-24,1198.3499755859375,0.0148127155186168,1.2807876342738462,0.0129420716692497,0.0175401082735951,0.9695178200571553,2,Medium volatility,train,0.016626810498563783,0.013357074343098636,0.17567153524532503,0.14335248133707723,0.0323190539082478,-0.022433413996566287,7,0.0
2010-11-26,1189.4000244140625,-0.0074965914242337,-0.6833570303378442,0.0095370147952773,0.0319841973464446,0.958478787858278,2,Medium volatility,train,-0.006110364469317416,0.004736265682108537,0.15619380391499785,0.14608347630651403,0.010110327608483821,-0.029734430719756344,8,0.0
2010-11-29,1187.760009765625,-0.0013798102652371,-0.1448264919926936,0.0061409293361407,0.0898164987353364,0.9040425719285228,2,Medium volatility,train,-0.010027326646464416,0.0037958392304399367,0.15339773071308296,0.14617453049121718,0.007223200221865789,-0.0310722899040774,9,0.0
2010-11-30,1180.550048828125,-0.0060887156101641,-0.5594055433766217,0.005405483575036,0.1161810127956254,0.8784135036293385,2,Medium volatility,train,-0.014539433371567916,-0.0032389620969777637,0.15542422701977557,0.14773387013426997,0.007690356885505595,-0.0369538913080778,10,0.0
2010-12-01,1206.0699462890625,0.0213866222631295,1.8595641911147287,0.0212815589257769,0.0030050654800191,0.975713375594204,2,Medium volatility,train,0.02123422048211138,0.010418324101458034,0.18537197113706685,0.16362717134150742,0.021744799795559433,-0.016135766766582016,11,0.0
2010-12-02,1221.530029296875,0.0127371001606206,1.0980473617213264,0.0188942052681475,0.0100999177360592,0.9710058769957932,2,Medium volatility,train,0.01915860512411518,0.01948411781839343,0.17979393876792538,0.1687524245448096,0.011041514223115778,-0.0035240415834716377,12,0.0
2010-12-03,1224.7099609375,0.0025998540163518,0.2055490882820474,0.0102171212358961,0.0558594601910855,0.9339234185730184,2,Medium volatility,train,0.02925505056470068,0.002984667425080035,0.1578193259965428,0.15556294951997518,0.002256376476567623,-0.0009299789298381489,13,0.0
2010-12-06,1223.1199951171875,-0.0012990821033005,-0.1377190641842966,0.0062339381343356,0.1285065331747648,0.8652595286908996,2,Medium volatility,train,0.029335778726637278,-0.002229493731831265,0.1576336333286354,0.15501756370052883,0.0026160696281065654,-0.001298238661417761,14,0.0
2010-12-07,1223.75,0.0005149475844579,0.0219908157230089,0.0041591665618265,0.2478612523248494,0.747979581113324,2,Medium volatility,train,0.03593944192125928,0.00040866367548713484,0.13655854032773493,0.15485480764221943,-0.0182962673144845,-0.0007838271657112372,15,0.0
2010-12-08,1228.280029296875,0.0036949257526153,0.3019608375873439,0.0030600596750435,0.389347140618147,0.6075927997068095,2,Medium volatility,train,0.018247745410745083,0.012188483968763734,0.07711880379661518,0.1524301153234678,-0.07531131152685264,0.0,16,0.0
2011-01-28,1276.3399658203125,-0.0180138054241831,-1.6093082406330648,0.0032514859260959,0.4271098477673016,0.5696386663066025,2,Medium volatility,train,-0.005477247206689018,0.014568812226847139,0.13751351187123834,0.10025871540261672,0.03725479646862162,-0.017852526697772375,1,0.0
2011-01-31,1286.1199951171875,0.0076333499328811,0.6487055778189893,0.0029952472708355,0.4812951417535316,0.5157096109756328,2,Medium volatility,train,-0.0036632125084034173,0.022392969812411536,0.14250278964754562,0.10297249993762744,0.039530289709918176,-0.01032676450276504,2,0.0
2011-02-01,1307.5899658203125,0.0165557918378347,1.434250673765533,0.0101582546001232,0.1135304340829562,0.8763113113169205,2,Medium volatility,train,0.012629151555812684,0.027697467502485338,0.18068051338610452,0.11088045316592554,0.06980006022017898,0.0,3,0.0
2011-02-02,1304.030029296875,-0.0027262302593635,-0.2633673168853907,0.0060672375740319,0.1991027645026996,0.7948299979232684,2,Medium volatility,train,0.005690897147968784,0.026285161895756838,0.18277621264938576,0.11141993015954003,0.07135628248984573,-0.00272251746839014,4,0.0
2011-02-03,1307.0999755859375,0.0023514322901272,0.1836776689059271,0.0037989115095115,0.3422361518982407,0.6539649365922477,2,Medium volatility,train,0.005800538377296384,0.02364191811157564,0.18281090104221703,0.1106927296166222,0.07211817142559483,-0.00037472774125146824,5,0.0
2011-02-22,1315.43994140625,-0.0207422049204542,-1.8495206025526043,0.0072353473442529,0.1668729743054187,0.8258916783503284,2,Medium volatility,train,-0.01275057731077762,0.01887802310961504,0.15230635297500145,0.1268089591491781,0.025497393825823333,-0.02052856505826517,1,0.0
2011-02-23,1307.4000244140625,-0.0061307150105092,-0.563103233238348,0.0056780089610264,0.1945518631041712,0.7997701279348024,2,Medium volatility,train,-0.01564113762970742,0.01248388032548724,0.1540622215367115,0.12914934231295522,0.02491287922375629,-0.026515055801986875,2,0.0
2011-02-24,1306.0999755859375,-0.0009948719612431,-0.1109359494522501,0.0036938156551426,0.3289040610021014,0.6674021233427561,2,Medium volatility,train,-0.02287394828980202,0.007276984215763742,0.13789809565621364,0.1285819105136121,0.009316185142601546,-0.0274830670741828,3,0.0
2011-02-25,1319.8800048828125,0.0104952481653253,0.9006713676266523,0.0048961584132517,0.2721330585725687,0.7229707830141794,2,Medium volatility,train,-0.015449671004856417,0.015530441320289443,0.16419547772612905,0.1331889127890064,0.031006564937122644,-0.017222511161215426,4,0.0
2011-02-28,1327.219970703125,0.0055456799512327,0.4649039982168592,0.0035921597549489,0.383227122418998,0.613180717826053,2,Medium volatility,train,-0.01182686377564852,0.03908992669570524,0.1712305923930503,0.11501055600022365,0.05622003639282665,-0.011757201322167066,5,0.0
2011-03-01,1306.3299560546875,-0.0158648617910586,-1.4201120373460143,0.0108907006111853,0.0473436349567901,0.9417656644320246,2,Medium volatility,train,-0.006949520646252922,0.015591714971765543,0.14575442161604774,0.12835144439295876,0.017402977223088978,-0.027311824516735195,6,0.0
2011-03-02,1308.43994140625,0.0016138978895199,0.1187440400114333,0.0064989886193731,0.1215636148744884,0.8719373965061384,2,Medium volatility,train,0.0007950922537761787,0.0006498210234507414,0.14128608835234216,0.11491828650002897,0.02636780185231319,-0.025740737677307446,7,0.0
2011-03-03,1330.969970703125,0.017072434579239,1.4797366714542606,0.0137323022145954,0.0178427926558492,0.9684249051295551,2,Medium volatility,train,0.01886239879425828,0.020448485862053244,0.1761302667794968,0.1285375421654481,0.047592724614048704,-0.00896496599053731,8,0.0
2011-03-04,1321.1500244140625,-0.0074053897893691,-0.6753275023483799,0.0098892016924791,0.0327860189862011,0.9573247793213197,2,Medium volatility,train,0.0009617608395638792,0.010691663782556943,0.17835712810921098,0.13166102331582133,0.04669610479338965,-0.016276859586011105,9,0.0
2011-03-07,1310.1300048828125,-0.0083762152562698,-0.7608004247465027,0.0083931973127782,0.0377357249496232,0.9538710777375984,2,Medium volatility,train,-0.01296013436793862,-0.0005646625364649563,0.17920263477828371,0.1348552980667902,0.04434733671149352,-0.024482323023452768,10,0.0
2011-03-08,1321.8199462890625,0.0088831615301767,0.7587408553328283,0.0074339689675772,0.0567421901493669,0.9358238408830558,2,Medium volatility,train,0.011787888953296681,0.002097716647758544,0.15394068787804321,0.13671158177528644,0.01722910610275677,-0.015778038378329362,11,0.0
2011-03-09,1320.02001953125,-0.0013626313929711,-0.1433140384506923,0.0051350844510293,0.1294073586200934,0.8654575569288772,2,Medium volatility,train,0.008811359670805681,-0.0034409351210514558,0.15581427703488732,0.13597437854162203,0.019839898493265284,-0.017118256801665344,12,0.0
2011-03-10,1295.1099853515625,-0.0190512804763303,-1.7006490919451531,0.0166307862830387,0.0034967268661534,0.9798724868508076,2,Medium volatility,train,-0.02731235538476362,-0.019702562519581156,0.1454102216158093,0.15075497168099575,-0.005344750065186449,-0.03566617081463286,13,0.0
2011-03-11,1304.280029296875,0.0070555645245695,0.5978364885221834,0.0107935147441829,0.0309454533261035,0.9582610319297136,2,Medium volatility,train,-0.012851401070825021,-0.013396210202510157,0.163534998212805,0.1532277091144655,0.0103072890983395,-0.028838191962179738,14,0.0
2011-03-14,1296.3900146484375,-0.0060676969567738,-0.5575550297761931,0.0077885000189326,0.0549653531144785,0.9372461468665888,2,Medium volatility,train,-0.010542882771329021,-0.024956168661170956,0.16002355469527685,0.152588448005813,0.007435106689463844,-0.034713066007098003,15,0.0
2011-03-15,1281.8699951171875,-0.0112635443948461,-1.015005189468248,0.0089815942222215,0.0271936675405654,0.963824738237213,2,Medium volatility,train,-0.03068958869635182,-0.03860179770008555,0.14018246621642902,0.15576866140872955,-0.015586195192300534,-0.04552461575406075,16,0.0
2011-03-16,1256.8800048828125,-0.0196874819493722,-1.7566612187267885,0.0231312942643493,0.0007498767866821,0.9761188289489684,2,Medium volatility,train,-0.04901443925275292,-0.05504912495787835,0.1561087435267693,0.16746617973470307,-0.01135743620793378,-0.06413206473259525,17,0.0
2011-03-17,1273.719970703125,0.0133092662318743,1.1484217162005426,0.0211566940389037,0.0078323904425659,0.9710109155185302,2,Medium volatility,train,-0.01665389254454832,-0.047977797424855556,0.1908546937930363,0.17391242281720592,0.01694227097583037,-0.05159309205341822,18,0.0
2011-03-18,1279.2099609375,0.0043009395825457,0.3553151992350574,0.0116345798614617,0.047637960609158,0.94072745952938,2,Medium volatility,train,-0.01940851748657212,-0.04674782872268956,0.183976966740732,0.17445107850428596,0.00952588823644604,-0.0475052667993584,19,0.0
2011-03-21,1298.3800048828125,0.0148746679301829,1.2862420170096749,0.0150085601243779,0.0164957160134856,0.9684957238621364,2,Medium volatility,train,0.001533847400384581,-0.033796033514531455,0.2166023209837139,0.1839337425466413,0.032668578437072604,-0.024485876118674477,20,0.0
2011-03-22,1293.77001953125,-0.0035568853410383,-0.3364994294599144,0.0089193539304465,0.0545408106296255,0.936539835439928,2,Medium volatility,train,0.00924050645419238,-0.016610713935115557,0.20080610958609615,0.17063340472746144,0.030172704858634714,-0.027949504489739208,21,0.0
2011-03-23,1297.5400390625,0.0029097422585024,0.2328321114169752,0.0057894754294898,0.1297006745682144,0.8645098500022957,2,Medium volatility,train,0.03183773066206698,-0.007570256666103957,0.10889500705528161,0.16996052777167872,-0.061065520716397106,-0.02511696911010297,22,0.0
2011-03-24,1309.6600341796875,0.0092973934354754,0.7952104502327773,0.0059706188974211,0.1365653869573475,0.8574639941452313,2,Medium volatility,train,0.02782585786566808,0.0027220087306145443,0.0984879114067825,0.17318980848514146,-0.07470189707835896,-0.016010831943999326,23,0.0
2011-03-25,1313.800048828125,0.0031561510021891,0.2545263048074608,0.0041720417558741,0.2514803994917885,0.7443475587523374,2,Medium volatility,train,0.026681069285311478,-0.004617088432521657,0.09949168487545114,0.1694802847167774,-0.06998859984132626,-0.012900307484720708,24,0.0
2011-03-28,1310.18994140625,-0.0027516184993912,-0.2656025354119917,0.0031364788185792,0.3715496340936068,0.625313887087814,2,Medium volatility,train,0.009054782855737378,-0.012914386883145557,0.0740148594879441,0.1683443400393654,-0.0943294805514213,-0.015612695819047895,25,0.0
2011-03-29,1319.43994140625,0.0070352396073021,0.5960470524849409,0.0029347096199442,0.4466887809554783,0.5503765094245773,2,Medium volatility,train,0.019646907804077778,0.009985714515215145,0.06535024829252473,0.1607307017990988,-0.09538045350657406,-0.008662877112684875,26,0.0
2011-06-01,1314.550048828125,-0.0230482257006405,-2.0525461121970507,0.0211189639217012,0.021113421161127,0.9577676149171716,2,Medium volatility,train,-0.0013151596011377227,-0.03150186967582596,0.18569179796654334,0.13300088761857265,0.05269091034797069,-0.031396433934423484,1,1.0
2011-06-02,1312.93994140625,-0.0012255861140477,-0.1312483676480464,0.0109347183608954,0.0725705365463928,0.9164947450927118,2,Medium volatility,train,-0.005718858871855323,-0.025848541537041664,0.1836732215736431,0.13159101756783245,0.05208220400581065,-0.032582813861126936,2,1.0
2011-06-03,1300.1600341796875,-0.0097814926651915,-0.8845231442421638,0.0098970742057078,0.0490997460708719,0.9410031797234202,2,Medium volatility,train,-0.019445674304745423,-0.026518817021538563,0.18517984541804622,0.13211222649305804,0.05306761892498818,-0.041999468422640907,3,1.0
2011-06-06,1286.1700439453125,-0.0108185160137219,-0.9758242268939712,0.0100142976415223,0.0281279709413972,0.9618577314170804,2,Medium volatility,train,-0.03433680563723372,-0.04114997603113736,0.1768659694988075,0.13461591811858992,0.04225005138021759,-0.05230775181003888,4,1.0
2011-06-07,1284.93994140625,-0.0009568650426681,-0.1075897636416083,0.0063247735173717,0.0851962200255819,0.9084790064570464,2,Medium volatility,train,-0.04583068553626972,-0.04664071117573666,0.1282333863186599,0.13255298646376404,-0.00431960014510413,-0.05321413168277511,5,1.0
2011-06-08,1279.56005859375,-0.0041956644216076,-0.3927384926535756,0.0049840272939528,0.1404521053058069,0.8545638674002402,2,Medium volatility,train,-0.026978124257236828,-0.05887799160700747,0.06628450203342547,0.12713690627658714,-0.06085240424316167,-0.05122898051355429,6,1.0
2011-06-09,1289.0,0.0073504093289917,0.6237950649574738,0.0047172753564886,0.1900336708900303,0.805249053753481,2,Medium volatility,train,-0.01840212881419743,-0.040353892590130065,0.10470869827373505,0.12817753134822202,-0.023468833074486967,-0.044229431901710914,7,1.0
2011-06-10,1270.97998046875,-0.0140784828818461,-1.2628365732317417,0.0093096036914358,0.0364963995032162,0.9541939968053478,2,Medium volatility,train,-0.022699119030852026,-0.05931586914414366,0.11979557783960468,0.13204429257058148,-0.0122487147309768,-0.055173932052605346,8,1.0
2011-06-13,1271.8299560546875,0.0006685325595015,0.0355126660462473,0.0059262699561398,0.1032284490709316,0.8908452809729285,2,Medium volatility,train,-0.011212070457628625,-0.05054728953921707,0.11136082546257534,0.13123085618675065,-0.019870030724175314,-0.05454207387776888,9,1.0
2011-06-14,1287.8699951171875,0.0125329134851073,1.08007046220035,0.0081061025013204,0.0586672221397052,0.9332266753589744,2,Medium volatility,train,0.0022777080701467736,-0.031790657416013765,0.14658267554485818,0.14030528553955143,0.006277390005306749,-0.042618166916185474,10,1.0
2011-06-15,1265.4200439453125,-0.0175855695072577,-1.5716057116581037,0.0171648817966173,0.0032462201845012,0.9795888980188814,2,Medium volatility,train,-0.011112197015503325,-0.049007598399941364,0.18706464085337388,0.15067862204275453,0.03638601881061934,-0.05930709940708967,11,1.0
2011-06-16,1267.6400146484375,0.0017527979756826,0.1309730108104568,0.0094640502043291,0.0445707505265853,0.9459651992690856,2,Medium volatility,train,-0.016709808368812425,-0.05602007240796217,0.17565636871175924,0.14598185783711493,0.029674510874644316,-0.057656808904780976,12,1.0
2011-06-17,1271.5,0.0030403902917992,0.244334559171147,0.0060976862238827,0.1129575043625634,0.8809448094135538,2,Medium volatility,train,0.00040906480483287374,-0.055155254705330364,0.1553847427380417,0.14638344114873583,0.009001301589305871,-0.05478735789996947,13,1.0
2011-06-20,1278.3599853515625,0.0053806890901588,0.4503779566720391,0.0047561313664722,0.1921716566880364,0.8030722119454914,2,Medium volatility,train,0.005121221335490173,-0.04205659100255746,0.15911751533737153,0.14779907432406153,0.011318441013310004,-0.049687755163895675,14,1.0
2011-06-21,1295.52001953125,0.0133341790614638,1.15061507888294,0.0078902544167326,0.0874468358695357,0.9046629097137316,2,Medium volatility,train,0.005922486911846673,-0.016725147100105465,0.16209194133073415,0.15234619828638885,0.009745743044345306,-0.03693126185244522,15,1.0
2011-06-22,1287.1400146484375,-0.0064894598444071,-0.5946876635957142,0.0063866580833438,0.1072558984571781,0.8863574434594781,2,Medium volatility,train,0.017018596574697273,-0.022386884299180464,0.10121290018150386,0.15359638015028676,-0.0523834799687829,-0.043160822651575614,16,1.0
2011-06-23,1283.5,-0.0028319928581943,-0.2726788138647066,0.0046308619644226,0.1888490146249369,0.8065201234106404,2,Medium volatility,train,0.012433805740820373,-0.028396990314044666,0.10887863953315485,0.15288345512492574,-0.044004815591770885,-0.0458667509749201,17,1.0
2011-06-24,1268.449951171875,-0.011795077176858,-1.0618021285452577,0.0073103336458311,0.0716046924535196,0.9210849739006493,2,Medium volatility,train,-0.0024016617278368266,-0.044137390258601264,0.14106993196570436,0.15559852634549923,-0.014528594379794868,-0.05705471512479543,18,1.0
2011-06-27,1280.0999755859375,0.0091425366557302,0.7815766283263126,0.0068828051493,0.0857989242456515,0.9073182706050484,2,Medium volatility,train,0.0013601858377345734,-0.03906746892163746,0.15064454721461712,0.1591252938986658,-0.00848074668404869,-0.04839427441937194,19,1.0
2011-06-28,1296.6700439453125,0.0128612927359972,1.108981461329854,0.0090542377782801,0.0460704388618208,0.944875323359899,2,Medium volatility,train,0.0008872995122679757,-0.03674319104200816,0.14859395569309675,0.16160788613146237,-0.013013930438365628,-0.013601615928394595,20,1.0
2011-06-29,1307.4100341796875,0.0082486335349125,0.7028760640312619,0.0074437321807877,0.0715113338252956,0.9210449339939164,2,Medium volatility,train,0.015625392891587573,-0.005446331806455165,0.14468501113418264,0.14530272914364228,-0.0006177180094596446,-0.004211850863977462,21,1.0
2011-06-30,1320.6400146484375,0.010068371595163,0.8630885175686088,0.0074563638601277,0.072909987179788,0.9196336489600844,2,Medium volatility,train,0.028525757344944874,0.005847625902755535,0.14105837374077612,0.1495606578673677,-0.00850228412659157,0.0,22,1.0
2011-07-01,1339.6700439453125,0.0143068691060825,1.2362521614849609,0.0108518389450221,0.0272237766420127,0.961924384412965,2,Medium volatility,train,0.05462770362788538,0.029935987674029534,0.03638012749930103,0.1523117275408422,-0.11593160004154118,0.0,23,1.0
2011-07-05,1337.8800048828125,-0.0013370725450787,-0.1410637993531677,0.0067031074625934,0.0822277985047174,0.9110690940326892,2,Medium volatility,train,0.04414809442707647,0.03941743114267274,0.0873785550237709,0.14605619156519806,-0.05867763654142716,-0.0013361790618444669,24,1.0
2011-07-06,1339.219970703125,0.0010010578196055,0.0647886860120399,0.0046075207931999,0.1784126110918311,0.8169798681149689,2,Medium volatility,train,0.032287859510684774,0.04137535400494634,0.09212338708195797,0.14571837261243276,-0.05359498553047479,-0.0003359582788475812,25,1.0
2011-07-07,1353.219970703125,0.0103995828920924,0.8922488542563193,0.0057537318704888,0.1514648397830195,0.8427814283464915,2,Medium volatility,train,0.03443880886786467,0.05597060131864633,0.09519239755676508,0.14655936960695995,-0.05136697205019487,0.0,26,1.0
2011-07-08,1343.800048828125,-0.0069854581069357,-0.6383560905664778,0.0053623904845743,0.158201310044565,0.8364362994708605,2,Medium volatility,train,0.017384979165765972,0.04163473388271893,0.12377573413281091,0.1493159702724127,-0.025540236139601782,-0.006961116506509657,27,1.0
2011-07-11,1319.489990234375,-0.0182561669365739,-1.630646109742538,0.0156435651100212,0.0061074715508951,0.9782489633390836,2,Medium volatility,train,-0.015178056876890425,0.03745704982799114,0.15008770508803176,0.15558110960273877,-0.0054934045147070065,-0.024925718803295638,28,1.0
2011-07-12,1313.6400146484375,-0.0044433698298371,-0.4145468463247931,0.0095354524894172,0.0358747618012095,0.9545897857093733,2,Medium volatility,train,-0.018284354161648825,0.032345147438652536,0.14961127179808295,0.1570777409212337,-0.007466469123150743,-0.02924872298043457,29,1.0
2011-07-13,1317.719970703125,0.003101027109122,0.2496731150271719,0.0061995092609965,0.0984224994508322,0.8953779912881712,2,Medium volatility,train,-0.016184384872132324,0.022913261062667237,0.15345134266705363,0.1521308709490231,0.0013204717180305137,-0.026233724574397432,30,1.0
2011-07-14,1308.8699951171875,-0.006738782369335,-0.6166383906334981,0.0056319430941485,0.1136015475139556,0.8807665093918958,2,Medium volatility,train,-0.033322750133559724,0.03376004820058994,0.10877784861607061,0.13939917057765014,-0.03062132196157953,-0.032773663222612326,31,1.0
2011-07-15,1316.1400146484375,0.0055390555402832,0.4643207751944683,0.004595929452435,0.1906172144839956,0.8047868560635693,2,Medium volatility,train,-0.020798236486340823,0.037546305765190545,0.1332374466801909,0.1400353884757266,-0.006797941795535695,-0.027401277587871364,32,1.0
2011-07-18,1305.43994140625,-0.0081631175393681,-0.7420389838480644,0.005176886635709,0.1610706479166935,0.8337524654475974,2,Medium volatility,train,-0.010705187089135024,0.026342797934023242,0.08670693703469852,0.1441665648437613,-0.05745962780906279,-0.03530839799241858,33,1.0
2011-07-19,1326.72998046875,0.0161771496468432,1.400914450406466,0.0111804927145808,0.0320643827242496,0.9567551245611694,2,Medium volatility,train,0.009915332387545276,0.037139258490707636,0.14098539806072768,0.15259370020763843,-0.011608302146910748,-0.01957552416301611,34,1.0
2011-07-20,1325.8399658203125,-0.0006710584073994,-0.0824269211018701,0.0067417192009208,0.0927936434970042,0.9004646373020748,2,Medium volatility,train,0.006143246871023875,0.023134021021844437,0.14151149369675192,0.14690825843702,-0.005396764740268067,-0.02023322554764395,35,1.0
2011-07-21,1343.800048828125,0.0134552627862651,1.1612754706489872,0.0094788284366138,0.0423113232438235,0.9482098483195626,2,Medium volatility,train,0.026337292026623976,0.04307874365251664,0.1423017697845616,0.15000197365382056,-0.007700203869258959,-0.006961116506509657,36,1.0
2011-07-22,1345.02001953125,0.0009074395131127,0.0565463906472014,0.0059524371837908,0.1132839978954586,0.8807635649207505,2,Medium volatility,train,0.02170567599945348,0.04681817602382364,0.14487212723970141,0.14899036961626286,-0.004118242376561443,-0.0060595848046894885,37,1.0
2011-07-25,1337.4300537109375,-0.0056589952232437,-0.521572319448746,0.0051011092783664,0.1487732340095963,0.8461256567120372,2,Medium volatility,train,0.024209798315577874,0.05295425797743794,0.13447861324134777,0.14304887832182897,-0.008570265080481199,-0.011668403758468893,38,1.0
2011-07-26,1331.93994140625,-0.0041134200623291,-0.3854975765693114,0.0041791305491255,0.2205376121970499,0.7752832572538244,2,Medium volatility,train,0.003919228606405575,0.03969830125937864,0.1072417282179265,0.14281721903811162,-0.035575490820185116,-0.015725476831248697,39,1.0
2011-07-27,1304.8900146484375,-0.0205177248072914,-1.8297570385069075,0.0191339807311241,0.0031473867403804,0.9777186325284954,2,Medium volatility,train,-0.015927437793486425,0.006319283716090036,0.1740489571881873,0.15679464418837835,0.01725431299980895,-0.0357147818544058,40,1.0
2011-07-28,1300.6700439453125,-0.0032392071555049,-0.308530568088409,0.0107164447608478,0.0363272559949734,0.9529562992441788,2,Medium volatility,train,-0.032621907735256424,-0.005168556974327361,0.11630709702715647,0.15449203942189071,-0.038184942394734245,-0.038833248027301814,41,1.0
2011-07-29,1292.280029296875,-0.006471427287173,-0.5931000503555811,0.0078970065811366,0.0569456140560673,0.935157379362796,2,Medium volatility,train,-0.04000077453554213,-0.021708355856663364,0.10097008756270719,0.1511228717847199,-0.050152784222012706,-0.045033285589619276,42,1.0
2011-08-01,1286.93994140625,-0.0041408608662312,-0.3879135058814605,0.0057750827025506,0.1049127041323417,0.8893122131651076,2,Medium volatility,train,-0.03848264017852963,-0.04015608582897707,0.10318017360311303,0.1405564952186159,-0.037376321615502875,-0.04897949389738632,43,1.0
2011-08-02,1254.050048828125,-0.0258889091906242,-2.302644124430016,0.046686445636517,7.576248868528977e-05,0.9532377918747976,2,Medium volatility,train,-0.060258129306824726,-0.06470792247452256,0.14798631118263508,0.1629618692016474,-0.01497555801901232,-0.07328440609952858,44,1.0
2011-08-03,1260.3399658203125,0.0050031459527177,0.4171384956271348,0.0235503419116507,0.032640396697184,0.9438092613911652,2,Medium volatility,train,-0.03473725854681563,-0.060705834341410365,0.16242503299652641,0.16485007828100098,-0.0024250452844745696,-0.06863629483279987,45,1.0
2011-09-16,1216.010009765625,0.005690475561936,0.4776520197914702,0.4522472324063936,0.0193064640137567,0.5284463035798496,2,Medium volatility,train,0.05214157716064867,0.06397671846486004,0.0669461315531184,0.26893236952531957,-0.20198623797220117,-0.0023628094809220457,1,1.0
2011-09-19,1204.0899658203125,-0.0098509486880802,-0.8906381561128355,0.3250616698190321,0.0187963428311643,0.6561419873498036,2,Medium volatility,train,0.035349060290544965,0.06924852590498774,0.14749078959066442,0.2649967430946425,-0.11750595350397808,-0.012142234861439727,2,1.0
2011-09-20,1202.0899658203125,-0.0016623864527245,-0.1697049210905352,0.1626123427258302,0.0676006627128395,0.7697869945613303,2,Medium volatility,train,0.024607947657466774,0.06732813157903894,0.15566069591942747,0.2653723659483486,-0.10971167002892115,-0.013783071996836926,3,1.0
2011-10-20,1215.3900146484375,0.0045438398210837,0.3767004985982101,0.4736426586084504,0.0205643108367791,0.5057930305547704,2,Medium volatility,train,0.009698081617397377,0.07323679675570974,0.2511935425799938,0.27710495509669647,-0.025911412516702648,-0.008152565077418905,1,1.0
2011-10-24,1254.18994140625,0.0127908066803721,1.102775763840451,0.4386258115547471,0.0056749470428018,0.555699241402451,2,Medium volatility,train,0.043451944587174676,0.07553006080207755,0.19108596094632402,0.2753916731877983,-0.08430571224147426,0.0,1,1.0
2011-10-26,1242.0,0.010481430544087,0.8994548436394949,0.4219683459686434,0.0085476991641525,0.569483954867204,2,Medium volatility,train,0.026201798338595476,0.07603967564218365,0.21463235776462988,0.2746083848462487,-0.05997602708161884,-0.009719374238149392,1,1.0
2011-11-18,1215.6500244140625,-0.000394756490472,-0.0581008881441831,0.4305114156517872,0.0216688889829794,0.5478196953652333,2,Medium volatility,train,-0.03888366523038823,-0.018420159237170133,0.1385284461493778,0.28788309778055476,-0.14935465163117698,-0.0540350817866081,1,1.0
2011-11-22,1188.0400390625,-0.0041494388570058,-0.3886687249860333,0.3131640975204915,0.0205567323549004,0.666279170124608,2,Medium volatility,train,-0.05706723678208803,-0.03393662968011504,0.1205240398153242,0.28252335237241544,-0.16199931255709124,-0.07551994750489122,1,1.0
2011-11-25,1158.6700439453125,-0.0026891193002507,-0.260100012682407,0.3007955513625223,0.0229458118256638,0.6762586368118138,2,Medium volatility,train,-0.04840085621127333,-0.10316674115118293,0.1436882845035193,0.2539936949875266,-0.1103054104840073,-0.09837437474216237,1,1.0
2011-12-06,1258.469970703125,0.0011051379065261,0.0739520521327849,0.3944253095992136,0.0634624851804799,0.5421122052203065,2,Medium volatility,train,0.051591554590839174,-0.002103537025610539,0.263286016758621,0.2813859659109755,-0.018099949152354466,-0.013676462976652926,1,0.0
2011-12-07,1261.010009765625,0.0020163207826575,0.1541739518638552,0.1948191660594562,0.1674733621304276,0.637707471810116,2,Medium volatility,train,0.011204437037269673,-0.011754526564677839,0.06683571972367329,0.2782621780959107,-0.2114264583722374,-0.002247075107942198,2,0.0
2011-12-08,1234.3499755859375,-0.0213684989509292,-1.904660463310576,0.3735721248939457,0.0012179257433466,0.6252099493627077,2,Medium volatility,train,-0.008253592335806926,0.004262321583381159,0.16695841063371844,0.2562190326418459,-0.08926062200812748,-0.023341377987781686,3,0.0
2011-12-09,1255.18994140625,0.0167424129070852,1.450681071106494,0.3762253524456633,0.0017913618585798,0.6219832856957568,2,Medium volatility,train,0.008729835944605673,0.012417533390984059,0.2047393380064933,0.26108476905471184,-0.05634543104821854,-0.006852106141531977,4,0.0
2011-12-12,1236.469970703125,-0.015026386904779,-1.3462914575083806,0.3516764315208075,0.0016071798375743,0.6467163886416182,2,Medium volatility,train,-0.016531014259439425,-0.02190207651830864,0.2145521145374479,0.25712855241958926,-0.042576437882141355,-0.019460621939917155,5,0.0
2011-12-13,1225.72998046875,-0.0087239530203051,-0.7914157762526514,0.2267351795673776,0.0116021164184835,0.7616627040141387,2,Medium volatility,train,-0.026360105186270626,-0.02102999285105844,0.213441636054455,0.2567827392758347,-0.04334110322137974,-0.027977596548525607,6,0.0
2011-12-14,1211.8199462890625,-0.0114132514971379,-1.0281856260893485,0.1640322774644882,0.0100374066376889,0.8259303158978227,2,Medium volatility,train,-0.03978967746606603,-0.03724884262549704,0.20727505103219265,0.2582483549865682,-0.05097330395437552,-0.03900846392623414,7,0.0
2011-12-15,1215.75,0.0032378528580823,0.2617194580843684,0.0769253201431533,0.0532608294523599,0.8698138504044868,2,Medium volatility,train,-0.015183325657054526,-0.01725519142545974,0.18469734079423544,0.252929446258464,-0.06823210546422853,-0.035891871924186525,8,0.0
2011-12-16,1219.6600341796875,0.0032109891019,0.259354332914319,0.034248250422635,0.128379147457549,0.8373726021198159,2,Medium volatility,train,-0.02871474946223973,0.002898469664146861,0.1204892389823335,0.24631000567558795,-0.12582076669325443,-0.03279115571304858,9,0.0
2011-12-19,1205.3499755859375,-0.0118021984585574,-1.062429096809709,0.0292893529155526,0.0488531181982591,0.9218575288861882,2,Medium volatility,train,-0.025490561016018126,-0.00850897230393854,0.10917737222177544,0.24976271191698468,-0.14058533969520925,-0.04413924849814055,10,0.0
2011-12-20,1241.300048828125,0.0293892959309438,2.564131519339296,0.2007632839507096,1.5571161784776785e-05,0.7992211448875056,2,Medium volatility,train,0.012622687935230772,0.03970489473195386,0.23782244494094912,0.2604838938361398,-0.022661448895190672,-0.015630296972157565,11,0.0
2011-12-21,1243.719970703125,0.0019476081648539,0.1481243904858988,0.0947558463607274,0.035005193550548,0.8702389600887246,2,Medium volatility,train,0.025983547597222576,0.04580194175381356,0.21209922467160153,0.25952700142370405,-0.047427776752102524,-0.01371126234415343,12,0.0
2011-12-22,1254.0,0.0082315771698304,0.7013743962044892,0.0526984006224601,0.060383078172147,0.8869185212053927,2,Medium volatility,train,0.03097727190897067,0.07637648938224016,0.21214506294361632,0.24405860879859023,-0.03191354585497391,-0.005559043712054179,13,0.0
2011-12-23,1265.3299560546875,0.0089944807831052,0.7685415684284067,0.031436385727497,0.0778703076439593,0.8906933066285437,2,Medium volatility,train,0.03676076359017587,0.08806008946559606,0.2112210000561866,0.24347992712468375,-0.032258927068497145,0.0,14,0.0
2011-12-27,1265.4300537109375,7.910481903916633e-05,-0.0163814315413173,0.014183883536854,0.1711620190564534,0.8146540974066925,2,Medium volatility,train,0.048642066867772435,0.05931811524602522,0.16542723481799523,0.22690294927458576,-0.06147571445659053,0.0,15,0.0
2011-12-28,1249.6400146484375,-0.0125565062565025,-1.1288394806286317,0.0157016694145908,0.0523470220885809,0.9319513084968282,2,Medium volatility,train,0.006696264680326138,0.044550402020125626,0.12320026265182163,0.23318723913341424,-0.10998697648159261,-0.0124780022540123,16,0.0
2011-12-29,1263.02001953125,0.010650172463281,0.9143111339370942,0.0127976629650148,0.0514423886105941,0.935759948424391,2,Medium volatility,train,0.015398828978753238,0.012797136147179625,0.13698753688640297,0.18519508757802422,-0.04820755069162125,-0.001904517893043467,17,0.0
2011-12-30,1257.5999755859375,-0.0043005707400647,-0.4019746014313788,0.0079644166002047,0.0961636112433079,0.8958719721564873,2,Medium volatility,train,0.002866681068858138,0.010407034984967527,0.13634535269498074,0.18579345426402058,-0.04944810156903984,-0.00618768149376403,18,0.0
2012-01-03,1277.06005859375,0.0153554836701772,1.328573752047001,0.0126450080980779,0.0252861038430149,0.962068888058907,2,Medium volatility,train,0.009227683955930138,0.026003534028472122,0.16006574741929688,0.1926958173924845,-0.032630069973187625,0.0,19,0.0
2012-01-04,1277.300048828125,0.0001879063444372,-0.0068023829335053,0.0073484897707825,0.0833632134840053,0.9092882967452122,2,Medium volatility,train,0.009336485481328174,0.015956977073643224,0.1600067123409506,0.1899419055353159,-0.0299351931943653,0.0,20,0.0
2012-01-05,1281.06005859375,0.0029393926694947,0.235442577833671,0.0049810693921535,0.1748668374483152,0.8201520931595312,2,Medium volatility,train,0.02483238440732537,0.017791231836611823,0.11293411765482841,0.19008525539767124,-0.07715113774284282,0.0,21,0.0
2012-01-06,1277.81005859375,-0.0025401850025392,-0.2469876149294379,0.0037195300787999,0.2823717785799627,0.7139086913412374,2,Medium volatility,train,0.011642026941505172,0.013234726051415124,0.1105089945519251,0.19039838095596479,-0.07988938640403968,-0.002536961462655807,22,0.0
2012-01-09,1280.699951171875,0.0022590443626082,0.1755436979414401,0.0026310748725324,0.4441858575525467,0.5531830675749209,2,Medium volatility,train,0.018201642044178075,0.03686226936495252,0.09779575147495079,0.17267545504193585,-0.07487970356698506,-0.00028110112360402173,23,0.0
2012-01-10,1292.0799560546875,0.0088465236130605,0.7555151984529166,0.0031052833943971,0.4497533200599894,0.5471413965456134,2,Medium volatility,train,0.011692681987061372,0.028966380070927823,0.05988220269042824,0.1661278848292907,-0.10624568213886246,0.0,24,0.0
2012-03-13,1395.949951171875,0.0179691330904345,1.5586833460883782,0.0074383306932594,0.3089033749214205,0.68365829438532,2,Medium volatility,train,0.03840122479567007,0.032160292846959856,0.09626520473602233,0.10965743556959563,-0.013392230833573299,0.0,1,0.0
2012-03-14,1394.280029296875,-0.001196978088596,-0.1287296744093916,0.0037921363004122,0.4634291996741911,0.5327786640253965,2,Medium volatility,train,0.030327324984080074,0.03190327976228926,0.11202297968603259,0.10973625853961136,0.002286721146421228,-0.0011962619960680376,2,0.0
2012-04-10,1358.5899658203125,-0.017229025277186,-1.5402150257444904,0.0108565323777442,0.112691108422901,0.8764523591993547,2,Medium volatility,train,-0.04353324210182893,-0.009158646939395243,0.09251937419214144,0.12752290963185994,-0.0350035354397185,-0.042599272450497105,1,0.0
2012-04-11,1368.7099609375,0.0074212898001233,0.630035487376464,0.0076336595743544,0.1574484191419697,0.8349179212836759,2,Medium volatility,train,-0.032115340481563726,-0.01970649022970644,0.13869819050954743,0.11267573219153589,0.026022458318011546,-0.035467694173203834,2,0.0
2012-04-12,1387.5699462890625,0.0136853152359766,1.1815296315173285,0.0105644442775804,0.0653091793769044,0.924126376345515,2,Medium volatility,train,-0.008175098393049625,-0.0048241969051338405,0.18193143717832708,0.1235620927181015,0.05836934446022558,-0.02217702947566469,3,0.0
2012-04-13,1370.260009765625,-0.0125534671250564,-1.1285719109622945,0.012150824668715,0.0215680221857903,0.9662811531454946,2,Medium volatility,train,-0.020099325365684623,-0.023327129731750343,0.1939668178835254,0.12837083704566424,0.06559598083786117,-0.03437537205017971,4,0.0
2012-04-16,1369.5699462890625,-0.0005037272401731,-0.0676948355120884,0.0072077693513846,0.0755034344577058,0.9172887961909096,2,Medium volatility,train,-0.009179614606315625,-0.02494962944862374,0.18515324246417061,0.12812943003463947,0.05702381242953114,-0.03486166099028487,5,0.0
2012-04-17,1390.780029296875,0.0153679791579541,1.3296738734318376,0.0118572770791998,0.0203925678420095,0.9677501550787904,2,Medium volatility,train,0.023417389828824475,-0.013547621804740537,0.1629294756233883,0.139539616394861,0.023389859228527293,-0.019914878359806654,6,0.0
2012-04-18,1385.1400146484375,-0.0040635337617462,-0.3811055122448515,0.0076650846751629,0.0570319206739091,0.935302994650928,2,Medium volatility,train,0.011932566266954972,-0.01460612683209684,0.1693953543545729,0.13980988720055293,0.029585467154019968,-0.023889406557167203,7,0.0
2012-04-19,1376.9200439453125,-0.005952075477202,-0.5473755422288116,0.0061847217872761,0.0837524553060781,0.9100628229066456,2,Medium volatility,train,-0.007704824446223626,-0.01868525240552404,0.14791169396195278,0.1409376934255085,0.006974000536444286,-0.029682034303284643,8,0.0
2012-04-20,1378.530029296875,0.0011685826213376,0.079537819472579,0.0044055008824547,0.1808039497125354,0.8147905494050098,2,Medium volatility,train,0.006017225300170374,-0.01028403555728874,0.11932144750267852,0.13919356634039545,-0.01987211883771693,-0.0285474748072565,9,0.0
2012-04-23,1366.93994140625,-0.0084431131028877,-0.7666902109619669,0.0052175923616875,0.1457134957660454,0.849068911872267,2,Medium volatility,train,-0.0019221605625442265,-0.02183118466773284,0.1347047351164268,0.14113123075722528,-0.006426495640798474,-0.03671503003584753,10,0.0
2012-04-24,1371.969970703125,0.0036730196416288,0.3000321908962232,0.0039099345594892,0.2590877021543226,0.7370023632861881,2,Medium volatility,train,-0.013617120078869527,-0.031948464990192445,0.07134602716608289,0.13171580971525196,-0.06036978254916907,-0.03317035958370296,11,0.0
2012-04-25,1390.68994140625,0.0135523428987411,1.1698225485769616,0.0073848489936097,0.1142391833999662,0.8783759676064239,2,Medium volatility,train,0.003998756581617776,-0.015575372337205339,0.12338036943693807,0.14160933322884964,-0.018228963791911565,-0.019978363454057124,12,0.0
2012-04-26,1399.97998046875,0.0066579521335077,0.5628301004488949,0.0056885364403754,0.1730199917136294,0.8212914718459952,2,Medium volatility,train,0.016608784192327475,-0.00396366152040864,0.11424502923190798,0.142987674473954,-0.02874264524204602,-0.01343165666159929,13,0.0
2012-04-27,1403.3599853515625,0.0024114139290238,0.1889585418759042,0.0038001542500203,0.3072974089829499,0.6889024367670298,2,Medium volatility,train,0.017851615500013678,5.6976352002660775e-05,0.1133334112846155,0.14316427510651406,-0.02983086382189855,-0.011049761302927452,14,0.0
2012-04-30,1397.9100341796875,-0.00389106227537,-0.3659208652887065,0.0030107479833151,0.4068530884222003,0.5901361635944845,2,Medium volatility,train,0.022403666327531376,-0.007525699544988239,0.09037485113447656,0.14310620741898245,-0.052731356284505884,-0.014890351435588922,15,0.0
2012-05-04,1369.0999755859375,-0.0162789957215894,-1.4565730064012372,0.0102392166973981,0.0900952191561294,0.8996655641464725,2,Medium volatility,train,-0.024715778957441127,-0.02094626352294154,0.11340421612214874,0.1502223767082773,-0.03681816058612855,-0.026119967069790473,1,0.0
2012-05-07,1369.5799560546875,0.0003505195828967,0.0075143291693693,0.0058916165321298,0.1899642281879726,0.8041441552798976,2,Medium volatility,train,-0.020474197099174425,-0.00917230594050274,0.11847252059342311,0.14542173722720772,-0.026949216633784606,-0.02577854321247719,2,0.0
2012-05-08,1363.719970703125,-0.0042878531349686,-0.4008549245064016,0.0043773651585261,0.2655997098607204,0.7300229249807535,2,Medium volatility,train,-0.030404485953827224,0.003768866201714658,0.09091187142441295,0.13297751638284697,-0.04206564495843401,-0.029946918662712596,3,0.0
2012-05-09,1354.5799560546875,-0.0067248275317819,-0.6154097859172845,0.00426233376241,0.2735470142236685,0.7221906520139214,2,Medium volatility,train,-0.034629507908950224,-0.010377251130190543,0.08636891700294519,0.13228751790999804,-0.04591860090705285,-0.03644847291406916,4,0.0
2012-05-10,1357.989990234375,0.0025142474063848,0.198012154631311,0.0028634496891609,0.4322964247417554,0.5648401255690836,2,Medium volatility,train,-0.024426909399058425,-0.02154831895978234,0.1042712828882418,0.1224545862074253,-0.018183303319183497,-0.03402281791558304,5,0.0
2012-05-14,1338.3499755859375,-0.011175073102339,-1.0072160448931042,0.0047228590980338,0.3045879934029232,0.6906891474990431,2,Medium volatility,train,-0.023066597696986123,-0.02305928903117324,0.07096177457454927,0.12117103213913233,-0.050209257564583054,-0.04799332295805392,1,0.0
2012-05-15,1330.6600341796875,-0.0057624082765022,-0.5306769589307887,0.0039364730626367,0.3458643696600921,0.6501991572772712,2,Medium volatility,train,-0.024541152838519723,-0.04418967646562954,0.07123809370674027,0.10597063857449329,-0.034732544867753026,-0.05346339857232385,2,0.0
2012-05-16,1324.800048828125,-0.0044135439289476,-0.4119209295157494,0.0030551111384155,0.4325124656657595,0.5644324231958248,2,Medium volatility,train,-0.022229869235685422,-0.044539686632830935,0.06976410758162957,0.10605468327974932,-0.03629057569811975,-0.057631774022559146,3,0.0
2012-05-17,1304.8599853515625,-0.0151657974056043,-1.358565365975744,0.0094797723223064,0.0727059466105606,0.9178142810671328,2,Medium volatility,train,-0.03990991404767452,-0.053753408561233236,0.07117772810776339,0.11458042750323943,-0.043402699395476044,-0.07181571239190598,4,0.0
2012-05-18,1295.219970703125,-0.0074152018267552,-0.6761913687575987,0.0076233598832238,0.0796073328590422,0.912769307257734,2,Medium volatility,train,-0.04393202454014832,-0.06233719300932604,0.062113381589191885,0.11478888804563421,-0.052675506456442325,-0.07867293096664896,5,0.0
2012-05-21,1315.989990234375,0.0159086843958391,1.377278369207524,0.0129790346542679,0.0179533127842605,0.9690676525614714,2,Medium volatility,train,-0.01684826704197022,-0.037985395510599235,0.16405130982651914,0.1304081366630624,0.03364317316345675,-0.06389862108004041,6,0.0
2012-05-22,1316.6300048828125,0.0004862187951424,0.0194614902536278,0.0075465764911689,0.0709158699893487,0.9215375535194824,2,Medium volatility,train,-0.010599639970325621,-0.04117219635708564,0.164256007333562,0.12915242878649977,0.035103578547062225,-0.06344336032625253,7,0.0
2012-05-23,1318.8599853515625,0.0016922705145487,0.1256440828364419,0.0050279027125161,0.1599715511025879,0.8350005461848959,2,Medium volatility,train,-0.004493825526829321,-0.05303226874127804,0.1645343788129371,0.11703999611020109,0.047494382702735996,-0.06185711133708682,8,0.0
2012-05-24,1320.6800537109375,0.0013790801585873,0.0980703366754676,0.0035702023666857,0.2931274423442132,0.7033023552891011,2,Medium volatility,train,0.01205105203736228,-0.05831114071619844,0.11964534259305107,0.11310832704111608,0.006537015551934991,-0.060562444573978635,9,0.0
2012-05-25,1317.8199462890625,-0.0021679807027599,-0.2142181931168375,0.0026827037111482,0.4301675974522489,0.5671496988366028,2,Medium volatility,train,0.017298273161357576,-0.06289053534798214,0.10113503794125123,0.11148891588969236,-0.010353877948441129,-0.06259692091600577,10,0.0
2012-05-29,1332.4200439453125,0.0110180552788277,0.9467000858310006,0.004288788185226,0.3353523562596845,0.6603588555550896,2,Medium volatility,train,0.012407644044346177,-0.04798141779378444,0.07110284278999861,0.12169638724840112,-0.050593544458402515,-0.05221145320743492,11,0.0
2012-05-30,1313.3199462890625,-0.0144386293047968,-1.294544401580228,0.0097996407484791,0.0641135320229758,0.926086827228545,2,Medium volatility,train,-0.0025172040555930236,-0.06806248281826544,0.1305324935789454,0.12477001415797966,0.005762479420965735,-0.06345965484546812,12,0.0
2012-05-31,1310.3299560546875,-0.0022792610600435,-0.2240154817818138,0.0061447502161337,0.1338443853513708,0.8600108644324955,2,Medium volatility,train,-0.006488735630185223,-0.06784193830165004,0.12959819376321374,0.12479246389780689,0.004805729865406852,-0.05838009828468915,13,0.0
2012-06-01,1278.0400390625,-0.0249512954143611,-2.2200952088213324,0.0421520022810535,0.0001685358097452,0.9576794619092012,2,Medium volatility,train,-0.03281911120313362,-0.08510488261250414,0.1940219550645811,0.14494589626137752,0.049076058803203565,-0.06683795026898909,14,0.0
2012-06-04,1278.1800537109375,0.0001095481949873,-0.0137011513069527,0.0198901817919081,0.0382759018023068,0.9418339164057852,2,Medium volatility,train,-0.030541582305386422,-0.06871633869592744,0.19713660082428563,0.1387752243427059,0.05836137648157974,-0.06673571845125659,15,0.0
2012-06-05,1285.5,0.0057105145943596,0.479416286100577,0.0113670416585404,0.0861995570619668,0.9024334012794928,2,Medium volatility,train,-0.03584912298985452,-0.06335634368446454,0.17560194388139927,0.14182342237226092,0.03377852150913835,-0.05735779513648631,16,0.0
2012-06-06,1315.1300048828125,0.0227877760480481,1.9829238606014727,0.0391183113979966,0.0011665135635386,0.9597151750384648,2,Medium volatility,train,0.0013772823629903778,-0.03628071450144783,0.2437951811980759,0.16770438188348025,0.07609079931459564,-0.031561341143733546,17,0.0
2012-06-07,1314.989990234375,-0.0001064701601674,-0.0327197295542375,0.0185968711870911,0.0399529295171593,0.9414501992957496,2,Medium volatility,train,0.0035500732628664777,-0.02966235712983334,0.2430368583556972,0.16682338811144315,0.07621347024425404,-0.03166444547398961,18,0.0
2012-06-08,1325.6600341796875,0.0080814207999893,0.6881544053981242,0.0122012109442018,0.0667229154340125,0.9210758736217856,2,Medium volatility,train,0.03658278947721688,-0.024095183736228834,0.13273316057724793,0.16959314696364997,-0.03685998638640203,-0.020489275204201407,19,0.0
2012-06-11,1308.9300537109375,-0.0127004238154011,-1.141510197212466,0.0135709290891486,0.0209958774251231,0.9654331934857282,2,Medium volatility,train,0.02377281746682848,-0.033402516217348535,0.1831404769126974,0.1741034630262471,0.009037013886450285,-0.021982233654631145,20,0.0
2012-06-12,1324.1800537109375,0.01158338990124,0.9964729893629608,0.0123666327901256,0.0237779559812311,0.9638554112286432,2,Medium volatility,train,0.029645692773708876,-0.010644053213769537,0.1884064950527689,0.1762402782784106,0.012166216774358307,-0.006184228668593361,21,0.0
2012-06-13,1314.8800048828125,-0.0070480300711039,-0.6438650196376532,0.0090032969911912,0.0403513172742456,0.9506453857345633,2,Medium volatility,train,-0.00019011334544311812,-0.011929675008371235,0.14383108062495242,0.17677631757463766,-0.032945236949685236,-0.013164046234672155,22,0.0
2012-06-14,1329.0999755859375,0.0107565926498693,0.9236805259235796,0.0088546667184487,0.0419225509370353,0.949222782344516,2,Medium volatility,train,0.010672949464593582,0.0032404615704456647,0.15928100100795684,0.18040328383646528,-0.02112228282850845,-0.002491758041664016,23,0.0
2012-06-15,1342.8399658203125,0.0102847456521466,0.8821384123355515,0.0084567028298509,0.0472929968564681,0.944250300313681,2,Medium volatility,train,0.012876274316750883,0.028691004628196563,0.1639723716251226,0.17455119726479779,-0.010578825639675188,0.0,24,0.0
2012-06-18,1344.780029296875,0.0014437039589356,0.1037599124648994,0.0055317968488708,0.1215759012504206,0.8728923019007085,2,Medium volatility,train,0.02702040209108758,0.03754991041388737,0.11477912127361103,0.17155719391552054,-0.05677807264190951,0.0,25,0.0
2012-06-19,1357.97998046875,0.0097678344176124,0.8366287761111253,0.0060873133912267,0.119495752582756,0.8744169340260171,2,Medium volatility,train,0.02520484660745998,0.03140906043566066,0.1103462193334649,0.16646904100112592,-0.05612282166766101,0.0,26,0.0
2012-06-20,1355.68994140625,-0.0016877805127712,-0.1719406520202913,0.0042889102306504,0.2198639323122262,0.7758471574571233,2,Medium volatility,train,0.03056509616579268,0.029235061127747066,0.08247986453668364,0.16681700943214547,-0.08433714489546183,-0.0016863570122068738,27,0.0
2012-06-21,1325.510009765625,-0.0225132081833763,-2.005442371829848,0.0255907637572269,0.0011392781394936,0.9732699581032794,2,Medium volatility,train,-0.0027047046674529146,0.0050295824298220645,0.1893664346115827,0.18628094179277402,0.0030854928188086828,-0.02391049291604208,28,0.0
2012-06-22,1335.02001953125,0.007148989234504,0.6060617393572189,0.0152202645634252,0.0275060544997383,0.9572736809368364,2,Medium volatility,train,-0.005840461085095515,0.010799491505738766,0.18120232572518155,0.18778457829692283,-0.006582252571741276,-0.01690743697824959,29,0.0
2012-06-25,1313.719970703125,-0.0160835023906029,-1.4393614819012637,0.0215654435615619,0.0034905243744222,0.9749440320640158,2,Medium volatility,train,-0.023367667434634014,-0.0031160301821042333,0.20151013683846433,0.19629197971921897,0.005218157119245365,-0.03259253479594537,30,0.0
2012-06-26,1319.989990234375,0.004761368161021,0.3958520181583733,0.0120276212579849,0.039160065105908,0.948812313636107,2,Medium volatility,train,-0.028374133691225416,-0.009372717299910932,0.1852810887300509,0.19296982953732672,-0.007688740807275829,-0.027975368400689926,31,0.0
2012-06-27,1331.8499755859375,0.0089447814196175,0.7641659623246838,0.0093874850854861,0.0575530566578939,0.9330594582566198,2,Medium volatility,train,-0.017741571758836717,0.014010693424503368,0.207751001959017,0.18854806490823864,0.019202937050778357,-0.01924181892121335,32,0.0
2012-06-28,1329.0400390625,-0.0021120283457669,-0.2092920641365973,0.0059957719249436,0.1253979977233736,0.8686062303516827,2,Medium volatility,train,0.002659608078772683,0.014177926138779967,0.1447129746647816,0.1885156489417729,-0.04380267427699128,-0.021311022122918577,33,0.0
2012-06-29,1362.1600341796875,0.0246147937349201,2.1437772233264343,0.0359541713874884,0.0006619164857299,0.9633839121267816,2,Medium volatility,train,0.020125412579188783,0.06374401528806117,0.21187575217994664,0.18136910837172815,0.030506643808218492,0.0,34,0.0
2012-07-02,1365.510009765625,0.0024562921587065,0.1929096881671942,0.0175262329583965,0.0389626332669049,0.9435111337746984,2,Medium volatility,train,0.038665207128498184,0.06609075925178036,0.14550304052737342,0.1810488019426069,-0.03554576141523347,0.0,35,0.0
2012-07-03,1374.02001953125,0.0062127715684248,0.523635739371864,0.0105419708242709,0.0829040415763687,0.9065539875993603,2,Medium volatility,train,0.04011661053590198,0.06659301622584557,0.14429591689364452,0.18114121675942332,-0.03684529986577881,0.0,36,0.0
2012-07-05,1367.5799560546875,-0.0046980415663213,-0.4369685259280288,0.0069508127172052,0.1304651681360684,0.8625840191467262,2,Medium volatility,train,0.026473787549963185,0.03910719861147617,0.1644954383483904,0.16845649827923026,-0.003961059930839866,-0.0046870230309741245,37,0.0
2012-07-06,1354.6800537109375,-0.0094774186555817,-0.8577520148138884,0.007308579924763,0.0873669041997562,0.9053245158754808,2,Medium volatility,train,0.019108397240148383,0.029736250116061867,0.18640036978982183,0.17296135502203028,0.013439014767791552,-0.014075461452818128,38,0.0
2012-07-09,1352.4599609375,-0.0016401761705182,-0.167749494711456,0.004929609643849,0.17395502199345,0.8211153683627008,2,Medium volatility,train,-0.007146572665289917,0.02001465314555437,0.08665807575395204,0.17155562740506905,-0.08489755165111701,-0.0156912259554306,39,0.0
2012-07-10,1341.469970703125,-0.0081591217895908,-0.7416871920767508,0.0053904572515104,0.1478889357734107,0.846720606975079,2,Medium volatility,train,-0.017761986613587216,0.02455595517136467,0.08885624493115718,0.16766103966526527,-0.07880479473410809,-0.023689646704878053,40,0.0
2012-07-11,1341.449951171875,-1.492368899036478e-05,-0.0246598416613944,0.0037618119642261,0.2735211283185401,0.7227170597172338,2,Medium volatility,train,-0.02398968187100238,0.012957641581134303,0.057698436169013836,0.16338216709556752,-0.10568373092655368,-0.023704216748229312,41,0.0
2012-07-12,1334.760009765625,-0.0049995743524595,-0.4635159222508287,0.0033845585710098,0.3385149454573639,0.6581004959716263,2,Medium volatility,train,-0.024291214657140583,0.015006097299778705,0.057703892927768105,0.16231663303952742,-0.10461274011175932,-0.0285730987959103,42,0.0
2012-07-13,1356.780029296875,0.0163627592475732,1.4172557965499586,0.0099211399293433,0.0718588095400674,0.9182200505305892,2,Medium volatility,train,0.0015489632460143152,0.020612263897482604,0.13498325544303516,0.1677394945359024,-0.032756239092867234,-0.012547117210312875,43,0.0
2012-07-16,1353.6400146484375,-0.0023169958916202,-0.2273377126472216,0.0061498963016426,0.1449369845689506,0.8489131191294066,2,Medium volatility,train,0.0008721435249123151,0.008010522353715804,0.13554328751999503,0.1646166526103808,-0.029073365090385772,-0.014832392973259001,44,0.0
2012-07-17,1363.6700439453125,0.0073823558099119,0.626607680795934,0.0052554409891785,0.1944680943179506,0.8002764646928708,2,Medium volatility,train,0.016413621124415016,0.013949174204692103,0.12270124064096488,0.16636379138264218,-0.0436625507416773,-0.0075326235708474965,45,0.0
2012-07-18,1372.780029296875,0.0066582753300847,0.5628585551576837,0.0043877638839216,0.2676676452675056,0.7279445908485727,2,Medium volatility,train,0.023086820143490082,0.010839615117164404,0.1209665953763104,0.1645657637270153,-0.04359916835070492,-0.0009024542704975103,46,0.0
2012-07-19,1376.510009765625,0.002713415248511,0.2155471885737153,0.002946191374635,0.4238275381228462,0.5732262705025188,2,Medium volatility,train,0.03079980974446058,0.015240810878446602,0.09774808211819001,0.1645188519459353,-0.06677076982774528,0.0,47,0.0
2012-07-20,1362.6600341796875,-0.0101126205341683,-0.9136761358084684,0.0048191641499068,0.2641468457193186,0.7310339901307744,2,Medium volatility,train,0.004324429962719079,0.027641398527654598,0.10290008696704067,0.14708412523809594,-0.04418403827105527,-0.010061659913606968,48,0.0
2012-07-23,1350.52001953125,-0.0089489790037076,-0.8112273995285892,0.0055834983304388,0.1932655841947353,0.8011509174748259,2,Medium volatility,train,-0.00230755314936832,0.011543430289443,0.12036997534005034,0.14965373801968013,-0.029283762679629788,-0.018881076090976112,49,0.0
2012-07-24,1338.31005859375,-0.0090820501924238,-0.8229431855007852,0.0062093270669068,0.1377121152940761,0.8560785576390169,2,Medium volatility,train,-0.018771959151704022,0.0185448824876221,0.11135962574439039,0.14157493460035292,-0.030215308855962533,-0.02775130649313562,50,0.0
2012-07-25,1337.8900146484375,-0.0003139107221183,-0.0509831060913776,0.0041237872027912,0.2575388726361333,0.7383373401610753,2,Medium volatility,train,-0.025744145203907023,0.013469603604482797,0.08392253871549732,0.14093054230225455,-0.05700800358675723,-0.028056457884939934,51,0.0
2012-07-26,1360.02001953125,0.0164056628649511,1.421033095028177,0.0106325603822099,0.0501793669099989,0.9391880727077913,2,Medium volatility,train,-0.012051897587466925,0.020930485049816396,0.159541192617708,0.14860298456820512,0.010938208049502879,-0.01197956434561831,52,0.0
2012-07-27,1385.969970703125,0.0189008144904505,1.6407099664422584,0.0219903733292891,0.0041806266851915,0.9738289999855192,2,Medium volatility,train,0.01696153743715188,0.0419433278860338,0.19201124010655832,0.16029830734314066,0.03171293276341766,0.0,53,0.0
2012-07-30,1385.300048828125,-0.0004834764446108,-0.065911925260339,0.0114102796032439,0.0451438763126857,0.9434458440840704,2,Medium volatility,train,0.02542703999624868,0.016845057706502898,0.17095829606632196,0.13781821202320257,0.03314008404311938,-0.0004833595887074882,54,0.0
2012-07-31,1379.3199462890625,-0.0043261727662198,-0.4042286420075655,0.0074040612405242,0.0877283974568048,0.9048675413026708,2,Medium volatility,train,0.03018291742245268,0.010062592781576597,0.15279705252499395,0.13881150141080553,0.013985551114188421,-0.004798101369172358,55,0.0
2012-08-01,1375.3199462890625,-0.0029041929017452,-0.27903541340805,0.0051516911416105,0.1611114382206618,0.8337368706377276,2,Medium volatility,train,0.027592635242825778,0.000945628311406598,0.1589829728178346,0.13766550715698253,0.021317465660852075,-0.00768416678512851,56,0.0
2012-08-02,1365.0,-0.0075319636241362,-0.6864712515860457,0.0052594142091885,0.1533337031374261,0.8414068826533854,2,Medium volatility,train,0.003655008753738481,-0.0018882937464083024,0.14869310168137742,0.13923652810939913,0.009456573571978294,-0.015130176804975526,57,0.0
2012-08-03,1390.989990234375,0.0188612881853025,1.6372300115710856,0.0154223717264416,0.0115891135135861,0.9729885147599722,2,Medium volatility,train,0.0036154824485904787,0.0264504130944759,0.14844968297706862,0.14932839832873746,-0.0008787153516688351,0.0,58,0.0
2012-08-06,1394.22998046875,0.0023265607240574,0.1814879391253617,0.0087199787594245,0.0589557023017416,0.932324318938834,2,Medium volatility,train,0.006425519617258678,0.030417149989051498,0.14837089896390587,0.14896698324999313,-0.0005960842860872617,0.0,59,0.0
2012-08-07,1401.3499755859375,0.0050937627425931,0.4251165329912692,0.0060944121628756,0.1210097478762652,0.8728958399608591,2,Medium volatility,train,0.015845455126071578,0.0436700345212354,0.14235046038791035,0.14512309115672425,-0.0027726307688138996,0.0,60,0.0
2012-08-08,1402.219970703125,0.0006206338074532,0.0312955884598287,0.0041493945450952,0.2370966381091851,0.7587539673457195,2,Medium volatility,train,0.019370281835269978,0.04430559201767897,0.13640657006303936,0.1450184008320499,-0.008611830769010537,0.0,61,0.0
2012-08-09,1402.800048828125,0.0004135999951726,0.0130680227704572,0.0029092990181451,0.3925990893873212,0.6044916115945337,2,Medium volatility,train,0.02731584545457878,0.049718766365311064,0.10962210673581246,0.1428176962892964,-0.03319558955348392,0.0,62,0.0
2012-09-06,1432.1199951171875,0.0202295366120068,1.7576926442319285,0.00454223657959,0.4067503333617895,0.5887074300586204,2,Medium volatility,train,0.015218705674001874,0.021099186404375744,0.15100529170017518,0.09111664129930545,0.05988865040086973,0.0,1,0.0
2012-09-13,1459.989990234375,0.016178172153844,1.4010044734482083,0.0054076944126053,0.4053935519433677,0.5891987536440269,2,Medium volatility,train,0.019273719192183875,0.03801510299504754,0.11358230734288184,0.10832784210018757,0.005254465242694267,0.0,1,0.0
2012-10-19,1433.18994140625,-0.0167101446000357,-1.4945319968540989,0.0040761117768277,0.4404139743854538,0.5555099138377184,2,Medium volatility,train,0.003214768218861571,-0.01863649874152684,0.1537709939315195,0.10917838139475057,0.044592612536768925,-0.01930346416897255,1,0.0
2012-10-23,1413.1099853515625,-0.0145492349707376,-1.3042822894128694,0.0080274105787673,0.1630288521968377,0.8289437372243948,2,Medium volatility,train,-0.02915800764316323,-0.01995370854576614,0.13165921371321135,0.11441230186623289,0.017246911846978463,-0.033043682944963404,1,0.0
2012-10-24,1408.75,-0.0030901524835877,-0.2954075724107939,0.0050456926751692,0.2581082567023797,0.736846050622451,2,Medium volatility,train,-0.03635676625270523,-0.017290607817613043,0.11050183432291337,0.11338395172633553,-0.0028821174034221603,-0.03602711340802944,2,0.0
2012-10-25,1412.969970703125,0.0029910649483948,0.2399918823535268,0.0032374044128605,0.4100548907380154,0.5867077048491242,2,Medium volatility,train,-0.030918981427415528,-0.023902270577452443,0.12667840325560611,0.10786652580639523,0.01881187744921088,-0.03313949151626383,3,0.0
2012-11-02,1414.199951171875,-0.0094237182428917,-0.853024150369569,0.0034133743708005,0.4863352853078215,0.5102513403213779,2,Medium volatility,train,0.0038611792891244754,-0.025682109688250042,0.10371378625194161,0.11694850275135743,-0.013234716499415822,-0.032297846211623016,1,0.0
2012-11-07,1394.530029296875,-0.0239904841792046,-2.135503954325352,0.0307754444925179,0.0035216058387729,0.9657029496687092,2,Medium volatility,train,-0.012563009353326321,-0.04305307019986414,0.2028888641499186,0.1421623990539219,0.06072646509599672,-0.04543743511220755,1,0.0
2012-11-08,1377.510009765625,-0.0122799333135095,-1.1044895861318085,0.0258801987508292,0.0062551319155523,0.9678646693336184,2,Medium volatility,train,-0.03571015526782162,-0.04539282137823174,0.17761965901687735,0.14399598208424544,0.03362367693263191,-0.05708772098405923,2,0.0
2012-11-09,1379.8499755859375,0.0016972512798218,0.1260825968414669,0.0130391606343377,0.0499588518948852,0.937001987470777,2,Medium volatility,train,-0.02458918574510812,-0.037488314531928336,0.18433014152393756,0.14386937013258397,0.040460771391353595,-0.055486003037323095,3,0.0
2012-11-12,1380.030029296875,0.0001304793765486,-0.0118583388568411,0.0072911633936485,0.1250955529900222,0.8676132836163292,2,Medium volatility,train,-0.026620177713616723,-0.03755320559236454,0.18081651999194912,0.14385778198838625,0.03695873800356286,-0.0553627553993955,4,0.0
2012-11-13,1374.530029296875,-0.0039933834747456,-0.3749293763260545,0.0051563914156554,0.1939180263608393,0.8009255822235052,2,Medium volatility,train,-0.038436070311089324,-0.03857604411109354,0.15055170876280224,0.14399914624323712,0.006552562519565125,-0.059127532060052945,5,0.0
2012-11-14,1355.489990234375,-0.0139488704443273,-1.2514253008747822,0.0096194693867201,0.038922130124091,0.951458400489189,2,Medium volatility,train,-0.02839445657621202,-0.060570385308087935,0.10114030414996705,0.14490665804342479,-0.04376635389345773,-0.07216053109287235,6,0.0
2012-11-15,1353.3299560546875,-0.0015948159570164,-0.1637559138457017,0.0061475762749867,0.0999207621968194,0.8939316615281937,2,Medium volatility,train,-0.017709339219718925,-0.07238275708227514,0.08788087519796571,0.1368398936947711,-0.04895901849680538,-0.07363908495940141,7,0.0
2012-11-16,1359.8800048828125,0.0048282747351757,0.4017425727591972,0.0047194429013182,0.1819097893479958,0.8133707677506858,2,Medium volatility,train,-0.014578315764365024,-0.07166308847305375,0.098852522118964,0.13737359169655058,-0.03852106957758658,-0.0668752406598836,8,0.0
2012-11-19,1386.8900146484375,0.0196673767395472,1.7081992504219443,0.016409296748594,0.0100663675219249,0.9735243357294808,2,Medium volatility,train,0.004958581598633579,-0.04954899185661164,0.17652309628236998,0.15924364588980133,0.017279450392568646,-0.03273070078435347,9,0.0
2012-11-20,1387.81005859375,0.000663166435828,0.0350402245127675,0.0090187635262261,0.0569974687727577,0.9339837677010162,2,Medium volatility,train,0.009615131509207179,-0.03217568082074793,0.17232171429377927,0.15079883055234744,0.021522883741431825,-0.032089027506133405,10,0.0
2012-11-21,1391.030029296875,0.0023174936609713,0.180689661364879,0.0057448079129922,0.1359641491029703,0.8582910429840374,2,Medium volatility,train,0.025881495614505777,-0.030297672838327332,0.11974506229936299,0.15125951362405501,-0.03151445132469202,-0.026155311202422316,11,0.0
2012-11-23,1409.1500244140625,0.0129422020689684,1.1161048397064106,0.0083103371203377,0.0684016941996946,0.9232879686799677,2,Medium volatility,train,0.04041851364049058,-0.002806235798621333,0.11374344807294426,0.15131465091670235,-0.03757120284375809,-0.013469703678312572,12,0.0
2012-11-26,1406.2900390625,-0.0020316442693264,-0.2022149301285888,0.0054857186987919,0.1423340636200456,0.8521802176811625,2,Medium volatility,train,0.03355859463598848,-0.0017477275843600332,0.13071355346475746,0.15109880870901748,-0.02038525524426002,-0.01547194768886484,13,0.0
2012-11-27,1398.93994140625,-0.0052402936852278,-0.4847092114165087,0.0046599643902589,0.1893177761439985,0.8060222594657426,2,Medium volatility,train,0.008650924211213476,-0.009979086217982634,0.09783945347921667,0.15166844307427074,-0.05382898959505407,-0.020617669502146385,14,0.0
2012-11-28,1409.9300537109375,0.0078253307601254,0.6656078562494931,0.0045484925238285,0.232028719110568,0.7634227883656034,2,Medium volatility,train,0.015813088535510875,-0.001424507889212832,0.10426172660871169,0.15436853749944277,-0.050106810890731074,-0.012923613822687918,15,0.0
2012-11-29,1415.949951171875,0.0042605535668815,0.3517595541675093,0.0033537427400632,0.3619349721521953,0.6347112851077414,2,Medium volatility,train,0.01775614844142108,0.002680178126388668,0.10419793037890875,0.15509613581179793,-0.050898205432889185,-0.00870915040639253,16,0.0
2012-12-31,1426.18994140625,0.0168000272698858,1.4557535255574408,0.0082554369205212,0.2547199091808504,0.7370246538986283,2,Medium volatility,train,-0.002772839082534121,0.007043368100713061,0.14800855576581917,0.11380868548899234,0.03419987027682683,-0.014238484576240662,1,0.0
2013-01-02,1462.4200439453125,0.0250861159586976,2.1852731350334613,0.0506838953119637,0.0011218997630698,0.9481942049249664,2,Medium volatility,train,0.02475655584742948,0.03688600322567126,0.21730773117060811,0.1406086236410889,0.07669910752951922,0.0,2,0.0
2013-01-03,1459.3699951171875,-0.0020877954235247,-0.2071585615113523,0.0240229648832749,0.0360899493464456,0.9398870857702796,2,Medium volatility,train,0.02746771721383028,0.03650948359320076,0.2117886101073551,0.14073456699131895,0.07105404311603616,-0.0020856174946130013,3,0.0
2013-01-04,1466.469970703125,0.0048532999789809,0.4039458325568461,0.0127979304593385,0.0894516067625574,0.897750462778104,2,Medium volatility,train,0.03354020210907818,0.03977917591759446,0.20550502134195373,0.1411178917802894,0.06438712956166431,0.0,4,0.0
2013-01-07,1461.8900146484375,-0.0031280032591221,-0.2987400111552046,0.0073758485018582,0.1609770121850578,0.8316471393130839,2,Medium volatility,train,0.041523644524917476,0.03335003679976276,0.17453432452008502,0.14211415787069187,0.03242016664939315,-0.0031231161538831653,5,0.0
2013-01-08,1457.1500244140625,-0.0032476391807332,-0.3092729361685319,0.0048379378494964,0.252582715481174,0.7425793466693296,2,Medium volatility,train,0.021475978074298484,0.027185735619679262,0.17175522981764124,0.14302878099001437,0.02872644882762687,-0.006355361156555994,6,0.0
2013-01-09,1461.02001953125,0.0026523453586815,0.2101705043681364,0.0031556920139519,0.4065500178893246,0.5902942900967233,2,Medium volatility,train,-0.0009577925257176173,0.029499577728384758,0.052695924487680575,0.14304473871781173,-0.09034881423013116,-0.0037163742052365167,7,0.0
2013-01-10,1472.1199951171875,0.0075687001092106,0.6430137108974491,0.0029975621504928,0.4633884778494903,0.5336139600000169,2,Medium volatility,train,0.008698703007017684,0.03054074652230306,0.0684899035674,0.143552566167626,-0.07506266260022598,0.0,8,0.0
2013-02-25,1487.8499755859375,-0.0184792755847746,-1.6502889279669997,0.0120213339856358,0.0982221670923629,0.8897564989220013,2,Medium volatility,train,-0.021240084652310618,-0.010104362517506637,0.1704935479359509,0.11748466504408206,0.053008882891868836,-0.028146085065056226,1,0.0
2013-02-26,1496.93994140625,0.0060908768625678,0.5129039476238391,0.0076153775804321,0.16250557070333,0.8298790517162378,2,Medium volatility,train,-0.022458902231103417,-0.002162151380146739,0.16645720871180292,0.1195336022945255,0.046923606417277414,-0.022208578586544125,2,0.0
2013-02-27,1515.989990234375,0.0126456991190195,1.0900002776653028,0.0094827536581693,0.0873125782576859,0.9032046680841448,2,Medium volatility,train,0.0026685083179217826,0.005390543957667662,0.1814614997786537,0.1263368749880028,0.05512462479065089,-0.00976521074898773,3,0.0
2013-02-28,1514.6800537109375,-0.0008644534614576,-0.0994537101708347,0.0056879325088818,0.1799955960191302,0.814316471471988,2,Medium volatility,train,0.008127060322129483,0.008433335167962063,0.17423240443672114,0.12550523191214918,0.048727172524571954,-0.010620852755580334,4,0.0
2013-03-01,1518.199951171875,0.0023211594495267,0.1810124028579754,0.0037573842013965,0.3172040544956502,0.6790385613029533,2,Medium volatility,train,0.0017140063848817815,0.013321086575881063,0.16558924475747921,0.12517771400257094,0.040411530754908276,-0.008321678656233011,5,0.0
2013-03-04,1525.199951171875,0.0046001265483504,0.3816560660361655,0.0027889756098718,0.4532046594910157,0.5440063648991126,2,Medium volatility,train,0.024793408518006783,0.007918699900221461,0.07147622679718905,0.12144030233170186,-0.049964075534512806,-0.003749324241356322,6,0.0
2013-03-05,1539.7900390625,0.0095205518724998,0.8148576519395532,0.0034659312111396,0.4284910776264063,0.5680429911624539,2,Medium volatility,train,0.028223083527938782,0.029045084482372963,0.07729511286097375,0.11704993385691305,-0.0397548209959393,0.0,7,0.0
2013-04-15,1552.3599853515625,-0.0232341245503651,-2.068912924253534,0.0172194468040142,0.0320637650525964,0.9507167881433892,2,Medium volatility,train,-0.006875457553211315,-0.005358063090927241,0.18920868177289787,0.12505136565494843,0.06415731611794945,-0.025737907636831592,1,0.0
2013-04-16,1574.5699462890625,0.0142058408280645,1.2273574811727357,0.0184795503743255,0.015340228765534,0.9661802208601404,2,Medium volatility,train,0.003792317468276383,0.014373348072161257,0.2137090880760639,0.13298055937398853,0.08072852870207536,-0.01179892233802371,2,0.0
2013-04-17,1552.010009765625,-0.0144313136859839,-1.2939003235863888,0.0209256258678434,0.0047221842604255,0.9743521898717308,2,Medium volatility,train,-0.022754439547256214,0.002367504113053056,0.2090359039635578,0.1426900085188512,0.06634589544470662,-0.025957552532248185,3,0.0
2013-04-18,1541.6099853515625,-0.0067235559695442,-0.6152978356809415,0.0131068699686587,0.0243777165939401,0.9625154134374012,2,Medium volatility,train,-0.03302395169637762,-0.011031215672308442,0.19891377044703154,0.14246219223482015,0.05645157821221139,-0.03248461432325278,4,0.0
2013-04-19,1555.25,0.0088089890510545,0.7522105996192784,0.0099217300158936,0.0443651034450922,0.9457131665390142,2,Medium volatility,train,-0.021374164326774213,0.006094697134750759,0.2223935024994485,0.14302069419501096,0.07937280830443755,-0.023924132645904317,5,0.0
2013-04-22,1562.5,0.0046507982154269,0.3861172751983435,0.0065908648147957,0.1031914607175968,0.8902176744676075,2,Medium volatility,train,0.006510758439017786,0.0035968515468782587,0.16589052888354136,0.14177026445031835,0.024120264433223015,-0.0193740281364575,6,0.0
2013-04-23,1578.780029296875,0.0103653128055531,0.8892316647127635,0.0070724197943874,0.0932307605689203,0.8996968196366923,2,Medium volatility,train,0.002670230416506386,0.01730779365337816,0.15204943316304026,0.14536485598997287,0.006684577173067391,-0.009156671623679835,7,0.0
2013-04-24,1578.7900390625,6.340170072505202e-06,-0.0227877397877512,0.0046849130869193,0.1934775544792936,0.8018375324337871,2,Medium volatility,train,0.01710788427256279,0.009559170628815264,0.09871295044804407,0.14319336362886653,-0.044480413180822465,-0.009150389488547628,8,0.0
2013-04-25,1585.1600341796875,0.0040266145649914,0.3311632154473468,0.0035352891822081,0.3177148971622983,0.6787498136554935,2,Medium volatility,train,0.02785805480709839,0.014174308246371864,0.05839892206653321,0.1436497858385628,-0.08525086377202959,-0.005152576590910507,9,0.0
2013-04-26,1582.239990234375,-0.0018438118015176,-0.1856778794513721,0.002543881777635,0.4628995836045358,0.534556534617829,2,Medium volatility,train,0.017205253954526288,0.008282033048662665,0.06715453007238024,0.14336995044352746,-0.07621542037114722,-0.006985197987234515,10,0.0
2013-05-03,1614.4200439453125,0.01047956394817,0.8992905057503462,0.0038894685023657,0.4545270291740133,0.541583502323621,2,Medium volatility,train,0.020134227896915984,0.038606943287093166,0.1147602805228806,0.1467281497351568,-0.03196786921227619,0.0,1,0.0
2013-06-05,1608.9000244140625,-0.0138755545439224,-1.2449704596293605,0.0054926477614085,0.3372681255813131,0.6572392266572784,2,Medium volatility,train,-0.024230114497330014,-0.010547655703522363,0.1350291531525321,0.10954300587165319,0.025486147280878918,-0.03610199653218982,1,0.0
2013-06-06,1622.56005859375,0.008454454144231,0.7209968175219755,0.0047222177516614,0.3622178700525627,0.6330599121957758,2,Medium volatility,train,-0.019439285467411718,-0.006223740425988363,0.15253766766084745,0.1128317496299043,0.039705918030943144,-0.027918219123212573,2,0.0
2013-06-07,1643.3800048828125,0.0127499145269451,1.099175557649202,0.0073673868869194,0.2022076689003742,0.7904249442127063,2,Medium volatility,train,0.007721205981390084,0.010220092129729836,0.1555719365260401,0.12068941840926171,0.03488251811677838,-0.015444911673520023,3,0.0
2013-06-10,1642.81005859375,-0.0003468736036369,-0.0538852073548027,0.0041965564772772,0.3448085175050043,0.6509949260177184,2,Medium volatility,train,0.0014558925180113843,0.0055608747545079365,0.15173284982738844,0.11991438718972926,0.03181846263765918,-0.015786368620362534,4,0.0
2013-06-11,1626.1300048828125,-0.0102052641848207,-0.9218326210191116,0.0058882004038021,0.2030178912300551,0.7910939083661429,2,Medium volatility,train,-0.0032233236612039164,-0.004687277879182447,0.16324658890045793,0.12528900497943177,0.03795758392102616,-0.02577945099076262,5,0.0
2013-06-12,1612.52001953125,-0.0084047769080513,-0.7633150351780521,0.0059946807180774,0.1640386707995226,0.8299666484823999,2,Medium volatility,train,0.0022474539746671837,-0.023183121756383946,0.1433874830747523,0.1223911448128804,0.020996338261871902,-0.033933243960201476,6,0.0
2013-06-13,1636.3599853515625,0.0146760690973595,1.2687570794951455,0.0102378361238051,0.0518090314121725,0.9379531324640225,2,Medium volatility,train,0.008469068927795684,-0.013608156149235247,0.16474501428636368,0.13261800079163416,0.03212701349472952,-0.019650631549086084,7,0.0
2013-06-14,1626.72998046875,-0.0059024010624586,-0.5430021326497557,0.0073869975238678,0.0788015127426707,0.9138114897334614,2,Medium volatility,train,-0.010183246661608015,-0.014488225226282844,0.14276358121328858,0.13301540973144885,0.009748171481839735,-0.02542000338019701,8,0.0
2013-06-17,1639.0400390625,0.007538875562715,0.6403879133312648,0.0061809235448559,0.1166455301979022,0.8771735462572418,2,Medium volatility,train,-0.0022974974952561155,-0.017196761650130545,0.15566603933618742,0.13050682007656628,0.02515921925962114,-0.01804500137818721,9,0.0
2013-06-18,1651.81005859375,0.0077609634287831,0.659940860373954,0.0055317198038404,0.1551605915952612,0.8393076886008983,2,Medium volatility,train,0.015668730118347685,-0.008727929816640046,0.13998957866089348,0.13387667588815313,0.006112902772740347,-0.01039443506354032,10,0.0
2013-06-19,1628.9300537109375,-0.0139483013284813,-1.2513751950666847,0.0098297536979961,0.0307383826607958,0.959431863641208,2,Medium volatility,train,0.010125205697917684,-0.024397135828124143,0.16517784989972886,0.14145687073581642,0.023720979163912442,-0.01875233653244024,11,0.0
2013-06-20,1588.18994140625,-0.025328424392299,-2.253298206645726,0.0548635148675269,3.99681453388103e-05,0.9450965169871344,2,Medium volatility,train,-0.029879287791740816,-0.04141748595464434,0.20197906372187685,0.1628431475324476,0.03913591618942924,-0.04329368495762842,12,0.0
2013-06-21,1592.4300537109375,0.002666219053526,0.211391965159235,0.0257999134679625,0.0372486232731005,0.936951463258937,2,Medium volatility,train,-0.021310667675756217,-0.03582315179651185,0.2093306777024076,0.16362047326240048,0.04571020444000712,-0.04073949284708556,13,0.0
2013-06-24,1573.0899658203125,-0.0122193689596272,-1.0991574100651873,0.0226455145602895,0.0157075718698858,0.9616469135698246,2,Medium volatility,train,-0.04106891219809842,-0.047491003257150846,0.18988557030157382,0.16744177794674966,0.02244379235482416,-0.05238972669887054,14,0.0
2013-06-25,1588.030029296875,0.0094524565593028,0.8088624389800662,0.0156205614137608,0.0320364192847487,0.9523430193014903,2,Medium volatility,train,-0.03937741906757872,-0.04435950880700804,0.19721973928843894,0.16982439343141392,0.027395345857025022,-0.04012306714261793,15,0.0
2013-06-26,1603.260009765625,0.0095447896661893,0.8169915834542857,0.0117816002924715,0.0457223712319231,0.9424960284756052,2,Medium volatility,train,-0.01588432807290812,-0.027741782897653146,0.21625955192152685,0.17353019919618187,0.04272935272534498,-0.030917380430072416,16,0.0
2013-06-27,1613.199951171875,0.0061806913002966,0.5208113447080258,0.0078665425026623,0.0922172787427142,0.8999161787546235,2,Medium volatility,train,0.015624787619687483,-0.025224716711669246,0.12822982809372527,0.17466806971783383,-0.04643824162410856,-0.023374423240130504,17,0.0
2013-06-28,1606.280029296875,-0.0042987889804679,-0.4018177326584205,0.0056318935479523,0.1478285599035187,0.8465395465485288,2,Medium volatility,train,0.008659779585693583,-0.015112928770280441,0.1368244631789214,0.16847008580217132,-0.03164562262324991,-0.027563719605652737,18,0.0
2013-07-01,1614.9599609375,0.0053891996093904,0.4511272354813112,0.0043934063640248,0.2375278427964492,0.7580787508395258,2,Medium volatility,train,0.026268348154711182,-0.01564216902063184,0.08037290952400206,0.16821566881132158,-0.08784275928731952,-0.02230891951803582,19,0.0
2013-07-02,1614.0799560546875,-0.0005450566900506,-0.0713335419352049,0.0030254537306783,0.3871145566438955,0.6098599896254261,2,Medium volatility,train,0.01627083490535778,-0.010661177705077041,0.07911052257355122,0.16732610756190275,-0.08821558498835153,-0.022841671379083106,20,0.0
2013-08-27,1630.47998046875,-0.0160015392291841,-1.4321453228960628,0.0044571500030265,0.4303737844305316,0.565169065566442,2,Medium volatility,train,-0.013324064272962016,-0.033460673319373246,0.13464389516975878,0.10518839833795264,0.029455496831806136,-0.04631891618912609,1,0.0
2013-10-10,1692.56005859375,0.0215956228828364,1.8779649174640256,0.0183100615731099,0.0467989409216458,0.9348909975052444,2,Medium volatility,train,0.008246333849822084,0.005414745764201555,0.1917407487574233,0.12542564636591852,0.06631510239150479,-0.019101465392707406,1,0.0
2013-10-11,1703.199951171875,0.006266595617328,0.5283744889328359,0.0108703059579076,0.0929488086494516,0.8961808853926407,2,Medium volatility,train,0.007484462762866884,0.008970339728426455,0.19072182382671432,0.12689196400536576,0.06382985982134856,-0.012935270589001013,2,0.0
2013-10-14,1710.1400146484375,0.0040664411452882,0.3346696069905748,0.0065072385987063,0.1806557198312594,0.8128370415700343,2,Medium volatility,train,0.020093651444974388,0.007359772577893455,0.173276980541179,0.12617612592675778,0.047100854614421206,-0.008913257863557345,3,0.0
2013-10-15,1698.06005859375,-0.0070887896137588,-0.6474535505786958,0.0057064440003737,0.1824991721101969,0.8117943838894293,2,Medium volatility,train,0.025413611762298786,-0.003937886632417645,0.14952183321080922,0.12788560585741016,0.021636227353399068,-0.015914020484653513,4,0.0
2013-10-16,1721.5400390625,0.013732804307132,1.1857106401867676,0.0090404905640106,0.0748935740499434,0.916065935386046,2,Medium volatility,train,0.03857267433882579,-0.002309203883701245,0.15283247114701776,0.12996671919000136,0.0228657519570164,-0.00046444184869831595,5,0.0
2013-10-17,1733.1500244140625,0.0067213144137374,0.5684086101251303,0.0066591313980048,0.1236467045022999,0.8696941640996952,2,Medium volatility,train,0.02369836586972679,0.006256764678517457,0.10707954510891751,0.13189537012695066,-0.024815825018033144,0.0,6,0.0
2013-10-18,1744.5,0.0065274054636228,0.5513365768807224,0.0052745970890099,0.1867978188108719,0.8079275841001181,2,Medium volatility,train,0.02395917571602159,0.020027224104987657,0.1072796059306728,0.13055341525056724,-0.023273809319894437,0.0,7,0.0
2013-10-21,1744.6600341796875,9.173220960434492e-05,-0.0152696972382258,0.0035253027266933,0.3271293885584498,0.6693453087148569,2,Medium volatility,train,0.019984466780337735,0.024849715256543402,0.11151919717107603,0.12894172135063842,-0.017422524179562388,0.0,8,0.0
2013-10-22,1754.6700439453125,0.0057211162396271,0.4803496707656234,0.0028959344424934,0.4388323255794655,0.558271739978041,2,Medium volatility,train,0.03279437263372363,0.0331713529939018,0.06883696736645156,0.12903095361908176,-0.0601939862526302,0.0,9,0.0
2014-01-24,1790.2900390625,-0.0210964214273401,-1.8807063522444072,0.0131319666206637,0.0673306820737388,0.9195373513055974,2,Medium volatility,train,-0.03058391421934021,-0.02375086179696124,0.13487747638429767,0.11169976196249472,0.023177714421802956,-0.031427501740366126,1,0.0
2014-01-27,1781.56005859375,-0.0048882218533394,-0.4537122821109447,0.0082381392496201,0.1090646691283954,0.8826971916219843,2,Medium volatility,train,-0.03156935575266481,-0.03337338827143334,0.13420568455398324,0.11022341032800372,0.023982274225979525,-0.03615054594431133,2,0.0
2014-01-28,1792.5,0.0061218756224317,0.5156331246866779,0.0059063306623415,0.1757199509663556,0.8183737183713029,2,Medium volatility,train,-0.028217392373051015,-0.026914871638394545,0.1467426224822409,0.11342526981161771,0.03331735267062319,-0.03023188128804466,3,0.0
2014-01-29,1774.199951171875,-0.0102617039084957,-0.926801658489096,0.0071483443802615,0.0974799381067742,0.8953717175129643,2,Medium volatility,train,-0.039053796331314415,-0.03699730558487564,0.13955609817595058,0.11741266264680239,0.022143435529148187,-0.04013246925144087,4,0.0
2014-01-30,1794.18994140625,0.0112040443722181,0.9630748430744476,0.0079641030392855,0.0752077770694253,0.9168281198912892,2,Medium volatility,train,-0.018920427194525413,-0.029745117561768945,0.18316564597419252,0.12440088719230777,0.05876475878188475,-0.029317598834336156,5,0.0
2014-01-31,1782.5899658203125,-0.0064862902142497,-0.5944086046281543,0.0064582628209956,0.095228006899683,0.8983137302793214,2,Medium volatility,train,-0.00431029598143501,-0.02732999475938904,0.12907477943681006,0.12285831615466478,0.006216463282145285,-0.03559335141513342,6,0.0
2014-02-03,1741.8900146484375,-0.0230966047044871,-2.056805471868239,0.0318964369278893,0.0003468467148332,0.9677567163572772,2,Medium volatility,train,-0.02251867883258271,-0.05009357894371604,0.19343691589684253,0.1438886450931623,0.04954827080368024,-0.05761260668967605,7,0.0
2014-02-04,1755.199951171875,0.0076120436830819,0.6468297438016806,0.0187410842104687,0.0247998290786551,0.956459086710876,2,Medium volatility,train,-0.02102851077193251,-0.039966608006874536,0.19774588968409837,0.14808415391381938,0.04966173577027899,-0.050411740802641436,8,0.0
2014-02-05,1751.6400146484375,-0.0020302824086568,-0.2020950298835928,0.0100578963718977,0.0752067109338844,0.9147353926942178,2,Medium volatility,train,-0.012797089272093611,-0.04806023579092284,0.1918607333266227,0.1451508816639096,0.0467098516627131,-0.05233771734103365,9,0.0
2014-02-06,1773.4300537109375,0.0123630544533757,1.0651158196484152,0.0108597685743698,0.0466299201742108,0.9425103112514192,2,Medium volatility,train,-0.01163807919093601,-0.03548494983409584,0.19614449715748977,0.15380487725661965,0.042339619900870124,-0.04054899478131224,10,0.0
2014-02-07,1797.02001953125,0.0132141935042966,1.1400513714336622,0.0122525091273161,0.0260104436814495,0.9617370471912344,2,Medium volatility,train,0.00806240452761029,-0.02261900487331364,0.21415622571535609,0.16225142304826565,0.05190480266709044,-0.027786486120757847,11,0.0
2014-02-10,1799.8399658203125,0.0015680048032544,0.1147035442326151,0.0072182319462034,0.0851965395903158,0.9075852284634808,2,Medium volatility,train,0.03272701403535179,-0.023355030560514342,0.09465585297593165,0.16207497443073884,-0.06741912145480719,-0.026260854875227557,12,0.0
2014-02-11,1819.75,0.0110013759442546,0.9452316123327,0.0078816724978797,0.0699940368535652,0.9221242906485552,2,Medium volatility,train,0.03611634629652449,0.0003023118425346579,0.09893089328699915,0.16161272676948996,-0.0626818334824908,-0.01548924182645417,13,0.0
2014-02-12,1819.260009765625,-0.000269298647721,-0.0470553925084687,0.005149961882433,0.1561256303352884,0.8387244077822785,2,Medium volatility,train,0.03787733005746029,-0.010726862925120442,0.09093835733084309,0.1568068535328403,-0.06586849620199721,-0.01575433354627409,14,0.0
2014-02-13,1829.8299560546875,0.0057932119787764,0.486697087193847,0.0042568720492207,0.2406141625571156,0.7551289653936637,2,Medium volatility,train,0.03130748758286099,-0.010086540081027044,0.08270173513393361,0.15711492417512488,-0.07441318904119126,-0.008700441774050383,15,0.0
2014-02-14,1838.6300048828125,0.0047976893855485,0.3990497929503291,0.003307828585173,0.362690201157836,0.634001970256991,2,Medium volatility,train,0.02289098346411289,-0.003940822209051943,0.061621370590592174,0.15813455874294666,-0.09651318815235449,-0.0033769394524337804,16,0.0
2014-04-10,1833.0799560546875,-0.0211059677373866,-1.8815468236222312,0.0212835557155429,0.0152349264080413,0.9634815178764156,2,Medium volatility,train,-0.029928245672708007,-0.007207694393609538,0.1843428180118622,0.12912007586708027,0.05522274214478193,-0.030578067382114438,1,0.0
2014-04-11,1815.68994140625,-0.0095320597398975,-0.8625626973914514,0.0156619493502623,0.0195554553257252,0.9647825953240124,2,Medium volatility,train,-0.026843762487291506,-0.013913987716061537,0.1797337757923436,0.132766649567302,0.046967126225041594,-0.03977475384036655,2,0.0
2014-04-14,1830.6099853515625,0.0081837081507405,0.6971599363520842,0.0108727960123519,0.0437536355239887,0.9453735684636592,2,Medium volatility,train,-0.007851742004401608,-0.015297997260360038,0.19087707317969196,0.13149887432413357,0.059378198855558395,-0.03188430815171317,3,0.0
2014-04-15,1842.97998046875,0.0067345795177038,0.5695764896674159,0.0076776992868621,0.0843083301725821,0.9080139705405558,2,Medium volatility,train,-0.0048607004668747055,-0.015757099988129637,0.19595125364055338,0.13115792388872233,0.06479332975183105,-0.02534245244412725,4,0.0
2014-04-16,1862.31005859375,0.0104338679487661,0.8952673617928405,0.0077922221971817,0.0776868228001312,0.9145209550026872,2,Medium volatility,train,-0.005285871860073704,0.0008272930573712638,0.19467185300107095,0.1351053359636527,0.05956651703741825,-0.015119765958632181,5,0.0
2014-04-17,1864.8499755859373,0.0013629237070942,0.0966478985835752,0.0050616919695026,0.1712119975484014,0.8237263104820958,2,Medium volatility,train,0.017183019584407096,-0.0038321173230563372,0.11333547770133985,0.13345805868842336,-0.020122580987083513,-0.013776534185723222,6,0.0
2014-04-21,1871.8900146484373,0.0037680156555719,0.308395781680271,0.0037399637449725,0.2922858035201149,0.7039742327349124,2,Medium volatility,train,0.030483094979876495,0.0028728784491247627,0.050899983926033926,0.13373598515876534,-0.08283600123273141,-0.010053418753070198,7,0.0
2014-04-22,1879.550048828125,0.0040837889961284,0.3361969376583335,0.002792252271914,0.4348601059760025,0.5623476417520835,2,Medium volatility,train,0.026383175825264393,0.011833248404615863,0.04905125520071435,0.13308940760595067,-0.08403815240523632,-0.006002419715158913,8,0.0
2014-07-31,1930.6700439453125,-0.0202019321552295,-1.8019541823151004,0.0065910156744205,0.2004429475899424,0.792966036735637,2,Medium volatility,train,-0.029251922302089978,-0.022508856609936907,0.1190678363802079,0.10575556909796603,0.013312267282241871,-0.028828226182601835,1,0.0
2014-08-01,1925.1500244140625,-0.0028632162312982,-0.2754277662122764,0.0042669565848521,0.3087737034584347,0.6869593399567132,2,Medium volatility,train,-0.027254192487278478,-0.030836623068907307,0.12057075971855732,0.10310871016191121,0.01746204955664611,-0.03160492392879766,2,0.0
2014-08-04,1938.989990234375,0.0071633144496461,0.607322952668903,0.0036853691559426,0.3781674449057528,0.6181471859383046,2,Medium volatility,train,-0.020378991431185878,-0.019742069564937705,0.14289989340413223,0.10694272120823109,0.03595717219590114,-0.024643100391193884,3,0.0
2014-08-05,1920.2099609375,-0.0097326791973362,-0.88022553371151,0.0051721698062593,0.2473964001038389,0.7474314300899016,2,Medium volatility,train,-0.025573602214808176,-0.022400986580593408,0.1474802564625253,0.10922090639863552,0.03825935006388978,-0.034089890339474294,4,0.0
2014-08-06,1920.239990234375,1.563842636009838e-05,-0.0219691074329115,0.0032172081284934,0.4033815346886423,0.5934012571828643,2,Medium volatility,train,-0.02561887470785771,-0.027018864707492207,0.14740044050678067,0.10730758932680928,0.040092851179971384,-0.034074784907241584,5,0.0
2014-08-07,1909.5699462890625,-0.0055721154467329,-0.5139232943161642,0.0029044003861309,0.4513075597617317,0.5457880398521373,2,Medium volatility,train,-0.010989057999361108,-0.028451351829751507,0.09011715294845721,0.10788952329520073,-0.01777237034674352,-0.03944206428135111,6,0.0
2014-08-08,1931.5899658203125,0.011465422557972,0.9860869684761704,0.0046927085779716,0.3311848256116546,0.6641224658103737,2,Medium volatility,train,0.0033395807899090912,-0.018455771269826907,0.12425028880045667,0.11646740550870166,0.007782883291755013,-0.02836548416103324,7,0.0
2014-08-11,1936.9200439453125,0.0027556250258413,0.2192634003390622,0.0028004351170003,0.4947511432029437,0.5024484216800558,2,Medium volatility,train,-0.0010681086338957093,-0.02053200697098211,0.11547981030277187,0.11539136219949221,8.844810327965358e-05,-0.02568433134391923,8,0.0
2014-09-25,1965.989990234375,-0.0163009132651703,-1.458502659635024,0.0044791146774118,0.4192866700263138,0.5762342152962744,2,Medium volatility,train,-0.02281517262676381,-0.01721124604398954,0.12719544021801707,0.08956182410431823,0.03763361611369884,-0.022556874675647598,1,0.0
2014-09-26,1982.8499755859373,0.0085392611240013,0.7284633505372939,0.0039884024522006,0.4388581290604884,0.5571534684873111,2,Medium volatility,train,-0.013798527992359507,-0.006980654375042141,0.15221711012028102,0.09518392375168933,0.0570331863685917,-0.014174493861496384,2,0.0
2014-10-01,1946.1600341796875,-0.0133371061126377,-1.197564656473503,0.005701176278596,0.2897346972082285,0.7045641265131756,2,Medium volatility,train,-0.026438625655034007,-0.027648883247423144,0.14037998898172765,0.10430960791366718,0.03607038106806047,-0.03241585377392242,1,0.0
2014-10-02,1946.1700439453125,5.1433282504120825e-06,-0.0228931115272351,0.0032105209854996,0.4530801064528304,0.5437093725616697,2,Medium volatility,train,-0.010132569061613294,-0.02610814071445973,0.11101933314331684,0.10441725542464979,0.006602077718667054,-0.03241087715825053,2,0.0
2014-10-03,1967.9000244140625,0.0111036355239031,0.9542346982773492,0.0046629755381226,0.3512490536257576,0.6440879708361196,2,Medium volatility,train,-0.007568194661711493,-0.02002775289551583,0.12378034277555766,0.11097396318149845,0.012806379594059211,-0.021607251438833686,3,0.0
2014-10-07,1935.0999755859373,-0.0152416186191288,-1.3652407787256795,0.0094639528085741,0.0911170870300101,0.8994189601614158,2,Medium volatility,train,-0.019036331881011295,-0.027191390129041627,0.15283338817457504,0.11998931222487623,0.032844075949698806,-0.03791464994879867,1,0.0
2014-10-08,1968.8900146484373,0.0173109474980588,1.5007357046443526,0.0173596029475399,0.0125111694500479,0.9701292276024122,2,Medium volatility,train,0.011611721729685208,-0.01351988623135053,0.17829747171804847,0.1354880712768706,0.04280940044117787,-0.021115052010792557,2,0.0
2014-10-09,1928.2099609375,-0.0208778484543143,-1.8614628616287328,0.0415575029783108,0.0002862961671974,0.9581562008544916,2,Medium volatility,train,-0.009271270052879503,-0.03527925145038793,0.23291894533563964,0.15221830920391552,0.08070063613172412,-0.04134020017283424,3,0.0
2014-10-10,1906.1300048828125,-0.0115170800262109,-1.0373268446819128,0.031554352956686,0.0066889948095762,0.9617566522337376,2,Medium volatility,train,-0.0318919856029935,-0.04081592598459263,0.21292412317000844,0.1553243284568877,0.05759979471312074,-0.05231782536946361,4,0.0
2014-10-13,1874.739990234375,-0.0166050332025227,-1.4852778326102738,0.0397726294826749,0.0015665349405776,0.9586608355767474,2,Medium volatility,train,-0.046930632804117904,-0.056710555439006036,0.21716579712146955,0.16314673500896548,0.05401906211250407,-0.06792418866447114,5,0.0
2014-10-14,1877.699951171875,0.0015776196808667,0.1155500524012226,0.0189460539863685,0.0412397891037777,0.9398141569098536,2,Medium volatility,train,-0.03011139450412241,-0.06258944308269535,0.22054409700885577,0.15970539142774776,0.060838705581108016,-0.06645256699601954,6,0.0
2014-10-15,1862.489990234375,-0.0081333007260777,-0.7394138671248024,0.0130837706282803,0.0460079267282636,0.940908302643456,2,Medium volatility,train,-0.0555556427282589,-0.07201754888786144,0.12206007946484873,0.15974560766158855,-0.037685528196739815,-0.07401459519995712,7,0.0
2014-10-16,1862.760009765625,0.0001449672004421,-0.0105828092281015,0.007342426926035,0.1185521531767494,0.8741054198972156,2,Medium volatility,train,-0.034532827073502505,-0.07675183881475903,0.10964390794384772,0.1574015053940124,-0.04775759745016468,-0.07343812816131834,8,0.0
2014-10-17,1886.760009765625,0.0128018133771465,1.103744809844427,0.0093759760696811,0.0623001359000203,0.9283238880302984,2,Medium volatility,train,-0.010213933670145104,-0.06347264192720953,0.15673359856871125,0.167363181539573,-0.01062958297086175,-0.05581746301207924,9,0.0
2014-10-20,1904.010009765625,0.0091011161212808,0.7779299026816047,0.0079958354697888,0.0777058329915016,0.9142983315387094,2,Medium volatility,train,0.015492215653658398,-0.046325923275710126,0.11608498504157859,0.17153591006970087,-0.05545092502812228,-0.047185125736145084,10,0.0
2014-10-21,1941.280029296875,0.0193853708277513,1.6833710292467283,0.0198816898652752,0.0049097219682842,0.9752085881664404,2,Medium volatility,train,0.033299966800543,-0.02114730236833283,0.1534012072931249,0.18656627071791268,-0.03316506342478778,-0.02853426319270147,11,0.0
2014-10-22,1927.1099853515625,-0.0073261006616123,-0.6683467692559455,0.0129862842721334,0.022065323443994,0.9649483922838724,2,Medium volatility,train,0.0341071668650084,-0.03627537978859923,0.14951432729815148,0.18484855184126875,-0.03533422454311727,-0.028111047694318603,12,0.0
2014-10-23,1950.8199462890625,0.0122283057215994,1.053252340282624,0.0126304507250922,0.0209522892835475,0.9664172599913602,2,Medium volatility,train,0.046190505386165696,-0.0077461608018295335,0.1418083207464067,0.1830197571001008,-0.04121143635369409,-0.01615353137718345,13,0.0
2014-10-24,1964.5799560546875,0.0070286901757166,0.595470430757612,0.0087578098897591,0.0530888926948443,0.9381532974153964,2,Medium volatility,train,0.0404173821847358,-0.009256731750114234,0.1392105927759679,0.1821640543162456,-0.04295346154027771,-0.0066842413019813085,14,0.0
2014-10-27,1961.6300048828125,-0.0015026968788385,-0.1556456127782786,0.0056964918875912,0.1228434538897402,0.8714600542226684,2,Medium volatility,train,0.029813569184616494,-0.008209377772037434,0.15108105585609613,0.18204885241618082,-0.030967796560084693,-0.00540490190010523,15,0.0
2014-10-28,1985.050048828125,0.0118683645669106,1.0215625840581373,0.0074556579083521,0.0799912055197059,0.912553136571942,2,Medium volatility,train,0.022296562923775798,0.0064488033391851655,0.1222016541016809,0.1866407993348311,-0.0644391452331502,0.0,16,0.0
2014-10-29,1982.300048828125,-0.0013863159906426,-0.1453992657627339,0.0050031633976789,0.1650305284014783,0.8299663082008427,2,Medium volatility,train,0.028236347594745498,0.018399593461180266,0.09643387334526807,0.18008512488934172,-0.08365125154407366,-0.0013853554985293615,17,0.0
2014-10-30,1994.6500244140625,0.0062107972478733,0.5234619172451885,0.0042681073146702,0.2431469920468436,0.7525849006384862,2,Medium volatility,train,0.022218839121019397,0.024605247380803157,0.08226585150494059,0.18096561610913853,-0.09869976460419794,0.0,18,0.0
2014-10-31,2018.050048828125,0.0116631142331486,1.0034920384781636,0.006206430674864,0.1621931190904149,0.8316004502347211,2,Medium volatility,train,0.026853263178451395,0.025164726090048654,0.09402768228313198,0.18136015097178532,-0.08733246868865334,0.0,19,0.0
2014-11-03,2017.81005859375,-0.0001189289163994,-0.0338166170390647,0.0039840839884624,0.2929158950033741,0.7031000210081634,2,Medium volatility,train,0.028237031140890493,0.026612183175047554,0.08921709110329004,0.18114511419732374,-0.0919280230940337,-0.00011892184463624389,20,0.0
2014-11-04,2012.0999755859373,-0.0028338532526657,-0.2728426057693334,0.0029261644199106,0.4168417303207398,0.5802321052593497,2,Medium volatility,train,0.013534813321314197,0.039019948541510655,0.08634644985426139,0.17168177773289856,-0.08533532787863717,-0.002948426995476594,21,0.0
2014-12-12,2002.3299560546875,-0.0163464657916581,-1.4625131720229614,0.009850925732286,0.1093057216734234,0.8808433525942905,2,Medium volatility,train,-0.035828026978635706,-0.018309820462330442,0.13392067712237402,0.09948996270213832,0.034430714420235695,-0.035193800145776,1,0.0
2014-12-15,1989.6300048828125,-0.0063627862717217,-0.5835351332829308,0.0072024344600649,0.1313064371400971,0.8614911283998379,2,Medium volatility,train,-0.03490779110064231,-0.02491284808259924,0.13400746456375587,0.10113275818675649,0.03287470637699938,-0.04131316703204768,2,0.0
2014-12-16,1972.739990234375,-0.0085252598653813,-0.7739225344796921,0.006900026043311,0.1067789156509496,0.8863210583057394,2,Medium volatility,train,-0.0431951991401895,-0.034173196725638344,0.12285653774014628,0.1038849645309139,0.018971573209232373,-0.049451481498734906,3,0.0
2014-12-17,2012.8900146484373,0.0201480732432957,1.7505204877223115,0.0204506697395908,0.0047697360696219,0.9747795941907872,2,Medium volatility,train,-0.006561004713844909,-0.019145972836031144,0.20057076021563436,0.12681230472580768,0.07375845548982668,-0.03010552287595547,4,0.0
2014-12-18,2061.22998046875,0.0237313748857088,2.065999709944207,0.0638585538905427,0.0001573889885652,0.935984057120892,2,Medium volatility,train,0.012644936200243392,0.006087688925296358,0.2576874371480213,0.1528285284273299,0.10485890872069137,-0.0068133084319015325,5,0.0
2014-12-19,2070.64990234375,0.0045596379674188,0.3780913909694671,0.0310852620286215,0.0336597144258308,0.9352550235455476,2,Medium volatility,train,0.033551039959320295,0.008682162879511957,0.21035297809496656,0.15344613291549042,0.05690684517947614,-0.002274396650823296,6,0.0
2014-12-22,2078.5400390625,0.0038032224799273,0.311495443018596,0.0153885725345075,0.091956713879981,0.8926547135855113,2,Medium volatility,train,0.04371704871096929,0.007262172755701157,0.18713369145390124,0.1529656156033259,0.03416807585057535,0.0,7,0.0
2014-12-23,2082.169921875,0.0017448386297047,0.1302722581166892,0.0078773935418351,0.1935382268833179,0.798584379574847,2,Medium volatility,train,0.0539871472060553,0.006147081571667056,0.1462695896330389,0.15278482246462458,-0.006515232831585671,0.0,8,0.0
2014-12-24,2081.8798828125,-0.000139306241075,-0.0356106671027071,0.0044073944725005,0.3350276832064724,0.660564922321027,2,Medium volatility,train,0.0336997677216846,0.007158466799008756,0.13736026506732604,0.15270325804369875,-0.015342992976372705,-0.00013929653841071588,9,0.0
2014-12-26,2088.77001953125,0.0033041099821211,0.2675528341281289,0.0027522302623588,0.4929659683455447,0.5042818013920963,2,Medium volatility,train,0.013272502818096896,0.0076605243095268566,0.026566873936361098,0.15281434798340285,-0.12624747404704176,0.0,10,0.0
2015-01-05,2020.5799560546875,-0.0184472135325872,-1.6474661370617645,0.0131853628793061,0.0516581105021077,0.9351565266185862,2,Medium volatility,train,-0.033190808173387806,-0.025091098743104043,0.11275765336634672,0.16603799380376977,-0.05328034043742305,-0.03347896029125397,1,0.0
2015-01-06,2002.6099853515625,-0.0089332546906995,-0.8098430075535871,0.0105549604785754,0.0456723978913995,0.9437726416300248,2,Medium volatility,train,-0.04298546629217691,-0.03568818503272454,0.09580223734595471,0.16773037937618887,-0.07192814203023416,-0.04207468782753654,2,0.0
2015-01-07,2025.9000244140625,0.0115627358448762,0.9946545754286564,0.0104340666311774,0.0383664478106436,0.9511994855581788,2,Medium volatility,train,-0.026522137412796506,-0.01684242703813324,0.16199013866112014,0.17254974098897394,-0.010559602327853801,-0.03093416715569064,3,0.0
2015-01-08,2062.139892578125,0.0177301681271551,1.5376445142296962,0.0188195690476856,0.0054059429650269,0.9757744879872874,2,Medium volatility,train,0.001572414275608898,0.0011255929148559565,0.20913175300740874,0.1841508463011233,0.024980906706285444,-0.013599245589295816,4,0.0
2015-01-09,2044.81005859375,-0.0084393221470788,-0.7663564495571458,0.0132549778765115,0.0180589976164336,0.9686860245070548,2,Medium volatility,train,-0.0065268863983342015,0.009172391950826055,0.21659956625915128,0.1770088876577374,0.03959067860141388,-0.021888771133864116,5,0.0
2015-01-12,2028.260009765625,-0.0081266168434703,-0.7388254081289294,0.0100585395290263,0.0286916700713001,0.9612497903996734,2,Medium volatility,train,0.0037937102907826988,-0.003479658864264745,0.1826940514166947,0.1787501258593495,0.0039439255573452126,-0.029805295472659865,6,0.0
2015-01-13,2023.030029296875,-0.0025818854358163,-0.2506589832844939,0.006532794669322,0.0782204802971817,0.9152467250334962,2,Medium volatility,train,0.010145079545665897,0.010284921491577056,0.16970159064583398,0.1691442584661528,0.0005573321796811803,-0.032306996108245056,7,0.0
2015-01-14,2011.27001953125,-0.0058300289679751,-0.536630385485638,0.0055449044858512,0.1080329489889305,0.8864221465252182,2,Medium volatility,train,-0.0072476852671854025,0.010817678795323655,0.15582469048432473,0.16888117163610564,-0.013056481151780902,-0.037932260692107644,8,0.0
2015-01-15,1992.6700439453125,-0.009290903004568,-0.8413308986517597,0.0063803556227278,0.0766974625088528,0.9169221818684192,2,Medium volatility,train,-0.0342687563989085,0.010052035656136956,0.038474499094761874,0.16941898097953256,-0.1309444818847707,-0.04682934377363013,9,0.0
2015-01-16,2019.4200439453125,0.0133348931862675,1.150677951496,0.0090707189259142,0.0371051634569571,0.9538241176171286,2,Medium volatility,train,-0.012494541065562203,0.003238855599108758,0.13083037370090816,0.16088958517359442,-0.030059211472686254,-0.03403379082620239,10,0.0
2015-01-20,2022.550048828125,0.0015487524334005,0.1130085368696998,0.0058544486325941,0.1042849388853149,0.8898606124820909,2,Medium volatility,train,-0.0028191717886914026,-0.018943766853199543,0.12410671839025612,0.13638240250600814,-0.012275684115752014,-0.03253658921110947,11,0.0
2015-01-21,2032.1199951171875,0.0047204650221894,0.3922508447957151,0.00455430756581,0.1893021899098481,0.806143502524342,2,Medium volatility,train,0.0044831786693142976,-0.018782939798428943,0.12675595996547007,0.13646533485539475,-0.009709374889924682,-0.027958916147717394,12,0.0
2015-01-22,2063.14990234375,0.0151543130706297,1.3108623923534817,0.0094349310223221,0.0523136023722104,0.9382514666054672,2,Medium volatility,train,0.0254675207079191,-0.007431849207726543,0.13997607102431578,0.1467025294274481,-0.006726458403132324,-0.01311611910580146,13,0.0
2015-01-23,2051.820068359375,-0.0055066562793015,-0.508160171562523,0.006869781652826,0.0838554214783106,0.9092747968688634,2,Medium volatility,train,0.0292517674331856,-0.014683344116732742,0.12117649143987493,0.14752732989623138,-0.026350838456356454,-0.018535614082722418,14,0.0
2015-01-26,2057.090087890625,0.0025651679986227,0.202495279536049,0.0047514918999891,0.1775806529420737,0.817667855157937,2,Medium volatility,train,0.0184820422455408,-0.011978869877035043,0.10599626604503942,0.14796082327075105,-0.04196455722571163,-0.016014761224924734,15,0.0
2015-01-27,2029.550048828125,-0.0134782878158574,-1.2099945042419755,0.0087424056345954,0.0411313341114558,0.9501262602539486,2,Medium volatility,train,0.003455001996282899,-0.02876126767501354,0.15360031071467278,0.15366547057212296,-6.51598574501755e-05,-0.02918822021552092,16,0.0
2015-01-28,2002.1600341796875,-0.0135875028110215,-1.2196099553448123,0.0117299624439171,0.0110161479900548,0.977253889566028,2,Medium volatility,train,-0.014852965836928,-0.04321017391412464,0.17225397853566318,0.15898050179914433,0.013273476736518852,-0.03758505049926575,17,0.0
2015-01-29,2021.25,0.0094895170582631,0.8121253005959466,0.0096412207639212,0.0277751824418352,0.9625835967942434,2,Medium volatility,train,-0.020517761849294602,-0.02882006382135734,0.14358192669288633,0.16358438804026443,-0.020002461347378098,-0.020308704809161693,18,0.0
2015-01-30,1994.989990234375,-0.0130770990063187,-1.1746732429506257,0.011825775865869,0.0100688616853358,0.9781053624487952,2,Medium volatility,train,-0.028088204576311802,-0.03153277926642574,0.15491056446229856,0.16570438515304,-0.010793820690741446,-0.03303682007397768,19,0.0
2015-02-02,2020.8499755859373,0.0128791700002155,1.1105554023412074,0.0124792175142571,0.0127376495776972,0.9747831329080456,2,Medium volatility,train,-0.017774202574719004,-0.018313587793074543,0.19181693980244333,0.1730942275986928,0.01872271220375052,-0.0205025949446328,20,0.0
2015-02-03,2050.030029296875,0.014336238577453,1.2388378935582434,0.0147354710673324,0.0092579148686341,0.9760066140640332,2,Medium volatility,train,0.010040323818591398,0.014469864316965658,0.2004115999132181,0.16835341303721216,0.03205818687600595,-0.00635914677453675,21,0.0
2015-02-04,2041.510009765625,-0.0041647065724523,-0.3900129174305531,0.0090242138170018,0.0413545897362881,0.94962119644671,2,Medium volatility,train,0.019463120057160596,0.019238412435212855,0.1700936119136708,0.16569439252355647,0.0043992193901143395,-0.01048876407552446,22,0.0
2015-02-05,2062.52001953125,0.0102388107109092,0.8780942315825673,0.0085272040680155,0.0472816262095002,0.9441911697224844,2,Medium volatility,train,0.020212413709806698,0.017914487301245858,0.17139778508098577,0.1646873959461936,0.006710389134792161,-0.0003053015254899094,23,0.0
2015-02-06,2055.469970703125,-0.0034240276118788,-0.3248024367855326,0.0059356595325672,0.0990773419020529,0.8949869985653799,2,Medium volatility,train,0.0298654851042466,-0.003239708437788042,0.1283605495261986,0.15331115929955905,-0.024950609773360444,-0.0037224302664099485,24,0.0
2015-02-09,2046.739990234375,-0.0042562393104814,-0.3980715962365647,0.0047714025988454,0.1569542528841419,0.8382743445170127,2,Medium volatility,train,0.012730075793549699,0.0009433743988093574,0.1280108216218758,0.1511331208497785,-0.02312229922790271,-0.00795381474256096,25,0.0
2015-02-10,2068.590087890625,0.0106189795540618,0.91156486367538,0.0060214650638971,0.1291800290546224,0.8647985058814804,2,Medium volatility,train,0.0090128167701585,0.019688970796341458,0.11192014792810581,0.15227028692598119,-0.04035013899787537,0.0,26,0.0
2015-02-11,2068.530029296875,-2.903401015785789e-05,-0.0259021353869721,0.0040894627822354,0.2468318983797163,0.7490786388380481,2,Medium volatility,train,0.013148489332452941,0.0222418222219999,0.10357670508218254,0.15177226522102077,-0.04819556013883823,-2.903358867545336e-05,27,0.0
2015-02-12,2088.47998046875,0.0095982950659161,0.8217022786664017,0.0048508338132479,0.2342654446708715,0.7608837215158806,2,Medium volatility,train,0.012507973687459841,0.0376701462558911,0.1012590783280197,0.15226629527776558,-0.05100721694974589,0.0,28,0.0
2015-02-13,2096.989990234375,0.0040664592277792,0.3346711990000581,0.0034217388621183,0.3677353795355559,0.6288428816023257,2,Medium volatility,train,0.01999846052711784,0.0510275084882383,0.08967476107567691,0.14683096855125458,-0.05715620747557766,0.0,29,0.0
2015-03-10,2044.1600341796875,-0.0171068209371414,-1.5294559733406723,0.0087468725406338,0.173608343360427,0.8176447840989391,2,Medium volatility,train,-0.030648310920750703,-0.0012613148115728015,0.13183209834558066,0.10483925968209284,0.02699283866348781,-0.03458496645097009,1,0.0
2015-03-11,2040.239990234375,-0.001919520676485,-0.1923434017471522,0.0050251963697854,0.2906708149702702,0.7043039886599444,2,Medium volatility,train,-0.028169670367081102,-0.013799815042119603,0.13438759149551185,0.09745724066075595,0.036930350834755904,-0.036436323142079674,2,0.0
2015-03-12,2065.949951171875,0.012522702206037,1.0791714459576596,0.00741724572658,0.1646496756025759,0.827933078670844,2,Medium volatility,train,-0.016842333412080603,-0.001248078825924745,0.17615643521825106,0.10766988184750079,0.06848655337075027,-0.024294033699961082,3,0.0
2015-03-13,2053.39990234375,-0.0060932370901962,-0.5598036212238604,0.0057545062589285,0.1932431103523158,0.8010023833887555,2,Medium volatility,train,-0.008660214139809705,-0.016939610982037046,0.15727318703933885,0.10353747846364122,0.05373570857569762,-0.030221165435176944,4,0.0
2015-03-16,2081.18994140625,0.0134429090238556,1.1601878269769244,0.0088162012366058,0.0856013986088766,0.9055824001545176,2,Medium volatility,train,0.0008460325260699966,-0.007563161185960645,0.18387616443088708,0.11372495460871267,0.07015120982217442,-0.017096497578817704,5,0.0
2015-03-17,2074.280029296875,-0.0033256977077824,-0.3161453253388403,0.0058217727484068,0.1529807069395958,0.8411975203119973,2,Medium volatility,train,0.014627155755428998,-0.012485158591541244,0.132171175293812,0.11392300323634588,0.018248172057466122,-0.02035990793776743,6,0.0
2015-03-18,2099.5,0.0120851015016292,1.040644427122216,0.0076877023485088,0.0935858837653428,0.8987264138861484,2,Medium volatility,train,0.028631777933543198,-8.569846668284378e-05,0.1361532421086142,0.12212956531411698,0.01402367679449723,-0.008449030875623209,7,0.0
2015-03-19,2089.27001953125,-0.0048844891269501,-0.4533836473110928,0.0057145218478086,0.1402624818000326,0.8540229963521587,2,Medium volatility,train,0.011224586600556098,-0.003907565877914844,0.13722210535653345,0.12325746268202477,0.013964642674508684,-0.013280441710542212,8,0.0
2015-03-20,2108.10009765625,0.0089723821932592,0.7665959756113526,0.0057405182360874,0.1536578158411141,0.8406016659227985,2,Medium volatility,train,0.0262902058840115,-0.0010430264057112448,0.12376999370652435,0.1254815913827064,-0.00171159767618205,-0.0043873804037875,9,0.0
2015-03-23,2104.419921875,-0.0017472566067135,-0.1771770160583122,0.0039925738254919,0.2662108081165779,0.7297966180579302,2,Medium volatility,train,0.011100040253442398,-0.002486897800439245,0.10995490145948995,0.1256173781523828,-0.01566247669289285,-0.006125452260156372,10,0.0
2015-03-24,2091.5,-0.006158345701591,-0.5655358805010745,0.0038675348045843,0.2935478002734593,0.7025846649219564,2,Medium volatility,train,0.008267392259633797,-0.011400215970861344,0.11830923143381825,0.12682259072683827,-0.008513359293020023,-0.012227267481003001,11,0.0
2015-03-25,2061.050048828125,-0.0146659265272388,-1.3145559881294724,0.009383779127517,0.0499874824324808,0.940628738440002,2,Medium volatility,train,-0.018483635769234202,-0.025300125534497647,0.12133368244356367,0.13588715802980686,-0.01455347558624319,-0.02660815749970391,12,0.0
2015-03-26,2056.14990234375,-0.0023803307374734,-0.2329138069600229,0.0060841512932703,0.1118765606268956,0.882039288079834,2,Medium volatility,train,-0.015979477379757502,-0.026203337641716645,0.12113995062572532,0.1359408423786466,-0.014800891752921277,-0.028922396602077627,13,0.0
2015-03-27,2061.02001953125,0.0023657607295035,0.1849391660840002,0.0042684020193919,0.2210086407455178,0.7747229572350902,2,Medium volatility,train,-0.022586098843513206,-0.020876893863581443,0.0912760609422572,0.13637437706883418,-0.045098316126576984,-0.026622339723289867,14,0.0
2015-03-30,2086.239990234375,0.0121623826471495,1.0474483744630103,0.0065842485230123,0.1325983180081042,0.8608174334688834,2,Medium volatility,train,-0.008676459589650205,-0.014820749397564444,0.14147825639374342,0.14187389401012002,-0.0003956376163765929,-0.010369577538646646,15,0.0
2015-03-31,2067.889892578125,-0.008834686217531,-0.8011648921298861,0.0067193220057297,0.1013597680087099,0.8919209099855603,2,Medium volatility,train,-0.011352800105590205,-0.01910656301127804,0.1466224094503234,0.14408096633958714,0.002541443110736258,-0.01907414411812325,16,0.0
2015-04-01,2059.68994140625,-0.0039732542018473,-0.373157165110933,0.0050244958088088,0.1643367605082025,0.8306387436829886,2,Medium volatility,train,-0.0006601277801987042,-0.018681655982970745,0.11290729088230729,0.14396048527511804,-0.03105319439281075,-0.02296387932613897,17,0.0
2015-04-02,2066.9599609375,0.0035234523037139,0.2868640593393677,0.0037245124027774,0.2859687618020641,0.7103067257951584,2,Medium volatility,train,0.005243655260988595,-0.016353568930293345,0.11320524098584898,0.14461821673574696,-0.03141297574989797,-0.019515267213586762,18,0.0
2015-04-06,2080.6201171875,0.0065870726471652,0.5565897647322064,0.003351921327672,0.371249659058085,0.6253984196142429,2,Medium volatility,train,0.009464967178650297,0.004508860079338957,0.11871947933014411,0.1380185295159777,-0.019299050185833597,-0.013035424882955837,19,0.0
2015-06-29,2057.639892578125,-0.0210869695086115,-1.879874191219025,0.009543696116931,0.1205572196649888,0.8698990842180802,2,Medium volatility,train,-0.031199928703242105,-0.02594786472337314,0.12577364650788597,0.11310370381057042,0.012669942697315556,-0.03133417763098534,1,0.0
2015-06-30,2063.110107421875,0.0026549623524676,0.2104009084051357,0.0055470045467221,0.2325003430402057,0.7619526524130721,2,Medium volatility,train,-0.029180632775967608,-0.022283797205558235,0.1318443098439103,0.11392878775156096,0.01791552209234934,-0.028758989339161767,2,0.0
2015-07-01,2077.419921875,0.0069120964346369,0.5852053438566404,0.0044477511018605,0.3039405913632587,0.6916116575348807,2,Medium volatility,train,-0.014888070623025607,-0.017488330240676735,0.15295250799641497,0.11681381624625292,0.036138691750162044,-0.022022422734294556,3,0.0
2015-07-02,2076.780029296875,-0.000308070189547,-0.0504688968908051,0.0027643886556626,0.4666488718622957,0.5305867394820416,2,Medium volatility,train,-0.012218136655976108,-0.009135838215122738,0.15388888122291333,0.11332120047643274,0.040567680746480594,-0.02232366206808334,4,0.0
2015-07-08,2046.6800537109373,-0.0167929649121418,-1.5018236206845197,0.0103634597235721,0.0940807836830034,0.8955557565934245,2,Medium volatility,train,-0.007995610772080107,-0.016220965180257937,0.1363388832296842,0.12795954898075523,0.008379334248928977,-0.036493691386336624,1,0.0
2015-07-09,2051.31005859375,0.00225964764482,0.1755968118073525,0.0059939438451647,0.194902765450273,0.7991032907045622,2,Medium volatility,train,-0.012648059561897006,-0.02593180928795194,0.12437664366817178,0.11989416419809847,0.004482479470073311,-0.034314044936265664,2,0.0
2015-07-10,2076.6201171875,0.0122629863850081,1.0563056776262665,0.0079462642098051,0.1141527139076054,0.8779010218825894,2,Medium volatility,train,-7.700298734190578e-05,-0.015405939659472139,0.15702366848301763,0.12847377404298257,0.028549894440035056,-0.022398943168286167,3,0.0
2015-07-13,2099.60009765625,0.0110052685073549,0.9455743193950352,0.0083113927882615,0.0899093739348736,0.9017792332768648,2,Medium volatility,train,0.014797498218910294,0.002618203500985062,0.16673038736980964,0.13249922585126722,0.03423116151854241,-0.011580761736697087,4,0.0
2015-07-14,2108.949951171875,0.0044432732365002,0.3678464664647196,0.0055782165409567,0.1722636755858055,0.8221581078732377,2,Medium volatility,train,0.013178210861541393,0.011694766359257262,0.16552416823278768,0.13210779222404737,0.03341637600874031,-0.0071791735008688295,5,0.0
2015-07-15,2107.39990234375,-0.0007352563007367,-0.0880789994026789,0.0037449282062296,0.3020479061775504,0.6942071656162199,2,Medium volatility,train,0.029235919472946494,0.005285779542766262,0.07966987038518049,0.13085194955642188,-0.05118207917124139,-0.007908882974437925,6,0.0
2015-07-16,2124.2900390625,0.007982733444475,0.6794658233953486,0.0037734813153129,0.3439202371082872,0.6523062815763999,2,Medium volatility,train,0.0349590052726015,0.011290828592169063,0.07482188636120295,0.13346595688103624,-0.058644070519833294,0.0,7,0.0
2015-08-20,2035.72998046875,-0.0213259604541464,-1.9009153105942425,0.0140324617708704,0.0593998248192769,0.9265677134098526,2,Medium volatility,train,-0.023141855815614603,-0.03210611672866624,0.1531821267815658,0.12440604232063683,0.028776084460928983,-0.03457216600123103,1,1.0
2015-08-21,1970.8900146484373,-0.0323692425218782,-2.873182338373364,0.2231113394221125,4.75774542869447e-07,0.7768881848033445,2,Medium volatility,train,-0.0594154306118522,-0.05371433855388364,0.21288007247726862,0.1614043822174101,0.051475690259858514,-0.0653219748457442,2,1.0
2015-09-14,1953.030029296875,-0.0040980412230444,-0.3841436006163002,0.2811795000022457,0.0919521397858659,0.6268683602118884,2,Medium volatility,train,0.016421642094831705,-0.06851862766315253,0.20331868382272011,0.3100785382414292,-0.10675985441870911,-0.0710650084061093,1,0.0
2015-09-15,1978.0899658203125,0.012749687631433,1.0991555814298306,0.2262513071355951,0.0518435997296498,0.721905093134755,2,Medium volatility,train,0.004397692529225901,-0.06096683174112173,0.1453355436470286,0.313803287619885,-0.1684677439728564,-0.0566688097218484,2,0.0
2015-09-16,1995.31005859375,0.0086677407153761,0.7397748854297382,0.1328804542064747,0.0756555313075471,0.7914640144859781,2,Medium volatility,train,0.027060469013687,-0.04967010809011273,0.08860719889273659,0.31641657410874025,-0.22780937521600364,-0.040536468123168135,3,0.0
2015-09-17,1990.199951171875,-0.0025643444425602,-0.2491146480703065,0.0590017812413576,0.1539996888853382,0.7869985298733042,2,Medium volatility,train,0.019232049126190802,-0.04394531612307603,0.10217149763525758,0.3157122046116108,-0.21354070697635325,-0.02236545599549067,4,0.0
2015-09-18,1958.030029296875,-0.0162962309543841,-1.4580904220082649,0.0758870550486343,0.0130847328759377,0.911028212075428,2,Medium volatility,train,-0.0015411882731795994,-0.038915586623313736,0.1628427659472677,0.31233390612519374,-0.14949114017792603,-0.018683827676962195,5,0.0
2015-09-21,1966.969970703125,0.0045553920336729,0.3777175726283295,0.0363075733976831,0.0549362537753118,0.908756172827005,2,Medium volatility,train,0.007112244983537701,-0.001990952067762633,0.16196076019659433,0.29251265467191706,-0.13055189447532273,-0.01420335038585352,6,0.0
2015-09-22,1942.739990234375,-0.0123949300193784,-1.11461406767034,0.031053259865862,0.0197306121845119,0.949216127949626,2,Medium volatility,train,-0.0180323726672737,0.02582556225937787,0.15170338352219287,0.25827903250106504,-0.10657564897887217,-0.026346816692953134,7,0.0
2015-09-23,1938.760009765625,-0.0020507442295931,-0.2038965191240801,0.015267308728593,0.0670112625572731,0.9177214287141338,2,Medium volatility,train,-0.0287508576122429,0.03738906777244107,0.11993652036920431,0.25291331961336816,-0.13297679924416383,-0.028341484364580505,8,0.0
2015-09-24,1932.239990234375,-0.0033686518713071,-0.3199270739752289,0.0086165110451464,0.1272902390785165,0.864093249876337,2,Medium volatility,train,-0.0295551650409898,-0.00427088353339833,0.11896454934557382,0.21564536725871306,-0.09668081791313923,-0.031609156726160825,9,0.0
2015-09-25,1931.3399658203125,-0.0004659018012205,-0.0643646274381369,0.0050743084891582,0.2418649456423284,0.7530607458685133,2,Medium volatility,train,-0.013724835887826197,-0.02874403982430863,0.0876646882462437,0.19681118932949188,-0.10914650108324818,-0.032060226679016646,10,0.0
2015-09-28,1881.77001953125,-0.0260012111628089,-2.312531357594946,0.0482475661761825,0.0001735478945951,0.9515788859292224,2,Medium volatility,train,-0.044281439084308,-0.05535380214399383,0.15114974739179998,0.21409937585942576,-0.06294962846762578,-0.05690345646957773,11,0.0
2015-09-29,1884.0899658203125,0.0012320939129821,0.0851294483360709,0.0225384175175214,0.0385932361744902,0.9388683463079884,2,Medium volatility,train,-0.030654415151947497,-0.04569462956702783,0.15960202664430626,0.21348953337928933,-0.053887506734983076,-0.055740756828451477,12,0.0
2015-09-30,1920.030029296875,0.0188958986035645,1.6402771644272205,0.0375060396756655,0.0034388698792032,0.9590550904451312,2,Medium volatility,train,-0.009707772318789897,0.0032239188789651707,0.2275490666296246,0.20007107585316003,0.027477990776464567,-0.03772848684476171,13,0.0
2015-10-01,1923.8199462890625,0.0019719386783378,0.1502664851896511,0.0180210781162746,0.0444797662350313,0.937499155648694,2,Medium volatility,train,-0.004367181769144997,-0.012931813865911529,0.22838636015310795,0.18930955033439162,0.039076809818716335,-0.03582907428185478,14,0.0
2015-10-02,1951.3599853515625,0.0142137930164052,1.2280576036974464,0.0192493391041486,0.0190680359896465,0.9616826249062048,2,Medium volatility,train,0.010312513048480704,0.00011786345107467171,0.24789525867711057,0.19614275449973465,0.051752504177375924,-0.022026688560454866,15,0.0
2015-10-05,1987.050048828125,0.0181245935185021,1.572370314093679,0.0299338502114325,0.0030683605697698,0.9669977892187976,2,Medium volatility,train,0.0544383177297917,0.03369076572385317,0.12302247815786986,0.19720297765731903,-0.07418049949944917,-0.004139712387079553,16,0.0
2015-10-06,1979.9200439453125,-0.0035946893441431,-0.3398277502898474,0.0155643125143564,0.0348389038770407,0.9495967836086028,2,Medium volatility,train,0.04961153447266651,0.005322439182671273,0.14412396525904125,0.17893025929605647,-0.03480629403701521,-0.007713094304393042,17,0.0
2015-10-07,1995.8299560546875,0.0080035198575529,0.6812958902122138,0.0106414976961337,0.061824131554885,0.9275343707489812,2,Medium volatility,train,0.03871915572665491,0.027320994809309173,0.12531108903924518,0.17292452177246265,-0.04761343273321747,0.0,18,0.0
2015-10-08,2013.4300537109373,0.0087797801445583,0.7496390039170623,0.0084836548913561,0.0813842602682015,0.9101320848404424,2,Medium volatility,train,0.0455269971928754,0.030836699508931472,0.11666499050045025,0.17434503182751523,-0.05768004132706499,0.0,19,0.0
2015-10-09,2014.8900146484373,0.0007248485605151,0.0404708107885508,0.0052852853325879,0.1769500437276258,0.8177646709397862,2,Medium volatility,train,0.032038052736985304,0.027084541624460272,0.11832666747712804,0.1740321197742145,-0.05570545229708647,0.0,20,0.0
2015-10-12,2017.4599609375,0.0012746644773331,0.0888774243289478,0.0035742913555302,0.3164903743255812,0.6799353343188884,2,Medium volatility,train,0.015188123695816303,0.03245724732483777,0.07448410293102364,0.17290028866681192,-0.09841618573578828,0.0,21,0.0
2015-10-13,2003.68994140625,-0.0068488236901274,-0.6263265926773757,0.0037731239043342,0.3174259676474751,0.6788009084481906,2,Medium volatility,train,0.011933989349832003,0.012858736003277372,0.09027932136454614,0.17028465112403365,-0.08000532975948751,-0.006825423947869114,22,0.0
2015-10-14,1994.239990234375,-0.0047274309119389,-0.4395560077596747,0.0031678048520503,0.3932237447015788,0.6036084504463707,2,Medium volatility,train,-0.0007969614196597979,-0.000536435624037628,0.08647241618212094,0.1686292014946089,-0.08215678531248795,-0.011509507575225841,23,0.0
2015-10-15,2023.8599853515625,0.0147435513513549,1.2746983178079527,0.0078853805085605,0.1406279604923009,0.8514866589991384,2,Medium volatility,train,0.0051668097871368016,0.01677146016987747,0.11952108433064076,0.17582609732421578,-0.056305012993575015,0.0,24,0.0
2015-10-16,2033.1099853515625,0.0045600613736969,0.3781286682898349,0.0051376273205057,0.241288756278719,0.7535736164007752,2,Medium volatility,train,0.009002022600318602,0.03762775249795847,0.12148696515222177,0.16466906328004172,-0.04318209812781995,0.0,25,0.0
2015-10-19,2033.6600341796875,0.0002705089438732,0.0004700731486532,0.0032243538704843,0.3972906334838225,0.5994850126456931,2,Medium volatility,train,0.007997867066858701,0.033342869408158775,0.12187269307562291,0.1644595263457478,-0.04258683327012487,0.0,26,0.0
2015-10-22,2052.510009765625,0.0164908470125935,1.42853283446562,0.0088198572922427,0.1631164768859702,0.828063665821787,2,Medium volatility,train,0.014056867363136,0.06038349257400327,0.12078254622798588,0.16492606029156343,-0.04414351406357754,0.0,1,0.0
2015-10-23,2075.14990234375,0.0109699539690426,0.9424651747592556,0.0087948145341195,0.1254644415491104,0.86574074391677,2,Medium volatility,train,0.0204667599584817,0.07181934834426637,0.13181387420231502,0.16661838378299226,-0.03480450958067724,0.0,2,0.0
2015-10-26,2071.179931640625,-0.0019149330010996,-0.1919394959622578,0.0053148644956072,0.2258780084648533,0.7688071270395396,2,Medium volatility,train,0.0182813180135089,0.09590562650597567,0.1356820397027867,0.12940006836401652,0.006281971338770176,-0.0019131006866738298,3,0.0
2015-10-27,2065.889892578125,-0.0025573858650878,-0.2485020045287248,0.0036242096409262,0.3452408909014585,0.6511348994576153,2,Medium volatility,train,0.0171460332043152,0.09211614672790576,0.13799541491725859,0.1313641311896188,0.006631283727639797,-0.004462332940461944,4,0.0
2015-10-28,2090.35009765625,0.0117704884881435,1.0129454280704602,0.0056642454347506,0.2315164499208129,0.7628193046444365,2,Medium volatility,train,0.034758970603592204,0.08499073661248477,0.12284085769111532,0.1236864417673652,-0.0008455840762498779,0.0,5,0.0
2015-10-29,2089.409912109375,-0.0004498753806609,-0.0629536374636119,0.0034764772287923,0.3807366624875093,0.6157868602836983,2,Medium volatility,train,0.017818248210337805,0.08256892255348608,0.10184356660798824,0.12452928686097181,-0.02268572025298357,-0.0004497742019048401,6,0.0
2015-10-30,2079.360107421875,-0.0048214816884248,-0.447836378427871,0.0028668117096228,0.4550727951523244,0.5420603931380528,2,Medium volatility,train,0.002026812552870405,0.06353364784865607,0.09293817901560479,0.12250283282419708,-0.029564653808592287,-0.005257487846986653,7,0.0
2015-11-02,2104.050048828125,0.0118038763388144,1.015884944252029,0.0048977973390846,0.3169486493105494,0.6781535533503659,2,Medium volatility,train,0.015745621892784403,0.05721293066896837,0.1140934950527775,0.11447370363478518,-0.00038020858200768504,0.0,8,0.0
2015-11-03,2109.7900390625,0.0027243529250675,0.2165101579347416,0.0029188623597253,0.4796328621662431,0.5174482754740316,2,Medium volatility,train,0.021027360682939703,0.06353197293817897,0.10537543013296172,0.1120457390646501,-0.006670308931688379,0.0,9,0.0
2015-11-12,2045.969970703125,-0.0140891633366324,-1.263776896404392,0.0040718587894037,0.4594867836919775,0.5364413575186187,2,Medium volatility,train,-0.026031987941277798,0.010865418511507368,0.09344885722428446,0.11692635457305657,-0.02347749734877211,-0.03024948794797322,1,0.0
2015-11-13,2023.0400390625,-0.0112706404321549,-1.0156299351788909,0.0066289121630019,0.23309908873755,0.760271999099448,2,Medium volatility,train,-0.0369549465934095,-0.0049652832943444325,0.09051904244037459,0.12275648446727151,-0.03223744202689692,-0.04111783561104876,2,0.0
2015-11-16,2053.18994140625,0.0147933027942341,1.279078509058996,0.0112275147093118,0.0730143742498077,0.9157581110408805,2,Medium volatility,train,-0.012290353142672595,0.009557510556016467,0.16295873842719588,0.133355252266003,0.029603486161192877,-0.026827360357337127,3,0.0
2015-11-17,2050.43994140625,-0.0013402770182464,-0.1413459259513338,0.0065129210384067,0.1549394314551637,0.8385476475064295,2,Medium volatility,train,-0.015140085314368496,0.009639334593664168,0.1604472012355394,0.13334086305972673,0.027106338175812678,-0.028130807595727725,4,0.0
2015-11-18,2083.580078125,0.0160332298771717,1.3882435391828878,0.0124064534549223,0.0322761747376908,0.9553173718073869,2,Medium volatility,train,0.004126451884372103,0.03151501338196937,0.20077693843876607,0.14149745922509047,0.0592794792136756,-0.01242301861902173,5,0.0
2015-11-19,2081.239990234375,-0.0011237403289792,-0.1222817127955257,0.0072696487239545,0.0914538120166556,0.90127653925939,2,Medium volatility,train,0.017091874892025304,0.013900426040396669,0.16612447612593992,0.13082385359098217,0.03530062253495775,-0.013532175382158562,6,0.0
2015-11-20,2089.169921875,0.0038029552801495,0.3114719183515458,0.0050253533462668,0.1807028220679445,0.8142718245857886,2,Medium volatility,train,0.032165470604329706,0.006733427351503568,0.12016580351029134,0.1259920288159202,-0.00582622530562886,-0.009773539928486286,7,0.0
2015-11-23,2086.590087890625,-0.0012356238416844,-0.1321321041636161,0.0035484415092227,0.3081775655722795,0.6882739929184978,2,Medium volatility,train,0.016136543968411205,0.007412736510918769,0.10626088220951423,0.12586091815437675,-0.019600035944862523,-0.010996331740282583,8,0.0
2015-11-24,2089.139892578125,0.0012212499449608,0.0841747292142793,0.0024379527365996,0.4768619736923057,0.5207000735710945,2,Medium volatility,train,0.018698070931618405,0.011191372320967367,0.1018654609817449,0.12543152860409568,-0.023566067622350778,-0.00978777323906177,9,0.0
