Date,Close,LogReturn,Return_scaled
1990-01-03,358.760009765625,-0.002588887687124,-0.25127547193568867
1990-01-04,355.6700134277344,-0.0086502960559933,-0.7849309072320619
1990-01-05,352.20001220703125,-0.0098041416928253,-0.8865171984232071
1990-01-08,353.7900085449219,0.0045043102010344,0.37322025187818186
1990-01-09,349.6199951171875,-0.0118567045055311,-1.0672278904982226
1990-01-10,347.3099975585937,-0.0066290905607084,-0.6069809601621051
1990-01-11,348.5299987792969,0.003506560350698,0.28537686659617567
1990-01-12,339.92999267578125,-0.0249846136926423,-2.2230285997459234
1990-01-15,337.0,-0.0086567621619675,-0.7855001928482656
1990-01-16,340.75,0.0110661402242806,0.9509335561625263
1990-01-17,337.3999938964844,-0.009879918554625,-0.8931887063811268
1990-01-18,338.19000244140625,0.0023387229215696,0.18255871713808688
1990-01-19,339.1499938964844,0.0028345944519934,0.22621598642528312
1990-01-22,330.3800048828125,-0.0261989474892025,-2.329940358756695
1990-01-23,331.6099853515625,0.003716013541803,0.3038174380065134
1990-01-24,330.260009765625,-0.0040792828438327,-0.382492084926467
1990-01-25,326.0799865722656,-0.0127375437492531,-1.1447782915648774
1990-01-26,325.79998779296875,-0.000859050155018,-0.0989779950111577
1990-01-29,325.20001220703125,-0.0018432434894251,-0.18562784440693184
1990-01-30,322.9800109863281,-0.0068499793942251,-0.626428342590234
1990-01-31,329.0799865722656,0.0187104056804416,1.6239460907543182
1990-02-01,328.7900085449219,-0.0008815664136561,-0.10096036001175282
1990-02-02,330.9200134277344,0.0064574198157494,0.5451749360362952
1990-02-05,331.8500061035156,0.0028063830853657,0.22373221562123496
1990-02-06,329.6600036621094,-0.0066212465723705,-0.6062903637270555
1990-02-07,333.75,0.0123303783025026,1.062238962578769
1990-02-08,332.9599914550781,-0.0023698727326442,-0.23199306861344962
1990-02-09,333.6199951171875,0.0019802691082437,0.1509999086660285
1990-02-12,330.0799865722656,-0.0106675974473606,-0.9625371311689116
1990-02-13,331.0199890136719,0.0028437546803772,0.22702246659756078
1990-02-14,332.010009765625,0.0029863550353752,0.2395772145849614
1990-02-15,334.8900146484375,0.0086370450773403,0.7370723956648472
1990-02-16,332.7200012207031,-0.006500864332275,-0.5956917317209924
1990-02-20,327.989990234375,-0.0143182087631679,-1.2839423974500255
1990-02-21,327.6700134277344,-0.0009760449936129,-0.10927839513573087
1990-02-22,325.70001220703125,-0.0060302955851767,-0.55426215722485
1990-02-23,324.1499938964844,-0.0047703969698478,-0.44333880359539246
1990-02-26,328.6700134277344,0.0138478959339751,1.1958434787094723
1990-02-27,330.260009765625,0.0048260038786622,0.4015426431640504
1990-02-28,331.8900146484375,0.0049233802470034,0.4101158039003558
1990-03-01,332.739990234375,0.0025577420311284,0.20184148627967977
1990-03-02,335.5400085449219,0.0083798249259539,0.7144263498118576
1990-03-05,333.739990234375,-0.0053789823508543,-0.4969195684361248
1990-03-06,337.92999267578125,0.0124765343116592,1.0751067556626714
1990-03-07,336.95001220703125,-0.0029041641489939,-0.27903288197293175
1990-03-08,340.2699890136719,0.0098048002053419,0.8398832992089543
1990-03-09,337.92999267578125,-0.0069006360563479,-0.6308882306939039
1990-03-12,338.6700134277344,0.0021874698207575,0.16924216850091522
1990-03-13,336.0,-0.0079150616267922,-0.7201997712513022
1990-03-14,336.8699951171875,0.0025859247947037,0.20432273882832414
1990-03-15,338.07000732421875,0.0035559115392587,0.28972181885991277
1990-03-16,341.9100036621094,0.011294558949328,0.9710438814742247
1990-03-19,343.5299987792969,0.0047268852934525,0.39281609505557674
1990-03-20,341.57000732421875,-0.0057217830533584,-0.5271002536798833
1990-03-21,339.739990234375,-0.0053720670398318,-0.49631073413733784
1990-03-22,335.69000244140625,-0.0119924681332923,-1.0791807228205619
1990-03-23,337.2200012207031,0.0045474176562709,0.37701549654556016
1990-03-26,337.6300048828125,0.0012150958252865,0.08363291133734474
1990-03-27,341.5,0.0113970432158225,0.9800667491839867
1990-03-28,342.0,0.00146305805176,0.10546387566988943
1990-03-29,340.7900085449219,-0.003544260187092,-0.3353878920720857
1990-03-30,339.94000244140625,-0.0024973382444333,-0.24321532242634958
1990-04-02,338.70001220703125,-0.0036543427665174,-0.3450797265875628
1990-04-03,343.6400146484375,0.0144798445325697,1.251481176080264
1990-04-04,341.0899963378906,-0.007448279054631,-0.6791035372448953
1990-04-05,340.7300109863281,-0.0010559543021484,-0.11631372986911716
1990-04-06,340.0799865722656,-0.0019095624738643,-0.19146666673262785
1990-04-09,341.3699951171875,0.0037860741669604,0.30998567996287624
1990-04-10,342.07000732421875,0.002048497159433,0.1570068080763781
1990-04-11,341.9200134277344,-0.0004385850504773,-0.061959619951161685
1990-04-12,344.3399963378906,0.0070526998707665,0.5975842801278332
1990-04-16,344.739990234375,0.0011609506855663,0.07886589246183605
1990-04-17,344.67999267578125,-0.0001740522764999,-0.038669759896179066
1990-04-18,340.7200012207031,-0.0115553999245623,-1.0407005856989766
1990-04-19,338.0899963378906,-0.0077489078012131,-0.7055713405765162
1990-04-20,335.1199951171875,-0.0088234593280223,-0.8001764600290958
1990-04-23,331.04998779296875,-0.0122192775712628,-1.099149364097251
1990-04-24,330.3599853515625,-0.0020864598954934,-0.2070409796311157
1990-04-25,332.0299987792969,0.0050423980017546,0.4205943045811467
1990-04-26,332.9200134277344,0.0026769386076725,0.2123357306978866
1990-04-27,329.1099853515625,-0.0115102643317612,-1.0367267807748044
1990-04-30,330.79998779296875,0.0051219293686415,0.42759636476797114
1990-05-01,332.25,0.0043737713453646,0.36172741628516397
1990-05-02,334.4800109863281,0.0066894223009486,0.5656007809380659
1990-05-03,335.57000732421875,0.0032534803957426,0.2630953298133794
1990-05-04,338.3900146484375,0.0083685194665878,0.7134310003036101
1990-05-07,340.5299987792969,0.0063041040940081,0.5316767911754675
1990-05-08,342.010009765625,0.0043367811041949,0.35847074026997966
1990-05-09,342.8599853515625,0.0024821529002432,0.19518650643153254
1990-05-10,343.82000732421875,0.0027961280607469,0.2228293479551942
1990-05-11,352.0,0.0235128896822693,2.0467639466938463
1990-05-14,354.75,0.007782140442055,0.6618053162146023
1990-05-15,354.2799987792969,-0.0013257585443584,-0.1400676978513543
1990-05-16,354.0,-0.0007906443620191,-0.09295544694673297
1990-05-17,354.4700012207031,0.0013268064670155,0.09346808288679892
1990-05-18,354.6400146484375,0.0004795121410987,0.01887102642653209
1990-05-21,358.0,0.0094297546588117,0.8068637297937896
1990-05-22,358.42999267578125,0.0012003761199519,0.08233696652060644
1990-05-23,359.2900085449219,0.0023965230989526,0.18764753098206924
1990-05-24,358.4100036621094,-0.0024522929047092,-0.23924946351771745
1990-05-25,354.5799865722656,-0.010743640114069,-0.9692320409875249
1990-05-29,360.6499938964844,0.0169739894252014,1.4710694132308133
1990-05-30,360.8599853515625,0.0005820888609919,0.02790203387143901
1990-05-31,361.2300109863281,0.0010248740988814,0.06688550676897749
1990-06-01,363.1600036621094,0.0053286136016659,0.4457931529781191
1990-06-04,367.3999938964844,0.0116076375807319,0.9986077912384843
1990-06-05,366.6400146484375,-0.0020706760142417,-0.2056513431790821
1990-06-06,364.9599914550781,-0.0045927450312905,-0.4276980619009461
1990-06-07,363.1499938964844,-0.0049717798777377,-0.4610688552321017
1990-06-08,358.7099914550781,-0.0123017164666849,-1.1064074074338097
1990-06-11,361.6300048828125,0.0081073644023073,0.6904385188492611
1990-06-12,366.25,0.0126945571506258,1.0943018116550756
1990-06-13,364.8999938964844,-0.0036928336154185,-0.34846851834604897
1990-06-14,362.8999938964844,-0.0054960293155605,-0.5072245578212994
1990-06-15,362.9100036621094,2.7582330525355303e-05,-0.02091754829210458
1990-06-18,356.8800048828125,-0.0167552752288697,-1.4985053647432018
1990-06-19,358.4700012207031,0.0044453734331328,0.368031370909359
1990-06-20,359.1000061035156,0.001755940293652,0.1312496651722405
1990-06-21,360.4700012207031,0.0038078206667755,0.31190027424835653
1990-06-22,355.42999267578125,-0.0140804354138728,-1.263008477064189
1990-06-25,352.3099975585937,-0.0088168405677704,-0.7995937345025513
1990-06-26,352.0599975585937,-0.000709854230676,-0.08584256325934074
1990-06-27,355.1400146484375,0.0087105104944305,0.7435404005822939
1990-06-28,357.6300048828125,0.0069868268736463,0.5917847231910326
1990-06-29,358.0199890136719,0.0010898740244202,0.07260819718129016
1990-07-02,359.5400085449219,0.0042366403088394,0.3496541952553211
1990-07-03,360.1600036621094,0.0017229269418974,0.12834312043394566
1990-07-05,355.67999267578125,-0.0125169577027008,-1.1253575669527964
1990-07-06,358.4200134277344,0.0076740909551995,0.6522924782019776
1990-07-09,359.5199890136719,0.0030642572997683,0.2464358461579118
1990-07-10,356.489990234375,-0.0084636163024773,-0.76849534324082
1990-07-11,361.2300109863281,0.0132087434096828,1.1395715369733292
1990-07-12,365.4400024414063,0.0115872087224202,0.9968092040766409
1990-07-13,367.30999755859375,0.0051040578010299,0.4260229252943697
1990-07-16,368.9500122070313,0.0044549950808923,0.36887847513182564
1990-07-17,367.5199890136719,-0.0038834575425994,-0.36525133327072695
1990-07-18,364.2200012207031,-0.0090196250284169,-0.8174471809348094
1990-07-19,365.3200073242188,0.003015617853026,0.24215355670565392
1990-07-20,361.6099853515625,-0.0102074593783045,-0.9220258891282483
1990-07-23,355.3099975585937,-0.0175756015048547,-1.5707281138561262
1990-07-24,355.7900085449219,0.0013500521870781,0.09551467075942867
1990-07-25,357.0899963378906,0.0036471474163013,0.2977543615818112
1990-07-26,355.9100036621094,-0.0033099404013618,-0.31475802857458157
1990-07-27,353.44000244140625,-0.0069641536117499,-0.6364804110279503
1990-07-30,355.54998779296875,0.0059521054173528,0.5006863025657596
1990-07-31,356.1499938964844,0.0016861212901622,0.12510269594794807
1990-08-01,355.5199890136719,-0.0017704977377501,-0.17922319990624697
1990-08-02,351.4800109863281,-0.01142863366415,-1.029539895020444
1990-08-03,344.8599853515625,-0.0190143467894685,-1.6973973950556052
1990-08-06,334.42999267578125,-0.030710926890868,-2.7271817563187657
1990-08-07,334.8299865722656,0.0011953320279518,0.08189287713606455
1990-08-08,338.3500061035156,0.0104579804847011,0.8973902654280055
1990-08-09,339.94000244140625,0.0046882579137861,0.38941528292483485
1990-08-10,335.5199890136719,-0.0130876042216527,-1.175598137780471
1990-08-13,338.8399963378906,0.0098464743461397,0.8435523527349091
1990-08-14,339.3900146484375,0.001621923011994,0.11945058376605273
1990-08-15,340.0599975585937,0.0019721336824396,0.1502836536416837
1990-08-16,332.3900146484375,-0.0228130430870772,-2.031840284049941
1990-08-17,327.8299865722656,-0.0138138819812301,-1.2395407152058642
1990-08-20,328.510009765625,0.0020721682069719,0.15909084241453128
1990-08-21,321.8599853515625,-0.0204506857101467,-1.8238548163843442
1990-08-22,316.54998779296875,-0.0166354544511104,-1.4879561647188158
1990-08-23,307.0599975585937,-0.0304380081475637,-2.7031535830139264
1990-08-24,311.510009765625,0.0143883115104284,1.2434224722605904
1990-08-27,321.44000244140625,0.0313794368715685,2.739346496674393
1990-08-28,321.3399963378906,-0.0003111674430211,-0.05074158370719467
1990-08-29,324.19000244140625,0.0088300299805128,0.7540630744379654
1990-08-30,318.7099914550781,-0.0170481996082916,-1.5242948640965468
1990-08-31,322.5599975585937,0.0120075862830644,1.0338198716413898
1990-09-04,323.0899963378906,0.001641752972513,0.12119644307278196
1990-09-05,324.3900146484375,0.0040156299358073,0.3301961123069419
1990-09-06,320.4599914550781,-0.0121891038672421,-1.0964928261816784
1990-09-07,323.3999938964844,0.0091324913548618,0.780692225052126
1990-09-10,321.6300048828125,-0.0054880965523285,-0.5065261455121374
1990-09-11,321.0400085449219,-0.0018360791426781,-0.18499708463144462
1990-09-12,322.5400085449219,0.0046614334699262,0.38705361887029627
1990-09-13,318.6499938964844,-0.0121338834389552,-1.0916311372966256
1990-09-14,316.8299865722656,-0.0057279925610291,-0.5276469479986496
1990-09-17,317.7699890136719,0.0029625060354847,0.2374775130563013
1990-09-18,318.6000061035156,0.0026086005527821,0.206319146397587
1990-09-19,316.6000061035156,-0.0062972499080169,-0.5777652140542169
1990-09-20,311.4800109863281,-0.0163040007450696,-1.4587744859713079
1990-09-21,311.32000732421875,-0.000513820362638,-0.06858344907097176
1990-09-24,304.5899963378906,-0.0218547476593595,-1.947470524993992
1990-09-25,308.260009765625,0.0119770164402419,1.0311284570747408
1990-09-26,305.0599975585937,-0.0104351438296541,-0.9420715678881918
1990-09-27,300.9700012207031,-0.0134978745052274,-1.2117189455938313
1990-09-28,306.04998779296875,0.0167378513478126,1.4502794646231307
1990-10-01,314.94000244140625,0.0286337048328997,2.49760815186521
1990-10-02,315.2099914550781,0.0008569040158938,0.052097170082426744
1990-10-03,311.3999938964844,-0.0121608164604749,-1.0940023606903106
1990-10-04,312.69000244140625,0.0041340524274389,0.3406222051346606
1990-10-05,311.5,-0.0038129539995859,-0.3590440961655615
1990-10-08,313.4800109863281,0.0063362590035005,0.5345077573763609
1990-10-09,305.1000061035156,-0.0270959855034167,-2.408916923743055
1990-10-10,300.3900146484375,-0.0155579325750405,-1.393089531286112
1990-10-11,295.4599914550781,-0.0165482441798294,-1.4802780423336286
1990-10-12,300.0299987792969,0.0153490306152095,1.328005615460879
1990-10-15,303.2300109863281,0.0106091641076275,0.9107006971284719
1990-10-16,298.9200134277344,-0.0143156057126407,-1.2837132209983406
1990-10-17,298.760009765625,-0.000535415806862,-0.0704847441968646
1990-10-18,305.739990234375,0.0230944274558853,2.0099219080146904
1990-10-19,312.4800109863281,0.0218054666549276,1.8964398762070633
1990-10-22,314.760009765625,0.0072699724055365,0.6167132782194532
1990-10-23,312.3599853515625,-0.0076541527939415,-0.6972289683793647
1990-10-24,312.6000061035156,0.0007681156139147,0.04428010671629939
1990-10-25,310.1700134277344,-0.0078038599541363,-0.7104094100983316
1990-10-26,304.7099914550781,-0.0177601009815235,-1.5869717230211704
1990-10-29,301.8800048828125,-0.0093308729853704,-0.8448499153894278
1990-10-30,304.0599975585937,0.0071954387319843,0.6101512224094506
1990-10-31,304.0,-0.0001973409171105,-0.04072012655788426
1990-11-01,307.0199890136719,0.0098851548550786,0.846957842446061
1990-11-02,311.8500061035156,0.0156094662827905,1.350934760156597
1990-11-05,314.5899963378906,0.0087478695385696,0.7468295465610901
1990-11-06,311.6199951171875,-0.0094857109625765,-0.8584820818923004
1990-11-07,306.010009765625,-0.0181666680503482,-1.622766494283429
1990-11-08,307.6099853515625,0.0052148861660867,0.43578041988940963
1990-11-09,313.739990234375,0.0197318870657809,1.7138788357810446
1990-11-12,319.4800109863281,0.0181301221357399,1.5728570618029702
1990-11-13,317.6700134277344,-0.0056815580574278,-0.5235587850298931
1990-11-14,320.3999938964844,0.008557045764614,0.7300291368282331
1990-11-15,317.0199890136719,-0.0106053674297843,-0.9570583075858081
1990-11-16,317.1199951171875,0.0003154070295119,0.004422967587930841
1990-11-19,319.3399963378906,0.006976118699554,0.5908419595693296
1990-11-20,315.3099975585937,-0.0127000803124115,-1.1414799546968186
1990-11-21,316.0299987792969,0.0022808677955508,0.17746506553423552
1990-11-23,315.1000061035156,-0.0029470737936314,-0.2828107111000772
1990-11-26,316.510009765625,0.0044647993824815,0.36974166046994494
1990-11-27,318.1000061035156,0.0050109504267092,0.41782561316017935
1990-11-28,317.95001220703125,-0.0004716418361665,-0.06486998867785411
1990-11-29,316.4200134277344,-0.0048236886489991,-0.44803068252920975
1990-11-30,322.2200012207031,0.0181640583939115,1.5758448605990234
1990-12-03,324.1000061035156,0.0058175831284446,0.4888427595678868
1990-12-04,326.3500061035156,0.0069183148038867,0.5857528183620506
1990-12-05,329.9200134277344,0.0108797977449777,0.9345276862961565
1990-12-06,329.07000732421875,-0.0025797251798849,-0.2504687911295908
1990-12-07,327.75,-0.0040193937048709,-0.3772193557887425
1990-12-10,328.8900146484375,0.003472270249766,0.28235791495562873
1990-12-11,326.44000244140625,-0.0074772208136506,-0.6816516128847369
1990-12-12,330.19000244140625,0.0114220816655024,0.9822711716465449
1990-12-13,329.3399963378906,-0.0025776130751147,-0.2502828382747524
1990-12-14,326.82000732421875,-0.0076810576361161,-0.6995977108214689
1990-12-17,326.0199890136719,-0.0024508875543789,-0.23912573437811488
1990-12-18,330.04998779296875,0.0122854256695621,1.0582812657136662
1990-12-19,330.20001220703125,0.0004544473052465,0.016664280886001363
1990-12-20,330.1199951171875,-0.0002423585211657,-0.044683543576849935
1990-12-21,331.75,0.0049254632788571,0.41029919713225416
1990-12-24,329.8999938964844,-0.0055921134788903,-0.51568395090067
1990-12-26,330.8500061035156,0.0028755591726259,0.22982258154156118
1990-12-27,328.2900085449219,-0.0077677287790134,-0.7072283675394753
1990-12-28,328.7200012207031,0.0013089381616193,0.09189493062350791
1990-12-31,330.2200012207031,0.004552774411664,0.37748711328165774
1991-01-02,326.45001220703125,-0.0114822676744159,-1.0342619132962856
1991-01-03,321.9100036621094,-0.0140048202791716,-1.2563512078012884
1991-01-04,321.0,-0.0028308916167194,-0.2725818589224076
1991-01-07,315.44000244140625,-0.0174726258209592,-1.561661981025276
1991-01-08,314.8999938964844,-0.0017133885844708,-0.17419522485523464
1991-01-09,311.489990234375,-0.0108879050924413,-0.9819333449001093
1991-01-10,314.5299987792969,0.0097122535851763,0.8317353567071205
1991-01-11,315.2300109863281,0.0022231087540554,0.17237987335516464
1991-01-14,312.489990234375,-0.0087301285579313,-0.7919594797980231
1991-01-15,313.7300109863281,0.003960340999245,0.32532839185112117
1991-01-16,316.1700134277344,0.0077473076712468,0.6587385871085915
1991-01-17,327.9700012207031,0.0366420584245359,3.202675549056451
1991-01-18,332.2300109863281,0.0129053887056755,1.1128637362833689
1991-01-21,331.0599975585937,-0.0035279127566418,-0.33394863990790485
1991-01-22,328.3099975585937,-0.0083413439049655,-0.7577302989560603
1991-01-23,330.2099914550781,0.0057705132736334,0.48469865933078404
1991-01-24,334.7799987792969,0.0137448062020153,1.1867673049169027
1991-01-25,336.07000732421875,0.0038458973637025,0.31525260344920475
1991-01-28,336.0299987792969,-0.0001190553328553,-0.03382774693243216
1991-01-29,335.8399963378906,-0.0005655928910419,-0.07314157970669577
1991-01-30,340.9100036621094,0.014983678403361,1.2958394616917552
1991-01-31,343.92999267578125,0.0088196034277148,0.7531451051751394
1991-02-01,343.04998779296875,-0.0025619534459968,-0.24890414116593976
1991-02-04,348.3399963378906,0.0153028302375339,1.3239380652878938
1991-02-05,351.260009765625,0.0083477140046808,0.7115992563994136
1991-02-06,358.07000732421875,0.0192018006727394,1.667209238946734
1991-02-07,356.5199890136719,-0.0043382100209727,-0.4052884198733704
1991-02-08,359.3500061035156,0.0079065524522734,0.6727587351939578
1991-02-11,368.5799865722656,0.025360887073571,2.2094643938946406
1991-02-12,365.5,-0.0083914687830661,-0.7621433680010921
1991-02-13,369.0199890136719,0.0095845341522693,0.8204907473001972
1991-02-14,364.2200012207031,-0.0130927293228753,-1.1760493593378125
1991-02-15,369.05999755859375,0.0132011418139024,1.1389022811406466
1991-02-19,369.3900146484375,0.0008938102955093,0.05534645399712416
1991-02-20,365.1400146484375,-0.0115721543259583,-1.042175668192351
1991-02-21,364.9700012207031,-0.0004657200342741,-0.06434862440501316
1991-02-22,365.6499938964844,0.0018614132563188,0.14053566215159416
1991-02-25,367.260009765625,0.0043934956568021,0.36346397408914904
1991-02-26,362.80999755859375,-0.0121907961537583,-1.0966418176111434
1991-02-27,367.739990234375,0.0134968656421392,1.1649382481439157
1991-02-28,367.0700073242188,-0.0018235546550622,-0.1838944100575198
1991-03-01,370.4700012207031,0.0092198875780065,0.7883867189167993
1991-03-04,369.3299865722656,-0.0030819561222301,-0.2946859525294144
1991-03-05,376.7200012207031,0.0198116922050219,1.7209049992943417
1991-03-06,376.1700134277344,-0.0014610046091689,-0.15197496315940554
1991-03-07,375.9100036621094,-0.0006914417883088,-0.08422150436537111
1991-03-08,374.9500122070313,-0.0025570464743447,-0.24847212406139402
1991-03-11,372.9599914550781,-0.0053215639274704,-0.49186436478372964
1991-03-12,370.0299987792969,-0.0078870722428243,-0.71773554413178
1991-03-13,374.5700073242188,0.0121946407986701,1.0502884302460846
1991-03-14,373.5,-0.0028607163593257,-0.2752076737544705
1991-03-15,373.5899963378906,0.0002409250258121,-0.0021345391311845745
1991-03-18,372.1099853515625,-0.0039694594769974,-0.37282307187411956
1991-03-19,366.5899963378906,-0.0149454227646366,-1.339163253826709
1991-03-20,367.9200134277344,0.0036215123709606,0.2954974139472657
1991-03-21,366.5799865722656,-0.003648817814061,-0.3445933015310933
1991-03-22,367.4800109863281,0.0024521833857127,0.19254794566329012
1991-03-25,369.8299865722656,0.0063744789874515,0.5378727017805599
1991-03-26,376.2999877929688,0.0173432608726509,1.5035806223490242
1991-03-27,375.3500061035156,-0.0025277248798891,-0.24589060714312275
1991-03-28,375.2200012207031,-0.0003464164111113,-0.053844955442802156
1991-04-01,371.2999877929688,-0.0105021955621946,-0.947974902449851
1991-04-02,379.5,0.0218442685291151,1.8998560510957563
1991-04-03,378.9400024414063,-0.0014767091887435,-0.1533576177734838
1991-04-04,379.7699890136719,0.0021878897410054,0.16927913890598373
1991-04-05,375.3599853515625,-0.0116802509478732,-1.0516926560459223
1991-04-08,378.6600036621094,0.0087531880553628,0.7472977967138076
1991-04-09,373.55999755859375,-0.0135600867894325,-1.2171962079044794
1991-04-10,373.1499938964844,-0.0010981604853421,-0.12002962520131599
1991-04-11,377.6300048828125,0.0119344259774596,1.0273787291942873
1991-04-12,380.3999938964844,0.00730842142812,0.6200983875265408
1991-04-15,381.1900024414063,0.0020746302658292,0.1593076057492648
1991-04-16,387.6199951171875,0.0167275207836254,1.449369946340797
1991-04-17,390.4500122070313,0.0072744856969935,0.6171106351323243
1991-04-18,388.4599914550781,-0.0051097689656192,-0.47321762038340726
1991-04-19,384.2000122070313,-0.0110269003000187,-0.9941706903303866
1991-04-22,380.9500122070313,-0.0084951171443758,-0.7712687243549985
1991-04-23,381.760009765625,0.0021239995274102,0.16365414918867074
1991-04-24,382.760009765625,0.0026160219346786,0.20697253593108517
1991-04-25,379.25,-0.0092125681961228,-0.8344341852551865
1991-04-26,379.0199890136719,-0.0006066730761222,-0.07675834048520978
1991-04-29,373.6600036621094,-0.0142426423201822,-1.2772894150783964
1991-04-30,375.3399963378906,0.0044859692740102,0.3716054893016976
1991-05-01,380.2900085449219,0.0131018699213951,1.130162235628986
1991-05-02,380.5199890136719,0.0006045674386321,0.029881081380765954
1991-05-03,380.7999877929688,0.0007355613945554,0.041413984679027446
1991-05-06,380.0799865722656,-0.0018925493109707,-0.18996880249098033
1991-05-07,377.3200073242188,-0.0072880683571474,-0.664998348433686
1991-05-08,378.510009765625,0.0031488652151239,0.2538848532451927
1991-05-09,383.25,0.0124449993439874,1.0723303700645022
1991-05-10,375.739990234375,-0.0197901289031499,-1.7656984096676624
1991-05-13,376.760009765625,0.0027110170258577,0.2153360454736138
1991-05-14,371.6199951171875,-0.0137365922092849,-1.2327360083817525
1991-05-15,368.5700073242188,-0.0082411409095124,-0.748908277752018
1991-05-16,372.1900024414063,0.0097738103752957,0.8371549083405875
1991-05-17,372.3900146484375,0.0005372484011161,0.023954212890294098
1991-05-20,372.2799987792969,-0.0002954754937283,-0.04936004108196813
1991-05-21,375.3500061035156,0.0082126842413581,0.6997110345970301
1991-05-22,376.1900024414063,0.0022354011180505,0.17346211141922868
1991-05-23,374.9599914550781,-0.0032750105723646,-0.3116827543208183
1991-05-24,377.489990234375,0.0067247215765338,0.5687085818205827
1991-05-28,381.9400024414063,0.0117194821972921,1.008454758131943
1991-05-29,382.7900085449219,0.0022230236589475,0.17237238145491895
1991-05-30,386.9599914550781,0.0108347481742088,0.9305614548800283
1991-05-31,389.8299865722656,0.0073894057792429,0.6272283706130867
1991-06-03,388.05999755859375,-0.0045507516599716,-0.42400090284368064
1991-06-04,387.739990234375,-0.0008249738267682,-0.09597786423646096
1991-06-05,385.0899963378906,-0.0068579230323146,-0.6271277123380737
1991-06-06,383.6300048828125,-0.0037985045484258,-0.3577719449295155
1991-06-07,379.4299926757813,-0.0110084518533568,-0.9925464615645999
1991-06-10,378.5700073242188,-0.0022690916109544,-0.22312014831307073
1991-06-11,381.0499877929688,0.0065295523968833,0.5515255960878044
1991-06-12,376.6499938964844,-0.0116142100099159,-1.0458783133472866
1991-06-13,377.6300048828125,0.0025985351311588,0.2054329716621227
1991-06-14,382.2900085449219,0.0122646120461125,1.0564488032550838
1991-06-17,380.1300048828125,-0.0056661929201951,-0.522206015425981
1991-06-18,378.5899963378906,-0.0040594966715685,-0.38075008080301437
1991-06-19,375.0899963378906,-0.0092878282407342,-0.8410601918568524
1991-06-20,375.4200134277344,0.0008794475938227,0.054081940314139244
1991-06-21,377.75,0.0061871661472903,0.5213813998966262
1991-06-24,370.9400024414063,-0.0181922701100338,-1.625020537811691
1991-06-25,370.6499938964844,-0.0007821264071461,-0.09220551349249953
1991-06-26,371.5899963378906,0.0025328814300538,0.1996527218736495
1991-06-27,374.3999938964844,0.0075336422355887,0.6399271634039083
1991-06-28,371.1600036621094,-0.0086914819496737,-0.7885569747534263
1991-07-01,377.9200134277344,0.0180493221879851,1.5657433138640475
1991-07-02,377.4700012207031,-0.0011914699732349,-0.12824473171591017
1991-07-03,373.3299865722656,-0.0110283875241137,-0.9943016277583738
1991-07-05,374.0799865722656,0.0020069313460737,0.1533472918597133
1991-07-08,377.9400024414063,0.0102658169333169,0.8804718996916342
1991-07-09,376.1099853515625,-0.0048538444728389,-0.4506856462469821
1991-07-10,375.739990234375,-0.0009842260000523,-0.10999866314720538
1991-07-11,376.9700012207031,0.0032682230743112,0.2643932972279109
1991-07-12,380.25,0.0086633192163168,0.739385610056498
1991-07-15,382.3900146484375,0.0056121373758806,0.4707550090250564
1991-07-16,381.5400085449219,-0.0022253516120374,-0.21926921355642293
1991-07-17,381.1799926757813,-0.0009440316113416,-0.10645988920251544
1991-07-18,385.3699951171875,0.0109322137841818,0.9391424725827294
1991-07-19,384.2200012207031,-0.0029885906986946,-0.2864659213573913
1991-07-22,382.8800048828125,-0.0034936714644739,-0.33093398546376296
1991-07-23,379.4200134277344,-0.0090778305983585,-0.8225716861444217
1991-07-24,378.6400146484375,-0.0020578820295877,-0.20452494168388322
1991-07-25,380.9599914550781,0.0061084360236103,0.5144498823570441
1991-07-26,380.9299926757813,-7.87483230837438e-05,-0.030279057661534627
1991-07-29,383.1499938964844,0.0058109295010826,0.48825696428895393
1991-07-30,386.6900024414063,0.0091968032662324,0.7863543416706805
1991-07-31,387.80999755859375,0.0028921779157871,0.23128572048156684
1991-08-01,387.1199951171875,-0.0017808127967118,-0.18013135308539674
1991-08-02,387.1799926757813,0.0001549723870848,-0.009701937670188746
1991-08-05,385.05999755859375,-0.0054905222981096,-0.5067397117894697
1991-08-06,390.6199951171875,0.0143360479477223,1.2388211102323683
1991-08-07,390.55999755859375,-0.0001536075149752,-0.036869772591738535
1991-08-08,389.3200073242188,-0.0031799540224666,-0.3033138338609927
1991-08-09,387.1199951171875,-0.0056669364992556,-0.52227148123575
1991-08-12,388.0199890136719,0.0023221465008491,0.18109930432889773
1991-08-13,389.6199951171875,0.0041150362480788,0.3389479923351721
1991-08-14,389.8999938964844,0.0007183877136824,0.03990198819501041
1991-08-15,389.3299865722656,-0.0014630017842618,-0.15215079743400062
1991-08-16,385.5799865722656,-0.0096786192036821,-0.875466011222683
1991-08-19,376.4700012207031,-0.0239102933137296,-2.1284438308989815
1991-08-20,379.4299926757813,0.0078317412581254,0.6661722460566915
1991-08-21,390.5899963378906,0.0289882998095567,2.5288272226002673
1991-08-22,391.3299865722656,0.0018927523825125,0.1432948055738722
1991-08-23,394.1700134277344,0.0072311629046666,0.613296431866264
1991-08-26,393.8500061035156,-0.0008121807412964,-0.09485154190660436
1991-08-27,393.05999755859375,-0.0020078758858304,-0.2001223261875653
1991-08-28,396.6400146484375,0.0090668394576374,0.7749121340799919
1991-08-29,396.4700012207031,-0.0004287259697557,-0.06109161177650557
1991-08-30,395.4299926757813,-0.0026266173781186,-0.2545972502165797
1991-09-03,392.1499938964844,-0.0083293577758833,-0.7566750222705738
1991-09-04,389.9700012207031,-0.0055745878761523,-0.514140970690656
1991-09-05,389.1400146484375,-0.0021306025319525,-0.21092736319763078
1991-09-06,389.1000061035156,-0.0001028180095863,-0.032398188768743785
1991-09-09,388.5700073242188,-0.001363043070202,-0.1433502831282471
1991-09-10,384.55999755859375,-0.0103735353694105,-0.936647467139908
1991-09-11,385.0899963378906,0.0013772464555978,0.09790889472872612
1991-09-12,387.3399963378906,0.0058257871523448,0.4895650540709479
1991-09-13,383.5899963378906,-0.0097285865442175,-0.8798652104254575
1991-09-16,385.7799987792969,0.0056929913309877,0.4778735118518444
1991-09-17,385.5,-0.0007260626284635,-0.08726957478048639
1991-09-18,386.9400024414063,0.0037284555564784,0.30491285153972225
1991-09-19,387.55999755859375,0.0016010206575129,0.11761030929508662
1991-09-20,387.9200134277344,0.0009284981944208,0.058400428365227366
1991-09-23,385.9200134277344,-0.0051690385189431,-0.47843580027726385
1991-09-24,387.7099914550781,0.0046274865509507,0.38406488148116363
1991-09-25,386.8800048828125,-0.0021430353963758,-0.21202197112899418
1991-09-26,386.489990234375,-0.0010086108433569,-0.1121455411294222
1991-09-27,385.8999938964844,-0.0015277164768123,-0.15784837550850847
1991-09-30,387.8599853515625,0.005066159273503,0.4226862823933022
1991-10-01,389.2000122070313,0.0034489696755048,0.2803064976375219
1991-10-02,388.260009765625,-0.0024181382267549,-0.23624243471815323
1991-10-03,384.4700012207031,-0.0098094777797914,-0.8869869954801582
1991-10-04,381.25,-0.0084104377480986,-0.7638134239807436
1991-10-07,379.5,-0.0046007310859366,-0.42840116606570644
1991-10-08,380.6700134277344,0.0030782965151967,0.24767187962814308
1991-10-09,376.7999877929688,-0.0102183830452542,-0.9229876250625924
1991-10-10,380.5499877929688,0.0099030323304338,0.8485318020462221
1991-10-11,381.4500122070313,0.0023622699018313,0.18463182840806996
1991-10-14,386.4700012207031,0.0130744359719709,1.1277469097952968
1991-10-15,391.010009765625,0.0116789115714102,1.0048828597054242
1991-10-16,392.7999877929688,0.0045673853220735,0.3787734796308883
1991-10-17,391.9200134277344,-0.0022427738116119,-0.22080308999766401
1991-10-18,392.5,0.0014787656307273,0.10684679435497553
1991-10-21,390.0199890136719,-0.0063385455309958,-0.5814009423067171
1991-10-22,387.8299865722656,-0.0056309270340966,-0.5191011542036842
1991-10-23,387.9400024414063,0.0002836301260327,0.0016252816003545487
1991-10-24,385.0700073242188,-0.007425539820236,-0.677101541126024
1991-10-25,384.2000122070313,-0.0022618728561152,-0.22248459836797937
1991-10-28,389.5199890136719,0.0137519015626077,1.1873919910484243
1991-10-29,391.4800109863281,0.0050192729515332,0.41855834066135333
1991-10-30,392.9599914550781,0.0037733471525127,0.3088651746245472
1991-10-31,392.4500122070313,-0.001298632096204,-0.13767944488819334
1991-11-01,391.3200073242188,-0.0028835133715743,-0.2772147567217666
1991-11-04,390.2799987792969,-0.0026612311939402,-0.2576447021989298
1991-11-05,388.7099914550781,-0.0040308847859265,-0.3782310477074469
1991-11-06,389.9700012207031,0.0032362738922255,0.2615804435748105
1991-11-07,393.7200012207031,0.0095701836431594,0.8192273070698541
1991-11-08,392.8900146484375,-0.0021102881060182,-0.20913885083300568
1991-11-11,393.1199951171875,0.0005851845967752,0.028174587068066432
1991-11-12,396.739990234375,0.0091662333330875,0.7836629191519126
1991-11-13,397.4100036621094,0.0016873728939303,0.1252128890108531
1991-11-14,397.1499938964844,-0.0006544748683676,-0.08096688158593492
1991-11-15,382.6199951171875,-0.0372717109171363,-3.3048029694687417
1991-11-18,385.239990234375,0.0068241745494894,0.5774645699250501
1991-11-19,379.4200134277344,-0.0152226850286476,-1.3635738371742965
1991-11-20,378.5299987792969,-0.0023484795650521,-0.2301095822239886
1991-11-21,380.05999755859375,0.0040338018199665,0.3317959920974108
1991-11-22,376.1400146484375,-0.0103676751114312,-0.9361315212849884
1991-11-25,375.3399963378906,-0.0021291813516937,-0.21080224036750772
1991-11-26,377.9599914550781,0.0069560752000716,0.5890772999737021
1991-11-27,376.5499877929688,-0.0037375391771474,-0.3524044626930977
1991-11-29,375.2200012207031,-0.0035382842605073,-0.3348617625805906
1991-12-02,381.3999938964844,0.0163361532946293,1.4149133687616127
1991-12-03,380.9599914550781,-0.0011543168548131,-0.12497371574446822
1991-12-04,380.0700073242188,-0.0023388947557991,-0.2292657213185904
1991-12-05,377.3900146484375,-0.0070762912395885,-0.646353175071478
1991-12-06,379.1000061035156,0.0045208643091108,0.37467770024889807
1991-12-09,378.260009765625,-0.0022182229447667,-0.21864159505525635
1991-12-10,377.8999938964844,-0.0009522214732333,-0.10718093686122115
1991-12-11,377.7000122070313,-0.0005293321665087,-0.06994913142449294
1991-12-12,381.5499877929688,0.0101416097045792,0.8695365099793356
1991-12-13,384.4700012207031,0.007623893927346,0.6478730569850664
1991-12-16,384.4599914550781,-2.6035570781957063e-05,-0.025638148311200364
1991-12-17,382.739990234375,-0.0044838481320557,-0.4181106164382651
1991-12-18,383.4800109863281,0.001931614890938,0.1467163187913339
1991-12-19,382.5199890136719,-0.0025065860974038,-0.24402951719796
1991-12-20,387.0400085449219,0.0117471581789194,1.0108913928418606
1991-12-23,396.8200073242188,0.0249547268842702,2.173705444912655
1991-12-24,399.3299865722656,0.006305313277771,0.5317832495178318
1991-12-26,404.8399963378906,0.0137038091735037,1.1831578653667512
1991-12-27,406.4599914550781,0.0039935838644931,0.32825514329977545
1991-12-30,415.1400146484375,0.0211303458849361,1.8370012364615869
1991-12-31,417.0899963378906,0.0046861690451089,0.3892313758102881
1992-01-02,417.260009765625,0.0004075350364809,0.012534054759442468
1992-01-03,419.3399963378906,0.0049724858781603,0.4144391369239361
1992-01-06,417.9599914550781,-0.0032963242625045,-0.313559243396822
1992-01-07,417.3999938964844,-0.0013407337011575,-0.14138613299611358
1992-01-08,418.1000061035156,0.0016756729403404,0.12418280764262973
1992-01-09,417.6099853515625,-0.0011727053957031,-0.12659267031672858
1992-01-10,415.1000061035156,-0.0060284778023191,-0.5541021169102707
1992-01-13,414.3399963378906,-0.00183258578339,-0.18468952406827382
1992-01-14,420.4400024414063,0.0146149037826157,1.2633719939377555
1992-01-15,420.7699890136719,0.0007845522343856,0.045727211302957635
1992-01-16,418.2099914550781,-0.0061026617159889,-0.5606333793384497
1992-01-17,418.8599853515625,0.0015530219578687,0.1133844321732217
1992-01-20,416.3599853515625,-0.0059864647730849,-0.5504032271408162
1992-01-21,412.6400146484375,-0.0089746578327734,-0.8134882019476097
1992-01-22,418.1300048828125,0.0132168230028701,1.140282876410799
1992-01-23,414.9599914550781,-0.0076102911842337,-0.6933673268272741
1992-01-24,415.4800109863281,0.0012523953511198,0.08691681723570796
1992-01-27,414.989990234375,-0.0011801047794666,-0.12724412310178027
1992-01-28,414.9599914550781,-7.229057165325514e-05,-0.029710507591822685
1992-01-29,410.3399963378906,-0.0111960340374999,-1.0090614768945114
1992-01-30,411.6199951171875,0.0031145063683997,0.2508598491225445
1992-01-31,408.7799987792969,-0.0069234707544643,-0.6328986315812214
1992-02-03,409.5299987792969,0.0018330466748324,0.13803822599983415
1992-02-04,413.8500061035156,0.0104934463772856,0.9005127355197023
1992-02-05,413.8399963378906,-2.41872333752724e-05,-0.025475417928538014
1992-02-06,413.8200073242188,-4.830247586440351e-05,-0.027598559852766342
1992-02-07,411.0899963378906,-0.0066189546523718,-0.6060885796712487
1992-02-10,413.7699890136719,0.0064980776218872,0.5487545099426001
1992-02-11,413.760009765625,-2.4118154174246342e-05,-0.025469336092626277
1992-02-12,417.1300048828125,0.008111816334293,0.6908304735827421
1992-02-13,413.6900024414063,-0.0082810285485734,-0.7524200449999345
1992-02-14,412.4800109863281,-0.0029291605857242,-0.2812336055527316
1992-02-18,407.3800048828125,-0.0124413236137508,-1.1186986289295553
1992-02-19,408.260009765625,0.0021578274936642,0.16663241380274704
1992-02-20,413.8999938964844,0.0137201337427832,1.184595104799359
1992-02-21,411.4299926757813,-0.0059855055193196,-0.5503187730082899
1992-02-24,412.2699890136719,0.0020395693765964,0.15622079275684173
1992-02-25,410.4500122070313,-0.0044242993307301,-0.4128678511337525
1992-02-26,415.3500061035156,0.0118674044450735,1.0214780534992747
1992-02-27,413.8599853515625,-0.0035938359909399,-0.3397526198007924
1992-02-28,412.7000122070313,-0.0028067506520157,-0.2704564523760358
1992-03-02,412.4500122070313,-0.0006059504338669,-0.07669471798300447
1992-03-03,412.8500061035156,0.0009693297441639,0.06199529891773632
1992-03-04,409.3299865722656,-0.0085627017681284,-0.7772189754539462
1992-03-05,406.510009765625,-0.0069130909247929,-0.6319847758921636
1992-03-06,404.4400024414063,-0.0051051526946643,-0.4728111970019147
1992-03-09,405.2099914550781,0.0019020298934355,0.14411161147586493
1992-03-10,406.8900146484375,0.004137484490565,0.3409243690922864
1992-03-11,404.0299987792969,-0.0070537850350813,-0.6443716952515662
1992-03-12,403.8900146484375,-0.0003465296809919,-0.05385492789206791
1992-03-13,405.8399963378906,0.0048163843072686,0.4006957217479351
1992-03-16,406.3900146484375,0.0013543414726848,0.09589230586306398
1992-03-17,409.5799865722656,0.0078188859164205,0.6650404425951979
1992-03-18,409.1499938964844,-0.0010503895681699,-0.1158238023880953
1992-03-19,409.7999877929688,0.0015873839611808,0.11640971420657772
1992-03-20,411.2999877929688,0.0036536395402144,0.2983259378561696
1992-03-23,409.9100036621094,-0.0033852132163971,-0.3213851595034188
1992-03-24,408.8800048828125,-0.0025159059388935,-0.24485004994619436
1992-03-25,407.5199890136719,-0.0033317421297898,-0.31667748526953243
1992-03-26,407.8599853515625,0.0008339580766882,0.05007697536366491
1992-03-27,403.5,-0.0107474546388397,-0.9695678774389034
1992-03-30,403.0,-0.0012399257633211,-0.13251085176218325
1992-03-31,403.6900024414063,0.0017107007836774,0.12726671122508823
1992-04-01,404.2300109863281,0.0013367873461804,0.09434681437810392
1992-04-02,400.5,-0.0092702835681262,-0.8395155327070349
1992-04-03,401.5499877929688,0.0026182617262779,0.20716973052484267
1992-04-06,405.5899963378906,0.0100107598769065,0.8580162959472697
1992-04-07,398.05999755859375,-0.0187400465537868,-1.6732475931009285
1992-04-08,394.5,-0.0089836012718826,-0.8142755956687422
1992-04-09,400.6400146484375,0.0154441647483425,1.336381366464454
1992-04-10,404.2900085449219,0.0090691583338493,0.7751162914010223
1992-04-13,406.0799865722656,0.0044176880911797,0.3655939121023942
1992-04-14,412.3900146484375,0.015419387607725,1.3341999500415744
1992-04-15,416.2799987792969,0.0093885687702242,0.8032376627208117
1992-04-16,416.0400085449219,-0.0005766778136155,-0.07411751282673146
1992-04-20,410.1799926757813,-0.0141853601341566,-1.2722462059662671
1992-04-21,410.260009765625,0.000195058968015,-0.006172655283323309
1992-04-22,409.80999755859375,-0.0010974971604422,-0.11997122508757063
1992-04-23,411.6000061035156,0.0043583870915986,0.3603729636331418
1992-04-24,409.0199890136719,-0.0062879910460251,-0.5769500500319478
1992-04-27,408.4500122070313,-0.0013944900685149,-0.14611892377282482
1992-04-28,409.1099853515625,0.0016144950581216,0.11879661562599218
1992-04-29,412.0199890136719,0.0070878324638581,0.6006774060349539
1992-04-30,414.9500122070313,0.0070861952664449,0.6005332647322998
1992-05-01,412.5299987792969,-0.0058491330186356,-0.5383123346055015
1992-05-04,416.9100036621094,0.0105614525066348,0.9065000966001833
1992-05-05,416.8399963378906,-0.0001679336117144,-0.03813106352054653
1992-05-06,416.7900085449219,-0.0001199280081953,-0.0339045785712361
1992-05-07,415.8500061035156,-0.0022578853387225,-0.22213353138808703
1992-05-08,416.0499877929688,0.0004807830142388,0.018982915993694355
1992-05-11,418.489990234375,0.0058475554399146,0.49148156658285536
1992-05-12,416.2900085449219,-0.0052708181458704,-0.4873966304683375
1992-05-13,416.4500122070313,0.0003842823932824,0.010486857363600032
1992-05-14,413.1400146484375,-0.0079798816670075,-0.7259066242913783
1992-05-15,410.0899963378906,-0.0074099151522739,-0.6757259220495236
1992-05-18,412.80999755859375,0.0066107938918378,0.5586782185008954
1992-05-19,416.3699951171875,0.0085868435427354,0.7326525776668195
1992-05-20,415.3900146484375,-0.0023564030746854,-0.23080717983251645
1992-05-21,412.6000061035156,-0.0067392578041056,-0.6166802486199626
1992-05-22,414.0199890136719,0.0034356398714976,0.2791329218071238
1992-05-26,411.4100036621094,-0.006323962233103,-0.5801170070046496
1992-05-27,412.1700134277344,0.0018456251137504,0.1391456505268812
1992-05-28,416.739990234375,0.011026584526566,0.947451013525942
1992-05-29,415.3500061035156,-0.0033409497287246,-0.3174881360157883
1992-06-01,417.2999877929688,0.0046838053651416,0.38902327389979335
1992-06-02,413.5,-0.0091478438813492,-0.8287357600258024
1992-06-03,414.5899963378906,0.0026325567805818,0.20842828843133726
1992-06-04,413.260009765625,-0.0032131127781642,-0.3062331801793451
1992-06-05,413.4800109863281,0.0005322138045178,0.023510959495092045
1992-06-08,413.3599853515625,-0.0002903237292342,-0.048906472050427
1992-06-09,410.05999755859375,-0.0080153640403244,-0.7290305453713419
1992-06-10,407.25,-0.0068762370189681,-0.6287401030441315
1992-06-11,409.0499877929688,0.0044101206351587,0.36492766198505944
1992-06-12,409.760009765625,0.0017342781664497,0.12934249917745946
1992-06-15,410.2900085449219,0.0012926012834757,0.09045660750014228
1992-06-16,408.3200073242188,-0.0048130489134203,-0.447093944336333
1992-06-17,402.260009765625,-0.0149525286518459,-1.3397888667372864
1992-06-18,400.9599914550781,-0.0032370196054269,-0.3083379729161214
1992-06-19,403.6700134277344,0.0067360953567954,0.5697099464023921
1992-06-22,403.3999938964844,-0.0006691353634122,-0.08225761344041081
1992-06-23,404.0400085449219,0.0015852937197573,0.11622568623339885
1992-06-24,403.8399963378906,-0.0004951532651107,-0.0669399699568085
1992-06-25,403.1199951171875,-0.0017844785847858,-0.18045409453611008
1992-06-26,403.4500122070313,0.0008183222913409,0.04870037749598641
1992-06-29,408.9400024414063,0.0135158574338625,1.1666103138194786
1992-06-30,408.1400146484375,-0.0019581632933363,-0.19574555538238378
1992-07-01,412.8800048828125,0.011546716975042,0.9932442502312602
1992-07-02,411.7699890136719,-0.0026920913059997,-0.26036167250223236
1992-07-06,413.8399963378906,0.0050145024854657,0.41813834171211683
1992-07-07,409.1600036621094,-0.0113731303070467,-1.024653296660318
1992-07-08,410.2799987792969,0.0027335639247993,0.21732110809223873
1992-07-09,414.2300109863281,0.0095815511753869,0.8202281215654205
1992-07-10,414.6199951171875,0.0009410246890659,0.05950327964099704
1992-07-13,414.8699951171875,0.0006027800468064,0.029723716737973038
1992-07-14,417.6799926757813,0.0067503651916416,0.570966283950208
1992-07-15,417.1000061035156,-0.0013895557306993,-0.14568449731041924
1992-07-16,417.5400085449219,0.0010543527136128,0.06948084798657539
1992-07-17,415.6199951171875,-0.0046089990354243,-0.4291290886728562
1992-07-20,413.75,-0.0045094428230347,-0.4203640112146052
1992-07-21,413.760009765625,2.4192494368691086e-05,-0.02121599452434639
1992-07-22,410.9299926757813,-0.0068632533200974,-0.6275969988262757
1992-07-23,412.0799865722656,0.0027946068065247,0.2226954144640416
1992-07-24,411.6000061035156,-0.0011654538834191,-0.12595423635732897
1992-07-27,411.5400085449219,-0.0001457772860806,-0.03618038755860349
1992-07-28,417.5199890136719,0.0144261795192903,1.2467564282528634
1992-07-29,422.2300109863281,0.011217794259136,0.9642854036309897
1992-07-30,423.9200134277344,0.0039945745786722,0.3283423672540659
1992-07-31,424.2099914550781,0.000683805635866,0.03685733047398533
1992-08-03,425.0899963378906,0.0020723071008816,0.15910307084154535
1992-08-04,424.3599853515625,-0.0017187855242379,-0.1746703794835669
1992-08-05,422.1900024414063,-0.0051266616128717,-0.4747048742482253
1992-08-06,420.5899963378906,-0.0037969767391512,-0.3576374343217706
1992-08-07,418.8800048828125,-0.0040739843417902,-0.3820255969022595
1992-08-10,419.4200134277344,0.0012883421396159,0.09008162612086996
1992-08-11,418.8999938964844,-0.001240623135331,-0.13257224943428503
1992-08-12,417.7799987792969,-0.0026772381220183,-0.2590539760263043
1992-08-13,417.7300109863281,-0.000119658154766,-0.03388082027274908
1992-08-14,419.9100036621094,0.0052050942159764,0.4349183219939189
1992-08-17,420.739990234375,0.0019746311734492,0.15050353647596393
1992-08-18,421.3399963378906,0.0014250575114562,0.10211825141175936
1992-08-19,418.1900024414063,-0.0075042194639038,-0.6840286143300254
1992-08-20,418.260009765625,0.0001673915317361,-0.008608537648019568
1992-08-21,414.8500061035156,-0.0081862482517003,-0.7440754462685395
1992-08-24,410.7200012207031,-0.0100053037279428,-0.9042278040915329
1992-08-25,411.6099853515625,0.0021645434141399,0.1672236934603399
1992-08-26,413.510009765625,0.0046054580755212,0.38212546164193606
1992-08-27,413.5299987792969,4.833868608322689e-05,-0.01909012778414291
1992-08-28,414.8399963378906,0.0031628346230903,0.2551147407623297
1992-08-31,414.0299987792969,-0.0019544628740568,-0.1954197649486749
1992-09-01,416.0700073242188,0.0049151009199732,0.4093868795973911
1992-09-02,417.9800109863281,0.0045800778347571,0.37989094738243584
1992-09-03,417.9800109863281,0.0,-0.023345937819296707
1992-09-04,417.0799865722656,-0.0021555930476768,-0.21312756548322928
1992-09-08,414.4400024414063,-0.0063498004523596,-0.5823918423738488
1992-09-09,416.3599853515625,0.0046220181907159,0.3835834388883089
1992-09-10,419.9500122070313,0.0085854501743334,0.7325299034340592
1992-09-11,419.5799865722656,-0.0008815066984251,-0.1009551025937315
1992-09-14,425.2699890136719,0.0134700565533796,1.1625779359753143
1992-09-15,419.7699890136719,-0.0130173194349474,-1.1694101603070233
1992-09-16,419.9200134277344,0.0003573328614674,0.008114180378886319
1992-09-17,419.9299926757813,2.3764357861111307e-05,-0.021253688301174266
1992-09-18,422.9299926757813,0.0071186501220195,0.6033906386337343
1992-09-21,422.1400146484375,-0.001869616127915,-0.18794973084268551
1992-09-22,417.1400146484375,-0.0119151152880503,-1.072370462929306
1992-09-23,417.4400024414063,0.000718895252092,0.039946672633745114
1992-09-24,418.4700012207031,0.0024643784523776,0.19362161752525367
1992-09-25,414.3500061035156,-0.009894163663926,-0.8944428670550574
1992-09-28,416.6199951171875,0.0054634816103158,0.4576671336578012
1992-09-29,416.7999877929688,0.0004319375159482,0.014682485455733274
1992-09-30,417.7999877929688,0.0023963587534074,0.18763306175509667
1992-10-01,416.2900085449219,-0.0036206666048776,-0.34211482707818514
1992-10-02,410.4700012207031,-0.0140793057121717,-1.262909016441118
1992-10-05,407.5700073242188,-0.0070901325478818,-0.6475717845022942
1992-10-06,407.1799926757813,-0.0009573849112678,-0.10763553364867384
1992-10-07,404.25,-0.0072218316716465,-0.6591667718292927
1992-10-08,407.75,0.0086207430439069,0.7356371403217494
1992-10-09,402.6600036621094,-0.0125616990081267,-1.129296658228252
1992-10-12,407.4400024414063,0.0118011460754168,1.0156445677894559
1992-10-13,409.2999877929688,0.0045546651057781,0.3776535728120293
1992-10-14,409.3699951171875,0.0001710269726524,-0.008288468006342508
1992-10-15,409.6000061035156,0.0005617079796156,0.02610767067056099
1992-10-16,411.7300109863281,0.0051867327715804,0.4333017530374132
1992-10-19,414.9800109863281,0.007862531374621,0.6688830538461278
1992-10-20,415.4800109863281,0.0012041520294454,0.08266940322537335
1992-10-21,415.6700134277344,0.0004572037276906,0.01690696043005282
1992-10-22,414.8999938964844,-0.0018541959017861,-0.1865921111301695
1992-10-23,414.1000061035156,-0.0019300073372576,-0.1932666630057319
1992-10-26,418.1600036621094,0.0097566378715887,0.8356430154960213
1992-10-27,418.489990234375,0.0007888282837127,0.04610368106479089
1992-10-28,420.1300048828125,0.003911227370418,0.3210043547007342
1992-10-29,420.8599853515625,0.0017360031880411,0.1294943726517797
1992-10-30,418.6799926757813,-0.0051933145114269,-0.48057309487083205
1992-11-02,422.75,0.0096741002856033,0.8283762832950414
1992-11-03,419.9200134277344,-0.0067167388577589,-0.6146976469894927
1992-11-04,417.1099853515625,-0.0067143080583811,-0.6144836357859678
1992-11-05,418.3399963378906,0.0029445494093174,0.23589658490056442
1992-11-06,417.5799865722656,-0.001818379726715,-0.18343880164579557
1992-11-09,418.5899963378906,0.0024158012783939,0.18934481065956235
1992-11-10,418.6199951171875,7.166369158539965e-05,-0.01703655950313394
1992-11-11,422.2000122070313,0.008515588812,0.7263792048739847
1992-11-12,422.8699951171875,0.0015856273319911,0.11625505795215041
1992-11-13,422.4299926757813,-0.0010410564000942,-0.1150020963473487
1992-11-16,420.6799926757813,-0.004151303017629,-0.38883284846828303
1992-11-17,419.2699890136719,-0.00335735464561,-0.3189324493714832
1992-11-18,422.8500061035156,0.0085024430666749,0.7252218338445402
1992-11-19,423.6099853515625,0.0017956653827138,0.13474712127573293
1992-11-20,426.6499938964844,0.0071508046317418,0.6062215696382719
1992-11-23,425.1199951171875,-0.0035925201511446,-0.33963677130222436
1992-11-24,427.5899963378906,0.0057933134447392,0.4867060204085804
1992-11-25,429.1900024414063,0.0037349330417733,0.3054831390082962
1992-11-27,430.1600036621094,0.0022575240025002,0.17540984316943548
1992-11-30,431.3500061035156,0.0027625986575978,0.21987736928227428
1992-12-01,430.7799987792969,-0.0013223235568817,-0.13976527642953912
1992-12-02,429.8900146484375,-0.0020681200325052,-0.20542631073394826
1992-12-03,429.9100036621094,4.649689055558071e-05,-0.019252282210015438
1992-12-04,432.05999755859375,0.0049885688646567,0.41585510704792283
1992-12-07,435.30999755859375,0.0074939535102727,0.6364329088188442
1992-12-08,436.989990234375,0.0038518738426054,0.3157787815676181
1992-12-09,435.6499938964844,-0.00307113452393,-0.2937332028712488
1992-12-10,434.6400146484375,-0.0023210187214317,-0.22769188858514477
1992-12-11,433.7300109863281,-0.0020958899279435,-0.2078712137558882
1992-12-14,432.8399963378906,-0.0020541097749902,-0.2041928267616126
1992-12-15,432.5700073242188,-0.0006239563242598,-0.07827998343465631
1992-12-16,431.5199890136719,-0.0024303459867187,-0.23731722411708803
1992-12-17,435.4299926757813,0.009020197833264,0.7708057358894738
1992-12-18,441.2799987792969,0.0133455600735796,1.151617080167982
1992-12-21,440.7000122070313,-0.0013151922915319,-0.1391374291896127
1992-12-22,440.30999755859375,-0.0008853808006543,-0.10129618433343485
1992-12-23,439.0299987792969,-0.0029112736567915,-0.2796588136455042
1992-12-24,439.7699890136719,0.0016840928983814,0.12492411330958074
1992-12-28,439.1499938964844,-0.0014108115234119,-0.14755588901055117
1992-12-29,437.9800109863281,-0.0026677541471205,-0.2582189927279641
1992-12-30,438.8200073242188,0.0019160505869866,0.1453460142523875
1992-12-31,435.7099914550781,-0.0071124580838102,-0.6495373579910044
1993-01-04,435.3800048828125,-0.0007576406328571,-0.09004974939584577
1993-01-05,434.3399963378906,-0.0023915950861796,-0.2339055370244434
1993-01-06,434.5199890136719,0.000414319180054,0.013131340880306673
1993-01-07,430.7300109863281,-0.0087604790895472,-0.7946315858788711
1993-01-08,429.0499877929688,-0.0039080353903493,-0.36741520365223496
1993-01-11,430.9500122070313,0.0044186686174452,0.36568023909757275
1993-01-12,431.0400085449219,0.0002088106266908,-0.004961938738572479
1993-01-13,433.0299987792969,0.004606093802181,0.3821814319654515
1993-01-14,435.9400024414063,0.0066976179525486,0.5663223383313275
1993-01-15,437.1499938964844,0.0027717468641439,0.2206827910340265
1993-01-18,436.8399963378906,-0.0007093847184922,-0.08580122670625358
1993-01-19,435.1300048828125,-0.0039221387083836,-0.3686568808115189
1993-01-20,433.3699951171875,-0.0040529929185826,-0.38017748068773816
1993-01-21,435.489990234375,0.0048799561725783,0.4062926836072759
1993-01-22,436.1099853515625,0.0014226600255264,0.10190717317389382
1993-01-25,440.010009765625,0.0089030046033879,0.7604878691005404
1993-01-26,439.9500122070313,-0.0001363642828957,-0.03535165271574369
1993-01-27,438.1099853515625,-0.0041911248753034,-0.39233882422478966
1993-01-28,438.6600036621094,0.0012546469190075,0.08711504863146426
1993-01-29,438.7799987792969,0.0002735118471957,0.0007344532369429297
1993-02-01,442.5199890136719,0.0084874906110963,0.7239053973490999
1993-02-02,442.5499877929688,6.778849151967137e-05,-0.01737773789800301
1993-02-03,447.2000122070313,0.0104525243059789,0.8969098953136926
1993-02-04,449.55999755859375,0.0052633720819388,0.4400491922530546
1993-02-05,448.9299926757813,-0.001402363950425,-0.1468121520825667
1993-02-08,447.8500061035156,-0.0024085887192981,-0.23540168183555624
1993-02-09,445.3299865722656,-0.0056428183314825,-0.520148081765157
1993-02-10,446.2300109863281,0.0020189885644468,0.1544088273524226
1993-02-11,447.6600036621094,0.0031994851093877,0.25834150425170527
1993-02-12,444.5799865722656,-0.0069040378324656,-0.6311877281381274
1993-02-16,433.9100036621094,-0.0242928382960769,-2.162123661831256
1993-02-17,433.2999877929688,-0.0014068471898713,-0.1472068631715837
1993-02-18,431.8999938964844,-0.0032362347387486,-0.30826887208288783
1993-02-19,434.2200012207031,0.0053572550824707,0.4483147916759701
1993-02-22,435.239990234375,0.0023462597281316,0.18322226883132794
1993-02-23,434.7999877929688,-0.0010114534734722,-0.11239581052545201
1993-02-24,440.8699951171875,0.0138639091614241,1.1972533071428584
1993-02-25,442.3399963378906,0.0033287725281985,0.2697241614767442
1993-02-26,443.3800048828125,0.0023483923168825,0.18341002512638552
1993-03-01,442.010009765625,-0.003094672828678,-0.2958055503360634
1993-03-02,447.8999938964844,0.0132374512364608,1.1420990168696366
1993-03-03,449.260009765625,0.0030318268878648,0.24358062431374636
1993-03-04,447.3399963378906,-0.0042828827784457,-0.40041732690327214
1993-03-05,446.1099853515625,-0.002753398150129,-0.26575921851785766
1993-03-08,454.7099914550781,0.0190943087740658,1.657745491829462
1993-03-09,454.3999938964844,-0.0006819803447406,-0.08338850475890149
1993-03-10,456.3299865722656,0.004238348591361,0.3498045949969646
1993-03-11,453.7200012207031,-0.0057359321849954,-0.5283459643370945
1993-03-12,449.8299865722656,-0.0086105666213747,-0.781433068539266
1993-03-15,451.4299926757813,0.0035506020932158,0.2892543673095836
1993-03-16,451.3699951171875,-0.0001329143985229,-0.03504791974897244
1993-03-17,448.30999755859375,-0.006802439496595,-0.6222428590821384
1993-03-18,451.8900146484375,0.0079538678407722,0.6769244525832078
1993-03-19,450.1799926757813,-0.0037913332826109,-0.35714057598896837
1993-03-22,448.8800048828125,-0.0028918841956739,-0.277951736563218
1993-03-23,448.760009765625,-0.0002673568823672,-0.04688443658996514
1993-03-24,448.0700073242188,-0.0015387588827433,-0.15882056539990266
1993-03-25,450.8800048828125,0.0062517529844576,0.5270677213924606
1993-03-26,447.7799987792969,-0.006899201894603,-0.6307619649543785
1993-03-29,450.7699890136719,0.0066551695751195,0.562585119857335
1993-03-30,451.9700012207031,0.0026586014286191,0.2107212980983429
1993-03-31,451.6700134277344,-0.0006639542276261,-0.08180145851650544
1993-04-01,450.2999877929688,-0.0030378542224793,-0.2908031554834697
1993-04-02,441.3900146484375,-0.0199851286338352,-1.782866476860758
1993-04-05,442.2900085449219,0.0020369232845371,0.1559878268644606
1993-04-06,441.1600036621094,-0.0025581651105266,-0.24857061045964693
1993-04-07,442.7300109863281,0.0035524984994861,0.2894213297467085
1993-04-08,441.8399963378906,-0.0020123109339067,-0.2005127944364749
1993-04-12,448.3699951171875,0.0146709562155287,1.2683069337512873
1993-04-13,449.2200012207031,0.0018939746678867,0.1434024174016407
1993-04-14,448.6600036621094,-0.0012473774405465,-0.1331669085416328
1993-04-15,448.3999938964844,-0.0005796931612467,-0.07438298853052372
1993-04-16,448.9400024414063,0.0012035763753175,0.08261872177718346
1993-04-19,447.4599914550781,-0.003302124813131,-0.3140699325273286
1993-04-20,445.1000061035156,-0.005288139413933,-0.4889216207486997
1993-04-21,443.6300048828125,-0.0033080970443473,-0.31459573667307694
1993-04-22,439.4599914550781,-0.0094442116651647,-0.8548284218388829
1993-04-23,437.0299987792969,-0.0055448411932816,-0.511522028354166
1993-04-26,433.5400085449219,-0.0080177559552705,-0.7292411331314915
1993-04-27,438.010009765625,0.0102576795850604,0.8797554754117122
1993-04-28,438.0199890136719,2.2782891136330363e-05,-0.021340098095790953
1993-04-29,438.8900146484375,0.00198429922479,0.15135472613895387
1993-04-30,440.1900024414063,0.0029576118563259,0.23704662222194972
1993-05-03,442.4599914550781,0.0051435881357955,0.42950323493908726
1993-05-04,444.0499877929688,0.0035870956447583,0.29246731402902004
1993-05-05,444.5199890136719,0.0010578823881139,0.06979160579527428
1993-05-06,443.260009765625,-0.0028384962395113,-0.2732513812576983
1993-05-07,442.30999755859375,-0.0021455391750162,-0.21224240753567003
1993-05-10,442.7999877929688,0.0011071850787791,0.07413228823194168
1993-05-11,444.3599853515625,0.0035168384816133,0.28628176857503057
1993-05-12,444.7999877929688,0.0009897037442332,0.06378905627808042
1993-05-13,439.2300109863281,-0.0126014966063063,-1.1328004981426458
1993-05-14,439.55999755859375,0.0007510021383181,0.042773410794631754
1993-05-17,440.3699951171875,0.0018410505247556,0.13874289688733762
1993-05-18,440.3200073242188,-0.0001135196104957,-0.03334037367761824
1993-05-19,447.5700073242188,0.0163312144884972,1.4144785489019567
1993-05-20,450.5899963378906,0.006724860565197,0.5687208185898361
1993-05-21,445.8399963378906,-0.0105976919451462,-0.9563825464678652
1993-05-24,448.0,0.0048330973676584,0.40216716451745055
1993-05-25,448.8500061035156,0.0018955373858311,0.14354000142075204
1993-05-26,453.4400024414063,0.0101741920856879,0.8724051114190369
1993-05-27,452.4100036621094,-0.0022741054617174,-0.22356157521398404
1993-05-28,450.1900024414063,-0.0049191351258617,-0.45643393274069777
1993-06-01,453.8299865722656,0.0080529276919696,0.6856458296616181
1993-06-02,453.8500061035156,4.4111430051785305e-05,-0.019462301711435818
1993-06-03,452.489990234375,-0.0030011185546445,-0.2875688924844664
1993-06-04,450.05999755859375,-0.0053847400813253,-0.49742648761626146
1993-06-07,447.6900024414063,-0.0052798677201488,-0.48819336848810024
1993-06-08,444.7099914550781,-0.0066786689456659,-0.6113459151355516
1993-06-09,445.7799987792969,0.0024031889205318,0.18823439985807597
1993-06-10,445.3800048828125,-0.0008976927189321,-0.10238014398571915
1993-06-11,447.260009765625,0.0042122415121452,0.347506088795868
1993-06-14,447.7099914550781,0.0010055794646914,0.06518677839086139
1993-06-15,446.2699890136719,-0.0032215568989908,-0.3069766131739867
1993-06-16,447.4299926757813,0.0025959591301667,0.2052061766918608
1993-06-17,448.5400085449219,0.0024777982198926,0.1948031138770874
1993-06-18,443.6799926757813,-0.0108943173890843,-0.9824978930625207
1993-06-21,446.2200012207031,0.0057085413193345,0.47924255602360566
1993-06-22,445.9299926757813,-0.0006501340741369,-0.08058471158620127
1993-06-23,443.1900024414063,-0.0061633950944406,-0.5659804365803143
1993-06-24,446.6199951171875,0.0077095327635898,0.6554128278852879
1993-06-25,447.6000061035156,0.0021918797999349,0.16963042964656747
1993-06-28,451.8500061035156,0.0094502897819364,0.808671672668297
1993-06-29,450.6900024414063,-0.0025705326963167,-0.24965947116275977
1993-06-30,450.5299987792969,-0.0003550823629616,-0.054607918771701236
1993-07-01,449.0199890136719,-0.0033572590838,-0.3189240359671702
1993-07-02,445.8399963378906,-0.0071072706653954,-0.6490806499350957
1993-07-06,441.4299926757813,-0.0099406945621582,-0.8985395167509214
1993-07-07,442.8299865722656,0.0031664784092972,0.2554355451358408
1993-07-08,448.6400146484375,0.0130348981624655,1.1242659420633365
1993-07-09,448.1099853515625,-0.0011821117559991,-0.12742082030973964
1993-07-12,448.9800109863281,0.0019396624889171,0.1474248413229428
1993-07-13,448.0899963378906,-0.0019842708666981,-0.19804410508883136
1993-07-14,450.0799865722656,0.0044312179842895,0.3667851040758811
1993-07-15,449.2200012207031,-0.0019125667194082,-0.19173116499209197
1993-07-16,445.75,-0.007754491444782,-0.7060629328860865
1993-07-19,446.0299987792969,0.0006279548518266,0.03194014412810816
1993-07-20,447.30999755859375,0.0028656494962362,0.2289501188488062
1993-07-21,447.1799926757813,-0.0002906793483372,-0.04893778128677311
1993-07-22,444.510009765625,-0.0059886078848077,-0.5505919098940182
1993-07-23,447.1000061035156,0.00580972303311,0.48815074504881895
1993-07-26,449.0899963378906,0.0044410080442611,0.367647035560741
1993-07-27,448.239990234375,-0.0018945234651095,-0.19014260996643342
1993-07-28,447.1900024414063,-0.002345215779691,-0.22982223369183277
1993-07-29,450.239990234375,0.0067971865454641,0.5750885057895482
1993-07-30,448.1300048828125,-0.0046973724474748,-0.4369096157065814
1993-08-02,450.1499938964844,0.0044974672069093,0.37261778446692545
1993-08-03,449.2699890136719,-0.0019568281344453,-0.19562800600180982
1993-08-04,448.5400085449219,-0.0016261361125256,-0.16651338706061564
1993-08-05,448.1300048828125,-0.0009145029599384,-0.1038601426816868
1993-08-06,448.6799926757813,0.0012265426643693,0.08464070812676296
1993-08-09,450.7200012207031,0.0045363843833055,0.37604411073408206
1993-08-10,449.4500122070313,-0.0028216666570637,-0.27176967971238475
1993-08-11,450.4599914550781,0.0022446237245681,0.17427408345546272
1993-08-12,448.9599914550781,-0.0033354860225136,-0.31700710317013187
1993-08-13,450.1400146484375,0.002624900151015,0.20775418734199985
1993-08-16,452.3800048828125,0.0049638673610346,0.41368034981895463
1993-08-17,453.1300048828125,0.001656525413118,0.12249703078139754
1993-08-18,456.0400085449219,0.0064014728961776,0.540249285774729
1993-08-19,456.4299926757813,0.0008547878923872,0.05191086341204047
1993-08-20,456.1600036621094,-0.0005916984026397,-0.07543994789236501
1993-08-23,455.2300109863281,-0.0020408233217734,-0.20302306759947267
1993-08-24,459.7699890136719,0.0099235306754756,0.850336506923445
1993-08-25,460.1300048828125,0.0007827283180992,0.045566630992156944
1993-08-26,461.0400085449219,0.0019757567981368,0.15060263815268424
1993-08-27,460.5400085449219,-0.0010850930788155,-0.1188791512365585
1993-08-30,461.8999938964844,0.0029486716390172,0.23625951215293972
1993-08-31,463.55999755859375,0.0035874169769183,0.29249560459175467
1993-09-01,463.1499938964844,-0.0008848586777778,-0.10125021585647694
1993-09-02,461.2999877929688,-0.0040023984202326,-0.3757230655753627
1993-09-03,461.3399963378906,8.672623262651058e-05,-0.015710430919346905
1993-09-07,458.5199890136719,-0.0061314030477639,-0.5631638090646762
1993-09-08,456.6499938964844,-0.0040866675145592,-0.38314224235379213
1993-09-09,457.5,0.0018596649437379,0.14038173810381244
1993-09-10,461.7200012207031,0.0091817646749525,0.7850303216595991
1993-09-13,462.05999755859375,0.0007360981049426,0.04146123746218925
1993-09-14,459.8999938964844,-0.0046856862209905,-0.43588074289321327
1993-09-15,461.6000061035156,0.0036896671419306,0.3014978616577876
1993-09-16,459.4299926757813,-0.0047121536669338,-0.4382109763185995
1993-09-17,458.8299865722656,-0.0013068329285106,-0.13840145839859266
1993-09-20,455.0499877929688,-0.0082724656232944,-0.7516661522840693
1993-09-21,452.9500122070313,-0.0046255051323118,-0.43058231006687786
1993-09-22,456.2000122070313,0.0071495655429965,0.6061124784166443
1993-09-23,457.739990234375,0.0033699793873998,0.2733520748338455
1993-09-24,457.6300048828125,-0.0002403079687525,-0.04450300988334656
1993-09-27,461.7999877929688,0.0090708624598017,0.7752663251921126
1993-09-28,461.5299987792969,-0.0005848158844461,-0.07483400072315523
1993-09-29,460.1099853515625,-0.0030814951083781,-0.2946453641821368
1993-09-30,458.9299926757813,-0.0025678824695347,-0.24942614124322388
1993-10-01,461.2799987792969,0.0051075542193066,0.4263307551754603
1993-10-04,461.3399963378906,0.0001300590904076,-0.011895341475684024
1993-10-05,461.2000122070313,-0.0003034754712798,-0.05006437104009028
1993-10-06,460.739990234375,-0.0009979434878966,-0.11120637124097438
1993-10-07,459.1799926757813,-0.0033915972757476,-0.3219472216124736
1993-10-08,460.30999755859375,0.0024578961461259,0.193050905612451
1993-10-11,460.8800048828125,0.0012375457733071,0.08560943825225201
1993-10-12,461.1199951171875,0.0005205862034598,0.02248724815171376
1993-10-13,461.489990234375,0.0008020618525632,0.04726878420842803
1993-10-14,466.8299865722656,0.0115047728611861,0.9895514278745202
1993-10-15,469.5,0.0057031617124385,0.4787689274071025
1993-10-18,468.4500122070313,-0.0022389001927765,-0.22046205081667195
1993-10-19,466.2099914550781,-0.0047932403909651,-0.4453499724687224
1993-10-20,466.0700073242188,-0.0003003049128906,-0.049785230349617925
1993-10-21,465.3599853515625,-0.0015245850268259,-0.1575726779801611
1993-10-22,463.2699890136719,-0.0045012543734728,-0.41964308789952204
1993-10-25,464.2000122070313,0.0020055063858723,0.15322183623780475
1993-10-26,464.2999877929688,0.0002153485973588,-0.004386326047517758
1993-10-27,464.6099853515625,0.0006674437331151,0.03541680414686091
1993-10-28,467.7300109863281,0.0066929173774479,0.5659084926870724
1993-10-29,467.8299865722656,0.0002137235165653,-0.004529400584897723
1993-11-01,469.1000061035156,0.0027110249837845,0.215336746101361
1993-11-02,468.4400024414063,-0.0014079479598141,-0.14730377659949315
1993-11-03,463.0199890136719,-0.0116378044156952,-1.0479556000305894
1993-11-04,457.489990234375,-0.0120152207629251,-1.0811838982761521
1993-11-05,459.5700073242188,0.0045362804227311,0.3760349578900219
1993-11-08,460.2099914550781,0.0013916028506582,0.09917285316693204
1993-11-09,460.3299865722656,0.0002607059350623,-0.00039299837133593534
1993-11-10,463.7200012207031,0.0073373300190668,0.6226435429997723
1993-11-11,462.6400146484375,-0.0023316789219389,-0.22863042854084778
1993-11-12,465.3900146484375,0.0059265497072908,0.49843633972750456
1993-11-15,463.75,-0.0035301812983217,-0.33414836570164824
1993-11-16,466.739990234375,0.0064267226020415,0.5424723075468817
1993-11-17,464.80999755859375,-0.0041436218399546,-0.38815658612693127
1993-11-18,463.6199951171875,-0.0025634740421125,-0.2490380167164144
1993-11-19,462.6000061035156,-0.0022024776503428,-0.2172553558451067
1993-11-22,459.1300048828125,-0.007529357995395,-0.6862418481445539
1993-11-23,461.0299987792969,0.0041297091575565,0.3402398171748581
1993-11-24,462.3599853515625,0.0028806625907407,0.2302718940857449
1993-11-26,463.05999755859375,0.0015128533065418,0.10984792418619692
1993-11-29,461.8999938964844,-0.0025082258280937,-0.24417388153407396
1993-11-30,461.7900085449219,-0.0002381434286213,-0.044312440541101845
1993-12-01,461.8900146484375,0.0002165384145929,-0.004281572763240164
1993-12-02,463.1099853515625,0.0026377760226816,0.20888779829194837
1993-12-03,464.8900146484375,0.0038362747412348,0.31440541341197403
1993-12-06,466.4299926757813,0.0033070897624316,0.2678151784319469
1993-12-07,466.760009765625,0.0007072881251151,0.03892476385901041
1993-12-08,466.2900085449219,-0.001007451371807,-0.11204345952445172
1993-12-09,464.1799926757813,-0.0045353842321391,-0.42264793157194497
1993-12-10,463.9299926757813,-0.0005387292669878,-0.07077646616941019
1993-12-13,465.7000122070313,0.003808013211425,0.3119172261665396
1993-12-14,463.05999755859375,-0.0056850461498321,-0.5238658818887569
1993-12-15,461.8399963378906,-0.0026381272274322,-0.25561059452071716
1993-12-16,463.3399963378906,0.0032426151153153,0.26213873431556944
1993-12-17,466.3800048828125,0.0065396450011805,0.5524141640264304
1993-12-20,465.8500061035156,-0.0011370559414594,-0.12345403918271561
1993-12-21,465.2999877929688,-0.001181374382476,-0.1273559008447409
1993-12-22,467.3200073242188,0.0043319309059119,0.3580437215775448
1993-12-23,467.3800048828125,0.0001283782131,-0.012043328421403439
1993-12-27,470.5400085449219,0.0067383477772322,0.5699082528578431
1993-12-28,470.9400024414063,0.0008497130387974,0.051464065731250765
1993-12-29,470.5799865722656,-0.0007647546326952,-0.09067607655436516
1993-12-30,468.6400146484375,-0.0041310335814372,-0.387048297067704
1993-12-31,466.4500122070313,-0.0046840547597133,-0.4357371066085299
1994-01-03,465.4400024414063,-0.0021676595847797,-0.21418992141081203
1994-01-04,466.8900146484375,0.0031105152672568,0.2505084666239382
1994-01-05,467.5499877929688,0.0014125535134299,0.10101738077186961
1994-01-06,467.1199951171875,-0.0009200952506844,-0.10435249630162896
1994-01-07,469.8999938964844,0.0059337195975359,0.49906758756083436
1994-01-10,475.2699890136719,0.0113631473614441,0.9770825075981616
1994-01-11,474.1300048828125,-0.0024014844871658,-0.23477621464042708
1994-01-12,474.1700134277344,8.437950895956448e-05,-0.01591703997186287
1994-01-13,472.4700012207031,-0.0035916800647788,-0.3395628088453257
1994-01-14,474.9100036621094,0.0051510646709278,0.4301614802457437
1994-01-17,473.2999877929688,-0.0033959089883062,-0.322326831218411
1994-01-18,474.25,0.0020051976942401,0.153194658565995
1994-01-19,474.2999877929688,0.0001053983314704,-0.014066511481810064
1994-01-20,474.9800109863281,0.0014327138685228,0.10279232850977266
1994-01-21,474.7200012207031,-0.0005475619011878,-0.07155410446103612
1994-01-24,471.9700012207031,-0.0058097322839874,-0.5348434351484593
1994-01-25,470.9200134277344,-0.0022271701061127,-0.21942931648766945
1994-01-26,473.2000122070313,0.0048299011771719,0.4018857671388935
1994-01-27,477.0499877929688,0.0081031237082758,0.6900651618203961
1994-01-28,478.7000122070313,0.0034528402895652,0.2806472722736404
1994-01-31,481.6099853515625,0.006060505584239,0.510230014971437
1994-02-01,479.6199951171875,-0.0041405139619392,-0.3878829639100758
1994-02-02,482.0,0.0049500005294582,0.4124594932802183
1994-02-03,480.7099914550781,-0.0026799541470605,-0.25929309892282704
1994-02-04,469.80999755859375,-0.022935807448376,-2.042648641560427
1994-02-07,471.760009765625,0.004142049937494,0.34132631785071865
1994-02-08,471.0499877929688,-0.001506182812494,-0.15595251957767764
1994-02-09,472.7699890136719,0.0036447694837162,0.297545004849583
1994-02-10,468.9299926757813,-0.0081555011073923,-0.7413684218146062
1994-02-11,470.1799926757813,0.0026620965759107,0.2110290160800092
1994-02-14,470.2300109863281,0.0001063755391772,-0.013980476657490085
1994-02-15,472.5199890136719,0.0048580907582396,0.40436761990973935
1994-02-16,472.7900085449219,0.0005712825195773,0.026950627452233283
1994-02-17,470.3399963378906,-0.0051955037067958,-0.48076583489698493
1994-02-18,467.6900024414063,-0.0056501411464822,-0.5207927933220172
1994-02-22,471.4599914550781,0.0080285562233033,0.6835001292025099
1994-02-23,470.6900024414063,-0.0016345363054552,-0.1672529525776731
1994-02-24,464.260009765625,-0.0137549472598426,-1.2343520144151956
1994-02-25,466.0700073242188,0.0038910919975654,0.3192316064365361
1994-02-28,467.1400146484375,0.002293176815348,0.17854876999996383
1994-03-01,464.4400024414063,-0.0057966459515608,-0.5336912949192318
1994-03-02,464.80999755859375,0.0007963306682592,0.046764202192436016
1994-03-03,463.010009765625,-0.0038800414669921,-0.36495057687810667
1994-03-04,464.739990234375,0.0037294151956341,0.3049973396025943
1994-03-07,466.9100036621094,0.0046584390409432,0.38678998487549826
1994-03-08,465.8800048828125,-0.0022084267380284,-0.21777912239988634
1994-03-09,467.05999755859375,0.0025296231310134,0.19936585636535264
1994-03-10,463.8999938964844,-0.0067887252455678,-0.6210354359625756
1994-03-11,466.4400024414063,0.005460401285525,0.4573959372679438
1994-03-14,467.3900146484375,0.0020346583797614,0.1557884212691886
1994-03-15,467.010009765625,-0.000813366639198,-0.09495595012700173
1994-03-16,469.4200134277344,0.0051472270715198,0.42982361226887433
1994-03-17,470.8999938964844,0.0031478255897825,0.25379332307920704
1994-03-18,471.05999755859375,0.0003397249673016,0.006563955108805184
1994-03-21,468.5400085449219,-0.0053639741154505,-0.4955982210016606
1994-03-22,468.7999877929688,0.0005547170839372,0.025492181785910246
1994-03-23,468.5400085449219,-0.0005547170839372,-0.07218405742450366
1994-03-24,464.3500061035156,-0.0089829037737452,-0.8142141868921872
1994-03-25,460.5799865722656,-0.0081520557003287,-0.7410650830368161
1994-03-28,460.0,-0.0012600461827609,-0.13428228350561075
1994-03-29,452.4800109863281,-0.0164829019347365,-1.4745252135970954
1994-03-30,445.5499877929688,-0.0154341408873444,-1.3821907264270266
1994-03-31,445.7699890136719,0.0004936526295731,0.02011597612681386
1994-04-04,438.9200134277344,-0.0154859045753656,-1.3867480787422692
1994-04-05,448.2900085449219,0.021123168767291,1.8363693523171791
1994-04-06,448.0499877929688,-0.0005355573971268,-0.07049721001500409
1994-04-07,450.8800048828125,0.0062964334544002,0.5310014566212112
1994-04-08,447.1000061035156,-0.0084189426485536,-0.7645622081045416
1994-04-11,449.8699951171875,0.0061763443939346,0.5204286365871343
1994-04-12,447.5700073242188,-0.0051256748579371,-0.47461799887172706
1994-04-13,446.260009765625,-0.0029312027376553,-0.2814133996552589
1994-04-14,446.3800048828125,0.0002688544451086,0.00032440860921143557
1994-04-15,446.1799926757813,-0.000448176505615,-0.06280406597016333
1994-04-18,442.4599914550781,-0.0083723960595776,-0.7604641769721857
1994-04-19,442.5400085449219,0.0001808295820611,-0.007425431650318874
1994-04-20,441.9599914550781,-0.0013115142407755,-0.13881360811404722
1994-04-21,448.7300109863281,0.0152020341365064,1.3150638261842773
1994-04-22,447.6300048828125,-0.0024543858187442,-0.23943372679159983
1994-04-25,452.7099914550781,0.0112847157784274,0.9701772740239439
1994-04-26,451.8699951171875,-0.0018572079679062,-0.1868572979248291
1994-04-28,449.1000061035156,-0.0061489233548641,-0.5647063230388382
1994-04-29,450.9100036621094,0.0040221774849582,0.3307725683019204
1994-05-02,453.0199890136719,0.0046684791983127,0.3876739353083684
1994-05-03,453.0299987792969,2.20953937652979e-05,-0.021400626389955678
1994-05-04,451.7200012207031,-0.0028958242034633,-0.27829862072676026
1994-05-05,451.3800048828125,-0.0007529539401085,-0.08963712597457955
1994-05-06,447.8200073242188,-0.0079181852992391,-0.7204747840334692
1994-05-09,442.3200073242188,-0.0123577637301464,-1.1113418921211196
1994-05-10,446.010009765625,0.0083077766005779,0.7080831077629678
1994-05-11,441.489990234375,-0.0101860475777222,-0.9201407622625332
1994-05-12,443.75,0.00510599317845,0.42619331880966077
1994-05-13,444.1400146484375,0.0008785202380643,0.0540002945297263
1994-05-16,444.489990234375,0.0007876745149477,0.04600210154151051
1994-05-17,449.3699951171875,0.0109190554401923,0.9379839923480762
1994-05-18,453.6900024414063,0.0095675598291498,0.8189963025702033
1994-05-19,456.4800109863281,0.0061307607207004,0.5164153819931789
1994-05-20,454.9200134277344,-0.0034233026997432,-0.3247386144396795
1994-05-23,453.2000122070313,-0.0037880527438893,-0.3568517524659612
1994-05-24,454.80999755859375,0.0035461878645337,0.28886573203119803
1994-05-25,456.3399963378906,0.0033583937388845,0.2723320570549119
1994-05-26,457.05999755859375,0.0015765302707277,0.11545413910738643
1994-05-27,457.3299865722656,0.0005905336370775,0.028645524556060536
1994-05-31,456.5,-0.0018165015652478,-0.18327344550835348
1994-06-01,457.6300048828125,0.0024723079919803,0.19431974602128307
1994-06-02,457.6499938964844,4.367846713915213e-05,-0.019500420412164692
1994-06-03,460.1300048828125,0.0054043823701448,0.4524639483880018
1994-06-06,458.8800048828125,-0.0027203202523695,-0.2628469910530007
1994-06-07,458.2099914550781,-0.0014611729483862,-0.15198978399522764
1994-06-08,457.05999755859375,-0.0025129077003382,-0.24458608055096792
1994-06-09,457.8599853515625,0.0017487605731352,0.13061755186712523
1994-06-10,458.6700134277344,0.0017675979796738,0.13227602524071294
1994-06-13,459.1000061035156,0.0009370380336966,0.059152288554930814
1994-06-14,462.3699951171875,0.0070973612506071,0.6015163346355248
1994-06-15,460.6099853515625,-0.0038137596396712,-0.3591150259205374
1994-06-16,461.9299926757813,0.0028616824343181,0.2286008527994134
1994-06-17,458.4500122070313,-0.0075620874722988,-0.6891234001174955
1994-06-20,455.4800109863281,-0.0064994290599207,-0.5955653682017586
1994-06-21,451.3399963378906,-0.0091309044328298,-0.8272443857076277
1994-06-22,453.0899963378906,0.0038698455339352,0.31736103608273597
1994-06-23,449.6300048828125,-0.0076657399721664,-0.6982491208362135
1994-06-24,442.7999877929688,-0.0153068599250127,-1.3709847206236696
1994-06-27,447.30999755859375,0.0101336878246529,0.8688390558526434
1994-06-28,446.0700073242188,-0.0027759542946332,-0.2677450951296066
1994-06-29,447.6300048828125,0.0034911024319042,0.2840159283652114
1994-06-30,444.2699890136719,-0.0075345482400068,-0.6866988050230626
1994-07-01,446.2000122070313,0.0043348483676117,0.3583005792579089
1994-07-05,446.3699951171875,0.0003808842125918,0.010187676466142015
1994-07-06,446.1300048828125,-0.0005377932552592,-0.07069405830046774
1994-07-07,448.3800048828125,0.0050306977466298,0.41956419666534095
1994-07-08,449.5499877929688,0.0026059572167405,0.20608642314911566
1994-07-11,448.05999755859375,-0.0033199087069464,-0.3156356530691195
1994-07-12,447.9500122070313,-0.0002455002754793,-0.04496014831353612
1994-07-13,448.7300109863281,0.001739748752862,0.12982413776630228
1994-07-14,453.4100036621094,0.010375406439758,0.8901203233259997
1994-07-15,454.1600036621094,0.0016527654388625,0.1221659970387566
1994-07-18,455.2200012207031,0.0023312543336571,0.18190117151651744
1994-07-19,453.8599853515625,-0.0029920730933641,-0.28677251657918335
1994-07-20,451.6000061035156,-0.004991902375421,-0.4628404699471873
1994-07-21,452.6099853515625,0.0022339493649017,0.1733342969062609
1994-07-22,453.1099853515625,0.0011040941283528,0.07386015634528342
1994-07-25,454.25,0.0025128179922049,0.19788630687449082
1994-07-26,453.3599853515625,-0.0019612277257463,-0.19601535258332706
1994-07-27,452.5700073242188,-0.001744016058554,-0.17689171336405085
1994-07-28,454.239990234375,0.0036832077338582,0.3009291657348504
1994-07-29,458.260009765625,0.0088110587155858,0.752392815972171
1994-08-01,461.010009765625,0.0059830259770352,0.503408594767959
1994-08-02,460.55999755859375,-0.0009766208518566,-0.1093290945545803
1994-08-03,461.4500122070313,0.0019305970986209,0.14662671083737835
1994-08-04,458.3999938964844,-0.0066315800795182,-0.6072001411120219
1994-08-05,457.0899963378906,-0.0028618520500769,-0.2753076616624469
1994-08-08,457.8900146484375,0.0017487125506825,0.1306133238987489
1994-08-09,457.9200134277344,6.551310509372854e-05,-0.017578066313399063
1994-08-10,460.2999877929688,0.0051838986120618,0.43305222940535343
1994-08-11,458.8800048828125,-0.0030896756915481,-0.29536559492834197
1994-08-12,461.9400024414063,0.0066462691912105,0.5618015167802587
1994-08-15,461.2300109863281,-0.0015381600024566,-0.1587678390860429
1994-08-16,465.010009765625,0.0081620739326826,0.6952552275200115
1994-08-17,465.1700134277344,0.0003440273058936,0.006942739416738958
1994-08-18,463.1700134277344,-0.0043087727263628,-0.4026967165409114
1994-08-19,463.6799926757813,0.0011004570235835,0.07353994021550607
1994-08-22,462.3200073242188,-0.0029373354846322,-0.2819533358480303
1994-08-23,464.510009765625,0.0047257997191145,0.39272051947138287
1994-08-24,469.0299987792969,0.0096836221118472,0.8292145990823594
1994-08-25,468.0799865722656,-0.0020275368896545,-0.2018533102948234
1994-08-26,473.7999877929688,0.0121460731674387,1.046012463538542
1994-08-29,474.5899963378906,0.0016659997276793,0.12333116356930085
1994-08-30,476.0700073242188,0.0031136519393495,0.25078462391431466
1994-08-31,475.489990234375,-0.0012190868955519,-0.13067616675604327
1994-09-01,473.1700134277344,-0.0048910703996511,-0.45396307237773154
1994-09-02,470.989990234375,-0.0046179186981376,-0.42991438908462354
1994-09-06,471.8599853515625,0.001845458740262,0.13913100275676396
1994-09-07,470.989990234375,-0.001845458740262,-0.18582287839535738
1994-09-08,473.1400146484375,0.004554517110038,0.37764054304628863
1994-09-09,468.1799926757813,-0.0105385370316071,-0.9511744596316838
1994-09-12,466.2099914550781,-0.0042166636481262,-0.3945872958832384
1994-09-13,467.510009765625,0.002784601698317,0.22181454981166318
1994-09-14,468.7999877929688,0.0027554524610202,0.21924820747477775
1994-09-15,474.80999755859375,0.0127385066475289,1.0981711909269518
1994-09-16,471.1900024414063,-0.0076533039887669,-0.6971542383055324
1994-09-19,470.8500061035156,-0.0007218299638429,-0.08689692467293536
1994-09-20,463.3599853515625,-0.0160353267750492,-1.4351200288388006
1994-09-21,461.4599914550781,-0.0041089003639109,-0.3850996555780183
1994-09-22,461.2699890136719,-0.0004118267491319,-0.05960377918227208
1994-09-23,459.6700134277344,-0.0034746610885409,-0.3292602836066539
1994-09-26,460.8200073242188,0.0024986571692693,0.19663956689790973
1994-09-27,462.0499877929688,0.0026655568032945,0.21133365966089876
1994-09-28,464.8399963378906,0.0060201685616956,0.5066786833313328
1994-09-29,462.239990234375,-0.005609036885275,-0.5171739128453738
1994-09-30,462.7099914550781,0.0010162738968793,0.06612833215480056
1994-10-03,461.739990234375,-0.0020985485335032,-0.20810528135551237
1994-10-04,454.5899963378906,-0.0156060351942297,-1.3973245576397477
1994-10-05,453.5199890136719,-0.0023565599688541,-0.2308209930291859
1994-10-06,452.3599853515625,-0.0025610551706058,-0.24882505566045524
1994-10-07,455.1000061035156,0.0060388978130987,0.5083276345654436
1994-10-10,459.0400085449219,0.0086201824138516,0.7355877816153242
1994-10-11,465.7900085449219,0.0145975362755885,1.2618429327099698
1994-10-12,465.4700012207031,-0.0006872566919202,-0.08385304223592838
1994-10-13,467.7900085449219,0.004971845099992,0.41438272185807634
1994-10-14,469.1000061035156,0.00279648281405,0.2228605809652255
1994-10-17,468.9599914550781,-0.0002985196039517,-0.049628049087286165
1994-10-18,467.6600036621094,-0.0027759147456229,-0.26774161317573997
1994-10-19,470.2799987792969,0.0055867154078903,0.46851682103831216
1994-10-20,466.8500061035156,-0.0073202394000855,-0.667830735047207
1994-10-21,464.8900146484375,-0.004207170031246,-0.39375146369038366
1994-10-24,460.8299865722656,-0.0087716676815023,-0.7956166462059096
1994-10-25,461.5299987792969,0.0015178723113473,0.11028980485670077
1994-10-26,462.6199951171875,0.0023589176011009,0.18433668685075238
1994-10-27,465.8500061035156,0.0069577347948639,0.5892234131750248
1994-10-28,473.7699890136719,0.0168582416769051,1.4608788087965572
1994-10-31,472.3500061035156,-0.0030016995384904,-0.28762004316897993
1994-11-01,468.4200134277344,-0.0083548911104704,-0.7589230151386387
1994-11-02,466.510009765625,-0.0040858808080317,-0.3830729795374902
1994-11-03,467.9100036621094,0.0029965003401324,0.2404704223507051
1994-11-04,462.2799987792969,-0.0121052120917433,-1.0891068691157384
1994-11-07,463.0700073242188,0.0017074809134918,0.12698322905049672
1994-11-08,465.6499938964844,0.0055560194800312,0.4658143057569454
1994-11-09,465.3999938964844,-0.0005370281065166,-0.0706266934637087
1994-11-10,464.3699951171875,-0.0022156000146544,-0.21841066837524245
1994-11-11,462.3500061035156,-0.0043594445142582,-0.4071579363401656
1994-11-14,466.0400085449219,0.0079492924621886,0.6765216294270883
1994-11-15,465.0299987792969,-0.0021695686765941,-0.214358000702164
1994-11-16,465.6199951171875,0.0012679233241312,0.08828392314449773
1994-11-17,463.5700073242188,-0.0044124261208189,-0.41182251602053543
1994-11-18,461.4700012207031,-0.004540365155532,-0.42308645949807305
1994-11-21,458.2999877929688,-0.0068930841784764,-0.6302233521000908
1994-11-22,450.0899963378906,-0.0180764102489803,-1.6148200628030391
1994-11-23,449.9299926757813,-0.0003555558004215,-0.05464960091195203
1994-11-25,452.2900085449219,0.0052315870821972,0.4372507934584585
1994-11-28,454.1600036621094,0.0041259810135354,0.33991158581353853
1994-11-29,455.1700134277344,0.0022214381181564,0.17223278807833667
1994-11-30,453.6900024414063,-0.0032568542321254,-0.3100842430402549
1994-12-01,448.9200134277344,-0.010569422752729,-0.9538936845950442
1994-12-02,453.2999877929688,0.0097094029582978,0.8314843832641288
1994-12-05,453.3200073242188,4.416300403953244e-05,-0.0194577610606157
1994-12-06,453.1099853515625,-0.0004634047375127,-0.0641447822241446
1994-12-07,451.2300109863281,-0.0041576776013316,-0.3893940763271608
1994-12-08,445.4500122070313,-0.0128921771122723,-1.1583924435294888
1994-12-09,446.9599914550781,0.0033840514625547,0.27459100132341846
1994-12-12,449.4700012207031,0.0056000275441165,0.46968884137091393
1994-12-13,450.1499938964844,0.0015117334184946,0.10974932757185543
1994-12-14,454.9700012207031,0.0106506383986735,0.9143521555841393
1994-12-15,455.3399963378906,0.0008128992069833,0.04822292105890365
1994-12-16,458.7999877929688,0.0075699740474881,0.6431258703238807
1994-12-19,457.9100036621094,-0.0019416923973141,-0.19429543312505632
1994-12-20,457.1000061035156,-0.0017704675610774,-0.17922054310696445
1994-12-21,459.6099853515625,0.0054760732265339,0.45877571833400715
1994-12-22,459.6799926757813,0.0001523073807554,-0.009936568803126064
1994-12-23,459.8299865722656,0.000326247460495,0.005377375303602647
1994-12-27,462.4700012207031,0.0057248658651527,0.48067979339064554
1994-12-28,460.8599853515625,-0.0034874151696886,-0.3303831719376295
1994-12-29,461.1700134277344,0.0006724902405919,0.03586110619357493
1994-12-30,459.2699890136719,-0.0041285192034159,-0.38682692747572145
1995-01-03,459.1099853515625,-0.0003484476321231,-0.0540237871708874
1995-01-04,460.7099914550781,0.0034789583997287,0.2829467496558286
1995-01-05,460.3399963378906,-0.0008034203181006,-0.09408026117951367
1995-01-06,460.6799926757813,0.0007383039616737,0.04165544437952589
1995-01-09,460.8299865722656,0.000325539389018,0.005315035634455779
1995-01-10,461.6799926757813,0.0018428122474229,0.13889800157913137
1995-01-11,461.6600036621094,-4.329719010165434e-05,-0.02715788702725254
1995-01-12,461.6400146484375,-4.329906482958279e-05,-0.027158052081096107
1995-01-13,465.9700012207031,0.0093358587071099,0.7985969901305555
1995-01-16,469.3800048828125,0.0072914283371154,0.6186022904439443
1995-01-17,470.0499877929688,0.0014263607271862,0.10223298846878558
1995-01-18,469.7099914550781,-0.0007235812552845,-0.087051110984057
1995-01-19,466.9500122070313,-0.0058932531018518,-0.5421967325508664
1995-01-20,464.7799987792969,-0.0046580389721704,-0.43344663786250576
1995-01-23,465.8200073242188,0.0022351364089336,0.17343880603367973
1995-01-24,465.8599853515625,8.581922480388471e-05,-0.01579028524113894
1995-01-25,467.4400024414063,0.0033858751097648,0.27475155794434025
1995-01-26,468.3200073242188,0.0018808351138108,0.142245591459012
1995-01-27,470.3900146484375,0.0044103304131759,0.3649461311546438
1995-01-30,468.510009765625,-0.0040047019842281,-0.3759258747860183
1995-01-31,470.4200134277344,0.0040684742196672,0.3348486018918732
1995-02-01,470.3999938964844,-4.2557622280448015e-05,-0.02709277437297502
1995-02-02,472.7900085449219,0.0050679497401358,0.4228439177466992
1995-02-03,478.6499938964844,0.0123182952914486,1.0611751562599552
1995-02-06,481.1400146484375,0.0051886898514217,0.4334740572662427
1995-02-07,480.80999755859375,-0.0006861418963639,-0.08375489397208277
1995-02-08,481.1900024414063,0.0007900309824897,0.046209568459322274
1995-02-09,480.1900024414063,-0.0020803435802143,-0.20650249010953164
1995-02-10,481.4599914550781,0.0026412723133217,0.20919561693572225
1995-02-13,481.6499938964844,0.0003945602200392,0.011391732563886854
1995-02-14,482.5499877929688,0.0018668205246843,0.1410117261251379
1995-02-15,484.5400085449219,0.0041154878414131,0.3389877512860176
1995-02-16,485.2200012207031,0.0014023939539251,0.10012291799688176
1995-02-17,481.9700012207031,-0.0067205248691522,-0.6150309730805882
1995-02-21,482.7200012207031,0.0015549039571469,0.11355012619726955
1995-02-22,485.0700073242188,0.0048564475795824,0.40422295200944053
1995-02-23,486.9100036621094,0.0037860830779097,0.3099864644961461
1995-02-24,488.1099853515625,0.002461451680662,0.19336394017720976
1995-02-27,483.80999755859375,-0.008848497663382,-0.8023808724267331
1995-02-28,487.3900146484375,0.0073723913920273,0.6257303985803038
1995-03-01,485.6499938964844,-0.0035764667257378,-0.33822340378066573
1995-03-02,485.1300048828125,-0.0010712809576958,-0.11766311148804792
1995-03-03,485.4200134277344,0.0005976169142893,0.029269146848727997
1995-03-06,485.6300048828125,0.0004325038965902,0.014732350452390205
1995-03-07,482.1199951171875,-0.0072539915414502,-0.661998174743393
1995-03-08,483.1400146484375,0.0021134614520619,0.16272636131414547
1995-03-09,483.1600036621094,4.137227216371997e-05,-0.019703461258218452
1995-03-10,489.5700073242188,0.0131796004548929,1.1370057477577236
1995-03-13,490.0499877929688,0.0009799320339549,0.06292874032759299
1995-03-14,492.8900146484375,0.0057786533286989,0.4854153219222085
1995-03-15,491.8800048828125,-0.0020512609030376,-0.2039420078249152
1995-03-16,495.4100036621094,0.007150915721044,0.6062313501061624
1995-03-17,495.5199890136719,0.0002219841014543,-0.003802126368004089
1995-03-20,496.1400146484375,0.001250480433355,0.08674822501899156
1995-03-21,495.0700073242188,-0.0021589929805596,-0.21342690064630251
1995-03-22,495.6700134277344,0.0012112283026874,0.083292408878091
1995-03-23,495.9500122070313,0.0005647299963698,0.02637373353389128
1995-03-24,500.9700012207031,0.0100710816836953,0.8633271178059438
1995-03-27,503.2000122070313,0.0044415081559074,0.36769106613615543
1995-03-28,503.8999938964844,0.0013900939289621,0.09904000544977508
1995-03-29,503.1199951171875,-0.0015491230438167,-0.1597330416022178
1995-03-30,502.2200012207031,-0.0017904273980606,-0.1809778369313535
1995-03-31,500.7099914550781,-0.0030111990221266,-0.288456391879785
1995-04-03,501.8500061035156,0.0022742083118458,0.17687875465412833
1995-04-04,505.239990234375,0.0067322621552481,0.5693724656197395
1995-04-05,505.5700073242188,0.0006529755391557,0.034143002766803716
1995-04-06,506.0799865722656,0.001008212908264,0.06541863069160422
1995-04-07,506.4200134277344,0.0006716580113614,0.0357878354905895
1995-04-10,507.010009765625,0.0011643554878855,0.07916565633735427
1995-04-11,505.5299987792969,-0.002923365057895,-0.28072335863679226
1995-04-12,507.1700134277344,0.0032388981186493,0.2618114843840227
1995-04-13,509.2300109863281,0.0040535228842406,0.33353226401628594
1995-04-17,506.1300048828125,-0.0061062395354092,-0.5609483758976582
1995-04-18,505.3699951171875,-0.0015027383265397,-0.1556492618957246
1995-04-19,504.9200134277344,-0.0008907971283553,-0.10177304590439086
1995-04-20,505.2900085449219,0.0007325113108835,0.0411454507623922
1995-04-21,508.489990234375,0.0063129916173831,0.5324592619919448
1995-04-24,512.8900146484375,0.0086158953810553,0.7352103448524774
1995-04-25,512.0999755859375,-0.0015415549936692,-0.15906673917709968
1995-04-26,512.6599731445312,0.0010929342330969,0.07287762251845263
1995-04-27,513.5499877929688,0.0017345668147186,0.12936791220166327
1995-04-28,514.7100219726562,0.0022563061109188,0.17530261817773987
1995-05-01,514.260009765625,-0.000874684824323,-0.10035449462080716
1995-05-02,514.8599853515625,0.0011659974672708,0.07931021865196587
1995-05-03,520.47998046875,0.0108564346038022,0.9324707604935766
1995-05-04,520.5399780273438,0.0001152668748956,-0.013197670196612402
1995-05-05,520.1199951171875,-0.0008071472792181,-0.0944083883962356
1995-05-08,523.9600219726562,0.0073558426699378,0.6242734243999091
1995-05-09,523.5599975585938,-0.0007637552047681,-0.0905880854287015
1995-05-10,524.3599853515625,0.0015268111333366,0.11107679207970925
1995-05-11,524.3699951171875,1.908930956773247e-05,-0.021665286527231428
1995-05-12,525.5499877929688,0.0022477773388729,0.17455173236346708
1995-05-15,527.739990234375,0.004158409636382,0.34276665014646557
1995-05-16,528.1900024414062,0.0008523524047943,0.051696439451064155
1995-05-17,527.0700073242188,-0.0021226911422091,-0.21023083264229037
1995-05-18,519.5800170898438,-0.0143125551409202,-1.2834446441131786
1995-05-19,519.1900024414062,-0.0007509162941383,-0.08945772858357193
1995-05-22,523.6500244140625,0.0085536593359005,0.7297309905923708
1995-05-23,528.5900268554688,0.0093895660587532,0.803325465490675
1995-05-24,528.6099853515625,3.775727556831754e-05,-0.020021730951384542
1995-05-25,528.5900268554688,-3.775727556831754e-05,-0.026670144687208876
1995-05-26,523.6500244140625,-0.0093895660587532,-0.8500173411292683
1995-05-30,523.5800170898438,-0.0001336999924532,-0.03511708461055702
1995-05-31,533.4000244140625,0.0185817886689942,1.612622457193677
1995-06-01,533.489990234375,0.0001686505999503,-0.008497687404144303
1995-06-02,532.510009765625,-0.0018386130296779,-0.18522017182299813
1995-06-05,535.5999755859375,0.0057858731455446,0.48605096536793646
1995-06-06,535.5499877929688,-9.333481718520886e-05,-0.03156327436258118
1995-06-07,533.1300048828125,-0.0045289273929203,-0.4220794618147109
1995-06-08,532.3499755859375,-0.001464184124579,-0.15225489243936016
1995-06-09,527.9400024414062,-0.0083184763897659,-0.7557170088037808
1995-06-12,530.8800048828125,0.0055533706897366,0.4655811023079031
1995-06-13,536.0499877929688,0.0096914013303992,0.829899493088834
1995-06-14,536.469970703125,0.0007831703798064,0.045605550764333196
1995-06-15,537.1199951171875,0.0012109362311285,0.08326669446232864
1995-06-16,539.8300170898438,0.0050327826957472,0.41974775869599557
1995-06-19,545.219970703125,0.0099350223645231,0.8513482523706631
1995-06-20,544.97998046875,-0.0004402682975603,-0.06210781553544258
1995-06-21,543.97998046875,-0.001836615333838,-0.18504429170106032
1995-06-22,551.0700073242188,0.0129494105471188,1.116739484876489
1995-06-23,549.7100219726562,-0.0024709497035306,-0.24089203591844954
1995-06-26,544.1300048828125,-0.010202708544587,-0.9216076186403938
1995-06-27,542.4299926757812,-0.0031291665403028,-0.298842428165754
1995-06-28,544.72998046875,0.0042311918782331,0.3491745072966909
1995-06-29,543.8699951171875,-0.0015799844750166,-0.16245012804460907
1995-06-30,544.75,0.0016167350929467,0.11899383163371198
1995-07-03,547.0900268554688,0.0042863979717315,0.35403493412557924
1995-07-05,547.260009765625,0.0003106554682412,0.0040046330452071
1995-07-06,553.989990234375,0.0122225911503521,1.0527492209049274
1995-07-07,556.3699951171875,0.0042869133598344,0.35408030966302234
1995-07-10,557.1900024414062,0.0014727674741115,0.10631870769837931
1995-07-11,554.780029296875,-0.0043346076766885,-0.4049712641085575
1995-07-12,560.8900146484375,0.0109531424095408,0.940985059980977
1995-07-13,561.0,0.0001960715408433,-0.006083506860948243
1995-07-14,559.8900146484375,-0.0019805434964847,-0.1977159418546961
1995-07-17,562.719970703125,0.0050417546364887,0.4205376617433548
1995-07-18,558.4600219726562,-0.0075990817850417,-0.6923804346000583
1995-07-19,550.97998046875,-0.0134845594723742,-1.2105466702378673
1995-07-20,553.5399780273438,0.0046355018267911,0.38477055832346274
1995-07-21,553.6199951171875,0.0001445447666537,-0.010620000929025417
1995-07-24,556.6300048828125,0.005422233083177,0.45403555179332167
1995-07-25,561.0999755859375,0.0079983441639477,0.6808402144260336
1995-07-26,561.6099853515625,0.0009085334920886,0.05664270618825414
1995-07-27,565.219970703125,0.0064073513178515,0.5407668307884179
1995-07-28,562.9299926757812,-0.0040597105824931,-0.3807689138399317
1995-07-31,562.0599975585938,-0.001546672056059,-0.1595172529836091
1995-08-01,559.6400146484375,-0.0043148553774061,-0.40323224221295473
1995-08-02,558.7999877929688,-0.0015021405021098,-0.15559662854107262
1995-08-03,558.75,-8.945960994655167e-05,-0.031222095336196756
1995-08-04,558.9400024414062,0.0003399913085404,0.0065874041888010415
1995-08-07,560.030029296875,0.0019482687995937,0.14818255375393574
1995-08-08,560.3900146484375,0.0006425900105853,0.03322864533817634
1995-08-09,559.7100219726562,-0.0012141643372665,-0.1302427773810494
1995-08-10,557.4500122070312,-0.0040459965976671,-0.37956151415711975
1995-08-11,555.1099853515625,-0.0042065691939514,-0.3936985650786289
1995-08-14,559.739990234375,0.0083061068365948,0.7079360992509164
1995-08-15,558.5700073242188,-0.002092413265692,-0.2075651232247286
1995-08-16,559.969970703125,0.0025031990584549,0.19703944159746928
1995-08-17,559.0399780273438,-0.0016621709055453,-0.16968594399532186
1995-08-18,559.2100219726562,0.0003041251001532,0.003429689696637224
1995-08-21,558.1099853515625,-0.0019690634183682,-0.19670521865116444
1995-08-22,559.52001953125,0.0025232588990071,0.19880553988525995
1995-08-23,557.1400146484375,-0.0042627270858695,-0.398642789660295
1995-08-24,557.4600219726562,0.0005742101605914,0.027208381334614003
1995-08-25,560.0999755859375,0.0047245043300891,0.39260647148910566
1995-08-28,559.0499877929688,-0.0018764028689641,-0.18854724564921171
1995-08-29,560.0,0.0016978909711298,0.1261389162185245
1995-08-30,560.9199829101562,0.0016414786617309,0.12117229234230488
1995-08-31,561.8800048828125,0.0017100502619173,0.12720943831887077
1995-09-01,563.8400268554688,0.0034822582845075,0.28323727643457236
1995-09-05,569.1699829101562,0.0094085583118044,0.8049975717822343
1995-09-06,570.1699829101562,0.0017554027538508,0.1312023393662328
1995-09-07,570.2899780273438,0.0002104328459395,-0.004819116135865604
1995-09-08,572.6799926757812,0.0041821188538069,0.34485404501832456
1995-09-11,573.9099731445312,0.0021454591043266,0.1655434823541136
1995-09-12,576.510009765625,0.0045201597445778,0.37461566933633267
1995-09-13,578.77001953125,0.0039124932332539,0.3211158031532403
1995-09-14,583.6099853515625,0.008327730641203,0.7098398912673428
1995-09-15,583.3499755859375,-0.0004456190077313,-0.06257890004116817
1995-09-18,582.77001953125,-0.0009946765426072,-0.11091874450401698
1995-09-19,584.2000122070312,0.0024507799731603,0.19242438712854462
1995-09-20,586.77001953125,0.00438954265464,0.363115945881649
1995-09-21,583.0,-0.0064457671530835,-0.5908408938701635
1995-09-22,581.72998046875,-0.0021807973622811,-0.21534659094117142
1995-09-25,581.8099975585938,0.0001375407660777,-0.011236643588410956
1995-09-26,581.4099731445312,-0.0006877881052718,-0.08389982866017374
1995-09-27,581.0399780273438,-0.000636578167187,-0.0793912293154241
1995-09-28,585.8699951171875,0.0082783501466776,0.7054923588627543
1995-09-29,584.4099731445312,-0.0024951682840761,-0.24302427587932188
1995-10-02,581.719970703125,-0.0046135633974255,-0.4295309419126264
1995-10-03,582.3400268554688,0.0010653337667951,0.07044763629044709
1995-10-04,581.469970703125,-0.0014951861837566,-0.15498435997869908
1995-10-05,582.6300048828125,0.0019930153560654,0.15212210733929718
1995-10-06,582.489990234375,-0.0002403437408986,-0.04450615931645463
1995-10-09,578.3699951171875,-0.0070982073080925,-0.6482826984372942
1995-10-10,577.52001953125,-0.0014706861870381,-0.15282734371813492
1995-10-11,579.4600219726562,0.0033535656450123,0.2719069844677796
1995-10-12,583.0999755859375,0.0062619830635899,0.5279683928206559
1995-10-13,584.5,0.0023981245534407,0.1877885254242757
1995-10-16,583.030029296875,-0.0025180876602179,-0.24504213194631955
1995-10-17,586.780029296875,0.0064113192013683,0.541116169172586
1995-10-18,587.4400024414062,0.0011241048460908,0.07562192978722976
1995-10-19,590.6500244140625,0.0054495494293922,0.4564405236650483
1995-10-20,587.4600219726562,-0.0054154707319105,-0.500132059938234
1995-10-23,585.0599975585938,-0.0040937940946799,-0.38376967709915905
1995-10-24,586.5399780273438,0.0025264275978083,0.19908451685483064
1995-10-25,582.469970703125,-0.0069631978299788,-0.636396262574973
1995-10-26,576.719970703125,-0.0099208023728056,-0.8967881787248481
1995-10-27,579.7000122070312,0.005153920105994,0.4304128770087534
1995-10-30,583.25,0.0061051614983549,0.5141615882685722
1995-10-31,581.5,-0.0030049389428201,-0.2879052451587593
1995-11-01,584.219970703125,0.0046666021130086,0.38750867391793103
1995-11-02,589.719970703125,0.0093702242305928,0.8016225820850001
1995-11-03,590.5700073242188,0.0014403863184195,0.10346782244455548
1995-11-06,588.4600219726562,-0.0035791923049464,-0.33846336784025133
1995-11-07,586.3200073242188,-0.0036432642063539,-0.34410435362360386
1995-11-08,591.7100219726562,0.0091509590208733,0.7823181459181233
1995-11-09,593.260009765625,0.002616080804489,0.20697771891701564
1995-11-10,592.719970703125,-0.0009107052542516,-0.10352578700754587
1995-11-13,592.2999877929688,-0.0007088200071727,-0.08575150867923986
1995-11-14,589.2899780273438,-0.0050948575457443,-0.4719047967325383
1995-11-15,593.9600219726562,0.0078936288937212,0.671620925819461
1995-11-16,597.3400268554688,0.0056744964558461,0.4762451954534422
1995-11-17,600.0700073242188,0.0045598168061928,0.37810713620192454
1995-11-20,596.8499755859375,-0.0053805426472015,-0.49705693925420613
1995-11-21,600.239990234375,0.0056637743317473,0.4753012036523561
1995-11-22,598.4000244140625,-0.0030700915087713,-0.293641374260691
1995-11-24,599.969970703125,0.0026201376763683,0.20733489196937235
1995-11-27,601.3200073242188,0.0022476458043314,0.1745401518662082
1995-11-28,606.4500122070312,0.0084950539436903,0.7245712844337701
1995-11-29,607.6400146484375,0.0019603205630023,0.1492436089834327
1995-11-30,605.3699951171875,-0.0037427921664896,-0.35286694371127436
1995-12-01,606.97998046875,0.0026559761296898,0.2104901628641465
1995-12-04,613.6799926757812,0.0109777983063645,0.9431558019193772
1995-12-05,617.6799926757812,0.0064969044268083,0.5486512200976635
1995-12-06,620.1799926757812,0.004039234531576,0.3322742961321129
1995-12-07,616.1699829101562,-0.0064868749244419,-0.5944600833857551
1995-12-08,617.47998046875,0.0021237759329926,0.16363446360258369
1995-12-11,619.52001953125,0.0032983684915199,0.26704734473035635
1995-12-12,618.780029296875,-0.0011951712723599,-0.12857059961252945
1995-12-13,621.6900024414062,0.004691735242333,0.3897214321176355
1995-12-14,616.9199829101562,-0.0077022519910201,-0.7014636934452778
1995-12-15,616.3400268554688,-0.0009405252628758,-0.10615118505276248
1995-12-18,606.8099975585938,-0.0155830796808889,-1.3953035199998398
1995-12-19,611.9299926757812,0.0084021617067566,0.7163929133160764
1995-12-20,605.9400024414062,-0.0098369096208825,-0.889402135693056
1995-12-21,610.489990234375,0.0074809221082103,0.6352856047408268
1995-12-22,611.9500122070312,0.0023887023722535,0.18695898253640153
1995-12-26,614.2999877929688,0.0038327885223257,0.3140984814984225
1995-12-27,614.530029296875,0.0003744073686258,0.009617445461121117
1995-12-28,614.1199951171875,-0.0006674548272691,-0.0821096565313229
1995-12-29,615.9299926757812,0.002942967981677,0.2357573536519058
1996-01-02,620.72998046875,0.0077628644929843,0.6601082329022641
1996-01-03,621.3200073242188,0.0009500855934145,0.0603010151770426
1996-01-04,617.7000122070312,-0.0058433364439407,-0.5378019955219444
1996-01-05,616.7100219726562,-0.0016039896294026,-0.16456357764800664
1996-01-08,618.4600219726562,0.0028336198396852,0.22613018010372776
1996-01-09,609.4500122070312,-0.0146756215427759,-1.3154095517605302
1996-01-10,598.47998046875,-0.0181638562020403,-1.6225189349636433
1996-01-11,602.6900024414062,0.0070098974701533,0.5938158929245754
1996-01-12,601.8099975585938,-0.0014611955822116,-0.15199177671098135
1996-01-15,599.8200073242188,-0.0033121543994933,-0.31495295227295483
1996-01-16,608.4400024414062,0.0142686860382701,1.2328904672326764
1996-01-17,606.3699951171875,-0.0034079556997861,-0.32338744166856864
1996-01-18,608.239990234375,0.0030791721083129,0.24774896815231645
1996-01-19,611.8300170898438,0.0058849692148594,0.49477553114343353
1996-01-22,613.4000244140625,0.0025627974018656,0.20228656866106173
1996-01-23,612.7899780273438,-0.0009950275827357,-0.11094965060061712
1996-01-24,619.9600219726562,0.0116327313722788,1.000817086081573
1996-01-25,617.030029296875,-0.0047373027007866,-0.44042513477671097
1996-01-26,621.6199951171875,0.0074112731429103,0.62915360593243
1996-01-29,624.219970703125,0.0041738576892704,0.3441267197684003
1996-01-30,630.1500244140625,0.0094551016244572,0.809095314462208
1996-01-31,636.02001953125,0.0092721150683612,0.7929849050813909
1996-02-01,638.4600219726562,0.003829021001664,0.31376678335892183
1996-02-02,635.8400268554688,-0.0041120594971246,-0.38537779037899533
1996-02-05,641.4299926757812,0.0087530458317637,0.7472852751359715
1996-02-06,646.3300170898438,0.0076101882736061,0.6466663907835031
1996-02-07,649.9299926757812,0.0055544178084891,0.46567329220498094
1996-02-08,656.0700073242188,0.0094028482186026,0.804494846658344
1996-02-09,656.3699951171875,0.0004571451611274,0.0169018041424582
1996-02-12,661.4500122070312,0.0077097664701009,0.6554334037551721
1996-02-13,660.510009765625,-0.0014221346851783,-0.1485527970645298
1996-02-14,655.5800170898438,-0.0074919126118873,-0.6829451007189438
1996-02-15,651.3200073242188,-0.006519281925069,-0.597313244066221
1996-02-16,647.97998046875,-0.0051412826045256,-0.4759921281652522
1996-02-20,640.6500244140625,-0.0113764774728322,-1.0249479861294262
1996-02-21,648.0999755859375,0.0115616436996068,0.9945584213298596
1996-02-22,658.8599853515625,0.0164660788412112,1.426352207707588
1996-02-23,659.0800170898438,0.0003339025144057,0.006051337669826435
1996-02-26,650.4600219726562,-0.013165110437642,-1.1824219006611196
1996-02-27,647.239990234375,-0.0049626852379329,-0.4602681495761652
1996-02-28,644.75,-0.003854508682048,-0.3627026324014316
1996-02-29,640.4299926757812,-0.0067228304511051,-0.6152339599552237
1996-03-01,644.3699951171875,0.0061332733962791,0.5166366016995753
1996-03-04,650.8099975585938,0.0099446494726169,0.8521958373291075
1996-03-05,655.7899780273438,0.0076228450580249,0.6477807129653176
1996-03-06,652.0,-0.0057960203106173,-0.5336362125572255
1996-03-07,653.6500244140625,0.0025275154315744,0.19918029136244503
1996-03-08,633.5,-0.0313120775970334,-2.7801079612953274
1996-03-11,640.02001953125,0.0102394566208765,0.8781510984596667
1996-03-12,637.0900268554688,-0.0045884813525365,-0.4273226812628232
1996-03-13,638.5499877929688,0.0022889867959392,0.17817987444047845
1996-03-14,640.8699951171875,0.003626658795488,0.2959505128401724
1996-03-15,641.4299926757812,0.0008734268104584,0.05355186156485016
1996-03-18,652.6500244140625,0.0173409878109662,1.5033804986073154
1996-03-19,651.6900024414062,-0.0014720427591683,-0.15294677835223264
1996-03-20,649.97998046875,-0.0026274293466883,-0.25466873714076316
1996-03-21,649.1900024414062,-0.0012161274276625,-0.1304156107880813
1996-03-22,650.6199951171875,0.0022003112076287,0.17037274335803176
1996-03-25,650.0399780273438,-0.0008918812606948,-0.10186849453288555
1996-03-26,652.969970703125,0.0044972758911203,0.37260094073945405
1996-03-27,648.9099731445312,-0.0062371507290261,-0.5724739926789982
1996-03-28,648.9400024414062,4.6275451623500885e-05,-0.01927177802394171
1996-03-29,645.5,-0.0053150559828214,-0.49129139562818097
1996-04-01,653.72998046875,0.0126691820136111,1.0920677467372863
1996-04-02,655.260009765625,0.0023377260408192,0.18247095026965984
1996-04-03,655.8800048828125,0.0009457344852137,0.05991793711999483
1996-04-04,655.8599853515625,-3.052362724442759e-05,-0.026033283497507106
1996-04-08,644.239990234375,-0.0178760168701721,-1.5971771307828775
1996-04-09,642.1900024414062,-0.003187098466121,-0.3039428413385157
1996-04-10,633.5,-0.0136242141016094,-1.2228420721346325
1996-04-11,631.1799926757812,-0.0036689280136146,-0.3463638335004936
1996-04-12,636.7100219726562,0.0087232556457186,0.7446625027151086
1996-04-15,642.489990234375,0.0090369098529654,0.77227708703523
1996-04-16,645.0,0.0038990795495088,0.31993484242558445
1996-04-17,641.6099853515625,-0.0052696971607666,-0.4872979372674963
1996-04-18,643.6099853515625,0.0031123102037051,0.25066649550656006
1996-04-19,645.0700073242188,0.0022659195543468,0.176149000078622
1996-04-22,647.8900146484375,0.0043621020725623,0.360700036099251
1996-04-23,651.5800170898438,0.0056792573424191,0.47666435100969207
1996-04-24,650.1699829101562,-0.0021663679372325,-0.21407620283385712
1996-04-25,652.8699951171875,0.0041441799434833,0.3415138467555919
1996-04-26,653.4600219726562,0.0009033351264573,0.05618503432307363
1996-04-29,654.1599731445312,0.0010705728596089,0.07090889383753232
1996-04-30,654.1699829101562,1.5301592047656243e-05,-0.021998762828273496
1996-05-01,654.5800170898438,0.0006266043065572,0.03182124010782622
1996-05-02,643.3800048828125,-0.0172582976495387,-1.542792209075392
1996-05-03,641.6300048828125,-0.0027237158754926,-0.26314594677840064
1996-05-06,640.8099975585938,-0.0012788238582865,-0.13593549807170627
1996-05-07,638.260009765625,-0.0039872581746474,-0.37439009576759325
1996-05-08,644.77001953125,0.0101479552062704,0.8700951774145448
1996-05-09,645.4400024414062,0.0010385642011261,0.06809080379370346
1996-05-10,652.0900268554688,0.0102503718455562,0.8791120911239655
1996-05-13,661.510009765625,0.0143424849673987,1.2393878350475223
1996-05-14,665.5999755859375,0.0061637374658696,0.5193187038330849
1996-05-15,665.4199829101562,-0.000270458268833,-0.047157487281109634
1996-05-16,664.8499755859375,-0.0008569799768283,-0.09879573343501322
1996-05-17,668.9099731445312,0.0060880672007277,0.5126565808039405
1996-05-20,673.1500244140625,0.0063187419113432,0.5329655264505679
1996-05-21,672.760009765625,-0.0005795553186311,-0.0743708526610106
1996-05-22,678.4199829101562,0.0083778716095581,0.7142543769223844
1996-05-23,676.0,-0.0035734639415894,-0.3379590341846415
1996-05-24,678.510009765625,0.003706155909616,0.30294955736300444
1996-05-28,672.22998046875,-0.0092987171373302,-0.8420188665573858
1996-05-29,667.9299926757812,-0.0064171481542141,-0.588321234515444
1996-05-30,671.7000122070312,0.0056284637851211,0.4721924104505755
1996-05-31,669.1199951171875,-0.0038484215032532,-0.36216670809939155
1996-06-03,667.6799926757812,-0.0021544030693156,-0.21302279801308144
1996-06-04,672.5599975585938,0.0072823173234333,0.6178001432074236
1996-06-05,678.4400024414062,0.0087047254051757,0.7430310726940174
1996-06-06,673.030029296875,-0.0080060998981226,-0.7282149164715073
1996-06-07,673.3099975585938,0.0004158953312973,0.013270107587093181
1996-06-10,672.1599731445312,-0.0017094765682834,-0.17385080511409076
1996-06-11,670.969970703125,-0.0017719845473385,-0.17935410084045483
1996-06-12,669.0399780273438,-0.0028805666885469,-0.2769553263521278
1996-06-13,667.9199829101562,-0.0016754359321211,-0.17085381672402353
1996-06-14,665.8499755859375,-0.0031039970169386,-0.2966264657804924
1996-06-17,665.1599731445312,-0.0010368104368803,-0.1146282754118045
1996-06-18,662.0599975585938,-0.0046713902618105,-0.4346221053200769
1996-06-19,661.9600219726562,-0.0001510182393813,-0.0366418089057309
1996-06-20,662.0999755859375,0.0002114007130504,-0.0047339036715431035
1996-06-21,666.8400268554688,0.0071336122954397,0.6047079307024464
1996-06-24,668.8499755859375,0.003009605887482,0.2416242542904186
1996-06-25,668.47998046875,-0.000553334089246,-0.07206229650871791
1996-06-26,664.3900146484375,-0.0061371006509691,-0.5636654345506331
1996-06-27,668.5499877929688,0.0062418213018808,0.5261933212421641
1996-06-28,670.6300048828125,0.0031064065679871,0.25014673061081383
1996-07-01,675.8800048828125,0.0077979763471303,0.6631995329216755
1996-07-02,673.6099853515625,-0.003364266039374,-0.31954093878898804
1996-07-03,672.4000244140625,-0.0017978488341547,-0.18163123123648922
1996-07-05,657.4400024414062,-0.0224999289946934,-2.00427325224811
1996-07-08,652.5399780273438,-0.0074811025212015,-0.6819933642083085
1996-07-09,654.75,0.0033810770604185,0.27432913052208907
1996-07-10,656.0599975585938,0.001998761067063,0.15262796830706488
1996-07-11,645.6699829101562,-0.0159637335750995,-1.4288168567114052
1996-07-12,646.1900024414062,0.0008050710839153,0.04753372142588398
1996-07-15,629.7999877929688,-0.025691292679169,-2.2852456719541854
1996-07-16,628.3699951171875,-0.0022731321060769,-0.22347587953132766
1996-07-17,634.0700073242188,0.0090302128097832,0.7716874693627183
1996-07-18,643.5599975585938,0.0148558890010015,1.2845886920698524
1996-07-19,638.72998046875,-0.0075334596943852,-0.686602967842628
1996-07-22,633.77001953125,-0.007795655884438,-0.7096871115631374
1996-07-23,626.8699951171875,-0.010946968587004,-0.9871333830732283
1996-07-24,626.6500244140625,-0.000350964806234,-0.05424540293476963
1996-07-25,631.1699829101562,0.0071870027914098,0.6094085096164074
1996-07-26,635.9000244140625,0.0074661438577017,0.633984505519631
1996-07-29,630.9099731445312,-0.0078781776089016,-0.7169524472920753
1996-07-30,635.260009765625,0.006871200225551,0.5816047805991316
1996-07-31,639.9500122070312,0.0073556880938383,0.6242598152895101
1996-08-01,650.02001953125,0.0156130943174641,1.351254177741618
1996-08-02,662.489990234375,0.019002286971804,1.6496437550788101
1996-08-05,660.22998046875,-0.0034172190863248,-0.3242030040386966
1996-08-06,662.3800048828125,0.0032511871704077,0.2628934308338264
1996-08-07,664.1599731445312,0.0026836271193602,0.21292459724489513
1996-08-08,662.5900268554688,-0.0023666056481044,-0.23170542961667925
1996-08-09,662.0999755859375,-0.000739873164262,-0.0884854749549535
1996-08-12,665.77001953125,0.0055277298288176,0.46332364266116843
1996-08-13,660.2000122070312,-0.0084014569769479,-0.763022743490985
1996-08-14,662.0499877929688,0.0027982254385428,0.2230140042252453
1996-08-15,662.280029296875,0.0003474081282632,0.00724039206172073
1996-08-16,665.2100219726562,0.0044143418338968,0.36529930261921023
1996-08-19,666.5800170898438,0.0020573747516445,0.15778840453840554
1996-08-20,665.6900024414062,-0.0013360876816097,-0.1409770905041227
1996-08-21,665.0700073242188,-0.0009317910930546,-0.10538221571193676
1996-08-22,670.6799926757812,0.0083998028623462,0.7161852371352248
1996-08-23,667.030029296875,-0.0054570458122364,-0.503792392032463
1996-08-26,663.8800048828125,-0.0047336487293039,-0.4401034336763239
1996-08-27,666.4000244140625,0.0037887098808999,0.3102177321501079
1996-08-28,664.8099975585938,-0.0023888456146803,-0.2336634694519416
1996-08-29,657.4000244140625,-0.0112085835062796,-1.0101663508473644
1996-08-30,651.989990234375,-0.0082634889598818,-0.7508758334457011
1996-09-03,654.719970703125,0.0041784091684853,0.34452743878844594
1996-09-04,655.6099853515625,0.0013584590372754,0.09625482239226585
1996-09-05,649.4400024414062,-0.0094556207634637,-0.855832895873393
1996-09-06,655.6799926757812,0.0095623970302831,0.8185417620560371
1996-09-09,663.760009765625,0.0122477991884952,1.0549685741887802
1996-09-10,663.8099975585938,7.530720446613515e-05,-0.0167157791936661
1996-09-11,667.280029296875,0.0052138315651948,0.4356875712536171
1996-09-12,671.1500244140625,0.0057829034718315,0.4857895108640307
1996-09-13,680.5399780273438,0.0138938730754256,1.1998913748321727
1996-09-16,683.97998046875,0.0050420804881516,0.42056635020986693
1996-09-17,682.9400024414062,-0.0015216373174844,-0.15731315725229786
1996-09-18,681.469970703125,-0.0021548249221696,-0.21305993856767408
1996-09-19,683.0,0.0022426729367603,0.17410233318664914
1996-09-20,687.030029296875,0.0058831424631931,0.49461470120155665
1996-09-23,686.47998046875,-0.00080093898642,-0.09386180103666533
1996-09-24,685.6099853515625,-0.0012681314716243,-0.13499412439890127
1996-09-25,685.8300170898438,0.0003208769465343,0.004904547242688277
1996-09-26,685.8599853515625,4.369538550275109e-05,-0.01949893089419437
1996-09-27,686.1900024414062,0.0004810569573177,0.01900703435103316
1996-09-30,687.3300170898438,0.0016599902353204,0.12280207889697126
1996-10-01,689.0800170898438,0.0025428482785114,0.20053021808055257
1996-10-02,694.010009765625,0.007128984317072,0.6043004765828657
1996-10-03,692.780029296875,-0.0017738529360915,-0.1795185965735597
1996-10-04,701.4600219726562,0.0124513778108514,1.0728919398027026
1996-10-07,703.3400268554688,0.0026765460418767,0.21230116861958878
1996-10-08,700.6400146484375,-0.0038462306525222,-0.3619738223326899
1996-10-09,696.739990234375,-0.0055819240676164,-0.5147868599313973
1996-10-10,694.6099853515625,-0.0030617839999544,-0.2929099687911832
1996-10-11,700.6599731445312,0.0086721937541032,0.740166937602383
1996-10-14,703.5399780273438,0.0041019926239664,0.33779961220963967
1996-10-15,702.5700073242188,-0.0013796514740471,-0.14481251177943896
1996-10-16,704.4099731445312,0.0026154840790217,0.20692518231667045
1996-10-17,706.989990234375,0.003655972836225,0.2985313647177893
1996-10-18,710.8200073242188,0.0054027357866131,0.45231898071747256
1996-10-21,709.8499755859375,-0.0013655977823106,-0.1435752037934466
1996-10-22,706.5700073242188,-0.004631358162257,-0.4310976195548923
1996-10-23,707.27001953125,0.0009902283864287,0.06383524655964143
1996-10-24,702.2899780273438,-0.0070661230932724,-0.6454579563008134
1996-10-25,700.9199829101562,-0.001952659389012,-0.1952609834348643
1996-10-28,697.260009765625,-0.0052353509896478,-0.48427404912405714
1996-10-29,701.5,0.0060625170739632,0.5104071095275265
1996-10-30,700.9000244140625,-0.0008556412037892,-0.09867786585944889
1996-10-31,705.27001953125,0.0062154775726082,0.5238739800170288
1996-11-01,703.77001953125,-0.0021291099259839,-0.21079595194146294
1996-11-04,706.72998046875,0.0041970440021534,0.3461680773443136
1996-11-05,714.1400146484375,0.0104303720745866,0.8949595798148791
1996-11-06,724.5900268554688,0.0145269726490031,1.2556304057575007
1996-11-07,727.6500244140625,0.0042141822001715,0.34767694986485137
1996-11-08,730.8200073242188,0.0043470045087747,0.3593708240606156
1996-11-11,731.8699951171875,0.0014356944691913,0.10305474503913276
1996-11-12,729.5599975585938,-0.0031612865398438,-0.3016703208424471
1996-11-13,731.1300048828125,0.0021496798447229,0.1659150826351685
1996-11-14,735.8800048828125,0.0064757793988095,0.5467913411180114
1996-11-15,737.6199951171875,0.0023617116296357,0.18458267729113043
1996-11-18,737.02001953125,-0.0008137248590616,-0.09498748833819091
1996-11-19,742.1599731445312,0.0069497617959699,0.5885214584581562
1996-11-20,743.9500122070312,0.0024090275226447,0.188748439098211
1996-11-21,742.75,-0.0016143303393922,-0.16547398918191933
1996-11-22,748.72998046875,0.0080188974590447,0.6826497571880914
1996-11-25,757.030029296875,0.0110245096690784,0.9472683399774298
1996-11-26,755.9600219726562,-0.0014144276781058,-0.14787426066443662
1996-11-27,755.0,-0.0012707445437092,-0.1352241831634765
1996-11-29,757.02001953125,0.0026719497188567,0.21189650148404346
1996-12-02,756.5599975585938,-0.0006078594876077,-0.07686279392229989
1996-12-03,748.280029296875,-0.0110045608472812,-0.9922038915850421
1996-12-04,745.0999755859375,-0.0042588738394666,-0.39830354409865215
1996-12-05,744.3800048828125,-0.0009667411024505,-0.10845926667810696
1996-12-06,739.5999755859375,-0.0064421971879253,-0.5905265888119072
1996-12-09,749.760009765625,0.013643701841282,1.177865926168921
1996-12-10,747.5399780273438,-0.0029653821988908,-0.284422610411872
1996-12-11,740.72998046875,-0.0091516260864379,-0.8290687510041626
1996-12-12,729.2999877929688,-0.0155510068069268,-1.3924797763294159
1996-12-13,728.6400146484375,-0.0009053502729949,-0.1030543264690636
1996-12-16,720.97998046875,-0.0105684324198769,-0.9538064942133516
1996-12-17,726.0399780273438,0.0069937089027725,0.5923906273020189
1996-12-18,731.5399780273438,0.0075467916268667,0.6410848554284853
1996-12-19,745.760009765625,0.0192519746303503,1.67162662902507
1996-12-20,748.8699951171875,0.0041615514605757,0.34304326103550004
1996-12-23,746.9199829101562,-0.0026073357094116,-0.252899663338929
1996-12-24,751.030029296875,0.0054875752424372,0.45978837297301584
1996-12-26,755.8200073242188,0.0063576255697981,0.53638890174817
1996-12-27,756.7899780273438,0.0012825128029998,0.08956840262889558
1996-12-30,753.8499755859375,-0.0038923982466023,-0.3660384861890203
1996-12-31,740.739990234375,-0.0175437034913992,-1.5679197651655628
1997-01-02,737.010009765625,-0.0050481994790461,-0.46779695093521584
1997-01-03,748.030029296875,0.0148416494188143,1.2833350180112661
1997-01-06,747.6500244140625,-0.0005081366032078,-0.06808304241161824
1997-01-07,753.22998046875,0.0074356134339721,0.6312965614687269
1997-01-08,748.4099731445312,-0.0064196798523346,-0.5885441289947986
1997-01-09,754.8499755859375,0.0085681014049221,0.7310024918939304
1997-01-10,759.5,0.0061413003650159,0.5173433080019171
1997-01-13,759.510009765625,1.31793280635506e-05,-0.02218561011545982
1997-01-14,768.8599853515625,0.0122353778992625,1.0538749853544653
1997-01-15,767.2000122070312,-0.0021613397827797,-0.21363351661475535
1997-01-16,769.75,0.0033182473242359,0.26879750681821774
1997-01-17,776.1699829101562,0.0083057595325835,0.7079055220876481
1997-01-20,776.7000122070312,0.0006826448049412,0.03675512918762072
1997-01-21,782.719970703125,0.0077208044870449,0.6564052072336032
1997-01-22,786.22998046875,0.0044743500183823,0.3705825127024352
1997-01-23,777.5599975585938,-0.0110885372934799,-0.9995973031857143
1997-01-24,770.52001953125,-0.0090951714119835,-0.8240983972452559
1997-01-27,765.02001953125,-0.0071636341360781,-0.6540429739778827
1997-01-28,765.02001953125,0.0,-0.023345937819296707
1997-01-29,772.5,0.0097300059658804,0.8332983027875808
1997-01-30,784.1699829101562,0.0149938030139695,1.2967308475137755
1997-01-31,786.1599731445312,0.0025344881079911,0.19979417619611592
1997-02-03,786.72998046875,0.0007247898657656,0.04046564321524312
1997-02-04,789.260009765625,0.0032107202279201,0.2593306608480183
1997-02-05,778.280029296875,-0.0140094157412686,-1.2567557991398883
1997-02-06,780.1500244140625,0.0023998459349741,0.18794007842245938
1997-02-07,789.5599975585938,0.0119895850014239,1.0322350119511745
1997-02-10,785.4299926757812,-0.0052444959963446,-0.4850791891563034
1997-02-11,789.5900268554688,0.0052825282243338,0.44173572760693475
1997-02-12,802.77001953125,0.0165544139353182,1.434129361172404
1997-02-13,811.8200073242188,0.0112103783873127,0.9636324992125559
1997-02-14,808.47998046875,-0.0041227323476871,-0.3863174440644386
1997-02-18,816.2899780273438,0.0096137396808169,0.8230620456027793
1997-02-19,812.489990234375,-0.004666062649961,-0.43415305442503466
1997-02-20,802.7999877929688,-0.0119979926998521,-1.079667113902119
1997-02-21,801.77001953125,-0.0012837936624485,-0.13637304704415815
1997-02-24,810.280029296875,0.0105580950479229,0.9062045009264795
1997-02-25,812.030029296875,0.0021574182684798,0.16659638500702412
1997-02-26,805.6799926757812,-0.0078506891214082,-0.714532319845413
1997-02-27,795.0700073242188,-0.013256461944521,-1.190464623606313
1997-02-28,790.8200073242188,-0.0053597792217203,-0.4952288962996476
1997-03-03,795.3099975585938,0.0056615816028617,0.4751081525301217
1997-03-04,790.9500122070312,-0.0054972026078123,-0.5073278562214831
1997-03-05,801.989990234375,0.0138613567061387,1.19702858517174
1997-03-06,798.5599975585938,-0.0042860241200681,-0.40069389530600935
1997-03-07,804.969970703125,0.0079948705843548,0.6805343952967359
1997-03-10,813.6500244140625,0.0107253548638377,0.9209303046403539
1997-03-11,811.3400268554688,-0.0028430932396164,-0.273656108004826
1997-03-12,804.260009765625,-0.0087646227437376,-0.7949963993753603
1997-03-13,789.5599975585938,-0.0184467869461997,-1.647428579759821
1997-03-14,793.1699829101562,0.0045617277188556,0.3782753758034859
1997-03-17,795.7100219726562,0.0031972725674691,0.25814670876048806
1997-03-18,789.6599731445312,-0.0076323864036158,-0.6953126229036581
1997-03-19,785.77001953125,-0.0049382854669666,-0.458119957340343
1997-03-20,782.6500244140625,-0.0039785250700878,-0.37362122021398797
1997-03-21,784.0999755859375,0.0018509035721301,0.13961037387711442
1997-03-24,790.8900146484375,0.0086223800429436,0.7357812641590405
1997-03-25,789.0700073242188,-0.0023038660522125,-0.22618174199847377
1997-03-26,790.5,0.0018106105583344,0.1360629168328107
1997-03-27,773.8800048828125,-0.0212488275297193,-1.8941244128596118
1997-03-31,757.1199951171875,-0.0218950742190324,-1.951020935467369
1997-04-01,759.6400146484375,0.003322901228663,0.26920724350674496
1997-04-02,750.1099853515625,-0.0126248132153055,-1.134853327183007
1997-04-03,750.3200073242188,0.0002799490480107,0.001301193999809534
1997-04-04,757.9000244140625,0.0100516910686145,0.8616199391270157
1997-04-07,762.1300048828125,0.0055656681860742,0.46666379223105736
1997-04-08,766.1199951171875,0.0052216578441974,0.436376608532368
1997-04-09,760.5999755859375,-0.0072312456652969,-0.6599955938742127
1997-04-10,758.3400268554688,-0.0029756940951504,-0.2853304851420107
1997-04-11,737.6500244140625,-0.027662378839925,-2.458783038043433
1997-04-14,743.72998046875,0.0082085490201055,0.6993469635489652
1997-04-15,754.719970703125,0.0146687412369832,1.2681119237358027
1997-04-16,763.530029296875,0.0116056742701458,0.9984349384455874
1997-04-17,761.77001953125,-0.0023077564943241,-0.22652426232579972
1997-04-18,766.3400268554688,0.0059812720420042,0.5032541757112828
1997-04-21,760.3699951171875,-0.0078208200407283,-0.7119026014232062
1997-04-22,774.6099853515625,0.0185545074807249,1.6102205806799563
1997-04-23,773.6400146484375,-0.0012529899306032,-0.1336610405390226
1997-04-24,771.1799926757812,-0.0031848681922879,-0.3037464847030932
1997-04-25,765.3699951171875,-0.0075624292009592,-0.689153486418553
1997-04-28,772.9600219726562,0.0098679585810188,0.8454438568241732
1997-04-29,794.0499877929688,0.0269190869507918,2.3466506356314167
1997-04-30,801.3400268554688,0.0091389437496074,0.7812603035113093
1997-05-01,798.530029296875,-0.0035127858507291,-0.33261684454480267
1997-05-02,812.969970703125,0.0179215983787175,1.5544983191558082
1997-05-05,830.2899780273438,0.0210808384309224,1.8326425263542485
1997-05-06,827.760009765625,-0.0030517417976998,-0.2920258383235783
1997-05-07,815.6199951171875,-0.0147747148569052,-1.3241338749653857
1997-05-08,820.260009765625,0.0056728208400373,0.47609767173792633
1997-05-09,824.780029296875,0.0054953445494918,0.46047239435647314
1997-05-12,837.6599731445312,0.0154955385415336,1.340904391857204
1997-05-13,833.1300048828125,-0.0054225598923611,-0.5007562002000222
1997-05-14,836.0399780273438,0.0034867342720596,0.2836313490560055
1997-05-15,841.8800048828125,0.0069610595226592,0.5895161271700026
1997-05-16,829.75,-0.0145130414707788,-1.3010957596824833
1997-05-19,833.27001953125,0.0042332921392329,0.3493594174083145
1997-05-20,841.6599731445312,0.0100183575708436,0.8586852082558473
1997-05-21,839.3499755859375,-0.0027483466286062,-0.2653144750270538
1997-05-22,835.6599731445312,-0.004405954022574,-0.41125270283587995
1997-05-23,847.030029296875,0.0135143480799246,1.1664774280471086
1997-05-27,849.7100219726562,0.0031589929199418,0.25477651148602465
1997-05-28,847.2100219726562,-0.0029465169177091,-0.282761682913122
1997-05-29,844.0800170898438,-0.0037013266605905,-0.34921625871304574
1997-05-30,848.280029296875,0.0049635074271128,0.41364866069952444
1997-06-02,846.3599853515625,-0.0022660208071449,-0.22284979016461057
1997-06-03,845.47998046875,-0.001040293384662,-0.1149349193304198
1997-06-04,840.1099853515625,-0.0063716721073889,-0.5843174555110957
1997-06-05,843.4299926757812,0.003944084098185,0.32389711002950666
1997-06-06,858.010009765625,0.0171388635067639,1.4855851733332361
1997-06-09,862.9099731445312,0.0056946013400871,0.4780152594547916
1997-06-10,865.27001953125,0.0027312523739784,0.21711759570956005
1997-06-11,869.5700073242188,0.0049572254871801,0.4130955893363561
1997-06-12,883.4600219726562,0.0158471961147972,1.371864849215443
1997-06-13,893.27001953125,0.0110428675366316,0.9488845940233592
1997-06-16,893.9000244140625,0.000705030739569,0.03872602026792971
1997-06-17,894.4199829101562,0.000581504997557,0.027850629663614075
1997-06-18,889.0599975585938,-0.0060107223492611,-0.5525389003351896
1997-06-19,897.989990234375,0.0099941994537999,0.8565582915918737
1997-06-20,898.7000122070312,0.0007903667395634,0.04623912901297834
1997-06-23,878.6199951171875,-0.0225967990347202,-2.012801835084267
1997-06-24,896.3400268554688,0.0199673460309366,1.7346089943346148
1997-06-25,888.989990234375,-0.0082338593718978,-0.7482672003177201
1997-06-26,883.6799926757812,-0.0059909780070723,-0.550800578993978
1997-06-27,887.2999877929688,0.0040881322192278,0.33657932149929093
1997-06-30,885.1400146484375,-0.0024372889472257,-0.2379284927177383
1997-07-01,891.030029296875,0.0066322886808771,0.5605706517941683
1997-07-02,904.030029296875,0.0144844482717765,1.2518864961479585
1997-07-03,916.9199829101562,0.0141576307199429,1.223112991333138
1997-07-07,912.2000122070312,-0.005160931149593,-0.4777220153849842
1997-07-08,918.75,0.0071547728674783,0.6065709390323878
1997-07-09,907.5399780273438,-0.012276432435649,-1.1041813636223072
1997-07-10,913.780029296875,0.006852256232178,0.5799369231616355
1997-07-11,916.6799926757812,0.003168565027753,0.25561925413753855
1997-07-14,918.3800048828124,0.0018528142901335,0.1397785963405719
1997-07-15,925.760009765625,0.0080037786950741,0.681318678653718
1997-07-16,936.5900268554688,0.0116306161130657,1.0006308555048757
1997-07-17,931.6099853515624,-0.0053313920001194,-0.49272964296141575
1997-07-18,915.2999877929688,-0.0176623893953937,-1.578369049210674
1997-07-21,912.9400024414062,-0.0025817033594943,-0.2506429530134808
1997-07-22,933.97998046875,0.0227848401168992,1.982665376843257
1997-07-23,936.5599975585938,0.0027585817531434,0.21952371502162982
1997-07-24,940.2999877929688,0.0039853747363336,0.3275323994101109
1997-07-25,938.7899780273438,-0.0016071716821661,-0.16484373032033983
1997-07-28,936.4500122070312,-0.0024956454075084,-0.24306628253808155
1997-07-29,942.2899780273438,0.006216916295215,0.5240006473016398
1997-07-30,952.2899780273438,0.0105565276722856,0.9060665068371369
1997-07-31,954.3099975585938,0.0021189765162601,0.16321191579361158
1997-08-01,947.1400146484376,-0.0075416307002953,-0.6873223553925839
1997-08-04,950.2999877929688,0.0033307783770579,0.26990075940268166
1997-08-05,952.3699951171876,0.0021758982477484,0.16822338995054556
1997-08-06,960.3200073242188,0.0083129602592864,0.7085394848087251
1997-08-07,951.1900024414062,-0.0095527350270234,-0.8643829805137233
1997-08-08,933.5399780273438,-0.0187300468338245,-1.6723672028377132
1997-08-11,937.0,0.0036994942204158,0.30236305230780963
1997-08-12,926.530029296875,-0.0112368254927837,-1.01265281747101
1997-08-13,922.02001953125,-0.0048795202672335,-0.45294618148902294
1997-08-14,924.77001953125,0.0029781425872874,0.23885417840385662
1997-08-15,900.8099975585938,-0.02625072320878,-2.3344987703481035
1997-08-18,912.489990234375,0.0128827599334035,1.1108714654145957
1997-08-19,926.010009765625,0.0147079284795399,1.2715620270306185
1997-08-20,939.3499755859376,0.0143030764530731,1.235918250656076
1997-08-21,925.0499877929688,-0.0153403438133947,-1.3739326921085944
1997-08-22,923.5399780273438,-0.0016336885186953,-0.16717831216659032
1997-08-25,920.1599731445312,-0.0036665496110463,-0.3461544353902434
1997-08-26,913.02001953125,-0.0077897312277954,-0.70916549595383
1997-08-27,913.7000122070312,0.0007444958125768,0.04220058417013208
1997-08-28,903.6699829101562,-0.0110380727766541,-0.9951543318406376
1997-08-29,899.469970703125,-0.0046585621869281,-0.4334927024703134
1997-09-02,927.5800170898438,0.030773394154381,2.68598959174947
1997-09-03,927.8599853515624,0.0003017809937002,0.0032233110675414746
1997-09-04,930.8699951171876,0.0032387839314305,0.2618014311709333
1997-09-05,929.0499877929688,-0.0019570819410015,-0.19565035150965016
1997-09-08,931.2000122070312,0.0023115445465968,0.1801658924603688
1997-09-09,933.6199951171876,0.00259540787754,0.2051576435882391
1997-09-10,919.030029296875,-0.0157507000842667,-1.4100610703718863
1997-09-11,912.5900268554688,-0.0070320577216236,-0.6424587901616139
1997-09-12,923.9099731445312,0.0123278950754004,1.0620203355601754
1997-09-15,919.77001953125,-0.0044909752103441,-0.41873809504305953
1997-09-16,945.6400146484376,0.0277383024092934,2.418775586715968
1997-09-17,943.0,-0.0027956797986403,-0.2694817579291983
1997-09-18,947.2899780273438,0.0045389706790768,0.3762718120720626
1997-09-19,950.510009765625,0.0033934396132337,0.27541754811458347
1997-09-22,955.4299926757812,0.005162800331762,0.4311947053330239
1997-09-23,951.9299926757812,-0.0036699982754226,-0.34645806094670273
1997-09-24,944.47998046875,-0.0078570041690975,-0.7150883060648632
1997-09-25,937.9099731445312,-0.006980523870772,-0.6379216730536572
1997-09-26,945.219970703125,0.0077637066948401,0.6601823816100583
1997-09-29,953.3400268554688,0.0085539626611268,0.7297576957977994
1997-09-30,947.280029296875,-0.0063768853481382,-0.5847764370038558
1997-10-01,955.4099731445312,0.0085457886623556,0.7290380447518874
1997-10-02,960.4600219726562,0.0052718196296597,0.44079292695658273
1997-10-03,965.030029296875,0.0047468600550928,0.3945747028690417
1997-10-06,972.6900024414062,0.0079062123732516,0.6727287941295435
1997-10-07,983.1199951171876,0.0106657513392658,0.9156827214195999
1997-10-08,973.8400268554688,-0.0094841363314719,-0.8583434490207926
1997-10-09,970.6199951171876,-0.0033120091391749,-0.3149401633378214
1997-10-10,966.97998046875,-0.0037572450210996,-0.3541393945921269
1997-10-13,968.0999755859376,0.0011575699895463,0.07856825094086156
1997-10-14,970.280029296875,0.0022493573237758,0.1746908365913639
1997-10-15,965.719970703125,-0.0047108130441362,-0.4380929458875374
1997-10-16,955.25,-0.0109008204601224,-0.9830704331380952
1997-10-17,944.1599731445312,-0.0116774714619198,-1.0514479459561055
1997-10-20,955.6099853515624,0.0120542498324764,1.0379282001450143
1997-10-21,972.280029296875,0.0172939942556329,1.4992431158900716
1997-10-22,968.489990234375,-0.0039057114880298,-0.3672106038251933
1997-10-23,950.6900024414062,-0.0185501081527368,-1.6565251329194932
1997-10-24,941.6400146484376,-0.0095649878287469,-0.865461735456376
1997-10-27,876.989990234375,-0.0711274728204527,-6.285514753976832
1997-10-28,921.8499755859376,0.0498869153693979,4.368772513360975
1997-10-29,919.1599731445312,-0.0029223137632987,-0.2806308010921968
1997-10-30,903.6799926757812,-0.016984872949445,-1.5187194905800199
1997-10-31,914.6199951171876,0.0120333658094065,1.0360895395988374
1997-11-03,938.989990234375,0.0262961459948618,2.2918059845585543
1997-11-04,940.760009765625,0.0018832504901009,0.14245824479088745
1997-11-05,942.760009765625,0.0021236840924796,0.1636263778268101
1997-11-06,938.030029296875,-0.005029791037181,-0.46617624425141907
1997-11-07,927.510009765625,-0.0112783760460652,-1.0163109901676601
1997-11-10,921.1300048828124,-0.006902404105233,-0.6310438923553503
1997-11-11,923.780029296875,0.0028727972502862,0.2295794177784963
1997-11-12,905.9600219726562,-0.0194788005571329,-1.738288597639968
1997-11-13,916.6599731445312,0.0117414207302903,1.0103862593053414
1997-11-14,928.3499755859376,0.0126721906134417,1.0923326283546473
1997-11-17,946.2000122070312,0.0190451855430167,1.6534206092851167
1997-11-18,938.22998046875,-0.0084588754076566,-0.7680779477882667
1997-11-19,944.5900268554688,0.0067558986546609,0.5714534582893315
1997-11-20,958.97998046875,0.0151191998967625,1.3077709761438465
1997-11-21,963.0900268554688,0.0042766940178964,0.35318058355343124
1997-11-24,946.6699829101562,-0.017196347704707,-1.5373380435145398
1997-11-25,950.8200073242188,0.0043742323307123,0.3617680021228804
1997-11-26,951.6400146484376,0.0008620495206512,0.05255018799741043
1997-11-28,955.4000244140624,0.0039432991031427,0.32382799789491507
1997-12-01,974.77001953125,0.0200714392609295,1.743773517591052
1997-12-02,971.6799926757812,-0.003175041158971,-0.30288129802975566
1997-12-03,976.77001953125,0.005224705178314,0.43664490037405285
1997-12-04,973.0999755859376,-0.0037644030509058,-0.3547695982147224
1997-12-05,983.7899780273438,0.0109256105682735,0.9385611156033847
1997-12-08,982.3699951171876,-0.001444422810386,-0.15051507685757962
1997-12-09,975.780029296875,-0.0067308333044069,-0.6159385430986923
1997-12-10,969.7899780273438,-0.0061576506359211,-0.565474685882587
1997-12-11,954.9400024414062,-0.015431016718054,-1.3819156699020163
1997-12-12,953.3900146484376,-0.0016244445352038,-0.16636445806968359
1997-12-15,963.3900146484376,0.0104342601395508,0.8953018908546017
1997-12-16,968.0399780273438,0.0048150565959552,0.40057882806320344
1997-12-17,965.5399780273438,-0.0025858784740169,-0.2510105363245498
1997-12-18,955.2999877929688,-0.010662093067034,-0.9620525173134395
1997-12-19,946.780029296875,-0.0089586299227102,-0.8120770808349659
1997-12-22,953.7000122070312,0.0072823848094873,0.6178060847802945
1997-12-23,939.1300048828124,-0.0153952494051914,-1.3787666623193722
1997-12-24,932.7000122070312,-0.0068703011586697,-0.6282175010482538
1997-12-26,936.4600219726562,0.004023213388443,0.33086377079009877
1997-12-29,953.3499755859376,0.0178752396926409,1.5504168312750322
1997-12-30,970.8400268554688,0.0181796318954088,1.577215974903632
1997-12-31,970.4299926757812,-0.0004224391060079,-0.06053810691331038
1998-01-02,975.0399780273438,0.0047392085710651,0.3939010548006428
1998-01-05,977.0700073242188,0.0020798316118284,0.15976554001048138
1998-01-06,966.5800170898438,-0.0107942190785284,-0.9736850884729983
1998-01-07,964.0,-0.0026727911849651,-0.25866246105413226
1998-01-08,956.0499877929688,-0.0082810944397708,-0.7524258461592511
1998-01-09,927.6900024414062,-0.0301125722847128,-2.6745017241583673
1998-01-12,939.2100219726562,0.0123414918853699,1.063217418993818
1998-01-13,952.1199951171876,0.0136519523680567,1.1785923148544268
1998-01-14,957.9400024414062,0.0060940759384351,0.5131855990356262
1998-01-15,950.72998046875,-0.0075550580584309,-0.6885045200339791
1998-01-16,961.510009765625,0.0112748855278246,0.9693118040959562
1998-01-20,978.5999755859376,0.0176179783597572,1.527767159741585
1998-01-21,970.8099975585938,-0.0079921818396346,-0.7269895498390526
1998-01-22,963.0399780273438,-0.0080358470839128,-0.7308339030857803
1998-01-23,957.5900268554688,-0.0056751855230396,-0.5229977375957122
1998-01-26,956.9500122070312,-0.0006685832202206,-0.08220900193012673
1998-01-27,969.02001953125,0.0125341154280551,1.0801762830505512
1998-01-28,977.4600219726562,0.0086721211171516,0.7401605425368032
1998-01-29,985.489990234375,0.0081815767129738,0.6969722813913927
1998-01-30,980.280029296875,-0.0053006944704376,-0.49002698665318883
1998-02-02,1001.27001953125,0.0211862176927484,1.841920273771794
1998-02-03,1006.0,0.0047128579389266,0.3915811058368958
1998-02-04,1006.9000244140624,0.0008942565086442,0.05538573926718829
1998-02-05,1003.5399780273438,-0.0033426011332009,-0.31763352812947204
1998-02-06,1012.4600219726562,0.0088493076945832,0.7557603131435102
1998-02-09,1010.739990234375,-0.0017003085629641,-0.17304364024880992
1998-02-10,1019.010009765625,0.0081488511339573,0.694091072594264
1998-02-11,1020.010009765625,0.0009808634251706,0.06301074139968678
1998-02-12,1024.1400146484375,0.0040408095815802,0.3324129658841662
1998-02-13,1020.0900268554688,-0.0039623653009579,-0.37219849003240235
1998-02-17,1022.760009765625,0.002613979864015,0.20679274898346975
1998-02-18,1032.0799560546875,0.0090712759670017,0.7753027309828769
1998-02-19,1028.280029296875,-0.0036886088773417,-0.3480965661032391
1998-02-20,1034.2099609375,0.0057502804944364,0.48291733526671266
1998-02-23,1038.1400146484375,0.0037928520458665,0.31058241453311203
1998-02-24,1030.56005859375,-0.0073282638456726,-0.6685372192076853
1998-02-25,1042.9000244140625,0.0119029168821471,1.0246046214372277
1998-02-26,1048.6700439453125,0.0055174189534126,0.4624158578085916
1998-02-27,1049.3399658203125,0.0006386260262338,0.03287965024233819
1998-03-02,1047.699951171875,-0.0015641237627415,-0.16105372727465764
1998-03-03,1052.02001953125,0.0041149053354034,0.3389364665879323
1998-03-04,1047.3299560546875,-0.0044681175924301,-0.41672567626256923
1998-03-05,1035.050048828125,-0.0117942446108134,-1.0617288281886563
1998-03-06,1055.68994140625,0.0197447441739813,1.7150107947674371
1998-03-09,1052.31005859375,-0.0032067226838687,-0.30567058674472947
1998-03-10,1064.25,0.0112825223321344,0.9699841597400917
1998-03-11,1068.469970703125,0.0039573654942186,0.3250664239496933
1998-03-12,1069.9200439453125,0.0013562291766433,0.09605850213567578
1998-03-13,1068.6099853515625,-0.0012251955686197,-0.1312139834459437
1998-03-16,1079.27001953125,0.0099261799376391,0.8505697519165291
1998-03-17,1080.449951171875,0.001092671062941,0.07285445262532597
1998-03-18,1085.52001953125,0.0046815770191415,0.38882708699366414
1998-03-19,1089.739990234375,0.0038799738681367,0.31825274973543893
1998-03-20,1099.1600341796875,0.008607156101883,0.7344409256767586
1998-03-23,1095.550048828125,-0.003289717977049,-0.3129776161699627
1998-03-24,1105.6500244140625,0.0091768545613959,0.784598027937094
1998-03-25,1101.9300537109375,-0.0033701828178092,-0.320061860789163
1998-03-26,1100.800048828125,-0.0010260040307601,-0.11367686329582122
1998-03-27,1095.43994140625,-0.0048811770008274,-0.4530920427861702
1998-03-30,1093.5999755859375,-0.001681071449946,-0.17134997612047886
1998-03-31,1101.75,0.0074248406368466,0.6303481083387754
1998-04-01,1108.1500244140625,0.005792155514956,0.4866040745430502
1998-04-02,1120.010009765625,0.0106456423028875,0.9139122918578884
1998-04-03,1122.699951171875,0.0023988324330987,0.18785084820539166
1998-04-06,1121.3800048828125,-0.0011763809375162,-0.12691627050118304
1998-04-07,1109.550048828125,-0.0106055023263946,-0.9570701840846197
1998-04-08,1101.6500244140625,-0.0071454936375703,-0.6524458574269847
1998-04-09,1110.6700439453125,0.0081543983095313,0.6945794542071597
1998-04-13,1109.68994140625,-0.0008828321616185,-0.10107179835062456
1998-04-14,1115.75,0.0054461802899092,0.45614389959883145
1998-04-15,1119.3199462890625,0.003194485551428,0.2579013357105167
1998-04-16,1108.1700439453125,-0.010011264264059,-0.9047525785832214
1998-04-17,1122.719970703125,0.013044240612678,1.1250884653172541
1998-04-20,1123.6500244140625,0.0008280503800364,0.049556852937248784
1998-04-21,1126.6700439453125,0.0026840815995958,0.21296461036283787
1998-04-22,1130.5400390625,0.003429010829171,0.2785492910313838
1998-04-23,1119.5799560546875,-0.0097418535107793,-0.8810332539534208
1998-04-24,1107.9000244140625,-0.0104872221444827,-0.9466566204169232
1998-04-27,1086.5400390625,-0.0194679821303855,-1.7373361272100334
1998-04-28,1085.1099853515625,-0.001317020607896,-0.1392983968898182
1998-04-29,1094.6199951171875,0.0087259157721808,0.7448967042172577
1998-04-30,1111.75,0.0155280837939386,1.343769724430442
1998-05-01,1121.0,0.0082857936813542,0.7061476987600603
1998-05-04,1122.0699462890625,0.000954001788469,0.06064580283188008
1998-05-05,1115.5,-0.0058724109880419,-0.5403617617584607
1998-05-06,1104.9200439453125,-0.0095297609592623,-0.8623603093149725
1998-05-07,1095.1400146484375,-0.0088907515781979,-0.8061009701221571
1998-05-08,1108.1400146484375,0.0118007249996896,1.0156074956542662
1998-05-11,1106.6400146484375,-0.001354536531398,-0.14260135476175909
1998-05-12,1115.7900390625,0.008234298397074,0.7016139771105838
1998-05-13,1118.8599853515625,0.0027475874851408,0.21855576326526482
1998-05-14,1117.3699951171875,-0.0013325914310087,-0.14066927538545088
1998-05-15,1108.72998046875,-0.0077625067408577,-0.7067686115099316
1998-05-18,1105.8199462890625,-0.0026281058913859,-0.2547283011452195
1998-05-19,1109.52001953125,0.003340414329032,0.27074912298954096
1998-05-20,1119.06005859375,0.0085615925857895,0.7304294457475411
1998-05-21,1114.6400146484375,-0.0039576035900106,-0.3717792618970093
1998-05-22,1110.469970703125,-0.0037481732181996,-0.35334069953135744
1998-05-26,1094.02001953125,-0.0149243195257859,-1.337305293196161
1998-05-27,1092.22998046875,-0.0016375432475763,-0.16751768824781668
1998-05-28,1097.5999755859375,0.0049044957728581,0.408453186624458
1998-05-29,1090.8199462890625,-0.0061962979973397,-0.5688772572366017
1998-06-01,1090.97998046875,0.0001466992257279,-0.01043031913807806
1998-06-02,1093.219970703125,0.0020510860450002,0.15723473742385322
1998-06-03,1082.72998046875,-0.0096418316012787,-0.8722271758267833
1998-06-04,1094.8299560546875,0.0111134485168076,0.9550986488118332
1998-06-05,1113.8599853515625,0.0172323872716706,1.4938191451157958
1998-06-08,1115.719970703125,0.001668462956883,0.12354802994307736
1998-06-09,1118.4100341796875,0.0024081541993545,0.18867155041290484
1998-06-10,1112.280029296875,-0.0054960753300941,-0.5072286090094827
1998-06-11,1094.5799560546875,-0.0160413011351421,-1.4356460204140205
1998-06-12,1098.8399658203125,0.0038843589223178,0.3186388164472334
1998-06-15,1077.010009765625,-0.0200663545706962,-1.7900177295160875
1998-06-16,1087.5899658203125,0.009775515500527,0.8373050301096828
1998-06-17,1107.1099853515625,0.017788795468876,1.5428061528559636
1998-06-18,1106.3699951171875,-0.0006686215989955,-0.08221238085472297
1998-06-19,1100.6500244140625,-0.0051834450612711,-0.4797041737557197
1998-06-22,1103.2099609375,0.0023231400286585,0.18118677599939723
1998-06-23,1119.489990234375,0.0146491391469618,1.266386126487623
1998-06-24,1132.8800048828125,0.0118898515084353,1.0234543264445177
1998-06-25,1129.280029296875,-0.0031827797950176,-0.3035626190919132
1998-06-26,1133.199951171875,0.0034651584377778,0.28173178041867836
1998-06-29,1138.489990234375,0.0046573685328246,0.38669573574373645
1998-06-30,1133.8399658203125,-0.0040927426868977,-0.38367710958950807
1998-07-01,1148.56005859375,0.0128989631208256,1.1122980182073987
1998-07-02,1146.4200439453125,-0.0018649532223191,-0.18753920167782906
1998-07-06,1157.3299560546875,0.0094715083402769,0.8105397861987624
1998-07-07,1154.6600341796875,-0.0023096320253523,-0.22668938687546814
1998-07-08,1166.3800048828125,0.010098981590267,0.8657834672020208
1998-07-09,1158.56005859375,-0.0067270343021306,-0.6156040732708775
1998-07-10,1164.3299560546875,0.0049678713078789,0.41403286327227556
1998-07-13,1165.18994140625,0.0007383370209179,0.04165835496470354
1998-07-14,1177.5799560546875,0.010577334272467,0.9078983509567096
1998-07-15,1174.81005859375,-0.0023549655659236,-0.23068061941663015
1998-07-16,1183.989990234375,0.0077835999637878,0.6619338146852947
1998-07-17,1186.75,0.0023283962171536,0.1816495386757677
1998-07-20,1184.0999755859375,-0.0022355067127604,-0.22016328377360947
1998-07-21,1165.0699462890625,-0.0162018467880775,-1.449780699202898
1998-07-22,1164.0799560546875,-0.0008500872296774,-0.09818888569314303
1998-07-23,1139.75,-0.0211220976073613,-1.882966921437589
1998-07-24,1140.800048828125,0.0009208733681322,0.057729127283947294
1998-07-27,1147.27001953125,0.0056554106773534,0.4745648550424905
1998-07-28,1130.239990234375,-0.0149552332438611,-1.340026983053056
1998-07-29,1125.2099609375,-0.0044603407257843,-0.41604098932142514
1998-07-30,1142.949951171875,0.0156429464155269,1.3538824009888804
1998-07-31,1120.6700439453125,-0.0196858366554746,-1.7565163645975692
1998-08-03,1112.43994140625,-0.0073710115991127,-0.6723007951922998
1998-08-04,1072.1199951171875,-0.0369177562202756,-3.27364026992213
1998-08-05,1081.4300537109375,0.0086462969358027,0.7378869430859398
1998-08-06,1089.6300048828125,0.0075539044911767,0.6417110826134167
1998-08-07,1089.449951171875,-0.0001652566358085,-0.037895378568237756
1998-08-10,1083.1400146484375,-0.0058086931861209,-0.5347519514221507
1998-08-11,1068.97998046875,-0.0131593392098992,-1.1819137931610382
1998-08-12,1084.219970703125,0.0141559029107751,1.222960872436433
1998-08-13,1074.9100341796875,-0.0086238384915224,-0.782601543786247
1998-08-14,1062.75,-0.0113770806855582,-1.025001093877705
1998-08-17,1083.6700439453125,0.0194935809210878,1.6928980072935358
1998-08-18,1101.199951171875,0.0160469807676308,1.3894541880926945
1998-08-19,1098.06005859375,-0.002855410181219,-0.27474050991811955
1998-08-20,1091.5999755859375,-0.0059005522776089,-0.5428393628735428
1998-08-21,1081.239990234375,-0.0095359658522582,-0.8629065973508853
1998-08-24,1088.1400146484375,0.0063613084537417,0.5367131483447468
1998-08-25,1092.8499755859375,0.0043191103861106,0.3569149838883921
1998-08-26,1084.18994140625,-0.0079558301070044,-0.7237890890682226
1998-08-27,1042.5899658203125,-0.0391251412509143,-3.4679817410300955
1998-08-28,1027.1400146484375,-0.0149297138223403,-1.337780215112104
1998-08-31,957.280029296875,-0.0704375740301141,-6.224775035273922
1998-09-01,994.260009765625,0.0379027914457488,3.3136723650247153
1998-09-02,990.47998046875,-0.0038090972982987,-0.35870454643075084
1998-09-03,982.260009765625,-0.0083336053571603,-0.7570489856628073
1998-09-04,973.8900146484376,-0.0085576730753622,-0.7767762418409296
1998-09-08,1023.4600219726562,0.0496459682628893,4.347559170655402
1998-09-09,1006.2000122070312,-0.0170081940347959,-1.5207727137250626
1998-09-10,980.1900024414062,-0.0261897172744696,-2.3291277168818363
1998-09-11,1009.0599975585938,0.0290280480682483,2.5323267185925316
1998-09-14,1029.719970703125,0.0202676901729157,1.76105174065241
1998-09-15,1037.6800537109375,0.0077006116372873,0.654627398616944
1998-09-16,1045.47998046875,0.0074885876080292,0.6359604867803919
1998-09-17,1018.8699951171876,-0.0257819261641714,-2.293225179182207
1998-09-18,1020.0900268554688,0.0011967197696254,0.0820150559832624
1998-09-21,1023.8900146484376,0.0037182282544643,0.3040124246131563
1998-09-22,1029.6300048828125,0.0055904058679017,0.46884173464320017
1998-09-23,1066.0899658203125,0.0347981987396668,3.0403393917026773
1998-09-24,1042.719970703125,-0.0221650623810489,-1.9747910960237447
1998-09-25,1044.75,0.0019449668405435,0.14789184435324346
1998-09-28,1048.68994140625,0.0037640879780642,0.3080499830931241
1998-09-29,1049.02001953125,0.0003147033039567,0.0043610105402225536
1998-09-30,1017.010009765625,-0.030989454165847,-2.7517037131191384
1998-10-01,986.3900146484376,-0.030570409670001,-2.7148104105679094
1998-10-02,1002.5999755859376,0.0163000517044542,1.411734930905696
1998-10-05,988.5599975585938,-0.0141025441523758,-1.2649549633841453
1998-10-06,984.5900268554688,-0.0040239981866578,-0.3776247412342971
1998-10-07,970.6799926757812,-0.0142284888672081,-1.2760433239642206
1998-10-08,959.4400024414062,-0.011647065804329,-1.0487709865021895
1998-10-09,984.3900146484376,0.0256723914057817,2.236889700009367
1998-10-12,997.7100219726562,0.0134405000714794,1.159975739216012
1998-10-13,994.7999877929688,-0.0029209752869325,-0.2805129596361572
1998-10-14,1005.530029296875,0.0107283741475052,0.9211961268786537
1998-10-15,1047.489990234375,0.0408820220825481,3.5759682747500654
1998-10-16,1056.4200439453125,0.0084890581762779,0.7240434081262054
1998-10-19,1062.3900146484375,0.0056352257507183,0.47278774398935597
1998-10-20,1063.9300537109375,0.0014485489317479,0.10418647109909841
1998-10-21,1069.9200439453125,0.0056142706319164,0.470942824068872
1998-10-22,1078.47998046875,0.0079687038937059,0.6782306408161399
1998-10-23,1070.6700439453125,-0.0072679625094185,-0.6632281996054243
1998-10-26,1072.3199462890625,0.0015398136969979,0.11222155718187217
1998-10-27,1065.3399658203125,-0.0065305105230173,-0.5983018265805824
1998-10-28,1068.0899658203125,0.0025780096944245,0.2036258815918765
1998-10-29,1085.9300537109375,0.0165648375234974,1.4350470694257682
1998-10-30,1098.6700439453125,0.0116635851805639,1.0035335013911733
1998-11-02,1111.5999755859375,0.0116999995694779,1.0067394785147006
1998-11-03,1110.8399658203125,-0.0006839418074626,-0.08356119486308627
1998-11-04,1118.6700439453125,0.0070240638379717,0.5950631210809101
1998-11-05,1133.8499755859375,0.0134783809384266,1.1633108272532964
1998-11-06,1141.010009765625,0.0062949437500261,0.5308703008257518
1998-11-09,1130.199951171875,-0.0095192786316591,-0.8614374295550913
1998-11-10,1128.260009765625,-0.0017179333855059,-0.1745953559183681
1998-11-11,1120.969970703125,-0.0064822758481897,-0.5940551738515395
1998-11-12,1117.68994140625,-0.0029303527760138,-0.2813385677643555
1998-11-13,1125.719970703125,0.0071588019178996,0.6069256626420777
1998-11-16,1135.8699951171875,0.0089760679134176,0.7669204719125116
1998-11-17,1139.3199462890625,0.0030326732315568,0.2436551376749784
1998-11-18,1144.47998046875,0.0045188222486398,0.3744979141986544
1998-11-19,1152.6099853515625,0.0070785549983245,0.5998606041291117
1998-11-20,1163.550048828125,0.0094467952769861,0.8083640112393169
1998-11-23,1188.2099609375,0.0209722215329373,1.8230797326193016
1998-11-24,1182.989990234375,-0.0044028165004643,-0.4109764707087388
1998-11-25,1186.8699951171875,0.0032744620978562,0.2649425901682828
1998-11-27,1192.3299560546875,0.004589753391424,0.38074279782553216
1998-11-30,1163.6300048828125,-0.0243649055509527,-2.168468570461547
1998-12-01,1175.280029296875,0.0099620084491673,0.8537241475209898
1998-12-02,1171.25,-0.0034348874371099,-0.325758551999731
1998-12-03,1150.1400146484375,-0.0181878677382867,-1.6246329464355511
1998-12-04,1176.739990234375,0.0228642081501888,1.9896530568965116
1998-12-07,1187.699951171875,0.0092707277041625,0.7928627594676464
1998-12-08,1181.3800048828125,-0.0053353718729249,-0.4930800369004467
1998-12-09,1183.489990234375,0.0017844413568681,0.1337589412961052
1998-12-10,1165.02001953125,-0.0157294211534884,-1.4081876415619325
1998-12-11,1166.4599609375,0.0012352167733764,0.08540438962391568
1998-12-14,1141.199951171875,-0.021893190219834,-1.9508550653673633
1998-12-15,1162.8299560546875,0.0187763538011278,1.62975226168194
1998-12-16,1161.93994140625,-0.0007656798144983,-0.09075753094051037
1998-12-17,1179.97998046875,0.015406501072019,1.3330654002136881
1998-12-18,1188.030029296875,0.006799025177707,0.5752503817151127
1998-12-21,1202.8399658203125,0.012388901093157,1.0673913963731707
1998-12-22,1203.5699462890625,0.0006066967123663,0.030068545816807832
1998-12-23,1228.5400390625,0.0205344086650258,1.784534034592483
1998-12-24,1226.27001953125,-0.001849446697796,-0.18617398412594638
1998-12-28,1225.489990234375,-0.0006363015303989,-0.0793668737999088
1998-12-29,1241.81005859375,0.0132292838776564,1.1413799504163071
1998-12-30,1231.9300537109375,-0.0079879510126108,-0.7266170615162652
1998-12-31,1229.22998046875,-0.0021941477091553,-0.21652197539622633
1999-01-04,1228.0999755859375,-0.0009197014504946,-0.10431782554544186
1999-01-05,1244.780029296875,0.0134905912559943,1.164385841827494
1999-01-06,1272.3399658203125,0.0218988669240109,1.9046629752330977
1999-01-07,1269.72998046875,-0.0020534338738205,-0.20413331941431254
1999-01-08,1275.0899658203125,0.0042124734878985,0.3475265122872535
1999-01-11,1263.8800048828125,-0.0088303791763637,-0.8007856938002076
1999-01-12,1239.510009765625,-0.0194702102639388,-1.7375322954120296
1999-01-13,1234.4000244140625,-0.0041311062635482,-0.3870546961091847
1999-01-14,1212.18994140625,-0.0181564491447607,-1.6218668065907869
1999-01-15,1243.260009765625,0.0253083771696287,2.2048413436164878
1999-01-19,1252.0,0.0070053028081442,0.5934113720269075
1999-01-20,1256.6199951171875,0.0036833002601852,0.30093731189071166
1999-01-21,1235.1600341796875,-0.0172250289214854,-1.5398631806267853
1999-01-22,1225.18994140625,-0.008104657830394,-0.7368921038589025
1999-01-25,1233.97998046875,0.0071488158823624,0.606046477176063
1999-01-26,1252.31005859375,0.0147451905829614,1.2748426382040197
1999-01-27,1243.1700439453125,-0.0073252882361867,-0.6682752421094871
1999-01-28,1265.3699951171875,0.017699961257013,1.534985056319318
1999-01-29,1279.6400146484375,0.0112142341482757,0.9639719661598214
1999-02-01,1273.0,-0.0052024802453685,-0.4813800597606317
1999-02-02,1261.989990234375,-0.0086864871561864,-0.7881172256834956
1999-02-03,1272.0699462890625,0.007955620207956,0.6770787336042774
1999-02-04,1248.489990234375,-0.0187106393549081,-1.6706585394415414
1999-02-05,1239.4000244140625,-0.0073074020279699,-0.6667005136551628
1999-02-08,1243.77001953125,0.0035196942224908,0.2865331922621233
1999-02-09,1216.1400146484375,-0.0224651849258359,-2.0012143325941656
1999-02-10,1223.550048828125,0.0060745887986755,0.5114699221799799
1999-02-11,1254.0400390625,0.0246138614384685,2.1436951425560213
1999-02-12,1230.1300048828125,-0.0192505119522827,-1.7181897283045462
1999-02-16,1241.8699951171875,0.0094984453882336,0.8129113640859676
1999-02-17,1224.030029296875,-0.0144695866854469,-1.2972699355553536
1999-02-18,1237.280029296875,0.0107667280285754,0.9245728597849768
1999-02-19,1239.219970703125,0.001566680236662,0.1145869274138117
1999-02-22,1272.1400146484375,0.0262184074756346,2.2849617693542874
1999-02-23,1271.1800537109375,-0.0007548880654306,-0.08980740925329479
1999-02-24,1253.4100341796875,-0.0140777808589085,-1.2627747660850266
1999-02-25,1245.02001953125,-0.0067162546128276,-0.6146550133433372
1999-02-26,1238.3299560546875,-0.0053879475117826,-0.4977088745786157
1999-03-01,1236.1600341796875,-0.0017538340747185,-0.17775610615383916
1999-03-02,1225.5,-0.0086609041596377,-0.785864860502245
1999-03-03,1227.699951171875,0.001793536446593,0.13455968656367845
1999-03-04,1246.6400146484375,0.015309483472933,1.3245238260578283
1999-03-05,1275.469970703125,0.0228627712599323,1.9895265509347544
1999-03-08,1282.72998046875,0.005675888823954,0.4763677816188176
1999-03-09,1279.8399658203125,-0.0022555605772875,-0.22192885592323522
1999-03-10,1286.8399658203125,0.0054545307881808,0.45687908992406334
1999-03-11,1297.6800537109375,0.0083885219493557,0.7151920487265038
1999-03-12,1294.5899658203125,-0.0023840798458278,-0.23324388405252114
1999-03-15,1307.260009765625,0.0097393348694847,0.8341196333779035
1999-03-16,1306.3800048828125,-0.0006733941255374,-0.08263256121119947
1999-03-17,1297.8199462890625,-0.006574064652109,-0.6021363970805272
1999-03-18,1316.550048828125,0.0143288234163341,1.2381850517112853
1999-03-19,1299.2900390625,-0.0131967243225403,-1.18520523424964
1999-03-22,1297.010009765625,-0.0017563685553438,-0.17797924560906728
1999-03-23,1262.1400146484375,-0.0272529183381617,-2.422733524628793
1999-03-24,1268.5899658203125,0.0050973159422023,0.4254293619855804
1999-03-25,1289.989990234375,0.0167284382970462,1.4494507255911246
1999-03-26,1282.800048828125,-0.0055892319346684,-0.5154302554486425
1999-03-29,1310.1700439453125,0.0211117064270158,1.835360190779657
1999-03-30,1300.75,-0.0072159121393111,-0.6586456073716357
1999-03-31,1286.3699951171875,-0.0111167267089768,-1.0020791413794596
1999-04-01,1293.719970703125,0.0056974722321383,0.4782680170738197
1999-04-05,1321.1199951171875,0.0209580912795797,1.8218356840339718
1999-04-06,1317.8900146484375,-0.0024478740661511,-0.23886042237897182
1999-04-07,1326.8900146484375,0.0068058852837156,0.5758543556821201
1999-04-08,1343.97998046875,0.0127974772968766,1.1033630548688342
1999-04-09,1348.3499755859375,0.0032462580933021,0.26245946753217725
1999-04-12,1358.6300048828125,0.0075952380809756,0.6453501535213894
1999-04-13,1349.8199462890625,-0.0065056322435959,-0.596111505746527
1999-04-14,1328.43994140625,-0.0159659330639865,-1.4290105029942477
1999-04-15,1322.8499755859375,-0.0042167958076451,-0.3945989314044399
1999-04-16,1319.0,-0.0029146078293305,-0.2799523591698071
1999-04-19,1289.47998046875,-0.0226348525503574,-2.0161521233697792
1999-04-20,1306.1700439453125,0.0128602032959381,1.1088855454018072
1999-04-21,1336.1199951171875,0.0226706633048987,1.9726130799840298
1999-04-22,1358.8199462890625,0.0168467487522709,1.4598669545664424
1999-04-23,1356.8499755859375,-0.0014508177395207,-0.15107809595865107
1999-04-26,1360.0400390625,0.002348321003323,0.18340374657422046
1999-04-27,1362.800048828125,0.0020273028322108,0.1551408278897162
1999-04-28,1350.9100341796875,-0.0087629778941833,-0.7948515843667882
1999-04-29,1342.8299560546875,-0.0059991702152455,-0.5515218332228072
1999-04-30,1335.1800537109375,-0.0057131400730821,-0.5263393128026285
1999-05-03,1354.6300048828125,0.0144622034657269,1.249928030238212
1999-05-04,1332.0,-0.0168467857989593,-1.5065620918507494
1999-05-05,1347.31005859375,0.0114284833752673,0.9828347877244146
1999-05-06,1332.050048828125,-0.0113909098858711,-1.026218637303864
1999-05-07,1345.0,0.0096748674462086,0.8284438252591939
1999-05-10,1340.300048828125,-0.0035005071207461,-0.33153580683950334
1999-05-11,1355.6099853515625,0.0113580207920218,0.9766311567783282
1999-05-12,1364.0,0.0061700326961924,0.5198729453020245
1999-05-13,1367.56005859375,0.0026066134612445,0.20614419989424332
1999-05-14,1337.800048828125,-0.0220016626815224,-1.9604051427152767
1999-05-17,1339.489990234375,0.0012624270109213,0.08780001953001457
1999-05-18,1333.3199462890625,-0.0046169050937399,-0.42982514984133957
1999-05-19,1344.22998046875,0.0081493117642397,0.6941316271715017
1999-05-20,1338.8299560546875,-0.0040252784754262,-0.3777374597674213
1999-05-21,1330.2900390625,-0.006399072465026,-0.586729823873736
1999-05-24,1306.6500244140625,-0.0179303643066184,-1.6019619601639414
1999-05-25,1284.4000244140625,-0.0171749263939755,-1.5354520793611022
1999-05-26,1304.760009765625,0.0157274210587674,1.3613196746003307
1999-05-27,1281.4100341796875,-0.0180580624698896,-1.6132046969603984
1999-05-28,1301.8399658203125,0.0158175612850692,1.3692557545965007
1999-06-01,1294.260009765625,-0.0058395113174363,-0.537465225678115
1999-06-02,1294.81005859375,0.0004249006955214,0.014062953287722151
1999-06-03,1299.5400390625,0.0036463742606356,0.29768629180359757
1999-06-04,1327.75,0.0214753945663357,1.8673798371208743
1999-06-07,1334.52001953125,0.0050859109516538,0.4244252496035522
1999-06-08,1317.3299560546875,-0.0129647637814684,-1.1647830821714096
1999-06-09,1318.6400146484375,0.0009939860591527,0.06416607767201567
1999-06-10,1302.8199462890625,-0.0120698089237718,-1.0859899213925435
1999-06-11,1293.6400146484375,-0.0070711430403171,-0.6458999199274621
1999-06-14,1294.0,0.0002782344930878,0.0011502420265983285
1999-06-15,1301.1600341796875,0.0055180044798728,0.4624674084316449
1999-06-16,1330.4100341796875,0.0222309905372233,1.933903633607371
1999-06-17,1339.9000244140625,0.0071078114374296,0.6024363846731251
1999-06-18,1342.8399658203125,0.0021917461951943,0.16961866688589147
1999-06-21,1349.0,0.0045768284971901,0.3796048708556259
1999-06-22,1335.8800048828125,-0.0097733228494076,-0.883803861472694
1999-06-23,1333.06005859375,-0.0021131589854803,-0.20939160734367057
1999-06-24,1315.780029296875,-0.0130474274491056,-1.1720609147891043
1999-06-25,1315.31005859375,-0.0003572441021963,-0.054798241518839656
1999-06-28,1331.3499755859375,0.0121210228480688,1.0438069960507688
1999-06-29,1351.449951171875,0.0149846073018782,1.2959212433029543
1999-06-30,1372.7099609375,0.0156088057160275,1.350876602873339
1999-07-01,1380.9599609375,0.0059920214973248,0.5042005737939093
1999-07-02,1391.219970703125,0.0074021577716738,0.6283510750503192
1999-07-06,1388.1199951171875,-0.0022307288129956,-0.21974263035057298
1999-07-07,1395.8599853515625,0.0055603921225904,0.4661992797310319
1999-07-08,1394.4200439453125,-0.0010321125614325,-0.1142146674490182
1999-07-09,1403.280029296875,0.00633378470825,0.5342899167313157
1999-07-12,1399.0999755859375,-0.0029832191235446,-0.2859929998677878
1999-07-13,1393.56005859375,-0.0039674891976497,-0.37264960554105536
1999-07-14,1398.1700439453125,0.003302604028617,0.26742024773502365
1999-07-15,1409.6199951171875,0.0081558909192125,0.6947108657901904
1999-07-16,1418.780029296875,0.0064772069903584,0.5469170284076793
1999-07-19,1407.6500244140625,-0.0078757034145837,-0.7167346155332868
1999-07-20,1377.0999755859375,-0.021941843610886,-1.9551385824974494
1999-07-21,1379.2900390625,0.0015890813170722,0.11655915195139789
1999-07-22,1360.969970703125,-0.0133712430552135,-1.200570123823886
1999-07-23,1356.93994140625,-0.0029655377703274,-0.2844363071532341
1999-07-26,1347.760009765625,-0.0067881591722382,-0.6209855980221608
1999-07-27,1362.8399658203125,0.0111267702880359,0.9562715174243934
1999-07-28,1365.4000244140625,0.0018767112528959,0.14188252059202583
1999-07-29,1341.030029296875,-0.0180094466220568,-1.608924485191338
1999-07-30,1328.719970703125,-0.0092219465008458,-0.835259865193697
1999-08-02,1328.050048828125,-0.0005043130449928,-0.0677464106423274
1999-08-03,1322.1800537109375,-0.0044298075933602,-0.41335280679301645
1999-08-04,1305.3299560546875,-0.0128260814166187,-1.1525732798815824
1999-08-05,1313.7099609375,0.0063993171131686,0.5400594874225868
1999-08-06,1300.2900390625,-0.0102678192638707,-0.9273400634992912
1999-08-09,1297.800048828125,-0.0019167857252888,-0.1921026125637971
1999-08-10,1281.4300537109375,-0.0126938770718831,-1.1409338121466097
1999-08-11,1301.9300537109375,0.0158711363982551,1.3739725874855553
1999-08-12,1298.1600341796875,-0.0028999165765917,-0.278658919362049
1999-08-13,1327.6800537109375,0.0224851950386186,1.9562841771363515
1999-08-16,1330.77001953125,0.0023246381362689,0.18131867162831655
1999-08-17,1344.1600341796875,0.0100115713093229,0.8580877356677167
1999-08-18,1332.8399658203125,-0.0084573297220504,-0.7679418633216194
1999-08-19,1323.5899658203125,-0.0069642622799426,-0.6364899783377485
1999-08-20,1336.6099853515625,0.0097888307166638,0.8384773216022084
1999-08-23,1360.219970703125,0.0175098830556494,1.5182502879097168
1999-08-24,1363.5,0.0024084934704982,0.18870142035052606
1999-08-25,1381.7900390625,0.0133248650750266,1.1497950616222623
1999-08-26,1362.010009765625,-0.0144182313642495,-1.292748536464486
1999-08-27,1348.27001953125,-0.0101392533588198,-0.9160209294220389
1999-08-30,1324.02001953125,-0.01814972576308,-1.621274870037575
1999-08-31,1320.4100341796875,-0.0027302575759122,-0.26372188784235034
1999-09-01,1331.0699462890625,0.0080407693979527,0.6845753953184426
1999-09-02,1319.1099853515625,-0.0090258340488214,-0.8179938323539325
1999-09-03,1357.239990234375,0.0284959630760885,2.4854811621103057
1999-09-07,1350.449951171875,-0.0050153846581624,-0.46490788515096637
1999-09-08,1344.1500244140625,-0.0046759729041294,-0.4350255679862884
1999-09-09,1347.6600341796875,0.0026079193394705,0.20625917136138935
1999-09-10,1351.6600341796875,0.0029637114729359,0.23758364156779485
1999-09-13,1344.1300048828125,-0.0055865247453548,-0.515191910462847
1999-09-14,1336.2900390625,-0.005849820587068,-0.538372869156015
1999-09-15,1317.969970703125,-0.0138044948271502,-1.2387142561567706
1999-09-16,1318.47998046875,0.0003868912980955,0.010716549235349206
1999-09-17,1335.4200439453125,0.012766338892618,1.1006215833051625
1999-09-20,1335.530029296875,8.2356725965127e-05,-0.016095128804311555
1999-09-21,1307.5799560546875,-0.0211501718033995,-1.8854386155383045
1999-09-22,1310.510009765625,0.0022383149337876,0.17371864810359758
1999-09-23,1280.4100341796875,-0.0232360160425404,-2.069079454046404
1999-09-24,1277.3599853515625,-0.0023849292551938,-0.23331866732026557
1999-09-27,1283.31005859375,0.0046472867248414,0.38580811832870116
1999-09-28,1282.199951171875,-0.0008654088169075,-0.09953782108985772
1999-09-29,1268.3699951171875,-0.0108447067816719,-0.9781301011760749
1999-09-30,1282.7099609375,0.0112423891875437,0.9664507778190915
1999-10-01,1282.81005859375,7.803303465880873e-05,-0.016475793037068216
1999-10-04,1304.5999755859375,0.0168434317359986,1.459574919505454
1999-10-05,1301.3499755859375,-0.0024942932488229,-0.24294723647023925
1999-10-06,1325.4000244140625,0.0183121506749301,1.5888831259462164
1999-10-07,1317.6400146484375,-0.0058720503273868,-0.5403300086563467
1999-10-08,1336.02001953125,0.0138527909165153,1.1962744402747207
1999-10-11,1335.2099609375,-0.000606506084841,-0.07674363832369281
1999-10-12,1313.0400390625,-0.0167434644052155,-1.4974655222091198
1999-10-13,1285.550048828125,-0.0211584088700718,-1.886163819176315
1999-10-14,1283.4200439453125,-0.0016582562614466,-0.16934129288894675
1999-10-15,1247.4100341796875,-0.0284589949067299,-2.528918304968891
1999-10-18,1254.1300048828125,0.0053726798395361,0.4496728102988949
1999-10-19,1261.3199462890625,0.005716640065513,0.4799555817189934
1999-10-20,1289.4300537109375,0.0220415528561455,1.9172252575592699
1999-10-21,1283.6099853515625,-0.0045238925138741,-0.4216361835523744
1999-10-22,1301.6500244140625,0.0139562998002178,1.2053875168120147
1999-10-25,1293.6300048828125,-0.0061804853195219,-0.5674850854919294
1999-10-26,1281.9100341796875,-0.0091010439918477,-0.824615427937304
1999-10-27,1296.7099609375,0.0114790774135355,0.987289162330502
1999-10-28,1342.43994140625,0.0346585527148359,3.0280447473505023
1999-10-29,1362.9300537109375,0.0151480234864251,1.310308647977211
1999-11-01,1354.1199951171875,-0.0064850402543461,-0.5942985562935321
1999-11-02,1347.739990234375,-0.0047226849470876,-0.43913816593406385
1999-11-03,1354.9300537109375,0.0053207238192332,0.4450985247626469
1999-11-04,1362.6400146484375,0.0056741731985026,0.47621673539468024
1999-11-05,1370.22998046875,0.0055545893866826,0.46568839820509966
1999-11-08,1377.010009765625,0.0049358942692698,0.41121755708929825
1999-11-09,1365.280029296875,-0.0085549317115312,-0.7765348880796402
1999-11-10,1373.4599609375,0.0059735177442385,0.5025714757680113
1999-11-11,1381.4599609375,0.0058078076415588,0.48798211111924106
1999-11-12,1396.06005859375,0.0105131426796125,0.9022468273598057
1999-11-15,1394.3900146484375,-0.0011969711701498,-0.12872906529906714
1999-11-16,1420.0699462890625,0.0182490741901721,1.5833297781296636
1999-11-17,1410.7099609375,-0.006613032287464,-0.6055671658296922
1999-11-18,1424.93994140625,0.0100365703882348,0.8602886918691263
1999-11-19,1422.0,-0.0020653350698021,-0.20518111846291764
1999-11-22,1420.93994140625,-0.0007457481795087,-0.08900272006170999
1999-11-23,1404.6400146484375,-0.0115375305771721,-1.0391273416969795
1999-11-24,1417.0799560546875,0.0088173327835123,0.75294519427217
1999-11-26,1416.6199951171875,-0.0003246363055122,-0.05192740245396486
1999-11-29,1407.8299560546875,-0.0062242685073057,-0.57133982266084
1999-11-30,1388.9100341796875,-0.0135301891295442,-1.21456397332613
1999-12-01,1397.719970703125,0.006323025202648,0.5333426338069217
1999-12-02,1409.0400390625,0.0080663324965124,0.6868260086510575
1999-12-03,1433.300048828125,0.0170708628492795,1.4795982940038954
1999-12-06,1423.3299560546875,-0.0069803462396516,-0.6379060341448244
1999-12-07,1409.1700439453125,-0.0099982560051481,-0.9036073120627875
1999-12-08,1403.8800048828125,-0.003761074425701,-0.3544765410859982
1999-12-09,1408.1099853515625,0.0030085339378871,0.24152987824893288
1999-12-10,1417.0400390625,0.0063218472471247,0.5332389248453584
1999-12-13,1415.219970703125,-0.0012852411880537,-0.13650048935788062
1999-12-14,1403.1700439453125,-0.0085509813181232,-0.776187089550743
1999-12-15,1413.3299560546875,0.0072145969666621,0.6118379419710298
1999-12-16,1418.780029296875,0.0038487770588533,0.3155061361062542
1999-12-17,1421.030029296875,0.0015846133539838,0.11616578581571992
1999-12-20,1418.0899658203125,-0.0020711097329932,-0.20568952842499238
1999-12-21,1433.4300537109375,0.0107593394191933,0.9239223555925369
1999-12-22,1436.1300048828125,0.0018817880884061,0.1423294927640442
1999-12-23,1458.3399658203125,0.0153467799457995,1.3278074631684398
1999-12-27,1457.0999755859375,-0.0008506368397673,-0.0982372741853745
1999-12-28,1457.6600341796875,0.0003842913987881,0.010487650221756415
1999-12-29,1463.4599609375,0.0039710346642038,0.3262698780670658
1999-12-30,1464.469970703125,0.0006899139182063,0.03739511276365376
1999-12-31,1469.25,0.0032586842469948,0.26355348464080747
2000-01-03,1455.219970703125,-0.0095949947002758,-0.8681035851904872
2000-01-04,1399.4200439453125,-0.0390991753409375,-3.465695663579399
2000-01-05,1402.1099853515625,0.0019203379615859,0.14572348110808042
2000-01-06,1403.449951171875,0.0009552217400567,0.060753209189603495
2000-01-07,1441.469970703125,0.0267299497298703,2.329998712543707
2000-01-10,1457.5999755859375,0.0111278248731396,0.9563643646701693
2000-01-11,1438.56005859375,-0.013148576788903,-1.1809662535609897
2000-01-12,1432.25,-0.0043960196786096,-0.41037806837304885
2000-01-13,1449.6800537109375,0.0120962451654174,1.041625531906416
2000-01-14,1465.1500244140625,0.0106147634973403,0.9111936757520415
2000-01-18,1455.1400146484375,-0.006855516976735,-0.6269158796154555
2000-01-19,1455.9000244140625,0.0005221568736217,0.02262553229591706
2000-01-20,1445.5699462890625,-0.007120612569861,-0.6502552911079029
2000-01-21,1441.3599853515625,-0.0029165681339531,-0.280124947313193
2000-01-24,1401.530029296875,-0.0280225842284593,-2.490496057809865
2000-01-25,1410.030029296875,0.0060464836030407,0.508995498828534
2000-01-26,1404.0899658203125,-0.0042216197666675,-0.39502363995322737
2000-01-27,1398.56005859375,-0.0039462040244826,-0.3707756271418791
2000-01-28,1360.1600341796875,-0.0278408127297336,-2.47449262389257
2000-01-31,1394.4599609375,0.0249048505291247,2.169314256199341
2000-02-01,1409.280029296875,0.0105717409154069,0.9074059034568833
2000-02-02,1409.1199951171875,-0.0001135638507472,-0.033344268655358576
2000-02-03,1424.969970703125,0.0111853476979195,0.9614287599772159
2000-02-04,1424.3699951171875,-0.0004211330357222,-0.06042311853694185
2000-02-07,1424.239990234375,-9.127601431657696e-05,-0.03138201428667342
2000-02-08,1441.719970703125,0.012198493672594,1.0506276430141208
2000-02-09,1411.7099609375,-0.0210351170597515,-1.8753090242671198
2000-02-10,1416.8299560546875,0.0036202428527767,0.29538564367246867
2000-02-11,1387.1199951171875,-0.0211922989891899,-1.8891475558212671
2000-02-14,1389.93994140625,0.0020308868535492,0.1554563704750464
2000-02-15,1402.050048828125,0.0086749475530796,0.7404093861724244
2000-02-16,1387.6700439453125,-0.01030937281668,-0.9309985002788436
2000-02-17,1388.260009765625,0.0004250581374742,0.014076814712120963
2000-02-18,1346.0899658203125,-0.0308471030816921,-2.7391709113086304
2000-02-22,1352.1700439453125,0.0045066734811154,0.37342831858209025
2000-02-23,1360.68994140625,0.0062811391063375,0.5296549194014303
2000-02-24,1353.4300537109375,-0.0053497303162455,-0.4943441756705363
2000-02-25,1333.3599853515625,-0.0149400893854352,-1.3386936951654016
2000-02-28,1348.050048828125,0.0109570787459798,0.9413316209133532
2000-02-29,1366.4200439453125,0.0135350730966461,1.1683020894371645
2000-03-01,1379.18994140625,0.0093021147284817,0.7956261199123487
2000-03-02,1381.760009765625,0.0018617281349939,0.14056338453989076
2000-03-03,1409.1700439453125,0.0196428537973814,1.7060402140099695
2000-03-06,1391.280029296875,-0.0127767019942108,-1.1482258418678182
2000-03-07,1355.6199951171875,-0.0259652971202895,-2.3093694317144235
2000-03-08,1366.699951171875,0.008140128606934,0.6933231283027342
2000-03-09,1401.68994140625,0.0252795704034234,2.2023051529454016
2000-03-10,1395.0699462890625,-0.0047340549396848,-0.4401391970442491
2000-03-13,1383.6199951171875,-0.0082413052331293,-0.7489227450483903
2000-03-14,1359.1500244140625,-0.0178437271754159,-1.5943342978862844
2000-03-15,1392.1400146484375,0.023982619773033,2.08811968463517
2000-03-16,1458.469970703125,0.046545778859051,4.074613870631812
2000-03-17,1464.469970703125,0.0041054613147588,0.3381050009216482
2000-03-20,1456.6300048828125,-0.0053678304136344,-0.4959377352466554
2000-03-21,1493.8699951171875,0.0252445130804961,2.199218653935835
2000-03-22,1500.6400146484375,0.0045216286094609,0.3747449903919158
2000-03-23,1527.3499755859375,0.017642498044502,1.5299259093653554
2000-03-24,1527.4599609375,7.200798340623038e-05,-0.017006247537608234
2000-03-27,1523.8599853515625,-0.0023596196528954,-0.2310903721766651
2000-03-28,1507.72998046875,-0.0106413844066004,-0.960229295955371
2000-03-29,1508.52001953125,0.000523855171532,0.022775052977486502
2000-03-30,1487.9200439453125,-0.0137498496204333,-1.2339032106368648
2000-03-31,1498.5799560546875,0.0071387626855159,0.6051613787281853
2000-04-03,1505.969970703125,0.0049192256617622,0.40975002801784716
2000-04-04,1494.72998046875,-0.0074916139480274,-0.6829188059071669
2000-04-05,1487.3699951171875,-0.0049361190810603,-0.457929225493305
2000-04-06,1501.3399658203125,0.009348563512983,0.7997155401928457
2000-04-07,1516.3499755859375,0.0099480952948578,0.8524992126597264
2000-04-10,1504.4599609375,-0.0078721113213831,-0.7164183622891667
2000-04-11,1500.5899658203125,-0.0025756625353894,-0.2501111098474922
2000-04-12,1467.1700439453125,-0.0225229361754104,-2.006298838760896
2000-04-13,1440.510009765625,-0.0183381808216607,-1.63786673453514
2000-04-14,1356.56005859375,-0.060045097522023,-5.309805899847192
2000-04-17,1401.43994140625,0.03254811081334,2.842238293953502
2000-04-18,1441.6099853515625,0.0282602968007044,2.4647327516549584
2000-04-19,1427.469970703125,-0.009856908381935,-0.8911628564505739
2000-04-20,1434.5400390625,0.0049406415190071,0.4116355120381895
2000-04-24,1429.8599853515625,-0.003267740424218,-0.31104267963227417
2000-04-25,1477.43994140625,0.0327342935409902,2.8586300990460485
2000-04-26,1460.989990234375,-0.0111965392435973,-1.0091059559930007
2000-04-27,1464.9200439453125,0.0026863820339739,0.21316714403730874
2000-04-28,1452.4300537109375,-0.0085626106763045,-0.777210955593878
2000-05-01,1468.25,0.0108331626289039,0.9304218611060443
2000-05-02,1446.2900390625,-0.0150695315329274,-1.3500899749343778
2000-05-03,1415.0999755859375,-0.0218015011639103,-1.9427826241007136
2000-05-04,1409.5699462890625,-0.0039155274882096,-0.36807481912468115
2000-05-05,1432.6300048828125,0.0162272640983278,1.4053266014766708
2000-05-08,1424.1700439453125,-0.0059227005901947,-0.544789333354786
2000-05-09,1412.1400146484375,-0.0084829240727151,-0.770195228136181
2000-05-10,1383.050048828125,-0.0208150540471354,-1.8559343483430515
2000-05-11,1407.81005859375,0.01774410644515,1.5388716645393616
2000-05-12,1420.9599609375,0.009297324968962,0.7952044223387982
2000-05-15,1452.3599853515625,0.0218571374325824,1.9009890485550431
2000-05-16,1466.0400390625,0.0093751053963178,0.8020523271972263
2000-05-17,1447.800048828125,-0.0125197182640963,-1.1256006108963037
2000-05-18,1437.2099609375,-0.0073414895751806,-0.6697016321639138
2000-05-19,1406.949951171875,-0.0212795008342983,-1.8968249363536487
2000-05-22,1400.719970703125,-0.0044378369728219,-0.4140597253391748
2000-05-23,1373.8599853515625,-0.0193620835591028,-1.7280126590132068
2000-05-24,1399.050048828125,0.0181691840985207,1.5762961352794214
2000-05-25,1381.52001953125,-0.0126091133279739,-1.1334710856810024
2000-05-26,1378.02001953125,-0.0025366559841284,-0.24667691488390775
2000-05-30,1422.449951171875,0.0317330022412738,2.770474919277439
2000-05-31,1420.5999755859375,-0.001301402293099,-0.13792333715545096
2000-06-01,1448.81005859375,0.0196632698740293,1.7078376758550642
2000-06-02,1477.260009765625,0.0194464568964205,1.6887491378614905
2000-06-05,1467.6300048828125,-0.0065401690120081,-0.599152174360013
2000-06-06,1457.8399658203125,-0.0066929934040427,-0.6126070618204897
2000-06-07,1471.3599853515625,0.0092312684466815,0.7893887075730991
2000-06-08,1461.6700439453125,-0.0066074854766267,-0.6050788163287595
2000-06-09,1456.949951171875,-0.0032344716999075,-0.30811365151318926
2000-06-12,1446.0,-0.007544052283805,-0.687535555217333
2000-06-13,1469.43994140625,0.0160802122174423,1.3923799345092809
2000-06-14,1470.5400390625,0.0007483708834081,0.04254175118700929
2000-06-15,1478.72998046875,0.0055538912368469,0.4656269320520541
2000-06-16,1464.4599609375,-0.0096970509114182,-0.877088766268471
2000-06-19,1486.0,0.0146013991327151,1.2621830244140648
2000-06-20,1475.949951171875,-0.0067861291123287,-0.6208068685192543
2000-06-21,1479.1300048828125,0.0021522632116841,0.16614252611633865
2000-06-22,1452.1800537109375,-0.0183881677470179,-1.642267658014843
2000-06-23,1441.47998046875,-0.0073955626336292,-0.6744623048967389
2000-06-26,1455.31005859375,0.0095486265967421,0.8173293925441455
2000-06-27,1450.550048828125,-0.0032761480918894,-0.3117829032367507
2000-06-28,1454.8199462890625,0.0029393161919406,0.23543584463571773
2000-06-29,1442.3900146484375,-0.0085806745620891,-0.7788013270463333
2000-06-30,1454.5999755859375,0.0084294618052842,0.7187964547171481
2000-07-03,1469.5400390625,0.010218521276462,0.8763079195057492
2000-07-05,1446.22998046875,-0.0159892961732985,-1.4310674259915177
2000-07-06,1456.6700439453125,0.0071928818771995,0.609926113099842
2000-07-07,1478.9000244140625,0.0151455457642164,1.3100905056176535
2000-07-10,1475.6199951171875,-0.0022203475506827,-0.2188286485296204
2000-07-11,1480.8800048828125,0.0035582718183686,0.28992962135384864
2000-07-12,1492.9200439453125,0.008097454201545,0.6895660099899602
2000-07-13,1495.8399658203125,0.0019539359429652,0.1486814975106932
2000-07-14,1509.97998046875,0.0094084936601905,0.8049918797576983
2000-07-17,1510.489990234375,0.0003377022618451,0.006385873102912187
2000-07-18,1493.739990234375,-0.0111510594561705,-1.0051018476605071
2000-07-19,1481.9599609375,-0.0079175259792414,-0.7204167365172881
2000-07-20,1495.5699462890625,0.0091418595693584,0.7815170166320514
2000-07-21,1480.18994140625,-0.0103369508377095,-0.9334265103915916
2000-07-24,1464.2900390625,-0.0107999082984724,-0.9741859758841328
2000-07-25,1474.469970703125,0.0069280732859864,0.58661196968396
2000-07-26,1452.4200439453125,-0.0150674222857691,-1.349904273667954
2000-07-27,1449.6199951171875,-0.0019297112785032,-0.19324059755132958
2000-07-28,1419.8900146484375,-0.020722035612068,-1.8477448665534026
2000-07-31,1430.8299560546875,0.0076752506202932,0.6523945768468329
2000-08-01,1438.0999755859375,0.0050681161728078,0.4228585707274289
2000-08-02,1438.699951171875,0.0004171131882033,0.013377329525914862
2000-08-03,1452.56005859375,0.0095876631967479,0.8207662330440494
2000-08-04,1462.9300537109375,0.0071137533994294,0.6029595238718968
2000-08-07,1479.3199462890625,0.0111411757068999,0.9575397919914027
2000-08-08,1482.800048828125,0.002349738799249,0.183528571442635
2000-08-09,1472.8699951171875,-0.0067193502148885,-0.6149275547668449
2000-08-10,1460.25,-0.0086052210709466,-0.7809624383050028
2000-08-11,1471.8399658203125,0.0079056415860074,0.672678541169055
2000-08-14,1491.56005859375,0.0133092958812204,1.1484243265732046
2000-08-15,1484.4300537109375,-0.0047916950366238,-0.4452139171671312
2000-08-16,1479.8499755859375,-0.0030901815782691,-0.2954101339499483
2000-08-17,1496.0699462890625,0.0109009192094795,0.9363872515402167
2000-08-18,1491.719970703125,-0.00291183703027,-0.2797084138870005
2000-08-21,1499.47998046875,0.0051885713435426,0.4334636236557749
2000-08-22,1498.1300048828125,-0.0009007013479402,-0.10264502817191075
2000-08-23,1505.969970703125,0.0052195224413118,0.43618860447669333
2000-08-24,1508.31005859375,0.001552668191409,0.11335328604635553
2000-08-25,1506.449951171875,-0.001234000485538,-0.13198918146673969
2000-08-28,1514.0899658203125,0.005058718739777,0.42203120670416383
2000-08-29,1509.8399658203125,-0.0028109135425955,-0.2708229594729449
2000-08-30,1502.5899658203125,-0.0048133992573031,-0.44712478913442305
2000-08-31,1517.6800537109375,0.0099926253998221,0.8564197095314707
2000-09-01,1520.77001953125,0.0020339099284436,0.15572252649861848
2000-09-05,1507.0799560546875,-0.0090428237041004,-0.8194896269501216
2000-09-06,1492.25,-0.0098889266100332,-0.8939817890176187
2000-09-07,1502.510009765625,0.0068520014120396,0.5799144884165062
2000-09-08,1494.5,-0.0053453467368056,-0.49395823879715706
2000-09-11,1489.260009765625,-0.0035123438910495,-0.3325779337552885
2000-09-12,1481.989990234375,-0.0048935862275385,-0.45418456961808845
2000-09-13,1484.9100341796875,0.001968414752187,0.14995623347428813
2000-09-14,1480.8699951171875,-0.0027244377678341,-0.26320950325707626
2000-09-15,1465.81005859375,-0.0102217189345212,-0.9232813217301893
2000-09-18,1444.510009765625,-0.0146378602017369,-1.3120849869625142
2000-09-19,1459.9000244140625,0.0105977864755404,0.9096989934261992
2000-09-20,1451.3399658203125,-0.0058807128863787,-0.5410926732729308
2000-09-21,1449.050048828125,-0.0015790410644251,-0.16236706876873916
2000-09-22,1448.719970703125,-0.0002278152677419,-0.04340313384957212
2000-09-25,1439.030029296875,-0.0067110918706934,-0.614200477823985
2000-09-26,1427.2099609375,-0.0082478336819793,-0.7494975194243836
2000-09-27,1426.5699462890625,-0.0004485382054495,-0.06283591056318202
2000-09-28,1458.2900390625,0.0219916192305511,1.9128290266701975
2000-09-29,1436.510009765625,-0.0150479756252215,-1.3481921606625196
2000-10-02,1436.22998046875,-0.0001949562429688,-0.040510176288955875
2000-10-03,1426.4599609375,-0.0068257880975037,-0.6242985047379379
2000-10-04,1434.3199462890625,0.0054950086229732,0.4604428188846353
2000-10-05,1436.280029296875,0.0013656262308234,0.09688583280436003
2000-10-06,1408.989990234375,-0.0191833293605503,-1.7122748727044146
2000-10-09,1402.030029296875,-0.004951921445981,-0.4593204892751316
2000-10-10,1387.02001953125,-0.0107636323615052,-0.9709921882765464
2000-10-11,1364.5899658203125,-0.0163035827508748,-1.4587376851388276
2000-10-12,1329.780029296875,-0.0258404551211066,-2.2983781558651692
2000-10-13,1374.1700439453125,0.0328364074237788,2.8676203576217993
2000-10-16,1374.6199951171875,0.000327381261937,0.0054771968739785485
2000-10-17,1349.969970703125,-0.0180949774552585,-1.6164547473426125
2000-10-18,1342.1300048828125,-0.0058244404405876,-0.5361383631973925
2000-10-19,1388.760009765625,0.0341533618590119,2.9835669907523616
2000-10-20,1396.9300537109375,0.0058657403979829,0.4930825974197852
2000-10-23,1395.780029296875,-0.0008235903082569,-0.09585605720277217
2000-10-24,1398.1300048828125,0.0016822131789222,0.12475862000419873
2000-10-25,1364.9000244140625,-0.0240544491993173,-2.141135530120063
2000-10-26,1364.43994140625,-0.0003371386620436,-0.05302812857419479
2000-10-27,1379.5799560546875,0.0110350280606636,0.9481943948640871
2000-10-30,1398.6600341796875,0.013735586682098,1.1859556046295636
2000-10-31,1429.4000244140625,0.0217401330358777,1.8906878069202242
2000-11-01,1421.219970703125,-0.005739155817162,-0.5286297777221053
2000-11-02,1428.3199462890625,0.0049832537781231,0.4153871589003778
2000-11-03,1426.68994140625,-0.0011418559823157,-0.12387664194047816
2000-11-06,1432.18994140625,0.0038476655269592,0.31540827518009745
2000-11-07,1431.8699951171875,-0.000223421504776,-0.04301630040337192
2000-11-08,1409.280029296875,-0.0159023224238978,-1.4234101273455189
2000-11-09,1400.1400146484375,-0.0065067143769397,-0.5962067783804581
2000-11-10,1365.97998046875,-0.0247001366290318,-2.197982814678448
2000-11-13,1351.260009765625,-0.0108346077286478,-0.9772409654819123
2000-11-14,1382.949951171875,0.0231813657059118,2.017576081242826
2000-11-15,1389.81005859375,0.0049482258797377,0.41230325047137606
2000-11-16,1372.3199462890625,-0.0126643901904515,-1.1383377431163937
2000-11-17,1367.719970703125,-0.0033576006531061,-0.31895410823843756
2000-11-20,1342.6199951171875,-0.0185221732237614,-1.6540657000987475
2000-11-21,1347.3499755859375,0.0035167569862348,0.2862745936003314
2000-11-22,1322.3599853515625,-0.0187216742747331,-1.6716300702449955
2000-11-24,1341.77001953125,0.0145716444706849,1.259563379580469
2000-11-27,1348.969970703125,0.0053516641385389,0.44782255663155923
2000-11-28,1336.0899658203125,-0.0095939040319441,-0.8680075611234889
2000-11-29,1341.9300537109375,0.0043615037272983,0.3606473568895878
2000-11-30,1314.949951171875,-0.0203103113003129,-1.8114960439298984
2000-12-01,1315.22998046875,0.0002129354684559,-0.004598781516071445
2000-12-04,1324.969970703125,0.0073782551325356,0.6262466510422717
2000-12-05,1376.5400390625,0.03818333720268,3.338372031987362
2000-12-06,1351.4599609375,-0.0183876721156703,-1.64222402189161
2000-12-07,1343.550048828125,-0.0058700596982941,-0.5401547507013746
2000-12-08,1369.8900146484375,0.0194150543890119,1.6859844142624996
2000-12-11,1380.199951171875,0.0074979254879856,0.6367826076621446
2000-12-12,1371.1800537109375,-0.0065566586647571,-0.6006039479875496
2000-12-13,1359.989990234375,-0.0081943825629426,-0.7447916031652008
2000-12-14,1340.9300537109375,-0.0141138964578786,-1.2659544372961538
2000-12-15,1312.1500244140625,-0.0216964112799642,-1.933530353943413
2000-12-18,1322.739990234375,0.0080383035218423,0.6843582959070516
2000-12-19,1305.5999755859375,-0.0130426488548822,-1.1716402002248967
2000-12-20,1264.739990234375,-0.0317961267919368,-2.8227243745265675
2000-12-21,1274.8599853515625,0.0079697974334242,0.6783269176842982
2000-12-22,1305.949951171875,0.0240943507234856,2.097956644194947
2000-12-26,1315.18994140625,0.007050389439815,0.5973808663401271
2000-12-27,1328.9200439453125,0.0103855180189045,0.891010561838665
2000-12-28,1334.219970703125,0.0039802141273019,0.3270780516922851
2000-12-29,1320.280029296875,-0.0105029719734313,-0.9480432588533922
2001-01-02,1283.27001953125,-0.0284323345214163,-2.5265710848735137
2001-01-03,1347.56005859375,0.048884070208401,4.280480529327156
2001-01-04,1333.3399658203125,-0.0106085463881138,-0.9573381878195557
2001-01-05,1298.3499755859375,-0.0265928380658744,-2.3646190727388374
2001-01-08,1295.8599853515625,-0.0019196526391596,-0.192355019937888
2001-01-09,1300.800048828125,0.003804941248795,0.3116467659937938
2001-01-10,1313.27001953125,0.0095407276525181,0.8166339577108994
2001-01-11,1326.8199462890625,0.0102648363571979,0.880385568307279
2001-01-12,1318.550048828125,-0.0062523763533253,-0.5738144793561175
2001-01-16,1326.6500244140625,0.0061243011332487,0.5158466702774205
2001-01-17,1329.469970703125,0.0021233583977826,0.16359770317980993
2001-01-18,1347.969970703125,0.0138193907796893,1.1933338424017281
2001-01-19,1342.5400390625,-0.0040363641042464,-0.37871345506646126
2001-01-22,1342.9000244140625,0.0002681015738277,0.0002581246984961822
2001-01-23,1360.4000244140625,0.0129473193120439,1.1165553694207586
2001-01-24,1364.300048828125,0.0028627202794231,0.2286922262307307
2001-01-25,1357.510009765625,-0.0049893659014612,-0.46261715499581607
2001-01-26,1354.949951171875,-0.0018876292301248,-0.18953563123345593
2001-01-29,1364.1700439453125,0.0067817000552317,0.5737250520865061
2001-01-30,1373.72998046875,0.0069834364221099,0.5914862227798408
2001-01-31,1366.010009765625,-0.0056355648072861,-0.5195094706739883
2001-02-01,1373.469970703125,0.005446274059599,0.45615215522220853
2001-02-02,1349.469970703125,-0.0176284619114479,-1.5753820229105495
2001-02-05,1354.31005859375,0.0035802417417487,0.29186388618329817
2001-02-06,1352.260009765625,-0.0015148687589014,-0.15671724325721198
2001-02-07,1340.8900146484375,-0.0084436905236469,-0.7667410479470119
2001-02-08,1332.530029296875,-0.0062541706607639,-0.573972452859787
2001-02-09,1314.760009765625,-0.0134252659667968,-1.2053263815518802
2001-02-12,1330.31005859375,0.0117578949312351,1.011836672532985
2001-02-13,1318.800048828125,-0.0086897725859591,-0.7884064798219382
2001-02-14,1315.9200439453125,-0.0021861950632109,-0.2158218125834033
2001-02-15,1326.6099853515625,0.0080907309292497,0.6889740830672022
2001-02-16,1301.530029296875,-0.0190862870831995,-1.703731125837306
2001-02-20,1278.93994140625,-0.0175089539906547,-1.5648603672801837
2001-02-21,1255.27001953125,-0.0186808595860759,-1.6680366841676428
2001-02-22,1252.8199462890625,-0.0019537369511644,-0.1953558536142852
2001-02-23,1245.8599853515625,-0.0055709247508435,-0.5138184636737633
2001-02-26,1267.6500244140625,0.0173387691915714,1.503185168046027
2001-02-27,1257.93994140625,-0.0076893961276622,-0.7003318440566759
2001-02-28,1239.93994140625,-0.0144124717139444,-1.2922414482592912
2001-03-01,1241.22998046875,0.0010398636283408,0.06820520730419091
2001-03-02,1234.1800537109375,-0.0056959822584836,-0.524828713209088
2001-03-05,1241.4100341796875,0.0058410324552022,0.4909072732776879
2001-03-06,1253.800048828125,0.0099311208826149,0.8510047600831753
2001-03-07,1261.8900146484375,0.0064316298936137,0.5429043528176704
2001-03-08,1264.739990234375,0.0022559510408184,0.17527135727640167
2001-03-09,1233.4200439453125,-0.0250757253239424,-2.2310502036873
2001-03-12,1180.1600341796875,-0.0441407829444377,-3.909566318138397
2001-03-13,1197.6600341796875,0.01471963013954,1.2725922586337417
2001-03-14,1166.7099609375,-0.0261818930937094,-2.3284388643354763
2001-03-15,1173.56005859375,0.0058541255173594,0.49206000600243693
2001-03-16,1150.530029296875,-0.0198191827946585,-1.7682563576191166
2001-03-19,1170.81005859375,0.0174731357766066,1.5150150026426394
2001-03-20,1142.6199951171875,-0.024372000192959,-2.1690931933276767
2001-03-21,1122.1400146484375,-0.0180862772659722,-1.615688769698772
2001-03-22,1117.5799560546875,-0.0040719955657966,-0.38185050209689664
2001-03-23,1139.8299560546875,0.0197134959369034,1.7122596533585037
2001-03-26,1152.68994140625,0.0112192005456925,0.9644092151973436
2001-03-27,1182.1700439453125,0.025253479371825,2.200008059600481
2001-03-28,1153.2900390625,-0.0247330085308989,-2.2008769059576303
2001-03-29,1147.949951171875,-0.0046410609049853,-0.4319518634993909
2001-03-30,1160.3299560546875,0.0107267091393907,0.9210495370803687
2001-04-02,1145.8699951171875,-0.0125402399948661,-1.1274073746879067
2001-04-03,1106.4599609375,-0.0349984750224514,-3.1046638900528296
2001-04-04,1103.25,-0.002905325361393,-0.2791351168448628
2001-04-05,1151.43994140625,0.0427529129173906,3.7406842948729784
2001-04-06,1128.4300537109375,-0.0201859483777733,-1.8005469467030144
2001-04-09,1137.5899658203125,0.0080846258393609,0.6884365818457264
2001-04-10,1168.3800048828125,0.0267062185920377,2.327909387766453
2001-04-11,1165.8900146484375,-0.0021334217189705,-0.2111755686284015
2001-04-12,1183.5,0.0149913935523366,1.2965187149171435
2001-04-16,1179.6800537109375,-0.0032328891826081,-0.30797432432932675
2001-04-17,1191.81005859375,0.0102299483394876,0.8773139751815893
2001-04-18,1238.1600341796875,0.0381532250988128,3.3357209174411997
2001-04-19,1253.68994140625,0.0124647217535178,1.074066760421749
2001-04-20,1242.97998046875,-0.0085794493998161,-0.7786934619321028
2001-04-23,1224.3599853515625,-0.0150934600523777,-1.3521966774837113
2001-04-24,1209.469970703125,-0.0122360236293586,-1.1006237120340292
2001-04-25,1228.75,0.0158151695796799,1.3690451852860441
2001-04-26,1234.52001953125,0.0046848539046004,0.3891155888779732
2001-04-27,1253.050048828125,0.0148983719312063,1.2883289526217638
2001-04-30,1249.4599609375,-0.0028691916032252,-0.27595384687088015
2001-05-01,1266.43994140625,0.0134983417044942,1.165068202875662
2001-05-02,1267.4300537109375,0.0007815020952044,0.0454586724992008
2001-05-03,1248.5799560546875,-0.0149844001306274,-1.342594879275566
2001-05-04,1266.6099853515625,0.0143371582754374,1.2389188651408094
2001-05-07,1263.510009765625,-0.002450458589422,-0.23908796766337292
2001-05-08,1261.199951171875,-0.0018299600937474,-0.18445835443509562
2001-05-09,1255.5400390625,-0.0044978199362537,-0.41934071492320685
2001-05-10,1255.1800537109375,-0.0002867586514847,-0.04859259728692386
2001-05-11,1245.6700439453125,-0.0076054583320406,-0.6929418353104712
2001-05-14,1248.9200439453125,0.002605639984349,0.2060584935361159
2001-05-15,1249.43994140625,0.0004161909984876,0.013296138567608001
2001-05-16,1284.989990234375,0.0280555245797504,2.446704299839857
2001-05-17,1288.489990234375,0.0027200539227152,0.21613166735432812
2001-05-18,1291.9599609375,0.0026894323550719,0.21343569885729205
2001-05-21,1312.8299560546875,0.0160246640847221,1.3874893940370456
2001-05-22,1309.3800048828125,-0.0026313325125482,-0.2550123776858709
2001-05-23,1289.050048828125,-0.015648195622524,-1.4010364246423455
2001-05-24,1293.1700439453125,0.0031910514714148,0.2575989941831418
2001-05-25,1277.8900146484375,-0.011886310588375,-1.069834454198604
2001-05-29,1267.9300537109375,-0.007824599921463,-0.7122353877619726
2001-05-30,1248.0799560546875,-0.0157793565584585,-1.412584029109896
2001-05-31,1255.8199462890625,0.0061823676577965,0.5209589337231326
2001-06-01,1260.6700439453125,0.0038546576226847,0.3160238697186851
2001-06-04,1267.1099853515625,0.0050953447410035,0.42525581449137007
2001-06-05,1283.5699462890625,0.0129065111005646,1.1129625536038112
2001-06-06,1270.030029296875,-0.0106046710619649,-0.9569969983241361
2001-06-07,1276.9599609375,0.0054416772487231,0.4557474451351019
2001-06-08,1264.9599609375,-0.0094417523095708,-0.8546118965034919
2001-06-11,1254.3900146484375,-0.0083910599245671,-0.7621073714888986
2001-06-12,1255.8499755859375,0.0011632044010099,0.07906431293161754
2001-06-13,1241.5999755859375,-0.0114117639387734,-1.0280546592317754
2001-06-14,1219.8699951171875,-0.0176565590956858,-1.5778557409266605
2001-06-15,1214.3599853515625,-0.0045271147100827,-0.42191987051350077
2001-06-18,1208.4300537109375,-0.0048951360920872,-0.4543210220050675
2001-06-19,1212.5799560546875,0.0034282439076607,0.2784817701175119
2001-06-20,1223.1400146484375,0.0086710499447439,0.740066234920038
2001-06-21,1237.0400390625,0.0113001260244534,0.9715340150733122
2001-06-22,1225.3499755859375,-0.0094949632127354,-0.8592966637989372
2001-06-25,1218.5999755859375,-0.0055238587519568,-0.5096747029180058
2001-06-26,1216.760009765625,-0.001511042458997,-0.15638037010549627
2001-06-27,1211.0699462890625,-0.0046873743201221,-0.4360293656590913
2001-06-28,1226.199951171875,0.0124156945071431,1.0697503285113292
2001-06-29,1224.3800048828125,-0.0014853191132644,-0.15411564837272007
2001-07-02,1236.719970703125,0.0100280926042684,0.8595422951214374
2001-07-03,1234.449951171875,-0.0018372028160893,-0.18509601451487975
2001-07-05,1219.239990234375,-0.012397781399267,-1.114865107409464
2001-07-06,1190.5899658203125,-0.0237787519342154,-2.116862731611122
2001-07-09,1198.780029296875,0.0068554435428982,0.5802175387523204
2001-07-10,1181.52001953125,-0.0145026357435629,-1.3001796239349734
2001-07-11,1180.1800537109375,-0.0011347469386802,-0.12325075113342943
2001-07-12,1208.1400146484375,0.0234149842340967,2.0381442049798952
2001-07-13,1215.6800537109375,0.0062216362369813,0.5244161980160256
2001-07-16,1202.449951171875,-0.0109425337144024,-0.9867429302733729
2001-07-17,1214.43994140625,0.0099219154611249,0.850194301042408
2001-07-18,1207.7099609375,-0.0055570448229742,-0.5125964541178627
2001-07-19,1215.02001953125,0.0060345815145437,0.5079476212015417
2001-07-20,1210.8499755859375,-0.0034379814755949,-0.32603095576368407
2001-07-23,1191.030029296875,-0.0165040685908897,-1.4763887575815622
2001-07-24,1171.6500244140625,-0.0164054709911232,-1.467708077808722
2001-07-25,1190.489990234375,0.0159519462948551,1.3810872113356512
2001-07-26,1202.9300537109375,0.0103953132115135,0.8918729452085785
2001-07-27,1205.8199462890625,0.0023994968051406,0.18790934051108085
2001-07-30,1204.52001953125,-0.0010786253410532,-0.11830972195529611
2001-07-31,1211.22998046875,0.0055551925434054,0.46574150102277334
2001-08-01,1215.9300537109375,0.0038729041767746,0.3176303235612466
2001-08-02,1220.75,0.0039561636893834,0.32496061525913156
2001-08-03,1214.3499755859375,-0.0052564898481737,-0.4861351457639478
2001-08-06,1200.47998046875,-0.0114874735657108,-1.034720247732116
2001-08-07,1204.4000244140625,0.0032600773504194,0.2636761355445621
2001-08-08,1183.530029296875,-0.0174800149492675,-1.5623125309047527
2001-08-09,1183.4300537109375,-8.447593748162063e-05,-0.030783325377665906
2001-08-10,1190.1600341796875,0.0056707335759975,0.47591390589805016
2001-08-13,1191.2900390625,0.0009490058013961,0.060205948676892516
2001-08-14,1186.72998046875,-0.0038351772866755,-0.36100066751396725
2001-08-15,1178.02001953125,-0.0073665295064451,-0.6719061850673904
2001-08-16,1181.6600341796875,0.0030851788825785,0.248277813519657
2001-08-17,1161.969970703125,-0.0168034431488752,-1.5027461402781213
2001-08-20,1171.4100341796875,0.0080913652815368,0.6890299323888949
2001-08-21,1157.260009765625,-0.0121530301032484,-1.0933168381842837
2001-08-22,1165.31005859375,0.0069320458174244,0.5869617172780444
2001-08-23,1162.0899658203125,-0.0027671176371324,-0.2669671026205762
2001-08-24,1184.9300537109375,0.0194636677547208,1.6902644075016688
2001-08-27,1179.2099609375,-0.0048390568240659,-0.449383719588568
2001-08-28,1161.510009765625,-0.015123798461059,-1.354867716243312
2001-08-29,1148.56005859375,-0.0112118563033041,-1.0104544927798096
2001-08-30,1129.030029296875,-0.0171501519012871,-1.5332708960658505
2001-08-31,1133.5799560546875,0.0040218446133257,0.3307432617868122
2001-09-04,1132.93994140625,-0.0005647553909984,-0.07306784495347074
2001-09-05,1131.739990234375,-0.001059709380919,-0.11664433260596435
2001-09-06,1106.4000244140625,-0.0226447393577595,-2.0170225726427495
2001-09-07,1085.780029296875,-0.0188128737311803,-1.679659406443342
2001-09-10,1092.5400390625,0.0062066466400612,0.5230964915414715
2001-09-17,1038.77001953125,-0.0504679566281067,-4.466620128222472
2001-09-18,1032.739990234375,-0.0058218848090794,-0.5359133615868806
2001-09-19,1016.0999755859376,-0.0162437094238487,-1.4534663481075107
2001-09-20,984.5399780273438,-0.0315525197671853,-2.801276848650784
2001-09-21,965.7999877929688,-0.0192177438972791,-1.715304779858147
2001-09-24,1003.4500122070312,0.038242592749607,3.3435889787371407
2001-09-25,1012.27001953125,0.0087512784267662,0.74712967016335
2001-09-26,1007.0399780273438,-0.0051800399195283,-0.4794043799968414
2001-09-27,1018.6099853515624,0.0114236253609378,0.9824070808955858
2001-09-28,1040.93994140625,0.0216851563590934,1.8858475782810926
2001-10-01,1038.550048828125,-0.0022985382392359,-0.22571267339590154
2001-10-02,1051.3299560546875,0.0122304309352827,1.0534394472657278
2001-10-03,1072.280029296875,0.0197312624043437,1.713823839656234
2001-10-04,1069.6300048828125,-0.0024744510496974,-0.24120029965833603
2001-10-05,1071.3800048828125,0.0016347428379503,0.12057926036805658
2001-10-08,1062.43994140625,-0.0083794472000287,-0.7610849698964991
2001-10-09,1056.75,-0.0053699340187387,-0.496122939778228
2001-10-10,1080.989990234375,0.0226791184217551,1.973357481085539
2001-10-11,1097.4300537109375,0.0150938526678441,1.3055393682964895
2001-10-12,1091.6500244140625,-0.0052807960630048,-0.4882751011780585
2001-10-15,1089.97998046875,-0.0015310059614019,-0.15813798663907994
2001-10-16,1097.5400390625,0.0069120178332839,0.5851984236762636
2001-10-17,1077.0899658203125,-0.0188084189541388,-1.6792672012269043
2001-10-18,1068.6099853515625,-0.0079042035807326,-0.7192438126780168
2001-10-19,1073.47998046875,0.0045469644930333,0.376975599378086
2001-10-22,1089.9000244140625,0.0151802819920057,1.313148734932256
2001-10-23,1084.780029296875,-0.0047087428503349,-0.4379106829369243
2001-10-24,1085.199951171875,0.0003870283449813,0.010728615047623666
2001-10-25,1100.0899658203125,0.0136277067612642,1.1764576954624506
2001-10-26,1104.6099853515625,0.0041003546643478,0.3376554038012851
2001-10-29,1078.300048828125,-0.0241065460452709,-2.145722214156685
2001-10-30,1059.7900390625,-0.0173149600402622,-1.5477808504845048
2001-10-31,1059.780029296875,-9.44509056299836e-06,-0.024177497682792724
2001-11-01,1084.0999755859375,0.0226887601074201,1.9742063494750988
2001-11-02,1087.199951171875,0.0028554117779924,0.22804877486183836
2001-11-05,1102.8399658203125,0.0142831008837029,1.2341595717288656
2001-11-06,1118.8599853515625,0.014421656876812,1.246358248062127
2001-11-07,1115.800048828125,-0.0027386165135636,-0.2644578211831698
2001-11-08,1118.5400390625,0.0024526182229118,0.1925862293789956
2001-11-09,1120.31005859375,0.0015811866117161,0.11586409031440541
2001-11-12,1118.3299560546875,-0.0017690231948774,-0.17909337895198899
2001-11-13,1139.0899658203125,0.0183932061888736,1.5960193743136495
2001-11-14,1141.2099609375,0.0018594007771621,0.1403584804843913
2001-11-15,1142.239990234375,0.0009021694267561,0.056082404382371456
2001-11-16,1138.6500244140625,-0.0031478666324904,-0.30048881217903206
2001-11-19,1151.06005859375,0.0108399362791189,0.9310182233760071
2001-11-20,1142.6600341796875,-0.0073244002120311,-0.6681970591380602
2001-11-21,1137.030029296875,-0.0049392822463421,-0.4582077152835727
2001-11-23,1150.3399658203125,0.0116378957291667,1.0012717637662498
2001-11-26,1157.4200439453125,0.0061359069473336,0.5168684634631849
2001-11-27,1149.5,-0.0068663628661314,-0.6278707678979771
2001-11-28,1128.52001953125,-0.0184200081550569,-1.645070935038601
2001-11-29,1140.199951171875,0.0102965857251255,0.8831808300238145
2001-11-30,1139.449951171875,-0.0006579957968888,-0.08127686938551604
2001-12-03,1129.9000244140625,-0.0084164921539384,-0.7643464629029342
2001-12-04,1144.800048828125,0.0131008370718639,1.1300713020154387
2001-12-05,1170.3499755859375,0.022072836601092,1.919979525133926
2001-12-06,1167.0999755859375,-0.0027808099956949,-0.2681725982948873
2001-12-07,1158.31005859375,-0.0075599216711887,-0.6889327197567873
2001-12-10,1139.9300537109375,-0.0159951927163035,-1.4315865664342304
2001-12-11,1136.760009765625,-0.0027847848460496,-0.26852255004985726
2001-12-12,1137.0699462890625,0.0002726118763032,0.0006552184569769777
2001-12-13,1119.3800048828125,-0.0156797661970946,-1.4038159451250036
2001-12-14,1123.0899658203125,0.0033088196236992,0.26796747799857973
2001-12-17,1134.3599853515625,0.0099848177427945,0.8557323117591793
2001-12-18,1142.9200439453125,0.0075178272323492,0.6385347869256407
2001-12-19,1149.56005859375,0.0057928818746004,0.48666802432973755
2001-12-20,1139.9300537109375,-0.0084124073066025,-0.7639868268496444
2001-12-21,1144.8900146484375,0.004341671186717,0.3589012704303247
2001-12-24,1144.6500244140625,-0.000209640566366,-0.04180300602714217
2001-12-26,1149.3699951171875,0.0041150271779546,0.33894719378790655
2001-12-27,1157.1300048828125,0.0067288437415866,0.5690715033813396
2001-12-28,1161.02001953125,0.0033561402487247,0.2721336564194523
2001-12-31,1148.0799560546875,-0.011208002315409,-1.0101151819360874
2002-01-02,1154.6700439453125,0.0057236833193856,0.4805756802971703
2002-01-03,1165.27001953125,0.0091382096606293,0.7811956732225522
2002-01-04,1172.510009765625,0.0061939218320636,0.5219761804623009
2002-01-07,1164.8900146484375,-0.0065200838815426,-0.5973838495105276
2002-01-08,1160.7099609375,-0.0035948213418448,-0.33983937156442123
2002-01-09,1155.1400146484375,-0.004810291761542,-0.4468512005718064
2002-01-10,1156.550048828125,0.0012199164384814,0.08405732531448777
2002-01-11,1145.5999755859375,-0.0095129819558614,-0.8608830608243851
2002-01-14,1138.4100341796875,-0.0062959138754958,-0.5776475877579456
2002-01-15,1146.18994140625,0.0068107654585052,0.5762840135509154
2002-01-16,1127.5699462890625,-0.0163785204055795,-1.4653353080521616
2002-01-17,1138.8800048828125,0.0099805005365558,0.8553522184814503
2002-01-18,1127.5799560546875,-0.0099716232857671,-0.9012625277173888
2002-01-22,1119.31005859375,-0.0073612279647568,-0.671439429428232
2002-01-23,1128.1800537109375,0.0078932860452347,0.671590740927243
2002-01-24,1132.1500244140625,0.0035127389789462,0.28592084224451875
2002-01-25,1133.280029296875,0.0009976074738462,0.06448491242411289
2002-01-28,1133.06005859375,-0.0001941197660411,-0.04043653161237217
2002-01-29,1100.6400146484375,-0.0290301470039491,-2.5792033876614475
2002-01-30,1113.5699462890625,0.011679180242277,1.0049065138893445
2002-01-31,1130.199951171875,0.0148235426636595,1.281740872275505
2002-02-01,1122.199951171875,-0.0071035641868597,-0.6487543260354317
2002-02-04,1094.43994140625,-0.0250482374354898,-2.2286301289810835
2002-02-05,1090.02001953125,-0.0040467007733511,-0.37962351083483903
2002-02-06,1083.510009765625,-0.0059902823008499,-0.5507393279802928
2002-02-07,1080.1700439453125,-0.0030873034739817,-0.29515674135488584
2002-02-08,1096.219970703125,0.0147493947439247,1.2752127788070597
2002-02-11,1111.93994140625,0.0142383132591561,1.2302164024489064
2002-02-12,1107.5,-0.0040009619059162,-0.3755965927119329
2002-02-13,1118.510009765625,0.0098922282472235,0.8475805944426918
2002-02-14,1116.47998046875,-0.0018165896617015,-0.18328120165156084
2002-02-15,1104.1800537109375,-0.0110778348363753,-0.9986550428961372
2002-02-19,1083.3399658203125,-0.0190541967358317,-1.7009058437821771
2002-02-20,1097.97998046875,0.0134232802463802,1.1584596801254816
2002-02-21,1080.949951171875,-0.0156318712500063,-1.3995992025329398
2002-02-22,1089.8399658203125,0.0081906261667104,0.6977690087984756
2002-02-25,1109.4300537109375,0.0178155532170487,1.5451619449227034
2002-02-26,1109.3800048828125,-4.5113215472625257e-05,-0.027317772610087065
2002-02-27,1109.8900146484375,0.000459619397473,0.01711963960142821
2002-02-28,1106.72998046875,-0.0028512206218742,-0.274371654863355
2002-03-01,1131.780029296875,0.0223819365984851,1.947193150024488
2002-03-04,1153.8399658203125,0.0193038401813501,1.6761929495089096
2002-03-05,1146.1400146484375,-0.0066956930098989,-0.6128447391473827
2002-03-06,1162.77001953125,0.0144053187126713,1.244919811717658
2002-03-07,1157.5400390625,-0.0045080090106166,-0.42023777623033254
2002-03-08,1164.31005859375,0.0058315898377703,0.49007593115234327
2002-03-11,1168.260009765625,0.0033867835320773,0.274831536799931
2002-03-12,1165.5799560546875,-0.0022966912284019,-0.22555005980667736
2002-03-13,1154.0899658203125,-0.0099066544740384,-0.8955425766113334
2002-03-14,1153.0400390625,-0.0009101583595807,-0.10347763758485405
2002-03-15,1166.1600341796875,0.0113143624226781,0.97278740881109
2002-03-18,1165.550048828125,-0.0005232085840543,-0.06941000208995418
2002-03-19,1170.2900390625,0.004058494213817,0.33396994728849716
2002-03-20,1151.8499755859375,-0.0158822904559841,-1.4216464830064026
2002-03-21,1153.5899658203125,0.0015094650990494,0.10954962134398659
2002-03-22,1148.699951171875,-0.0042479637041221,-0.39734299950701657
2002-03-25,1131.8699951171875,-0.0147596977790032,-1.3228117490241884
2002-03-26,1138.489990234375,0.0058316865354122,0.49008444455699113
2002-03-27,1144.5799560546875,0.0053349046744592,0.4463470284119593
2002-03-28,1147.3900146484375,0.0024520914651455,0.1925398528394253
2002-04-01,1146.5400390625,-0.0007410649888486,-0.08859040496953981
2002-04-02,1136.760009765625,-0.0085666262850354,-0.7775644957770925
2002-04-03,1125.4000244140625,-0.0100435695733427,-0.9075967862061098
2002-04-04,1126.3399658203125,0.00083485790093,0.05015619723228446
2002-04-05,1122.72998046875,-0.0032102055853968,-0.3059772265911088
2002-04-08,1125.2900390625,0.0022776129022021,0.17717849986811662
2002-04-09,1117.800048828125,-0.0066783033926478,-0.6113137313025004
2002-04-10,1130.469970703125,0.0112709380017514,0.9689642580114923
2002-04-11,1103.68994140625,-0.0239743913039465,-2.134087113580033
2002-04-12,1111.010009765625,0.0066104620733282,0.5586490047042983
2002-04-15,1102.550048828125,-0.0076437972359579,-0.6963172496059097
2002-04-16,1128.3699951171875,0.0231483860770778,2.0146725055207693
2002-04-17,1126.0699462890625,-0.0020404620978355,-0.2029912649051006
2002-04-18,1124.469970703125,-0.0014218595665962,-0.14852857521413565
2002-04-19,1125.1700439453125,0.0006223869243324,0.03144993548519993
2002-04-22,1107.8299560546875,-0.0155310671252006,-1.390724257003921
2002-04-23,1100.9599609375,-0.0062206162911238,-0.5710182760997541
2002-04-24,1093.1400146484375,-0.0071281887677914,-0.6509223108759826
2002-04-25,1091.47998046875,-0.0015197466862915,-0.1571467032616026
2002-04-26,1076.3199462890625,-0.0139867901447807,-1.254763807871885
2002-04-29,1065.449951171875,-0.0101505660916201,-0.9170169192942841
2002-04-30,1076.9200439453125,0.0107079565121104,0.9193985277991568
2002-05-01,1086.4599609375,0.008819512806963,0.7531371267889616
2002-05-02,1084.56005859375,-0.0017502398058626,-0.17743966136178083
2002-05-03,1073.4300537109375,-0.0103152498329617,-0.9315159215597066
2002-05-06,1052.6700439453125,-0.0195293435134349,-1.7427384749135464
2002-05-07,1049.489990234375,-0.0030255128867553,-0.28971660587533654
2002-05-08,1088.8499755859375,0.0368177484137346,3.218143557802501
2002-05-09,1073.010009765625,-0.0146542786241674,-1.3135304893665474
2002-05-10,1054.989990234375,-0.0169365134172592,-1.514461845222897
2002-05-13,1074.56005859375,0.018380051041599,1.5948611755225452
2002-05-14,1097.280029296875,0.0209230869968459,1.818753854762167
2002-05-15,1091.0699462890625,-0.0056756001071534,-0.5230342381995742
2002-05-16,1098.22998046875,0.0065409582489337,0.5525297843177451
2002-05-17,1106.5899658203125,0.0075834087309418,0.6443086798972094
2002-05-20,1091.8800048828125,-0.0133821982182897,-1.2015346327241934
2002-05-21,1079.8800048828125,-0.0110510572730486,-0.9962975062736785
2002-05-22,1086.02001953125,0.0056697271593284,0.4758252994731148
2002-05-23,1097.0799560546875,0.0101324092070802,0.8687264844540817
2002-05-24,1083.8199462890625,-0.0121602767279851,-1.0939548418367278
2002-05-28,1074.550048828125,-0.0085897732821589,-0.7796023919348876
2002-05-29,1067.6600341796875,-0.0064326449226621,-0.5896855931279207
2002-05-30,1064.6600341796875,-0.0028138383387537,-0.2710804628899682
2002-05-31,1067.1400146484375,0.0023266549682814,0.18149623652743768
2002-06-03,1040.6800537109375,-0.0251077891822291,-2.233873153604212
2002-06-04,1040.68994140625,9.50114139808278e-06,-0.022509443156662375
2002-06-05,1049.9000244140625,0.0088110463968167,0.7523917314093621
2002-06-06,1029.1500244140625,-0.0199617022470386,-1.7808039828193454
2002-06-07,1027.530029296875,-0.0015753499911639,-0.16204210117242393
2002-06-10,1030.739990234375,0.0031190888556311,0.25126329813462106
2002-06-11,1013.5999755859376,-0.0167686554715835,-1.499683381272574
2002-06-12,1020.260009765625,0.006549180408375,0.5532536755008995
2002-06-13,1009.5599975585938,-0.0105429163963828,-0.9515600254397394
2002-06-14,1007.27001953125,-0.0022708696241418,-0.2232766872465565
2002-06-17,1036.1700439453125,0.0282875451247939,2.467131734757262
2002-06-18,1037.1400146484375,0.000935673629586,0.059032164381594796
2002-06-19,1019.989990234375,-0.0166741253282198,-1.4913608064293296
2002-06-20,1006.2899780273438,-0.0135225350742702,-1.213890098881371
2002-06-21,989.1400146484376,-0.0171896641180575,-1.536749610575242
2002-06-24,992.719970703125,0.0036127274125172,0.2947239731003743
2002-06-25,976.1400146484376,-0.0168425871990169,-1.5061924408482852
2002-06-26,973.530029296875,-0.0026773626837606,-0.2590649426279195
2002-06-27,990.6400146484376,0.0174225426218201,1.5105607058195991
2002-06-28,989.8200073242188,-0.0008280978782515,-0.09625291038955817
2002-07-01,968.6500244140624,-0.0216197410782648,-1.9267801950080257
2002-07-02,948.0900268554688,-0.0214539119536274,-1.9121803514885407
2002-07-03,953.989990234375,0.0062037161929007,0.5228384906017755
2002-07-05,989.030029296875,0.0360715154784134,3.152444096935189
2002-07-08,976.97998046875,-0.0122585334421261,-1.1026055095305607
2002-07-09,952.8300170898438,-0.0250296393853428,-2.226992728901288
2002-07-10,920.469970703125,-0.0345521442966836,-3.0653682671132727
2002-07-11,927.3699951171876,0.0074682403370207,0.6341690826864355
2002-07-12,921.3900146484376,-0.0064692023763148,-0.5929041658844693
2002-07-15,917.9299926757812,-0.0037622882806775,-0.3545834106889765
2002-07-16,900.9400024414062,-0.0186824615847465,-1.6681777265204882
2002-07-17,906.0399780273438,0.0056447655014721,0.4736276378772657
2002-07-18,881.5599975585938,-0.0273903683783824,-2.434834831219882
2002-07-19,847.75,-0.0391072815433268,-3.466409345730709
2002-07-22,819.8499755859375,-0.0334644140885656,-2.969602876898109
2002-07-23,797.7000122070312,-0.0273887646973145,-2.4346936407462683
2002-07-24,843.4299926757812,0.0557443000867809,4.88446540201491
2002-07-25,838.6799926757812,-0.0056476837626426,-0.5205764415828164
2002-07-26,852.8400268554688,0.0167427695722546,1.4507124724400864
2002-07-29,898.9600219726562,0.0526665759256923,4.613497975476994
2002-07-30,902.780029296875,0.0042403598070404,0.34998166542574105
2002-07-31,911.6199951171876,0.0097443073728022,0.8345574199880322
2002-08-01,884.6599731445312,-0.0300198711779984,-2.666340180430312
2002-08-02,864.239990234375,-0.0233528633347361,-2.0793668639658796
2002-08-05,834.5999755859375,-0.0348979578040209,-3.095814204189094
2002-08-06,859.5700073242188,0.0294797338216241,2.5720938061514085
2002-08-07,876.77001953125,0.0198124498296277,1.720971701694872
2002-08-08,905.4600219726562,0.0321984035690654,2.811449546468985
2002-08-09,908.6400146484376,0.0035058661250424,0.28531574593380027
2002-08-12,903.7999877929688,-0.0053409087795621,-0.49356751442082725
2002-08-13,884.2100219726562,-0.0219134676341585,-1.952640319174647
2002-08-14,919.6199951171876,0.0392659200925935,3.433684244628954
2002-08-15,930.25,0.0114928312974589,0.9885000747893712
2002-08-16,928.77001953125,-0.0015922160771433,-0.16352701654313367
2002-08-19,950.7000122070312,0.0233374170554414,2.0313150748551867
2002-08-20,937.4299926757812,-0.0140564876279087,-1.2609000782622386
2002-08-21,949.3599853515624,0.0126459773499592,1.0900247735323032
2002-08-22,962.7000122070312,0.013953791536835,1.2051666855619274
2002-08-23,940.8599853515624,-0.0229475144121202,-2.0436793401130933
2002-08-26,947.9500122070312,0.0075074360735465,0.6376199338029623
2002-08-27,934.8200073242188,-0.0139477659038185,-1.2513280554806172
2002-08-28,917.8699951171876,-0.0182982421491439,-1.6343504742256425
2002-08-29,917.7999877929688,-7.627441196333962e-05,-0.03006125083587604
2002-08-30,916.0700073242188,-0.0018866996968505,-0.18945379373729468
2002-09-03,878.02001953125,-0.0424233942999547,-3.758364859851635
2002-09-04,893.4000244140625,0.0173650415815425,1.5054982284526333
2002-09-05,879.1500244140625,-0.0160788768845296,-1.4389542454461701
2002-09-06,893.9199829101562,0.0166607072323481,1.4434875816128723
2002-09-09,902.9600219726562,0.0100620133884294,0.8625287315625132
2002-09-10,909.5800170898438,0.0073046933150164,0.6197701588872441
2002-09-11,909.4500122070312,-0.0001429386881355,-0.035930473160853335
2002-09-12,886.9099731445312,-0.0250965533409299,-2.2328839333744317
2002-09-13,889.8099975585938,0.0032644727782571,0.26406311556855927
2002-09-16,891.0999755859375,0.0014486731753962,0.10419740969524331
2002-09-17,873.52001953125,-0.0199255791559469,-1.777623651990656
2002-09-18,869.4600219726562,-0.004658693507558,-0.4335042641344759
2002-09-19,843.3200073242188,-0.0305258632207259,-2.7108884747186597
2002-09-20,845.3900146484375,0.0024515853332545,0.19249529223268644
2002-09-23,833.7000122070312,-0.0139244366114663,-1.2492741097789366
2002-09-24,819.2899780273438,-0.0174355553457417,-1.5583982410848294
2002-09-25,839.6599731445312,0.0245589312978236,2.138859011028026
2002-09-26,854.9500122070312,0.0180459859620221,1.5654495875532326
2002-09-27,827.3699951171875,-0.0327910126623907,-2.9103156107471895
2002-09-30,815.280029296875,-0.0147203408550984,-1.3193467067303528
2002-10-01,847.9099731445312,0.0392428179562998,3.431650298085539
2002-10-02,827.9099731445312,-0.023870046023859,-2.124900399457255
2002-10-03,818.9500122070312,-0.01088137355352,-0.9813582984696291
2002-10-04,800.5800170898438,-0.0226865605048862,-2.020704568825207
2002-10-07,785.280029296875,-0.0192961069391683,-1.722203978969249
2002-10-08,798.5499877929688,0.0167571884257791,1.4519819298146481
2002-10-09,776.760009765625,-0.0276661328981484,-2.459113550929782
2002-10-10,803.9199829101562,0.0343683055648886,3.002490955274033
2002-10-11,835.3200073242188,0.0383151532541718,3.349977313805889
2002-10-14,841.4400024414062,0.0072998190057615,0.619341017428874
2002-10-15,881.27001953125,0.0462493583245322,4.048516564568119
2002-10-16,860.02001953125,-0.0244084035657063,-2.1722982005714537
2002-10-17,879.2000122070312,0.0220567494723376,1.9185631903193654
2002-10-18,884.3900146484375,0.0058857414081696,0.4948435161944333
2002-10-21,899.719970703125,0.0171854128640545,1.489683448192139
2002-10-22,890.1599731445312,-0.0106823795656998,-0.9638385709196835
2002-10-23,896.1400146484375,0.0066954754351344,0.5661337079019413
2002-10-24,882.5,-0.015337878307867,-1.3737156253238572
2002-10-25,897.6500244140625,0.0170214757071383,1.475250176333295
2002-10-28,890.22998046875,-0.0083004301481643,-0.7541281907715184
2002-10-29,882.1500244140625,-0.0091176971167152,-0.8260815938940234
2002-10-30,890.7100219726562,0.0096567849185209,0.8268518125457792
2002-10-31,885.760009765625,-0.0055728775938996,-0.5139903948897032
2002-11-01,900.9600219726562,0.0170148413200248,1.474666074994543
2002-11-04,908.3499755859376,0.0081688541130233,0.6958521647119827
2002-11-05,915.3900146484376,0.0077204799687446,0.6563766361583235
2002-11-06,923.760009765625,0.0091020882390795,0.7780154893828223
2002-11-07,902.6500244140624,-0.0231173997854403,-2.058636301817776
2002-11-08,894.739990234375,-0.0088017460667986,-0.7982647921187882
2002-11-11,876.1900024414062,-0.0209501971813308,-1.8678325514861962
2002-11-12,882.9500122070312,0.0076856225027794,0.6533077328538499
2002-11-13,882.530029296875,-0.0004757719240151,-0.06523360777337267
2002-11-14,904.27001953125,0.0243351942032914,2.119160863451013
2002-11-15,909.8300170898438,0.0061297776921929,0.5163288346968817
2002-11-18,900.3599853515625,-0.0104631205797787,-0.9445346827053026
2002-11-19,896.739990234375,-0.0040287129960132,-0.3780398400835708
2002-11-20,914.1500244140624,0.0192287444012677,1.669581405001429
2002-11-21,933.760009765625,0.0212247578713959,1.845313408594744
2002-11-22,930.5499877929688,-0.0034436602808645,-0.32653092625134766
2002-11-25,932.8699951171876,0.0024900543562251,0.19588216240369113
2002-11-26,913.3099975585938,-0.0211904901588466,-1.8889883036994024
2002-11-27,938.8699951171876,0.0276016589994263,2.4067452970645533
2002-11-29,936.3099975585938,-0.0027304036508635,-0.2637347484989796
2002-12-02,934.530029296875,-0.0019028551594493,-0.1908761447654577
2002-12-03,920.75,-0.0148552051332071,-1.3312203589676224
2002-12-04,917.5800170898438,-0.0034487671121796,-0.32698053929877763
2002-12-05,906.5499877929688,-0.0120936158065481,-1.0880859148676385
2002-12-06,912.22998046875,0.0062459574445909,0.5265574734167219
2002-12-09,892.0,-0.0224259972710285,-1.9977641930041832
2002-12-10,904.4500122070312,0.013860905064269,1.1969888219477653
2002-12-11,904.9600219726562,0.000563730464071,0.026285733219187455
2002-12-12,901.5800170898438,-0.0037419694595453,-0.35279451136457146
2002-12-13,889.47998046875,-0.0135117982956272,-1.2129448168723518
2002-12-16,910.4000244140624,0.023247089835741,2.0233625316812445
2002-12-17,902.989990234375,-0.0081726218451381,-0.742875757106723
2002-12-18,891.1199951171875,-0.0132323752862566,-1.1883439982798725
2002-12-19,884.25,-0.0077392649719332,-0.7047223715013945
2002-12-20,895.760009765625,0.0129327027684063,1.1152685071137225
2002-12-23,897.3800048828125,0.0018068812749731,0.13573458516228024
2002-12-24,892.469970703125,-0.005486545312233,-0.5063895720199659
2002-12-26,889.6599731445312,-0.0031535297378519,-0.3009874004233652
2002-12-27,875.4000244140625,-0.0161583844330541,-1.4459542086288362
2002-12-30,879.3900146484375,0.0045475493041386,0.37702708702022675
2002-12-31,879.8200073242188,0.0004888474701409,0.01969292272199311
2003-01-02,909.030029296875,0.032660779741823,2.8521578344983656
2003-01-03,908.5900268554688,-0.0004841522831044,-0.06597142708954169
2003-01-06,929.010009765625,0.0222255366515851,1.9334234653795943
2003-01-07,922.9299926757812,-0.0065661294926719,-0.6014377738058936
2003-01-08,909.9299926757812,-0.0141857186117118,-1.2722777668650092
2003-01-09,927.5700073242188,0.0192006058019638,1.6671040407411237
2003-01-10,927.5700073242188,0.0,-0.023345937819296707
2003-01-13,926.260009765625,-0.0014132879115829,-0.14777391391943948
2003-01-14,931.6599731445312,0.0058129291186173,0.4884330135997687
2003-01-15,918.219970703125,-0.0145309310163908,-1.30267078196606
2003-01-16,914.5999755859376,-0.0039501968883879,-0.37112716483671676
2003-01-17,901.780029296875,-0.0141161641678584,-1.2661540898657795
2003-01-21,887.6199951171875,-0.0158269023864514,-1.4167700347359797
2003-01-22,878.3599853515625,-0.0104872022751809,-0.9466548710939514
2003-01-23,887.3400268554688,0.0101717379711123,0.8721890475107157
2003-01-24,861.4000244140625,-0.0296692527095556,-2.635471207410648
2003-01-27,847.47998046875,-0.0162917838524929,-1.4576988925235093
2003-01-28,858.5399780273438,0.0129660294438265,1.1182026373349578
2003-01-29,864.3599853515625,0.0067560851884742,0.5714698810045283
2003-01-30,844.6099853515625,-0.0231143667315807,-2.058369267231221
2003-01-31,855.7000122070312,0.0130448966790162,1.125146226376399
2003-02-03,860.3200073242188,0.0053845598851749,0.45071874723976746
2003-02-04,848.2000122070312,-0.0141879501425536,-1.272474234169353
2003-02-05,843.5900268554688,-0.0054498450223015,-0.5031584237443465
2003-02-06,838.1500244140625,-0.0064695152040803,-0.5929317077076252
2003-02-07,829.6900024414062,-0.0101449712147525,-0.9165243379883382
2003-02-10,835.969970703125,0.0075405522369367,0.6405355302310314
2003-02-11,829.2000122070312,-0.0081312969449021,-0.7392374512408315
2003-02-12,818.6799926757812,-0.012768117118207,-1.1474700165773952
2003-02-13,817.3699951171875,-0.0016014154192465,-0.16433694034561774
2003-02-14,834.8900146484375,0.0212081344456143,1.8438498573898527
2003-02-18,851.1699829101562,0.0193118563360776,1.67689870372974
2003-02-19,845.1300048828125,-0.0071213860718168,-0.6503233913740136
2003-02-20,837.0999755859375,-0.0095469589545409,-0.8638744464755312
2003-02-21,848.1699829101562,0.0131375587482107,1.1333043331829658
2003-02-24,832.5800170898438,-0.0185517333890423,-1.6566682211483816
2003-02-25,838.5700073242188,0.0071687350619127,0.6078001914594061
2003-02-26,827.5499877929688,-0.0132285552863011,-1.1880076797850563
2003-02-27,837.280029296875,0.0116890639786912,1.005776692787959
2003-02-28,841.1500244140625,0.004611454575361,0.3826534024335016
2003-03-03,834.8099975585938,-0.0075658810658936,-0.6894573937569222
2003-03-04,821.989990234375,-0.0154759334723078,-1.3858702079540175
2003-03-05,829.8499755859375,0.0095167144952856,0.8145198035249573
2003-03-06,822.0999755859375,-0.0093829196859829,-0.8494321845554113
2003-03-07,828.8900146484375,0.0082254615547219,0.7008359683269693
2003-03-10,807.47998046875,-0.0261692112152953,-2.32732233284088
2003-03-11,800.72998046875,-0.0083944755992311,-0.7624080925818727
2003-03-12,804.1900024414062,0.0043117755028978,0.35626920982804694
2003-03-13,831.9000244140625,0.0338767079332065,2.959209966407923
2003-03-14,833.27001953125,0.0016454721021226,0.1215238807918652
2003-03-17,862.7899780273438,0.0348135560700022,3.0416914739757046
2003-03-18,866.4500122070312,0.0042331193654936,0.3493442061505601
2003-03-19,874.02001953125,0.0086988628605544,0.7425149255197249
2003-03-20,875.6699829101562,0.0018860070820361,0.14270093925718821
2003-03-21,895.7899780273438,0.0227166978586117,1.976666030767969
2003-03-24,864.22998046875,-0.0358670714937723,-3.1811364191733373
2003-03-25,874.739990234375,0.0120877736985107,1.040879691322087
2003-03-26,869.9500122070312,-0.0054909354161516,-0.5067760833181832
2003-03-27,868.52001953125,-0.0016451166510629,-0.16818446198889536
2003-03-28,863.5,-0.005796738526806,-0.5336994453819244
2003-03-31,848.1799926757812,-0.0179010288039513,-1.5993792187459812
2003-04-01,858.47998046875,0.0120704920851233,1.0393581922984867
2003-04-02,880.9000244140625,0.0257807789627531,2.246432302219334
2003-04-03,876.4500122070312,-0.0050644682342895,-0.46922927641682105
2003-04-04,878.8499755859375,0.0027345352829826,0.21740662791578338
2003-04-07,879.9299926757812,0.0012281436508096,0.08478166136134287
2003-04-08,878.2899780273438,-0.0018655403207805,-0.1875908907022131
2003-04-09,865.989990234375,-0.0141034603345602,-1.2650356254304345
2003-04-10,871.5800170898438,0.0064343262346184,0.5431417427021666
2003-04-11,868.2999877929688,-0.00377041310138,-0.35529873202435563
2003-04-14,885.22998046875,0.0193102131772677,1.6767540375768273
2003-04-15,890.8099975585938,0.0062836822586094,0.5298788223213615
2003-04-16,879.9099731445312,-0.0123115594498681,-1.1072739983571707
2003-04-17,893.5800170898438,0.0154162862569044,1.3339269024886864
2003-04-21,892.010009765625,-0.0017585310235839,-0.1781696325389287
2003-04-22,911.3699951171876,0.021471602310612,1.8670459612696153
2003-04-23,919.02001953125,0.008358949618775,0.7125884566257267
2003-04-24,911.4299926757812,-0.0082931195123263,-0.7534845514862233
2003-04-25,898.8099975585938,-0.0139431231657276,-1.2509193018929872
2003-04-28,914.8400268554688,0.0176775524738088,1.5330121536162566
2003-04-29,917.8400268554688,0.0032738967977801,0.2648928203062597
2003-04-30,916.9199829101562,-0.0010029039411492,-0.11164309694541286
2003-05-01,916.2999877929688,-0.000676400160084,-0.08289721697713016
2003-05-02,930.0800170898438,0.0149268136785591,1.2908330064885354
2003-05-05,926.5499877929688,-0.0038026246923319,-0.35813468854550173
2003-05-06,934.3900146484376,0.0084259280036027,0.7184853335453298
2003-05-07,929.6199951171876,-0.0051180303952298,-0.47394496897085076
2003-05-08,920.27001953125,-0.0101087687726515,-0.913337020978413
2003-05-09,933.4099731445312,0.0141773917364096,1.224852780702651
2003-05-12,945.1099853515624,0.0124567891293212,1.0733683603534712
2003-05-13,942.2999877929688,-0.002977625078552,-0.285500491801358
2003-05-14,939.280029296875,-0.0032100267454691,-0.305961481257078
2003-05-15,946.6699829101562,0.0078368900423795,0.666625552703457
2003-05-16,944.2999877929688,-0.0025066462131606,-0.24403480987887025
2003-05-19,920.77001953125,-0.0252336016180665,-2.2449498681442406
2003-05-20,919.72998046875,-0.0011301702506951,-0.12284781269564854
2003-05-21,923.4199829101562,0.0040040229440094,0.32917421543356795
2003-05-22,931.8699951171876,0.0091091643211145,0.7786384782013904
2003-05-23,933.219970703125,0.0014476254190736,0.1041051636655428
2003-05-27,951.47998046875,0.0193777063876865,1.6826962405094952
2003-05-28,953.219970703125,0.0018270496802683,0.13751024165200318
2003-05-29,949.6400146484376,-0.0037627153926242,-0.35462101426193604
2003-05-30,963.5900268554688,0.0145829399742662,1.2605578525665704
2003-06-02,967.0,0.0035325746463072,0.2876672039901312
2003-06-03,971.5599975585938,0.0047045291089418,0.39084782321995887
2003-06-04,986.239990234375,0.014996698227585,1.2969857464396077
2003-06-05,990.1400146484376,0.003946639276501,0.3241220717403012
2003-06-06,987.760009765625,-0.0024065989201966,-0.23522649695424766
2003-06-09,975.9299926757812,-0.0120489081214651,-1.0841497835773273
2003-06-10,984.8400268554688,0.0090883636738245,0.776807158183257
2003-06-11,997.47998046875,0.0127528601586206,1.0994348954562512
2003-06-12,998.510009765625,0.0010320987513452,0.06752157594973678
2003-06-13,988.6099853515624,-0.009964276289371,-0.9006156871943154
2003-06-16,1010.739990234375,0.0221381038476673,1.9257257508890857
2003-06-17,1011.6599731445312,0.0009097933052535,0.056753622018700364
2003-06-18,1010.0900268554688,-0.0015530571085644,-0.16007940253150288
2003-06-19,994.7000122070312,-0.0153535449329949,-1.375094938371827
2003-06-20,995.6900024414062,0.0009947701794397,0.0642351127918457
2003-06-23,981.6400146484376,-0.0142113093247653,-1.2745308114188538
2003-06-24,983.4500122070312,0.0018421528232437,0.1388399448906556
2003-06-25,975.3200073242188,-0.0083011803202737,-0.7541942370431483
2003-06-26,985.8200073242188,0.0107081597978515,0.919416425379068
2003-06-27,976.219970703125,-0.0097858487482849,-0.8849066602961778
2003-06-30,974.5,-0.001763421890037,-0.17860023171772849
2003-07-01,982.3200073242188,0.0079926093606834,0.6803353137913779
2003-07-02,993.75,0.011568537660243,0.9951653759087858
2003-07-03,985.7000122070312,-0.0081336049130245,-0.7394406481973895
2003-07-07,1004.4199829101562,0.0188134614005281,1.6330192700908233
2003-07-08,1007.8400268554688,0.0033992100641331,0.275925587220213
2003-07-09,1002.2100219726562,-0.0056018700718372,-0.5165429358987488
2003-07-10,988.7000122070312,-0.0135719011987065,-1.2182363661218776
2003-07-11,998.1400146484376,0.009502600460288,0.8132771828282368
2003-07-14,1003.8599853515624,0.0057142719955916,0.4797470933103907
2003-07-15,1000.4199829101562,-0.0034326599813585,-0.3255624434724254
2003-07-16,994.0900268554688,-0.0063474008916903,-0.5821805814728226
2003-07-17,981.72998046875,-0.0125114712616589,-1.1248745324987115
2003-07-18,993.3200073242188,0.0117365737251287,1.0099595217400783
2003-07-21,978.7999877929688,-0.0147255561988446,-1.3198058733740972
2003-07-22,988.1099853515624,0.0094666936610661,0.8101158946584318
2003-07-23,988.6099853515624,0.000505888560923,0.021193245776607396
2003-07-24,981.5999755859376,-0.0071160327940802,-0.6498520808159822
2003-07-25,998.6799926757812,0.0172505311558222,1.4954165597438247
2003-07-28,996.52001953125,-0.0021651703840603,-0.2139707684660486
2003-07-29,989.280029296875,-0.0072917938721621,-0.66532634833336
2003-07-30,987.489990234375,-0.001811075172216,-0.1827956977706582
2003-07-31,990.3099975585938,0.0028516627087107,0.22771870120935897
2003-08-01,980.1500244140624,-0.0103123768761648,-0.9312629821573869
2003-08-04,982.8200073242188,0.0027203518276346,0.2161578953478512
2003-08-05,965.4600219726562,-0.0178213034547072,-1.5923600800630429
2003-08-06,967.0800170898438,0.0016765453381557,0.12425961484774507
2003-08-07,974.1199951171876,0.0072532545305055,0.615241411561744
2003-08-08,977.5900268554688,0.0035558923770215,0.2897201317879632
2003-08-11,980.5900268554688,0.0030640720105878,0.24641953302204336
2003-08-12,990.3499755859376,0.0099039326371919,0.8486110663962967
2003-08-13,984.030029296875,-0.0064019771865924,-0.5869855598937496
2003-08-14,990.510009765625,0.0065635576932603,0.5545194731104535
2003-08-15,990.6699829101562,0.0001614927926487,-0.00912787143710288
2003-08-18,999.739990234375,0.0091137707574766,0.7790440357306615
2003-08-19,1002.3499755859376,0.0026072622855481,0.2062013233538582
2003-08-20,1000.2999877929688,-0.0020472759058955,-0.20359116273164543
2003-08-21,1003.27001953125,0.0029647418387135,0.23767435650797009
2003-08-22,993.0599975585938,-0.0102288809044424,-0.9239118722463874
2003-08-25,993.7100219726562,0.0006543529758005,0.034264274343892835
2003-08-26,996.72998046875,0.0030344655550527,0.24381293650937289
2003-08-27,996.7899780273438,6.019258383282988e-05,-0.018046492942443055
2003-08-28,1002.8400268554688,0.0060511867440373,0.5094095703780919
2003-08-29,1008.010009765625,0.0051420983242893,0.42937206971155795
2003-09-02,1021.989990234375,0.0137735975194184,1.1893021354523963
2003-09-03,1026.27001953125,0.0041791916123168,0.34459632631063286
2003-09-04,1027.969970703125,0.0016550661733827,0.12236855713818573
2003-09-05,1021.3900146484376,-0.0064214961865314,-0.5887040417671199
2003-09-08,1031.6400146484375,0.009985324149893,0.855776896595597
2003-09-09,1023.1699829101562,-0.008244148822647,-0.7491730989116387
2003-09-10,1010.9199829101562,-0.0120448439412372,-1.083791967087057
2003-09-11,1016.4199829101562,0.0054258423214115,0.45435331451180344
2003-09-12,1018.6300048828124,0.00217195926853,0.1678765963439286
2003-09-15,1014.8099975585938,-0.0037571915703331,-0.3541346887069056
2003-09-16,1029.3199462890625,0.0141969374145407,1.2265736113638528
2003-09-17,1025.969970703125,-0.0032598598619451,-0.31034886317342547
2003-09-18,1039.5799560546875,0.0131782651597243,1.1368881863790663
2003-09-19,1036.300048828125,-0.0031600188336513,-0.30155871009807605
2003-09-22,1022.8200073242188,-0.0130931987562235,-1.1760906889500957
2003-09-23,1029.030029296875,0.006053113846697,0.509579235371133
2003-09-24,1009.3800048828124,-0.0192803536018333,-1.7208170316492075
2003-09-25,1003.27001953125,-0.0060716011700829,-0.557898762540291
2003-09-26,996.8499755859376,-0.006419680828853,-0.5885442149689354
2003-09-29,1006.5800170898438,0.0097134594598848,0.831841523715399
2003-09-30,995.969970703125,-0.0105966350238899,-0.9562894935437294
2003-10-01,1018.219970703125,0.0220941477754497,1.9218557927167115
2003-10-02,1020.239990234375,0.0019819081376839,0.15114421126307273
2003-10-03,1029.8499755859375,0.0093752526973061,0.8020652957959822
2003-10-06,1034.3499755859375,0.0043600496417077,0.36051933702496447
2003-10-07,1039.25,0.0047261126469786,0.39274807010736884
2003-10-08,1033.780029296875,-0.0052772833201419,-0.48796583405604554
2003-10-09,1038.72998046875,0.0047767784577343,0.3972087636703271
2003-10-10,1038.06005859375,-0.000645151301418,-0.08014602084265326
2003-10-13,1045.3499755859375,0.006998091228799,0.5927764538230125
2003-10-14,1049.47998046875,0.0039430505773152,0.3238061173103074
2003-10-15,1046.760009765625,-0.0025950962125245,-0.25182207977392124
2003-10-16,1050.0699462890625,0.0031570888837366,0.2546088772980487
2003-10-17,1039.3199462890625,-0.0102901759942177,-0.9293083833911512
2003-10-20,1044.6800537109375,0.0051440683700096,0.42954551547571734
2003-10-21,1046.030029296875,0.0012914040875635,0.09035120458603715
2003-10-22,1030.3599853515625,-0.0150938324056157,-1.352229460018267
2003-10-23,1033.77001953125,0.0033040915774726,0.2675512137554186
2003-10-24,1028.9100341796875,-0.0047123104101052,-0.4382247762212414
2003-10-27,1031.1300048828125,0.0021552703057992,0.16640727516826076
2003-10-28,1046.7900390625,0.0150730830264746,1.303710778085852
2003-10-29,1048.1099853515625,0.0012601522252628,0.08759974400708041
2003-10-30,1046.93994140625,-0.0011169605573737,-0.12168481158921124
2003-10-31,1050.7099609375,0.0035945212652261,0.29312107673265864
2003-11-03,1059.02001953125,0.0078778816703524,0.6702345167821248
2003-11-04,1053.25,-0.0054633487479707,-0.504347311897326
2003-11-05,1051.81005859375,-0.0013680765306034,-0.1437934364909791
2003-11-06,1058.050048828125,0.0059150921014232,0.49742759501429046
2003-11-07,1053.2099609375,-0.0045850310690935,-0.4270189131613161
2003-11-10,1047.1099853515625,-0.0058086319162065,-0.5347465571274835
2003-11-11,1046.5699462890625,-0.0005158754844192,-0.0687643850584505
2003-11-12,1058.530029296875,0.0113630818833971,0.9770767428132228
2003-11-13,1058.4100341796875,-0.0001133665703498,-0.03332689979486558
2003-11-14,1050.3499755859375,-0.0076443955753244,-0.6963699282963483
2003-11-17,1043.6300048828125,-0.0064183935236465,-0.5884308786981336
2003-11-18,1034.1500244140625,-0.0091251683211153,-0.8267393698750646
2003-11-19,1042.43994140625,0.0079842059983699,0.6795954692370337
2003-11-20,1033.6500244140625,-0.0084678117609566,-0.7688647176641863
2003-11-21,1035.280029296875,0.001575698721318,0.1153809282568384
2003-11-24,1052.0799560546875,0.016097165451856,1.3938725225581556
2003-11-25,1053.8900146484375,0.0017189789642211,0.1279955345896711
2003-11-26,1058.449951171875,0.0043174334438669,0.3567673433915688
2003-11-28,1058.199951171875,-0.0002362223444558,-0.044143305425268675
2003-12-01,1070.1199951171875,0.0112014818101027,0.9628492312829384
2003-12-02,1066.6199951171875,-0.003276021552697,-0.3117717625374787
2003-12-03,1064.72998046875,-0.001773538053813,-0.17949087386801438
2003-12-04,1069.719970703125,0.0046756770497653,0.3883076448881195
2003-12-05,1061.5,-0.0077139024374535,-0.7024894161295874
2003-12-08,1069.300048828125,0.0073212722829341,0.6212297959554747
2003-12-09,1060.1800537109375,-0.0085655187535964,-0.7774669870569707
2003-12-10,1059.050048828125,-0.0010664297270519,-0.11723600190501937
2003-12-11,1071.2099609375,0.0114164882468887,0.9817787187274478
2003-12-12,1074.1400146484375,0.0027315408358719,0.21714299232499562
2003-12-15,1068.0400390625,-0.0056951254520454,-0.524753278692072
2003-12-16,1075.1300048828125,0.0066163594481398,0.559168218380505
2003-12-17,1076.47998046875,0.0012548517363963,0.0871330810599239
2003-12-18,1089.1800537109375,0.0117287280827325,1.0092687796792683
2003-12-19,1088.6600341796875,-0.0004775553026359,-0.06539061908761924
2003-12-22,1092.93994140625,0.0039236457326916,0.3220976858412035
2003-12-23,1096.02001953125,0.002814195063169,0.2244199938010647
2003-12-24,1094.0400390625,-0.0018081522471753,-0.18253835908961097
2003-12-26,1095.8900146484375,0.0016895297846311,0.12540278488583387
2003-12-29,1109.47998046875,0.0123245875940467,1.0617291399676447
2003-12-30,1109.6400146484375,0.0001442321103111,-0.010647527659853405
2003-12-31,1111.9200439453125,0.002052638719892,0.1573714372376313
2004-01-02,1108.47998046875,-0.0030986004243986,-0.29615134172255203
2004-01-05,1122.219970703125,0.0123191503128605,1.061250433620593
2004-01-06,1123.6700439453125,0.0012913129621026,0.09034318176451717
2004-01-07,1126.3299560546875,0.0023643674208901,0.18481649711511755
2004-01-08,1131.9200439453125,0.0049508241414217,0.4125320053061617
2004-01-09,1121.8599853515625,-0.0089273356549446,-0.8093218868156182
2004-01-12,1127.22998046875,0.0047752694673972,0.3970759099099141
2004-01-13,1121.219970703125,-0.0053459264910831,-0.49400928122863447
2004-01-14,1130.52001953125,0.0082603690921612,0.7039092799987201
2004-01-15,1132.050048828125,0.001352470406549,0.09572757440918325
2004-01-16,1139.8299560546875,0.0068488983758756,0.5796412924834711
2004-01-20,1138.77001953125,-0.0009303402187708,-0.1052544785755547
2004-01-21,1147.6199951171875,0.0077414786871958,0.6582253946569745
2004-01-22,1143.93994140625,-0.003211835584894,-0.30612073417850033
2004-01-23,1141.550048828125,-0.0020913619918809,-0.20747256751009308
2004-01-26,1155.3699951171875,0.0120336039511306,1.0361105059514906
2004-01-27,1144.050048828125,-0.0098459937917052,-0.8902019196441907
2004-01-28,1128.47998046875,-0.0137030638061226,-1.2297841177491622
2004-01-29,1134.1099853515625,0.0049766122784626,0.41480243136237727
2004-01-30,1131.1300048828125,-0.0026310520745322,-0.2549876875045805
2004-02-02,1135.260009765625,0.0036445708176024,0.29752751398855093
2004-02-03,1136.030029296875,0.0006780459980966,0.0363502433724522
2004-02-04,1126.52001953125,-0.0084065020139059,-0.7634669160710302
2004-02-05,1128.5899658203125,0.0018357835172881,0.13827918169249714
2004-02-06,1142.760009765625,0.0124773618642954,1.0751796146313182
2004-02-09,1139.81005859375,-0.0025847643015683,-0.2509124429200356
2004-02-10,1145.5400390625,0.0050145423947265,0.4181418553829749
2004-02-11,1157.760009765625,0.0106109365690452,0.9108567472758711
2004-02-12,1152.1099853515625,-0.004892081107811,-0.4540520566319189
2004-02-13,1145.81005859375,-0.0054831694935799,-0.5060923599096495
2004-02-17,1156.989990234375,0.0097099350730145,0.831531231437604
2004-02-18,1151.8199462890625,-0.0044785432572611,-0.41764356734745567
2004-02-19,1147.06005859375,-0.00414105519837,-0.3879306151728682
2004-02-20,1144.1099853515625,-0.0025751688577333,-0.25006764573017326
2004-02-23,1140.989990234375,-0.002730731337194,-0.26376359849236425
2004-02-24,1139.0899658203125,-0.0016666300221777,-0.17007853127581632
2004-02-25,1143.6700439453125,0.0040127602123734,0.32994345757472426
2004-02-26,1144.9100341796875,0.001083632919439,0.07205872098817005
2004-02-27,1144.93994140625,2.612155982539832e-05,-0.021046156723728723
2004-03-01,1155.969970703125,0.0095876103021748,0.8207615761269247
2004-03-02,1149.0999755859375,-0.0059607869771651,-0.5481425156815108
2004-03-03,1151.030029296875,0.0016782131095398,0.12440644792840792
2004-03-04,1154.8699951171875,0.0033305601537501,0.26988154669711406
2004-03-05,1156.8599853515625,0.0017216463364899,0.12823037402344276
2004-03-08,1147.199951171875,-0.0083852773346366,-0.7615982636448619
2004-03-09,1140.5799560546875,-0.0057872818735935,-0.5328668675255169
2004-03-10,1123.8900146484375,-0.0147409714793136,-1.3211630576633377
2004-03-11,1106.780029296875,-0.0153409698217386,-1.37398780681708
2004-03-12,1120.5699462890625,0.0123825113607054,1.066828834795832
2004-03-15,1104.489990234375,-0.0144537553616386,-1.2958761221898616
2004-03-16,1110.699951171875,0.0056067221045896,0.4702782404620127
2004-03-17,1123.75,0.0116809035743346,1.0050582386145888
2004-03-18,1122.3199462890625,-0.0012733832323759,-0.13545649725012865
2004-03-19,1109.780029296875,-0.0112360996903175,-1.0125889167391227
2004-03-22,1095.4000244140625,-0.01304220822571,-1.171601406575239
2004-03-23,1093.949951171875,-0.0013246611737711,-0.13997108370777428
2004-03-24,1091.3299560546875,-0.0023978588407622,-0.23445700732225974
2004-03-25,1109.18994140625,0.0162328707457071,1.4058202190760263
2004-03-26,1108.06005859375,-0.0010191750233872,-0.11307562729909411
2004-03-29,1122.469970703125,0.0129207967557789,1.1142202840004356
2004-03-30,1127.0,0.0040276469387849,0.3312541071762374
2004-03-31,1126.2099609375,-0.0007012565260868,-0.08508560852112121
2004-04-01,1132.1700439453125,0.0052782054676123,0.44135514565641976
2004-04-02,1141.81005859375,0.0084785899282975,0.7231217679573195
2004-04-05,1150.5699462890625,0.0076426511446188,0.6495244703760655
2004-04-06,1148.1600341796875,-0.002096734294799,-0.20794555307348578
2004-04-07,1140.530029296875,-0.0066675984413357,-0.6103712514191741
2004-04-08,1139.3199462890625,-0.0010615462722602,-0.11680605525994603
2004-04-12,1145.199951171875,0.0051477055409323,0.42986573742973866
2004-04-13,1129.43994140625,-0.0138573688181811,-1.2433693612053542
2004-04-14,1128.1700439453125,-0.0011249928934669,-0.12239199044161761
2004-04-15,1128.8399658203125,0.0005936366181584,0.02891871563949731
2004-04-16,1134.6099853515625,0.0050984401286413,0.4255283370367483
2004-04-19,1135.8199462890625,0.0010658431120758,0.07049247980880895
2004-04-20,1118.1500244140625,-0.0156792540269217,-1.4037708528989186
2004-04-21,1124.0899658203125,0.0052982333088866,0.4431184266800471
2004-04-22,1139.9300537109375,0.0139931150962979,1.2086287904005248
2004-04-23,1140.5999755859375,0.0005875142056135,0.02837968930553623
2004-04-26,1135.530029296875,-0.0044548902418135,-0.4155611205815211
2004-04-27,1138.1099853515625,0.002269450876466,0.17645990294607636
2004-04-28,1122.4100341796875,-0.0138907892722119,-1.2463117478353671
2004-04-29,1113.8900146484375,-0.0076197831853086,-0.6942030167622196
2004-04-30,1107.300048828125,-0.0059337426943661,-0.5457614966788148
2004-05-03,1117.489990234375,0.0091604263623059,0.7831516647813732
2004-05-04,1119.550048828125,0.0018417722884791,0.13880644204229264
2004-05-05,1121.530029296875,0.0017669881618616,0.1322223359707914
2004-05-06,1113.989990234375,-0.0067456945933646,-0.6172469531488249
2004-05-07,1098.699951171875,-0.0138205377547997,-1.2401266994401159
2004-05-10,1087.1199951171875,-0.0105956251443775,-0.9562005822449041
2004-05-11,1095.449951171875,0.0076332000399199,0.6486923810190728
2004-05-12,1097.280029296875,0.0016692238134483,0.12361501689014376
2004-05-13,1096.43994140625,-0.0007659026155675,-0.09077714667902075
2004-05-14,1095.699951171875,-0.0006751305105909,-0.08278543514167522
2004-05-17,1084.0999755859375,-0.0106432567008143,-0.9603941355310797
2004-05-18,1091.489990234375,0.0067935991497689,0.5747726661208113
2004-05-19,1088.6800537109375,-0.00257772377633,-0.2502925845748931
2004-05-20,1089.18994140625,0.0004682443908698,0.017878996886978703
2004-05-21,1093.56005859375,0.0040042359653362,0.3291929701489679
2004-05-24,1095.4100341796875,0.0016902707190888,0.12546801786082706
2004-05-25,1113.050048828125,0.0159752851692385,1.3831420006536532
2004-05-26,1114.93994140625,0.0016965004687508,0.12601649431470474
2004-05-27,1121.280029296875,0.0056703767621311,0.4758824914729519
2004-05-28,1120.6800537109375,-0.0005352241592584,-0.07046787125594085
2004-06-01,1121.199951171875,0.0004638049040313,0.017488137842823232
2004-06-02,1124.989990234375,0.0033746412887394,0.2737625155824791
2004-06-03,1116.6400146484375,-0.0074499486423338,-0.6792505302369661
2004-06-04,1122.5,0.005234151229251,0.4374765447903087
2004-06-07,1140.4200439453125,0.0158383135087136,1.371082811324636
2004-06-08,1142.1800537109375,0.0015421099089785,0.11242371911016812
2004-06-09,1131.3299560546875,-0.0095448711322765,-0.8636906314887285
2004-06-10,1136.469970703125,0.0045330484311527,0.3757504085299254
2004-06-14,1125.2900390625,-0.0098861264223888,-0.8937352563200431
2004-06-15,1132.010009765625,0.0059540073625825,0.5008537526611333
2004-06-16,1133.56005859375,0.0013683523556657,0.09712584490235057
2004-06-17,1132.050048828125,-0.0013329830973702,-0.14070375827621115
2004-06-18,1135.02001953125,0.0026200975820058,0.20733136200188446
2004-06-21,1130.300048828125,-0.0041671617175271,-0.3902290720655613
2004-06-22,1134.4100341796875,0.0036295947057087,0.2962089947558383
2004-06-23,1144.06005859375,0.0084706682308368,0.7224243298951709
2004-06-24,1140.6500244140625,-0.0029850935899675,-0.28615803068801743
2004-06-25,1134.4300537109375,-0.0054679272699873,-0.5047504118059762
2004-06-28,1133.3499755859375,-0.0009525423036746,-0.10720918325189292
2004-06-29,1136.199951171875,0.0025114909792254,0.1977694746721175
2004-06-30,1140.8399658203125,0.0040754850507456,0.33546584591887985
2004-07-01,1128.93994140625,-0.0104857157385005,-0.946523994186971
2004-07-02,1125.3800048828125,-0.0031583267392925,-0.30140973558643525
2004-07-06,1116.2099609375,-0.0081817774345669,-0.743681828858482
2004-07-07,1118.3299560546875,0.0018974785253469,0.1437109022395445
2004-07-08,1109.1099853515625,-0.0082785831296128,-0.7522047466665301
2004-07-09,1112.81005859375,0.0033305218812769,0.26987817713147805
2004-07-12,1114.3499755859375,0.0013828527936485,0.09840248509433003
2004-07-13,1115.1400146484375,0.0007087173291013,0.03905059311006369
2004-07-14,1111.469970703125,-0.0032965335582142,-0.3135776701033345
2004-07-15,1106.68994140625,-0.0043099117155618,-0.4027969948491527
2004-07-16,1101.3900146484375,-0.0048004936788892,-0.4459885627581253
2004-07-19,1100.9000244140625,-0.0004449824807535,-0.06252285925646205
2004-07-20,1108.6700439453125,0.0070330890798446,0.5958577168393931
2004-07-21,1093.8800048828125,-0.013430125117174,-1.2057541884000433
2004-07-22,1096.8399658203125,0.0027022739357747,0.21456629077963182
2004-07-23,1086.199951171875,-0.0097479655036787,-0.8815713629262478
2004-07-26,1084.0699462890625,-0.001962894632788,-0.19616210956599556
2004-07-27,1094.8299560546875,0.0098766329026114,0.8462075570376706
2004-07-28,1095.4200439453125,0.0005388315533858,0.0240935959778891
2004-07-29,1100.4300537109375,0.004563169830571,0.3784023414702739
2004-07-30,1101.719970703125,0.0011715070503042,0.07979529056150612
2004-08-02,1106.6199951171875,0.0044377519145699,0.36736036104518405
2004-08-03,1099.68994140625,-0.0062820516618611,-0.5764271377896856
2004-08-04,1098.6300048828125,-0.0009643151419913,-0.1082456815001943
2004-08-05,1080.699951171875,-0.0164550193352068,-1.472070387938815
2004-08-06,1063.969970703125,-0.0156017666472427,-1.3969487483951286
2004-08-09,1065.219970703125,0.001174155597206,0.0800284725818831
2004-08-10,1079.0400390625,0.0128904700574006,1.1115502762333804
2004-08-11,1075.7900390625,-0.0030164814361448,-0.2889214634903329
2004-08-12,1063.22998046875,-0.011743885362887,-1.0572951248745246
2004-08-13,1064.800048828125,0.0014756076020079,0.10656875679532432
2004-08-16,1079.3399658203125,0.0135626775979211,1.1707324309102298
2004-08-17,1081.7099609375,0.0021933746536735,0.16976203879975935
2004-08-18,1095.1700439453125,0.0123665562793062,1.0654241256274135
2004-08-19,1091.22998046875,-0.0036041599868958,-0.34066155980624385
2004-08-20,1098.3499755859375,0.0065035489507287,0.5492362138960173
2004-08-23,1095.6800537109375,-0.0024338073383418,-0.23762196667768273
2004-08-24,1096.18994140625,0.000465253601396,0.017615683320000162
2004-08-25,1104.9599609375,0.0079686221543635,0.6782234443624949
2004-08-26,1105.0899658203125,0.0001176488199554,-0.012987960200125772
2004-08-27,1107.77001953125,0.0024222544933447,0.18991296133083493
2004-08-30,1099.1500244140625,-0.0078118271450771,-0.7111108534743361
2004-08-31,1104.239990234375,0.004620130653679,0.3834172573117238
2004-09-01,1105.9100341796875,0.0015112496841505,0.10970673887855861
2004-09-02,1118.31005859375,0.0111501131776741,0.9583266602514181
2004-09-03,1113.6300048828125,-0.004193715276342,-0.3925668869966277
2004-09-07,1121.300048828125,0.0068638157557767,0.5809546408639379
2004-09-08,1116.27001953125,-0.0044959823524859,-0.4191789313069543
2004-09-09,1118.3800048828125,0.001888426335717,0.14291393396033403
2004-09-10,1123.9200439453125,0.0049413996473699,0.41170225879023775
2004-09-13,1125.8199462890625,0.0016889976651999,0.12535593629728717
2004-09-14,1128.3299560546875,0.002227013208305,0.17272362733202362
2004-09-15,1120.3699951171875,-0.0070796409990592,-0.6466480928925006
2004-09-16,1123.5,0.002789829107507,0.22227477871507925
2004-09-17,1128.550048828125,0.0044848535186297,0.3715072565334976
2004-09-20,1122.199951171875,-0.0056426653382146,-0.5201346120096134
2004-09-21,1129.300048828125,0.0063070141613392,0.5319329978445801
2004-09-22,1113.56005859375,-0.0140358719539319,-1.2590850435705454
2004-09-23,1108.3599853515625,-0.0046807109467437,-0.4354427123263353
2004-09-24,1110.1099853515625,0.0015776642335421,0.11555397488522917
2004-09-27,1103.52001953125,-0.0059540079179791,-0.5475456771976719
2004-09-28,1110.06005859375,0.0059090323018482,0.4968940812196064
2004-09-29,1114.800048828125,0.0042609397238155,0.35179355200005347
2004-09-30,1114.5799560546875,-0.0001974475178485,-0.04072951184588639
2004-10-01,1131.5,0.0150665731837511,1.3031376418209926
2004-10-04,1135.1700439453125,0.0032382720742676,0.2617563665027153
2004-10-05,1134.47998046875,-0.0006080792108065,-0.07688213868050864
2004-10-06,1142.050048828125,0.006650556912394,0.5621790141497416
2004-10-07,1130.6500244140625,-0.0100322256874996,-0.906598053573502
2004-10-08,1122.1400146484375,-0.0075551206257111,-0.6885100285506668
2004-10-11,1124.3900146484375,0.0020030898523302,0.1530090810197368
2004-10-12,1121.8399658203125,-0.0022705154376954,-0.22324550414343475
2004-10-13,1113.6500244140625,-0.0073272330308142,-0.6684464647297664
2004-10-14,1103.2900390625,-0.0093462705073408,-0.846205536193959
2004-10-15,1108.199951171875,0.004440372959781,0.36759112177568437
2004-10-18,1114.02001953125,0.0052380788071637,0.43782233460896314
2004-10-19,1103.22998046875,-0.0097328891554413,-0.8802440187363018
2004-10-20,1103.6600341796875,0.0003897373349159,0.010967118562778202
2004-10-21,1106.489990234375,0.0025608737597133,0.20211720833625463
2004-10-22,1095.739990234375,-0.0097629089432205,-0.8828870056363581
2004-10-25,1094.800048828125,-0.0008581824090638,-0.09890159736283331
2004-10-26,1111.0899658203125,0.0147697419305927,1.2770041754755528
2004-10-27,1125.4000244140625,0.0127970649956967,1.1033267552578787
2004-10-28,1127.43994140625,0.0018109742197855,0.1360949341294812
2004-10-29,1130.199951171875,0.0024450410800191,0.1919191264150254
2004-11-01,1130.510009765625,0.0002743019680115,0.000804016652280206
2004-11-02,1130.56005859375,4.4270037300897513e-05,-0.019448337692611273
2004-11-03,1143.199951171875,0.0111181679058898,0.9555141508670865
2004-11-04,1161.6700439453125,0.016027357888424,1.3877265605336184
2004-11-05,1166.1700439453125,0.0038662497727957,0.3170444599078033
2004-11-08,1164.8900146484375,-0.0010982380490904,-0.12003645402942711
2004-11-09,1164.0799560546875,-0.0006956368150783,-0.08459084078036258
2004-11-10,1162.9100341796875,-0.0010055238556958,-0.11187375813052383
2004-11-11,1173.47998046875,0.0090481626230971,0.7732677977046784
2004-11-12,1184.1700439453125,0.0090684678605867,0.7750555011049245
2004-11-15,1183.81005859375,-0.000304044239181,-0.050114446214608525
2004-11-16,1175.4300537109375,-0.007104016316032,-0.6487941321622542
2004-11-17,1181.93994140625,0.0055230229084139,0.46290923836697134
2004-11-18,1183.550048828125,0.0013613312059481,0.09650769240695523
2004-11-19,1170.3399658203125,-0.0112241622260755,-1.0115379245787663
2004-11-22,1177.239990234375,0.0058784317577789,0.49419996366938856
2004-11-23,1176.93994140625,-0.0002549073039972,-0.045788357137800134
2004-11-24,1181.760009765625,0.0040870608120711,0.3364849932148735
2004-11-26,1182.6500244140625,0.000752842931309,0.04293547695567355
2004-11-29,1178.5699462890625,-0.0034559102806417,-0.3276094345064682
2004-11-30,1173.8199462890625,-0.0040384516790066,-0.378897248262625
2004-12-01,1191.3699951171875,0.0148405594196185,1.2832390528559905
2004-12-02,1190.3299560546875,-0.0008733586513249,-0.1002377363716494
2004-12-03,1191.1700439453125,0.0007055115897305,0.03876835503348775
2004-12-06,1190.25,-0.0007726851828824,-0.09137429402376154
2004-12-07,1177.0699462890625,-0.0111351149768204,-1.0036980719123076
2004-12-08,1182.81005859375,0.0048647588972379,0.4049546928147807
2004-12-09,1189.239990234375,0.005421426409419,0.4539645310322591
2004-12-10,1188.0,-0.0010432184818744,-0.11519244925270397
2004-12-13,1198.6800537109375,0.0089497752178706,0.7646056237727109
2004-12-14,1203.3800048828125,0.0039132719874022,0.3211843658302139
2004-12-15,1205.719970703125,0.0019426064338468,0.1476840306263754
2004-12-16,1203.2099609375,-0.0020839216956991,-0.20681751273470053
2004-12-17,1194.199951171875,-0.0075164886408476,-0.6851088109715021
2004-12-20,1194.6500244140625,0.0003768116475395,0.009829121763423087
2004-12-21,1205.449951171875,0.0089996248164663,0.7689944567994651
2004-12-22,1209.5699462890625,0.0034119794362474,0.2770498217906993
2004-12-23,1210.1300048828125,0.0004629157457971,0.017409855025424498
2004-12-27,1204.9200439453125,-0.0043145847203094,-0.40320841315839084
2004-12-28,1213.5400390625,0.0071285291665352,0.6042604044506054
2004-12-29,1213.449951171875,-7.423837018549762e-05,-0.029881994680356763
2004-12-30,1213.550048828125,8.248673778865623e-05,-0.016083682369414428
2004-12-31,1211.9200439453125,-0.0013440735740735,-0.14168018039011138
2005-01-03,1202.0799560546875,-0.0081525620478464,-0.7411096626276514
2005-01-04,1188.050048828125,-0.0117400043847162,-1.0569534377666652
2005-01-05,1183.739990234375,-0.0036344391932798,-0.34332738630727144
2005-01-06,1187.8900146484375,0.0034997268893883,0.28477523846820824
2005-01-07,1186.18994140625,-0.001432195683594,-0.14943858237419838
2005-01-10,1190.25,0.0034169283837073,0.27748553450798397
2005-01-11,1182.989990234375,-0.0061182454723818,-0.5620053964993652
2005-01-12,1187.699951171875,0.0039734990664497,0.3264868477172276
2005-01-13,1177.449951171875,-0.0086675809940901,-0.7864526989680374
2005-01-14,1184.52001953125,0.0059866040319374,0.5037236120593453
2005-01-18,1195.97998046875,0.009628270925436,0.8243413980569764
2005-01-19,1184.6300048828125,-0.0095354229837631,-0.8628588023987173
2005-01-20,1175.4100341796875,-0.0078134416848634,-0.7112529999657169
2005-01-21,1167.8699951171875,-0.0064354793204568,-0.5899351377381638
2005-01-24,1163.75,-0.0035340230516194,-0.3344865993931637
2005-01-25,1168.4100341796875,0.0039963298516152,0.3284969041025105
2005-01-26,1174.0699462890625,0.0048324196329385,0.40210749574165566
2005-01-27,1174.550048828125,0.0004088379957147,0.012648769234160605
2005-01-28,1171.3599853515625,-0.002719682678709,-0.26279085811678826
2005-01-31,1181.27001953125,0.0084246930228273,0.7183766039955005
2005-02-01,1189.4100341796875,0.00686726715863,0.5812585075199976
2005-02-02,1193.18994140625,0.0031729290996995,0.2560034735420973
2005-02-03,1189.8900146484375,-0.0027694655050192,-0.26717381241191507
2005-02-04,1203.030029296875,0.010982520503199,0.9435715511733316
2005-02-07,1201.719970703125,-0.0010895591835762,-0.11927235376229348
2005-02-08,1202.300048828125,0.0004825901045295,0.01914201491873234
2005-02-09,1191.989990234375,-0.0086122584574734,-0.7815820203133024
2005-02-10,1197.010009765625,0.004202617764653,0.346658799709802
2005-02-11,1205.300048828125,0.0069017502051709,0.5842944463797914
2005-02-14,1206.1400146484375,0.0006966508245467,0.03798824004808183
2005-02-15,1210.1199951171875,0.0032943342621285,0.26669216515641275
2005-02-16,1210.3399658203125,0.000181759423647,-0.0073435670099444295
2005-02-17,1200.75,-0.0079549220708656,-0.7237091442119404
2005-02-18,1201.5899658203125,0.0006992897479056,0.038220574797385366
2005-02-22,1184.1600341796875,-0.0146119599796046,-1.3098046927676414
2005-02-23,1190.800048828125,0.0055916998328573,0.4689556572482478
2005-02-24,1200.199951171875,0.0078627777259958,0.6689047429886759
2005-02-25,1211.3699951171875,0.0092637776022721,0.7922508621289479
2005-02-28,1203.5999755859375,-0.0064349010026694,-0.5898842217774178
2005-03-01,1210.4100341796875,0.0056421279380938,0.473395422862683
2005-03-02,1210.0799560546875,-0.000272736618105,-0.047358076549892575
2005-03-03,1210.469970703125,0.0003222529289743,0.0050256907894173945
2005-03-04,1222.1199951171875,0.0095783618669198,0.8199473300901182
2005-03-07,1225.31005859375,0.0026068694206831,0.20616673494506185
2005-03-08,1219.4300537109375,-0.0048103405278272,-0.4468554940283057
2005-03-09,1207.010009765625,-0.0102373453223183,-0.9246570922235289
2005-03-10,1209.25,0.0018540975449816,0.13989157601177774
2005-03-11,1200.0799560546875,-0.0076121481011108,-0.6935308125593108
2005-03-14,1206.8299560546875,0.0056088660916895,0.4704670002847205
2005-03-15,1197.75,-0.0075522539304397,-0.6882576404223931
2005-03-16,1188.0699462890625,-0.008114700226149,-0.7377762513625712
2005-03-17,1190.2099609375,0.0017996327677858,0.13509641577607717
2005-03-18,1189.6500244140625,-0.0004705625853755,-0.06477496982817174
2005-03-21,1183.780029296875,-0.0049464336027398,-0.45883733136932836
2005-03-22,1171.7099609375,-0.0102485462092563,-0.9256432350192036
2005-03-23,1172.530029296875,0.0006996454255911,0.03825188919142215
2005-03-24,1171.4200439453125,-0.0009471067214326,-0.10673062648242304
2005-03-28,1174.280029296875,0.0024384931401666,0.19134263602209511
2005-03-29,1165.3599853515625,-0.0076251791810113,-0.6946780882737138
2005-03-30,1181.4100341796875,0.0136786297313706,1.1809410297182787
2005-03-31,1180.5899658203125,-0.0006943847521814,-0.08448060729507305
2005-04-01,1172.9200439453125,-0.0065178809492634,-0.5971899000662989
2005-04-04,1176.1199951171875,0.0027244773167245,0.2165211095617933
2005-04-05,1181.3900146484375,0.0044708427855688,0.3702737306933914
2005-04-06,1184.0699462890625,0.0022658872536416,0.1761461562763495
2005-04-07,1191.1400146484375,0.0059532330669584,0.5007855825192815
2005-04-08,1181.199951171875,-0.0083800144915917,-0.7611349150919997
2005-04-11,1181.2099609375,8.474198803121169e-06,-0.022599856714731362
2005-04-12,1187.760009765625,0.0055298848027831,0.46351336978391394
2005-04-13,1173.7900390625,-0.0118313255056285,-1.06499348548602
2005-04-14,1162.050048828125,-0.0100521342630219,-0.9083508342624008
2005-04-15,1142.6199951171875,-0.0168618619627656,-1.507889419803106
2005-04-18,1145.97998046875,0.0029362822699345,0.2351687336162497
2005-04-19,1152.780029296875,0.0059162928136293,0.4975333075081563
2005-04-20,1137.5,-0.0133435700606669,-1.1981337521010096
2005-04-21,1159.949951171875,0.019543986803022,1.6973358163352832
2005-04-22,1152.1199951171875,-0.0067731393687058,-0.6196632321123972
2005-04-25,1162.0999755859375,0.0086249729608329,0.7360095485181687
2005-04-26,1151.8299560546875,-0.0088767484509073,-0.8048681139054145
2005-04-27,1156.3800048828125,0.0039424963921659,0.32375732602302115
2005-04-28,1143.219970703125,-0.0114456235739419,-1.0310357120243285
2005-04-29,1156.8499755859375,0.0118519564622063,1.0201179900421107
2005-05-02,1162.1600341796875,0.0045795989253338,0.37984878348236406
2005-05-03,1161.1700439453125,-0.0008522166554065,-0.09837636351104266
2005-05-04,1175.6500244140625,0.0123930515603474,1.0677568096963437
2005-05-05,1172.6300048828125,-0.002572113341297,-0.2497986335048556
2005-05-06,1171.3499755859375,-0.0010921846046327,-0.11950349974875077
2005-05-09,1178.8399658203125,0.0063739661724024,0.5378275527786118
2005-05-10,1166.219970703125,-0.0107631508697192,-0.9709497970214104
2005-05-11,1171.1099853515625,0.0041842802471094,0.3450443373090761
2005-05-12,1159.3599853515625,-0.0100838884121374,-0.9111465169218517
2005-05-13,1154.050048828125,-0.0045905790757858,-0.427507367947107
2005-05-16,1165.68994140625,0.0100355990912026,0.8602031774294158
2005-05-17,1173.800048828125,0.0069332546353733,0.5870681434135985
2005-05-18,1185.56005859375,0.0099688954813217,0.8543304921060424
2005-05-19,1191.0799560546875,0.0046451354452319,0.3856187164625692
2005-05-20,1189.280029296875,-0.0015123150380107,-0.15649240986031512
2005-05-23,1193.8599853515625,0.0038436362656391,0.31505353300256256
2005-05-24,1194.0699462890625,0.0001758518415968,-0.00786367934666472
2005-05-25,1190.010009765625,-0.0034058760803965,-0.32320434887510047
2005-05-26,1197.6199951171875,0.0063745313177276,0.5378773090161348
2005-05-27,1198.780029296875,0.000968147436553,0.06189120679188822
2005-05-31,1191.5,-0.0060913798534336,-0.559640107328627
2005-06-01,1202.219970703125,0.0089568057259317,0.765224600190629
2005-06-02,1204.2900390625,0.0017203908245111,0.12811983687583736
2005-06-03,1196.02001953125,-0.006890819980251,-0.6300240087105612
2005-06-06,1197.510009765625,0.0012450150268454,0.08626704247650986
2005-06-07,1197.260009765625,-0.0002087883169314,-0.041727972715521325
2005-06-08,1194.6700439453125,-0.0021655874330352,-0.21400748607995881
2005-06-09,1200.9300537109375,0.0052262679572478,0.4367824897627619
2005-06-10,1198.1099853515625,-0.0023509984096801,-0.23033134506268846
2005-06-13,1200.8199462890625,0.0022593090815217,0.17556700418949636
2005-06-14,1203.9100341796875,0.002570009619828,0.2029215430897678
2005-06-15,1206.5799560546875,0.0022152533117081,0.17168826849204005
2005-06-16,1210.9599609375,0.003623526250351,0.29567471889313246
2005-06-17,1216.9599609375,0.0049425124446242,0.41180023112059416
2005-06-20,1216.0999755859375,-0.000706916730218,-0.08558394133681059
2005-06-21,1213.6099853515625,-0.0020496200337474,-0.20379754324473226
2005-06-22,1213.8800048828125,0.0002224680912794,-0.0037595151817789094
2005-06-23,1200.72998046875,-0.0108921560852186,-0.9823076086459184
2005-06-24,1191.5699462890625,-0.007657968670772,-0.6975649238681049
2005-06-27,1190.68994140625,-0.0007387984219393,-0.08839085303754607
2005-06-28,1201.5699462890625,0.0090960684956602,0.7774855021918422
2005-06-29,1199.8499755859375,-0.0014324616711682,-0.14946200031703524
2005-06-30,1191.3299560546875,-0.0071262354410528,-0.6507503370759138
2005-07-01,1194.43994140625,0.0026071140527266,0.20618827271511742
2005-07-05,1204.989990234375,0.0087938528037954,0.7508779818301033
2005-07-06,1194.93994140625,-0.0083753341656382,-0.7607228522128722
2005-07-07,1197.8699951171875,0.0024490496555653,0.19227204738616674
2005-07-08,1211.8599853515625,0.0116113817978247,0.9989374376970143
2005-07-11,1219.43994140625,0.0062353315852998,0.5256219569129151
2005-07-12,1222.2099609375,0.0022689745298754,0.17641796468161886
2005-07-13,1223.2900390625,0.000883318908385,0.05442277662349004
2005-07-14,1226.5,0.0026206023564183,0.2073758030941911
2005-07-15,1227.9200439453125,0.0011571320950247,0.0785296980539222
2005-07-18,1221.1300048828125,-0.0055450532453322,-0.5115406977330433
2005-07-19,1229.3499755859375,0.0067088909926411,0.5673148335983637
2005-07-20,1235.199951171875,0.0047473061990919,0.39461398205228687
2005-07-21,1227.0400390625,-0.0066280638886802,-0.6068905704251375
2005-07-22,1233.6800537109375,0.0053968192352815,0.4517980787118373
2005-07-25,1229.030029296875,-0.0037763518915578,-0.3558215919711865
2005-07-26,1231.1600341796875,0.0017315779350903,0.1291047667803317
2005-07-27,1236.7900390625,0.0045625028725142,0.3783436214879751
2005-07-28,1243.719970703125,0.005587520020418,0.46858766032558413
2005-07-29,1234.1800537109375,-0.0077000395768758,-0.7012689092035006
2005-08-01,1235.3499755859375,0.0009474855123388,0.060072100160297515
2005-08-02,1244.1199951171875,0.007074137786164,0.599471706180837
2005-08-03,1245.0400390625,0.0007392405265855,0.04173790095154253
2005-08-04,1235.8599853515625,-0.0074006171302292,-0.6749073103177777
2005-08-05,1226.4200439453125,-0.0076676799911794,-0.6984199230042678
2005-08-08,1223.1300048828125,-0.0026862411261641,-0.25984661394211894
2005-08-09,1231.3800048828125,0.0067223446107131,0.5684993102037345
2005-08-10,1229.1300048828125,-0.0018288896352602,-0.18436410967295627
2005-08-11,1237.81005859375,0.0070371304596958,0.5962135259504847
2005-08-12,1230.3900146484375,-0.0060125322731803,-0.552698248737108
2005-08-15,1233.8699951171875,0.002824363312543,0.2253152216451006
2005-08-16,1219.3399658203125,-0.0118458667931724,-1.0662737221342986
2005-08-17,1220.239990234375,0.0007378519836267,0.04161565155800029
2005-08-18,1219.02001953125,-0.0010002794289762,-0.11141203097841477
2005-08-19,1219.7099609375,0.0005658202672567,0.02646972260925664
2005-08-22,1221.72998046875,0.0016547775416793,0.12234314557243323
2005-08-23,1217.5899658203125,-0.0033944039442888,-0.3221943248978716
2005-08-24,1209.5899658203125,-0.0065920361862357,-0.6037186377552497
2005-08-25,1212.3699951171875,0.0022956866031229,0.17876973545980557
2005-08-26,1205.0999755859375,-0.0060145867668053,-0.5528791294207779
2005-08-29,1212.280029296875,0.0059403774422035,0.4996537541376437
2005-08-30,1208.4100341796875,-0.0031974340479843,-0.30485280138453874
2005-08-31,1220.3299560546875,0.0098158037746474,0.8408520698659024
2005-09-01,1221.5899658203125,0.0010319829623908,0.06751138171745567
2005-09-02,1218.02001953125,-0.0029266553741287,-0.281013042986551
2005-09-06,1233.3900146484375,0.0125398821997118,1.0806839982301646
2005-09-07,1236.3599853515625,0.0024050791657064,0.18840081986314422
2005-09-08,1231.6700439453125,-0.0038005591470122,-0.3579528348541435
2005-09-09,1241.47998046875,0.0079331927913957,0.6751041903927477
2005-09-12,1240.56005859375,-0.0007412627537384,-0.08860781648546645
2005-09-13,1231.199951171875,-0.0075736739218887,-0.6901434884242318
2005-09-14,1227.1600341796875,-0.0032866794553649,-0.31271010018798173
2005-09-15,1227.72998046875,0.0004643355066029,0.017534852884787875
2005-09-16,1237.9100341796875,0.0082575813959486,0.7036638470654353
2005-09-19,1231.02001953125,-0.0055813914408071,-0.5147399666725258
2005-09-20,1221.3399658203125,-0.0078945212311793,-0.718391364179068
2005-09-21,1210.199951171875,-0.0091629937998307,-0.8300695814497923
2005-09-22,1214.6199951171875,0.0036456717931692,0.2976244455199041
2005-09-23,1215.2900390625,0.0005514969302318,0.02520867464981259
2005-09-26,1215.6300048828125,0.0002797013611175,0.0012793872762291328
2005-09-27,1215.6600341796875,2.4702356686390203e-05,-0.021171105485275808
2005-09-28,1216.8900146484375,0.0010112684622161,0.06568764621986894
2005-09-29,1227.6800537109375,0.008827817434815,0.7538682786140217
2005-09-30,1228.81005859375,0.0009200158851507,0.05765363320304989
2005-10-03,1226.699951171875,-0.0017186718302033,-0.1746603696911502
2005-10-04,1214.469970703125,-0.0100198537435494,-0.9055088091714724
2005-10-05,1196.3900146484375,-0.0149990419345336,-1.3438839655343335
2005-10-06,1191.489990234375,-0.004104085030943,-0.3846757064799375
2005-10-07,1195.9000244140625,0.0036944438643393,0.30191841142463666
2005-10-10,1187.3299560546875,-0.0071920086354522,-0.6565411072322879
2005-10-11,1184.8699951171875,-0.0020739919651937,-0.20594328444768223
2005-10-12,1177.6800537109375,-0.0060866127317487,-0.5592204028238239
2005-10-13,1176.8399658203125,-0.0007135959085546,-0.0861719861616646
2005-10-14,1186.5699462890625,0.0082338957713794,0.7015785293437881
2005-10-17,1190.0999755859375,0.0029705697541047,0.23818745487318407
2005-10-18,1178.1400146484375,-0.0101003805897557,-0.9125985128426479
2005-10-19,1195.760009765625,0.0148450385600931,1.2836334030654242
2005-10-20,1177.800048828125,-0.0151336416769067,-1.3557343276508025
2005-10-21,1179.5899658203125,0.00151855851177,0.11035021896559952
2005-10-24,1199.3800048828125,0.0166378691830253,1.441476885680344
2005-10-25,1196.5400390625,-0.0023706693865319,-0.23206320721018311
2005-10-26,1191.3800048828125,-0.0043217880969663,-0.4038426091853711
2005-10-27,1178.9000244140625,-0.0105304821715561,-0.9504652977364312
2005-10-28,1198.4100341796875,0.0164138857010121,1.4217570457819395
2005-10-31,1207.010009765625,0.0071505284498289,0.6061972541706477
2005-11-01,1202.760009765625,-0.0035273112139897,-0.33389567919542357
2005-11-02,1214.760009765625,0.0099276104936789,0.8506957002043982
2005-11-03,1219.93994140625,0.0042550947222137,0.3512789493393688
2005-11-04,1220.1400146484375,0.0001639890874391,-0.008908093919745556
2005-11-07,1222.81005859375,0.0021859186053232,0.16910559717995266
2005-11-08,1218.5899658203125,-0.0034571122587987,-0.3277152584565397
2005-11-09,1220.6500244140625,0.0016890991389004,0.12536487019325918
2005-11-10,1230.9599609375,0.008410797282881,0.7171532023207522
2005-11-11,1234.719970703125,0.0030498789659878,0.24516995620205975
2005-11-14,1233.760009765625,-0.0007777749817607,-0.0918224075100464
2005-11-15,1229.010009765625,-0.0038574498246255,-0.36296157498159587
2005-11-16,1231.2099609375,0.0017884187466492,0.13410911662596375
2005-11-17,1242.800048828125,0.0093695438856844,0.8015626835043157
2005-11-18,1248.27001953125,0.0043916705227253,0.3633032865622648
2005-11-21,1254.8499755859375,0.0052574157240385,0.43952478561772695
2005-11-22,1261.22998046875,0.0050713957173167,0.42314730671846673
2005-11-23,1265.6099853515625,0.0034667880268317,0.28187525187002943
2005-11-25,1268.25,0.002083789648192,0.16011401143659154
2005-11-28,1257.4599609375,-0.0085442151885626,-0.775591389410413
2005-11-29,1257.47998046875,1.5920484558229475e-05,-0.02194427460836938
2005-11-30,1249.47998046875,-0.0063822536299555,-0.5852490685435354
2005-12-01,1264.6700439453125,0.012083804199622,1.040530210718167
2005-12-02,1265.0799560546875,0.0003240732190628,0.005185951844345348
2005-12-05,1262.0899658203125,-0.0023662766825758,-0.23167646700078556
2005-12-06,1263.699951171875,0.0012748372766697,0.08889263784032674
2005-12-07,1257.3699951171875,-0.0050216531007993,-0.4654597681920771
2005-12-08,1255.8399658203125,-0.0012175898629092,-0.13054436576888392
2005-12-09,1259.3699951171875,0.0028069478647454,0.2237819396403702
2005-12-12,1260.4300537109375,0.0008413831540163,0.050730690248474014
2005-12-13,1267.4300537109375,0.0055382953129852,0.46425384364903377
2005-12-14,1272.739990234375,0.0041807785824543,0.3447360455290045
2005-12-15,1270.93994140625,-0.0014153110273094,-0.14795203204611534
2005-12-16,1267.3199462890625,-0.0028523458839302,-0.2744707246134483
2005-12-19,1259.9200439453125,-0.0058561304191,-0.5389283961812157
2005-12-20,1259.6199951171875,-0.0002381774648476,-0.04431543714124106
2005-12-21,1262.7900390625,0.0025135053946883,0.19794682681460682
2005-12-22,1268.1199951171875,0.0042118952172804,0.34747560047936304
2005-12-23,1268.6600341796875,0.0004257673621061,0.014139255906745522
2005-12-27,1256.5400390625,-0.0095993092299027,-0.8684834428153204
2005-12-28,1258.1700439453125,0.0012963761684554,0.09078895400518586
2005-12-29,1254.4200439453125,-0.0029849698145838,-0.2861471333185865
2005-12-30,1248.2900390625,-0.0048987033560585,-0.45463508924679935
2006-01-03,1268.800048828125,0.0162969643413788,1.4114631148547627
2006-01-04,1273.4599609375,0.0036659643862559,0.2994110356880559
2006-01-05,1273.47998046875,1.572045804820732e-05,-0.021961885240714317
2006-01-06,1285.449951171875,0.0093555183842175,0.8003278574317136
2006-01-09,1290.1500244140625,0.0036496959962182,0.2979787423597053
2006-01-10,1289.68994140625,-0.0003566756223527,-0.05474819170534225
2006-01-11,1294.1800537109375,0.003475497476943,0.28264204485071837
2006-01-12,1286.06005859375,-0.0062940048751594,-0.5774795165204533
2006-01-13,1287.6099853515625,0.001204448836658,0.08269553457515216
2006-01-17,1282.9300537109375,-0.0036412090379522,-0.34392341353158673
2006-01-18,1277.9300537109375,-0.0039049429830875,-0.36714294350360593
2006-01-19,1285.0400390625,0.0055482532633197,0.46513055645190476
2006-01-20,1261.489990234375,-0.0184963224099918,-1.651789755889835
2006-01-23,1263.8199462890625,0.0018452837666602,0.1391155978198332
2006-01-24,1266.8599853515625,0.0024025484114442,0.18817800848248245
2006-01-25,1264.6800537109375,-0.0017222182116816,-0.17497259840704552
2006-01-26,1273.8299560546875,0.0072089075354897,0.6113370359630318
2006-01-27,1283.719970703125,0.007734014372505,0.6575682252562184
2006-01-30,1285.18994140625,0.0011444316179671,0.07741152910700641
2006-01-31,1280.0799560546875,-0.0039839800993002,-0.3741014891237431
2006-02-01,1282.4599609375,0.0018575363851853,0.14019433663342554
2006-02-02,1270.8399658203125,-0.0091020057755883,-0.82470010481263
2006-02-03,1264.030029296875,-0.0053730194603627,-0.4963945866617137
2006-02-06,1265.02001953125,0.0007828949730752,0.045581303544862395
2006-02-07,1254.780029296875,-0.008127666010111,-0.7389177783251393
2006-02-08,1265.6500244140625,0.0086255617332886,0.7360613849235083
2006-02-09,1263.780029296875,-0.0014785903687126,-0.15352323966433623
2006-02-10,1266.989990234375,0.0025367478151654,0.1999931241868068
2006-02-13,1262.8599853515625,-0.0032650225045891,-0.31080338993351203
2006-02-14,1275.530029296875,0.0099828230439857,0.8555566955003306
2006-02-15,1280.0,0.0034982764518369,0.2846475397823982
2006-02-16,1289.3800048828125,0.0073014085390754,0.6194809623131198
2006-02-17,1287.239990234375,-0.0016611026418837,-0.16959189246890263
2006-02-21,1283.030029296875,-0.0032758929376539,-0.3117604390772143
2006-02-22,1292.6700439453125,0.00748538990252,0.6356789560169763
2006-02-23,1287.7900390625,-0.0037822795497417,-0.35634347184066767
2006-02-24,1289.4300537109375,0.0012727006703121,0.0887045278291818
2006-02-27,1294.1199951171875,0.0036306217950352,0.2962994212323708
2006-02-28,1280.6600341796875,-0.0104553269774365,-0.9438485223284809
2006-03-01,1291.239990234375,0.0082273926932998,0.7010059886482695
2006-03-02,1289.1400146484375,-0.0016276486762221,-0.166646555424921
2006-03-03,1287.22998046875,-0.001482733095977,-0.1538879715528775
2006-03-06,1278.260009765625,-0.0069928218699271,-0.6390044072456142
2006-03-07,1275.8800048828125,-0.0018636453428637,-0.18742405401946122
2006-03-08,1278.469970703125,0.0020278871201151,0.15519226946846032
2006-03-09,1272.22998046875,-0.0048927767296982,-0.45411330022060725
2006-03-10,1281.4200439453125,0.0071976214935594,0.6103433959947994
2006-03-13,1284.1300048828125,0.0021125777270372,0.16264855684461646
2006-03-14,1297.47998046875,0.0103424565766223,0.8872193682204262
2006-03-15,1303.02001953125,0.0042607555805966,0.3517773397563539
2006-03-16,1305.3299560546875,0.0017711864963931,0.13259196360608388
2006-03-17,1307.25,0.0014698453814148,0.10606144229813953
2006-03-20,1305.0799560546875,-0.001661386180892,-0.16961685566618118
2006-03-21,1297.22998046875,-0.0060331010432186,-0.5545091539360837
2006-03-22,1305.0400390625,0.0060025147159503,0.5051244124156413
2006-03-23,1301.6700439453125,-0.002585632377503,-0.25098886962033545
2006-03-24,1302.949951171875,0.0009827977455314,0.06318104184990012
2006-03-27,1301.6099853515625,-0.0010289384550095,-0.11393521438435708
2006-03-28,1293.22998046875,-0.0064589987257219,-0.5920058212643093
2006-03-29,1302.8900146484375,0.0074419354889663,0.631853164621754
2006-03-30,1300.25,-0.002028331583161,-0.20192327629667148
2006-03-31,1294.8699951171875,-0.0041462534298419,-0.3883882752264549
2006-04-03,1297.81005859375,0.002267973429725,0.1763298263309212
2006-04-04,1305.9300537109375,0.0062371981004565,0.5257862876918067
2006-04-05,1311.56005859375,0.0043018413240023,0.35539458989812805
2006-04-06,1309.0400390625,-0.0019232391163139,-0.19267077873691368
2006-04-07,1295.5,-0.0103973529590453,-0.938744403262798
2006-04-10,1296.6199951171875,0.0008641538115483,0.05273545290720425
2006-04-11,1286.5699462890625,-0.0077811541263788,-0.7084103551496623
2006-04-12,1288.1199951171875,0.001204066548337,0.08266187734106781
2006-04-13,1289.1199951171875,0.0007760240055052,0.04497637330978576
2006-04-17,1285.3299560546875,-0.0029443507331157,-0.28257096878997195
2006-04-18,1307.280029296875,0.0169332046460262,1.4674786604288754
2006-04-19,1309.9300537109375,0.0020250765018055,0.15494481843956004
2006-04-20,1311.4599609375,0.0011672489722762,0.07942040301965549
2006-04-21,1311.280029296875,-0.0001372089048681,-0.03542601449421368
2006-04-24,1308.1099853515625,-0.0024204455810252,-0.23644557763025664
2006-04-25,1301.739990234375,-0.0048815125973344,-0.4531215892032945
2006-04-26,1305.4100341796875,0.0028153702971467,0.2245234631536933
2006-04-27,1309.719970703125,0.0032961576805394,0.2668527016335117
2006-04-28,1310.6099853515625,0.0006793149699388,0.03646196554651097
2006-05-01,1305.18994140625,-0.0041440873566891,-0.38819757091470164
2006-05-02,1313.2099609375,0.0061259127030455,0.5159885552864951
2006-05-03,1308.1199951171875,-0.0038835036433493,-0.36525539204952195
2006-05-04,1312.25,0.003152232936836,0.25418135248874446
2006-05-05,1325.760009765625,0.0102426661226857,0.8784336677869321
2006-05-08,1324.6600341796875,-0.0008300387341275,-0.0964237862362795
2006-05-09,1325.1400146484375,0.0003622767493061,0.008549447639572478
2006-05-10,1322.8499755859375,-0.0017296437236282,-0.17562635155631579
2006-05-11,1305.9200439453125,-0.0128806746783585,-1.157379752088212
2006-05-12,1291.239990234375,-0.011304817461097,-1.0186389317927647
2006-05-15,1294.5,0.0025215307844028,0.19865339409746974
2006-05-16,1292.0799560546875,-0.001871231272629,-0.18809193059280352
2006-05-17,1270.3199462890625,-0.0169844939825454,-1.5186861257688304
2006-05-18,1261.81005859375,-0.006721550408602,-0.6151212631036639
2006-05-19,1267.030029296875,0.0041283576149622,0.34012082534860416
2006-05-22,1262.0699462890625,-0.0039224146258121,-0.3686811729935418
2006-05-23,1256.5799560546875,-0.0043594776106488,-0.40716085019576775
2006-05-24,1258.5699462890625,0.0015824032180074,0.11597120214724321
2006-05-25,1272.8800048828125,0.0113059403113116,0.9720459135621496
2006-05-26,1280.1600341796875,0.0057030433657203,0.47875850798548075
2006-05-30,1259.8699951171875,-0.0159765596575205,-1.4299460841418947
2006-05-31,1270.0899658203125,0.0080792000284137,0.6879588853556277
2006-06-01,1285.7099609375,0.0122233273698579,1.0528140387685214
2006-06-02,1288.219970703125,0.0019503332475387,0.14836431083078838
2006-06-05,1265.2900390625,-0.0179600220173385,-1.6045730692595626
2006-06-06,1263.8499755859375,-0.0011387773107429,-0.12360559110239983
2006-06-07,1256.1500244140625,-0.0061110913770088,-0.5613755392701381
2006-06-08,1257.9300537109375,0.0014160484463516,0.10132507988009014
2006-06-09,1252.300048828125,-0.0044856559701651,-0.41826978120237707
2006-06-12,1237.43994140625,-0.0119372174925924,-1.0743163739895973
2006-06-13,1223.68994140625,-0.0111738459303234,-1.0071080028381367
2006-06-14,1230.0400390625,0.0051758847821616,0.43234667986578657
2006-06-15,1256.1600341796875,0.0210127547396172,1.8266483366034534
2006-06-16,1251.5400390625,-0.0036846514409676,-0.34774814750109956
2006-06-19,1240.1300048828125,-0.0091586074677323,-0.8296834022282522
2006-06-20,1240.1199951171875,-8.071577966006771e-06,-0.024056571584726617
2006-06-21,1252.199951171875,0.009693820144399,0.8301124490817999
2006-06-22,1245.5999755859375,-0.0052846433977933,-0.48861382627235056
2006-06-23,1244.5,-0.0008834791118985,-0.10112875681840604
2006-06-26,1250.56005859375,0.00485765502067,0.4043292569240718
2006-06-27,1239.199951171875,-0.0091255271286003,-0.8267709598213183
2006-06-28,1246.0,0.0054724496476818,0.45845669304615827
2006-06-29,1272.8699951171875,0.0213357691851641,1.8550870102672614
2006-06-30,1270.199951171875,-0.0020998596049777,-0.2082207100440037
2006-07-03,1280.18994140625,0.0078341287007477,0.666382440066782
2006-07-05,1270.9100341796875,-0.0072752524377062,-0.6638700157670993
2006-07-06,1274.0799560546875,0.0024911088267076,0.19597499955804554
2006-07-07,1265.47998046875,-0.0067728336209347,-0.6196363136225104
2006-07-10,1267.3399658203125,0.0014687073896704,0.10596125180728919
2006-07-11,1272.4300537109375,0.0040083115136386,0.3295517875014761
2006-07-12,1258.5999755859375,-0.0109285276046682,-0.9855098114778467
2006-07-13,1242.280029296875,-0.0130515481927453,-1.1724237112065314
2006-07-14,1236.199951171875,-0.0049063057756866,-0.45530441761226237
2006-07-17,1234.489990234375,-0.0013841973303625,-0.1452127357510243
2006-07-18,1236.8599853515625,0.0019179767067623,0.14551559271085487
2006-07-19,1259.81005859375,0.0183850643312046,1.595302553018324
2006-07-20,1249.1300048828125,-0.0085136495493385,-0.7729003449348381
2006-07-21,1240.2900390625,-0.0071020581669509,-0.6486217337959576
2006-07-24,1260.9100341796875,0.0164884548800152,1.4283222275448069
2006-07-25,1268.8800048828125,0.006300915845494,0.5313960930200085
2006-07-26,1268.4000244140625,-0.0003783425313201,-0.05665577869385621
2006-07-27,1263.199951171875,-0.0041081376249909,-0.38503250290563595
2006-07-28,1278.550048828125,0.0120785161997174,1.0400646473178474
2006-07-31,1276.6600341796875,-0.0014793421532655,-0.15358942789789717
2006-08-01,1270.9200439453125,-0.0045062371124355,-0.42008177567112387
2006-08-02,1277.4100341796875,0.0050935350341712,0.4250964852021063
2006-08-03,1280.27001953125,0.0022363911697382,0.17354927704678794
2006-08-04,1279.3599853515625,-0.0007110670028831,-0.08594933753368583
2006-08-07,1275.77001953125,-0.0028100082388711,-0.27074325518250286
2006-08-08,1271.47998046875,-0.0033683722592652,-0.3199024565139305
2006-08-09,1265.949951171875,-0.0043587710409509,-0.4070986427454932
2006-08-10,1271.81005859375,0.0046183388619889,0.3832595052983053
2006-08-11,1266.739990234375,-0.003994465346949,-0.3750246259687952
2006-08-14,1268.2099609375,0.001159763227049,0.0787613468425043
2006-08-15,1285.5799560546875,0.0136035175554738,1.1743280416988389
2006-08-16,1295.4300537109375,0.0076327836317213,0.6486557198200639
2006-08-17,1297.47998046875,0.0015811787974744,0.11586340233690874
2006-08-18,1302.300048828125,0.0037080628575827,0.30311744790680667
2006-08-21,1297.52001953125,-0.0036772042352293,-0.3470924843980449
2006-08-22,1298.8199462890625,0.0010013533539874,0.06481470529990505
2006-08-23,1292.989990234375,-0.0044987603490209,-0.4194235102661532
2006-08-24,1296.06005859375,0.0023715801088535,0.18545151292341278
2006-08-25,1295.0899658203125,-0.0007487739494989,-0.08926911336553686
2006-08-28,1301.780029296875,0.0051524167859389,0.4302805224684267
2006-08-29,1304.280029296875,0.0019186056427527,0.14557096517370594
2006-08-30,1305.3699951171875,0.0008353349096585,0.050198193792350465
2006-08-31,1303.8199462890625,-0.0011881457810911,-0.12795206488048966
2006-09-01,1311.010009765625,0.0054994639948366,0.4608350764700805
2006-09-05,1313.25,0.0017071408854656,0.1269532924758111
2006-09-06,1300.260009765625,-0.0099407288712596,-0.8985425373753915
2006-09-07,1294.02001953125,-0.004810584977398,-0.4468770157331925
2006-09-08,1298.9200439453125,0.0037795167856353,0.30940835832861335
2006-09-11,1299.5400390625,0.0004772019651237,0.01866763508733746
2006-09-12,1313.0,0.0103042095666232,0.8838520444026347
2006-09-13,1318.0699462890625,0.003853909373543,0.3159579927480004
2006-09-14,1316.280029296875,-0.001358906207769,-0.14298606758821153
2006-09-15,1319.6600341796875,0.0025645550763115,0.20244131694140421
2006-09-18,1321.1800537109375,0.0011511637573802,0.07800423670404362
2006-09-19,1317.6400146484375,-0.0026830485553759,-0.2595655352472002
2006-09-20,1325.1800537109375,0.0057060710344423,0.4790250684564878
2006-09-21,1318.030029296875,-0.0054101199899028,-0.4996609726295579
2006-09-22,1314.780029296875,-0.0024688462733379,-0.24070684678635507
2006-09-25,1326.3699951171875,0.008776510314246,0.7493511231783848
2006-09-26,1336.3499755859375,0.0074961147332164,0.6366231861109527
2006-09-27,1336.5899658203125,0.0001795702412179,-0.007536305896858011
2006-09-28,1338.8800048828125,0.0017118783965646,0.1273703900204581
2006-09-29,1335.8499755859375,-0.0022656721352545,-0.22281909257122573
2006-10-02,1331.3199462890625,-0.0033968841772349,-0.32241268830649544
2006-10-03,1334.1099853515625,0.0020935009758709,0.1609690112129481
2006-10-04,1350.199951171875,0.011988301577432,1.0321220173882963
2006-10-05,1353.219970703125,0.002234222484696,0.17335834278039536
2006-10-06,1349.5899658203125,-0.002686098653359,-0.25983407042381484
2006-10-09,1350.6600341796875,0.0007925698845587,0.046433097185049725
2006-10-10,1353.4200439453125,0.0020413675958845,0.1563791106655769
2006-10-11,1349.949951171875,-0.0025672362166977,-0.2493692441793646
2006-10-12,1362.8299560546875,0.0094958692612729,0.8126845580252423
2006-10-13,1365.6199951171875,0.0020451465739919,0.15671181753568936
2006-10-16,1369.06005859375,0.0025158813634735,0.1981560106509622
2006-10-17,1364.050048828125,-0.0036661643184787,-0.34612051365780655
2006-10-18,1365.800048828125,0.0012821218580674,0.08953398325382947
2006-10-19,1366.9599609375,0.0008488942862783,0.05139198153804176
2006-10-20,1368.5999755859375,0.0011990341158503,0.08221881447747946
2006-10-23,1377.02001953125,0.0061334564554513,0.5166527185021862
2006-10-24,1377.3800048828125,0.0002613893046916,-0.0003328334897111645
2006-10-25,1382.219970703125,0.0035077336032669,0.2854801615026176
2006-10-26,1389.0799560546875,0.004950744808795,0.4125250207433574
2006-10-27,1377.3399658203125,-0.008487547836852,-0.7706023112285952
2006-10-30,1377.9300537109375,0.0004283339893831,0.014365225601146179
2006-10-31,1377.93994140625,7.175734218378693e-06,-0.022714175473841292
2006-11-01,1367.81005859375,-0.0073786242533495,-0.672971024627981
2006-11-02,1367.3399658203125,-0.0003437418597664,-0.05360948395246082
2006-11-03,1364.300048828125,-0.0022257092668214,-0.21930070201716112
2006-11-06,1379.780029296875,0.0112825750269331,0.9699887990687801
2006-11-07,1382.8399658203125,0.0022152433415971,0.17168739070859407
2006-11-08,1385.719970703125,0.0020805082697785,0.1598251139858568
2006-11-09,1378.3299560546875,-0.0053472494729511,-0.4941257585259376
2006-11-10,1380.9000244140625,0.0018628886470652,0.14066555775391756
2006-11-13,1384.4200439453125,0.0025458329201795,0.20079299038554588
2006-11-14,1393.219970703125,0.0063362827100394,0.5345098445354115
2006-11-15,1396.5699462890625,0.0024015981817582,0.18809434884335993
2006-11-16,1399.760009765625,0.0022816083299046,0.17753026328348448
2006-11-17,1401.199951171875,0.0010281771629614,0.06717631345814187
2006-11-20,1400.5,-0.0004996617758044,-0.0673369059641466
2006-11-21,1402.81005859375,0.0016480939092362,0.12175470860139825
2006-11-22,1406.0899658203125,0.002335368784049,0.18226341386701997
2006-11-24,1400.949951171875,-0.0036622353406023,-0.34577460058425935
2006-11-27,1381.9599609375,-0.0136477899701761,-1.2249177267740838
2006-11-28,1386.719970703125,0.0034384721766231,0.27938228217564864
2006-11-29,1399.47998046875,0.0091594998198738,0.7830700906034211
2006-11-30,1400.6300048828125,0.0008214137907014,0.04897255771163055
2006-12-01,1396.7099609375,-0.0028026958176257,-0.27009945870727664
2006-12-04,1409.1199951171875,0.0088459495397561,0.7554646561827859
2006-12-05,1414.760009765625,0.0039945196949666,0.32833753521074854
2006-12-06,1412.9000244140625,-0.0013155652358047,-0.13917026375975394
2006-12-07,1407.2900390625,-0.0039784501220792,-0.3736146216795022
2006-12-08,1409.8399658203125,0.0018103015833679,0.13603571421582647
2006-12-11,1413.0400390625,0.0022672409790365,0.17626534027962462
2006-12-12,1411.56005859375,-0.001047922221212,-0.1156065734810961
2006-12-13,1413.2099609375,0.0011681676879646,0.07950128811941624
2006-12-14,1425.489990234375,0.0086519224367398,0.73838222058065
2006-12-15,1427.0899658203125,0.0011217745187641,0.07541676429296937
2006-12-18,1422.47998046875,-0.0032355684964722,-0.30821021511896324
2006-12-19,1425.550048828125,0.0021559249845939,0.1664649140660059
2006-12-20,1423.530029296875,-0.0014180155098069,-0.14819013871978332
2006-12-21,1418.300048828125,-0.0036807171642774,-0.3474017679120806
2006-12-22,1410.760009765625,-0.0053304325532685,-0.49264517182934514
2006-12-26,1416.9000244140625,0.0043428306262871,0.35900334921974597
2006-12-27,1426.8399658203125,0.0069907810992626,0.5921328591132655
2006-12-28,1424.72998046875,-0.0014798765426649,-0.15363647633783056
2006-12-29,1418.300048828125,-0.0045233026296163,-0.42158424926231935
2007-01-03,1416.5999755859375,-0.001199388642525,-0.12894190317340176
2007-01-04,1418.3399658203125,0.0012275324972153,0.08472785448717247
2007-01-05,1409.7099609375,-0.0061031678324701,-0.5606779385884868
2007-01-08,1412.8399658203125,0.0022178570774977,0.17191750791649382
2007-01-09,1412.1099853515625,-0.0005168094993655,-0.06884661712770045
2007-01-10,1414.8499755859375,0.0019384718073371,0.14732001194036276
2007-01-11,1423.8199462890625,0.0063198616292234,0.533064108083153
2007-01-12,1430.72998046875,0.0048414270930585,0.4029005259680863
2007-01-16,1431.9000244140625,0.0008174608723257,0.048624536880810226
2007-01-17,1430.6199951171875,-0.0008943374184005,-0.10208473832142877
2007-01-18,1426.3699951171875,-0.0029751613757573,-0.2852835837319233
2007-01-19,1430.5,0.0028912815542447,0.23120680347416817
2007-01-22,1422.949951171875,-0.0052918863667832,-0.48925150806739254
2007-01-23,1427.989990234375,0.0035357071117871,0.2879429909240412
2007-01-24,1440.1300048828125,0.0084655364283978,0.7219725183527406
2007-01-25,1423.9000244140625,-0.0113337877307069,-1.0211895175475085
2007-01-26,1422.1800537109375,-0.0012086595354299,-0.1297581264152081
2007-01-29,1420.6199951171875,-0.0010975508115658,-0.11997594861252993
2007-01-30,1428.8199462890625,0.0057554986076455,0.4833767457381024
2007-01-31,1438.239990234375,0.0065712458415969,0.5551963491593042
2007-02-01,1445.93994140625,0.0053394515238318,0.44674733981378195
2007-02-02,1448.3900146484375,0.0016930162521955,0.12570973869136895
2007-02-05,1446.989990234375,-0.0009670748024879,-0.10848864612721844
2007-02-06,1448.0,0.0006977639370155,0.038086240130393086
2007-02-07,1450.02001953125,0.0013940689469249,0.09938997196121221
2007-02-08,1448.31005859375,-0.0011799630061508,-0.12723164116755764
2007-02-09,1438.06005859375,-0.0071023761133712,-0.6486497262731181
2007-02-12,1433.3699951171875,-0.0032667120978961,-0.3109521442488213
2007-02-13,1444.260009765625,0.0075687747329178,0.6430202808799558
2007-02-14,1455.300048828125,0.007615012063125,0.6470910844089496
2007-02-15,1456.81005859375,0.0010370554994532,0.06795797544771726
2007-02-16,1455.5400390625,-0.0008721613605295,-0.10013232510388578
2007-02-20,1459.6800537109375,0.0028402777834068,0.22671635540139903
2007-02-21,1457.6300048828125,-0.0014054379715542,-0.1470827934886529
2007-02-22,1456.3800048828125,-0.0008579243533688,-0.0988788777544741
2007-02-23,1451.18994140625,-0.0035700389567878,-0.3376574934132643
2007-02-26,1449.3699951171875,-0.001254893239734,-0.13382861071428376
2007-02-27,1399.0400390625,-0.0353426608431011,-3.134966523164467
2007-02-28,1406.8199462890625,0.0055454849527336,0.4648868302580968
2007-03-01,1403.1700439453125,-0.0025978059772997,-0.25206065150719814
2007-03-02,1387.1700439453125,-0.0114682618297496,-1.0330288178377325
2007-03-05,1374.1199951171875,-0.0094522095148414,-0.8555325644557332
2007-03-06,1395.4100341796875,0.0153747807178872,1.3302726929150184
2007-03-07,1391.969970703125,-0.0024683144867996,-0.2406600275061959
2007-03-08,1401.8900146484375,0.0071013477307833,0.6018673102973291
2007-03-09,1402.8399658203125,0.0006773922729204,0.0362926884327024
2007-03-12,1406.5999755859375,0.0026766986224968,0.21231460204500446
2007-03-13,1377.949951171875,-0.0205785755074057,-1.8351144249229694
2007-03-14,1387.1700439453125,0.006668880164959,0.5637922206404709
2007-03-15,1392.280029296875,0.0036769799595122,0.30038086319074014
2007-03-16,1386.949951171875,-0.0038356557012155,-0.36104278784377497
2007-03-19,1402.06005859375,0.0108355690427277,0.9306337253690163
2007-03-20,1410.93994140625,0.006313481911504,0.5325024282177772
2007-03-21,1435.0400390625,0.01693664320298,1.4677813961127792
2007-03-22,1434.5400390625,-0.0003484830473077,-0.0540269051765725
2007-03-23,1436.1099853515625,0.0010937916027593,0.07295310662256742
2007-03-26,1437.5,0.0009674345258661,0.061828441071482554
2007-03-27,1428.6099853515625,-0.0062035603687595,-0.5695166472505169
2007-03-28,1417.22998046875,-0.0079976848154936,-0.7274740400431019
2007-03-29,1422.530029296875,0.0037327485166898,0.30529081016103715
2007-03-30,1420.8599853515625,-0.0011746852375145,-0.12676697854336233
2007-04-02,1424.550048828125,0.0025936968668176,0.2050070036517272
2007-04-03,1437.77001953125,0.0092373070725102,0.7899203571995717
2007-04-04,1439.3699951171875,0.001112198740917,0.07457369852601978
2007-04-05,1443.760009765625,0.003045313970392,0.2447680471796757
2007-04-09,1444.6099853515625,0.0005885503670999,0.028470914508560343
2007-04-10,1448.3900146484375,0.0026132260269688,0.20672638004533675
2007-04-11,1438.8699951171875,-0.006594524912467,-0.6039377489253729
2007-04-12,1447.800048828125,0.0061871166861129,0.5213770452607811
2007-04-13,1452.8499755859375,0.003481931165326,0.2832084763738318
2007-04-16,1468.3299560546875,0.0105985428731569,0.9097655878007612
2007-04-17,1471.47998046875,0.002143013111473,0.16532813349431333
2007-04-18,1472.5,0.000692952791006,0.03766265965837597
2007-04-19,1470.72998046875,-0.0012027736577708,-0.1292399249654592
2007-04-20,1484.3499755859375,0.0092180866602964,0.7882281634349656
2007-04-23,1480.9300537109375,-0.0023066444703703,-0.22642635807797293
2007-04-24,1480.4100341796875,-0.0003512055496237,-0.05426659834194346
2007-04-25,1495.4200439453125,0.0100880337027087,0.864819598849163
2007-04-26,1494.25,-0.0007827245066183,-0.09225817106228588
2007-04-27,1494.0699462890625,-0.0001205049756327,-0.033955375645153586
2007-04-30,1482.3699951171875,-0.0078617487090628,-0.715506022441385
2007-05-01,1486.300048828125,0.0026476879873138,0.2097604624449867
2007-05-02,1495.9200439453125,0.0064515885385025,0.5446615416882901
2007-05-03,1502.3900146484375,0.004315751619413,0.35661927305767616
2007-05-04,1505.6199951171875,0.0021475870756333,0.16573083212249537
2007-05-07,1509.47998046875,0.0025604374591923,0.20207879578750607
2007-05-08,1507.719970703125,-0.0011666511956338,-0.12605964951087975
2007-05-09,1512.5799560546875,0.0032182165109126,0.2599906447857469
2007-05-10,1491.469970703125,-0.0140545818846558,-1.2607322937832366
2007-05-11,1505.8499755859375,0.0095953154624872,0.8214399499355035
2007-05-14,1503.1500244140625,-0.0017945841784525,-0.18134380607820458
2007-05-15,1501.18994140625,-0.0013048345448343,-0.13822551771851208
2007-05-16,1514.1400146484375,0.0085895428045734,0.7328902247058368
2007-05-17,1512.75,-0.0009184441716891,-0.10420713284377803
2007-05-18,1522.75,0.0065887242141631,0.5567351711545343
2007-05-21,1525.0999755859375,0.0015420549373725,0.11241887932796842
2007-05-22,1524.1199951171875,-0.0006427745534312,-0.07993676840422663
2007-05-23,1522.280029296875,-0.0012079608910857,-0.12969661672489646
2007-05-24,1507.510009765625,-0.0097499406529557,-0.8817452580151527
2007-05-25,1515.72998046875,0.0054378686345302,0.4554121290598105
2007-05-29,1518.1099853515625,0.0015689722581671,0.11478872040639321
2007-05-30,1530.22998046875,0.0079519076731306,0.6767518764998333
2007-05-31,1530.6199951171875,0.0002548407492426,-0.000909378080675666
2007-06-01,1536.3399658203125,0.0037300632600247,0.3050543961583351
2007-06-04,1539.1800537109375,0.0018468998282514,0.1392578782931877
2007-06-05,1530.949951171875,-0.0053614161226649,-0.49537301150076385
2007-06-06,1517.3800048828125,-0.0089032592423672,-0.8072021635347457
2007-06-07,1490.719970703125,-0.0177259615455289,-1.5839660361464767
2007-06-08,1507.6700439453125,0.0113062368277967,0.9720720193158456
2007-06-11,1509.1199951171875,0.0009612543562846,0.061284329721856386
2007-06-12,1493.0,-0.0107391776941705,-0.9688391628825551
2007-06-13,1515.6700439453125,0.0150700958615308,1.3034477836279017
2007-06-14,1522.969970703125,0.0048047420992167,0.3996707243830229
2007-06-15,1532.9100341796875,0.006505555530853,0.5494128762036073
2007-06-18,1531.050048828125,-0.001214105621254,-0.13023760793571543
2007-06-19,1533.699951171875,0.0017292784103801,0.12890231319437978
2007-06-20,1512.8399658203125,-0.0136944283818012,-1.2290238421094488
2007-06-21,1522.18994140625,0.0061613924415659,0.5191122443950442
2007-06-22,1502.56005859375,-0.0129796898274321,-1.1660971935249558
2007-06-25,1497.739990234375,-0.0032130603124347,-0.3062285610182507
2007-06-26,1492.8900146484375,-0.0032434502628655,-0.3089041375903682
2007-06-27,1506.3399658203125,0.0089689963237846,0.7662978786117174
2007-06-28,1505.7099609375,-0.0004183230074659,-0.060175719457214345
2007-06-29,1503.3499755859375,-0.0015685867913806,-0.16144665897405797
2007-07-02,1519.4300537109375,0.0106393648577496,0.9133596162231596
2007-07-03,1524.8699951171875,0.0035738574444801,0.291301803127579
2007-07-05,1525.4000244140625,0.0003475294310435,0.007251071739459675
2007-07-06,1530.43994140625,0.0032985507214169,0.26706338852234157
2007-07-09,1531.8499755859375,0.0009209018855544,0.0577316380003405
2007-07-10,1510.1199951171875,-0.0142870247254691,-1.281196908250202
2007-07-11,1518.760009765625,0.005705104242657,0.4789399506654354
2007-07-12,1547.699951171875,0.0188757075105625,1.6384995104779447
2007-07-13,1552.5,0.003096608437751,0.24928408860782802
2007-07-16,1549.52001953125,-0.0019213166689402,-0.19250152360219694
2007-07-17,1549.3699951171875,-9.682461363347272e-05,-0.03187052124801771
2007-07-18,1546.1700439453125,-0.0020674598107692,-0.20536818382738198
2007-07-19,1553.0799560546875,0.0044590940123052,0.36923935116826556
2007-07-20,1534.0999755859375,-0.0122961537901264,-1.105917661091114
2007-07-23,1541.5699462890625,0.0048574688316342,0.4043128645636003
2007-07-24,1511.0400390625,-0.0200031614596101,-1.7844541137436236
2007-07-25,1518.0899658203125,0.0046547619122065,0.3864662449759227
2007-07-26,1482.6600341796875,-0.0236151483184281,-2.102458825210848
2007-07-27,1458.949951171875,-0.0161208294826877,-1.4426478147735324
2007-07-30,1473.9100341796875,0.0102017913107266,0.8748349883643874
2007-07-31,1455.27001953125,-0.0127272929087878,-1.1438757922779528
2007-08-01,1465.81005859375,0.0072165668337129,0.6120113720048598
2007-08-02,1472.199951171875,0.0043498168025948,0.3596184226039598
2007-08-03,1433.06005859375,-0.0269457884166621,-2.3956933481588836
2007-08-06,1467.6700439453125,0.0238640801648672,2.0776832806930643
2007-08-07,1476.7099609375,0.0061404746545443,0.51727061122019
2007-08-08,1497.489990234375,0.013973752789071,1.2069241039872844
2007-08-09,1453.0899658203125,-0.0300980667075814,-2.6732246315080785
2007-08-10,1453.6400146484375,0.0003784657249807,0.009974749208924199
2007-08-13,1452.9200439453125,-0.0004954108659971,-0.06696264952314006
2007-08-14,1426.5400390625,-0.0183233954989878,-1.636565012670049
2007-08-15,1406.699951171875,-0.0140054582495308,-1.2564073756634462
2007-08-16,1411.27001953125,0.003243520983883,0.26221848833565825
2007-08-17,1445.93994140625,0.0242695665225198,2.1133829045315102
2007-08-20,1445.550048828125,-0.0002696828152997,-0.04708921519520454
2007-08-21,1447.1199951171875,0.0010854652755822,0.07222004435655412
2007-08-22,1464.0699462890625,0.0116448208805781,1.0018814644275555
2007-08-23,1462.5,-0.001072891793787,-0.11780493190058693
2007-08-24,1479.3699951171875,0.0114690180502607,0.9864035209810776
2007-08-27,1466.7900390625,-0.0085399519130984,-0.7752160442785255
2007-08-28,1432.3599853515625,-0.0237529428961655,-2.114590465398894
2007-08-29,1463.760009765625,0.0216850509809045,1.8858383006281372
2007-08-30,1457.6400146484375,-0.0041897747783128,-0.392219959671642
2007-08-31,1473.989990234375,0.0111543032908532,0.9586955640665805
2007-09-04,1489.4200439453125,0.0104138090770478,0.8935013488026317
2007-09-05,1472.2900390625,-0.0115677736314108,-1.0417899853092025
2007-09-06,1478.550048828125,0.004242872517798,0.35020288822934026
2007-09-07,1453.550048828125,-0.0170530370794876,-1.5247207622772556
2007-09-10,1451.699951171875,-0.0012736238921533,-0.13547768529595086
2007-09-11,1471.489990234375,0.0135402363950207,1.1687566739287512
2007-09-12,1471.56005859375,4.76161521048013e-05,-0.019153740753490668
2007-09-13,1483.949951171875,0.0083843161538093,0.714821764212329
2007-09-14,1484.25,0.000202175617602,-0.005546094836957822
2007-09-17,1476.6500244140625,-0.0051335689917122,-0.47531301018587563
2007-09-18,1519.780029296875,0.0287895816408063,2.5113317785726976
2007-09-19,1529.030029296875,0.006067959764235,0.5108862920985439
2007-09-20,1518.75,-0.0067459384752552,-0.6172684248743001
2007-09-21,1525.75,0.0045984643357455,0.3815097223587161
2007-09-24,1517.72998046875,-0.0052703077703659,-0.4873516962475353
2007-09-25,1517.2099609375,-0.0003426885186383,-0.053516746228152584
2007-09-26,1525.4200439453125,0.0053967146323143,0.45178886931055673
2007-09-27,1531.3800048828125,0.0038994820691842,0.3199702808582916
2007-09-28,1526.75,-0.0030279997338542,-0.28993555160384
2007-10-01,1547.0400390625,0.0132021598818248,1.138991913359304
2007-10-02,1546.6300048828125,-0.000265079453376,-0.04668392834407671
2007-10-03,1539.5899658203125,-0.0045622485372653,-0.4250131050718342
2007-10-04,1542.8399658203125,0.0021087267359831,0.1623095098472465
2007-10-05,1557.5899658203125,0.0095148812294745,0.8143584000680543
2007-10-08,1552.5799560546875,-0.0032216979939061,-0.3069890353808173
2007-10-09,1565.1500244140625,0.008063646659191,0.6865895435265085
2007-10-10,1562.469970703125,-0.0017137979492956,-0.1742312659451067
2007-10-11,1554.4100341796875,-0.0051718092939996,-0.4786797434467224
2007-10-12,1561.800048828125,0.0047429591107057,0.39423125790571334
2007-10-15,1548.7099609375,-0.0084167323854273,-0.764367613241598
2007-10-16,1538.530029296875,-0.006594866980536,-0.6039678651084701
2007-10-17,1541.239990234375,0.0017598467546102,0.13159359582271826
2007-10-18,1540.0799560546875,-0.0007529463052931,-0.08963645379404202
2007-10-19,1500.6300048828125,-0.0259493114071025,-2.30796202567771
2007-10-22,1506.3299560546875,0.0037911765191722,0.31043489866336965
2007-10-23,1519.5899658203125,0.008764339431984,0.7482795805473312
2007-10-24,1515.8800048828125,-0.0024444075023621,-0.2385552209315157
2007-10-25,1514.4000244140625,-0.0009767946012351,-0.1093443917090654
2007-10-26,1535.280029296875,0.013693456876032,1.182246433653628
2007-10-29,1540.97998046875,0.0037057710835721,0.30291567670401015
2007-10-30,1531.02001953125,-0.0064843722893348,-0.5942397476574569
2007-10-31,1549.3800048828125,0.011920661356755,1.026166871453184
2007-11-01,1508.43994140625,-0.026778888689809,-2.380999247223188
2007-11-02,1509.6500244140625,0.0008018866808869,0.047253361832722794
2007-11-05,1502.1700439453125,-0.004967093437072,-0.46065625400459004
2007-11-06,1520.27001953125,0.0119772048944515,1.0311450488644929
2007-11-07,1475.6199951171875,-0.0298097263615746,-2.6478387172951297
2007-11-08,1474.77001953125,-0.0005761784748674,-0.0740735502984276
2007-11-09,1453.699951171875,-0.0143900618120111,-1.2902684470616512
2007-11-12,1439.1800537109375,-0.0100384525923686,-0.9071462795675601
2007-11-13,1481.050048828125,0.028677784387761,2.5014889816337487
2007-11-14,1470.5799560546875,-0.0070944777433501,-0.6479543419935521
2007-11-15,1451.1500244140625,-0.013300488548972,-1.1943407915417368
2007-11-16,1458.739990234375,0.0052166803519844,0.43593838269243695
2007-11-19,1433.27001953125,-0.0176144820806181,-1.5741512177489696
2007-11-20,1439.699951171875,0.0044761639989676,0.37074221825928877
2007-11-21,1416.77001953125,-0.0160550780643191,-1.4368589618113958
2007-11-23,1440.699951171875,0.0167494261229776,1.451298525096083
2007-11-26,1407.219970703125,-0.0235129665512978,-2.093462589996383
2007-11-27,1428.22998046875,0.0148197955564901,1.2814109713703197
2007-11-28,1469.02001953125,0.0281596233998318,2.4558693152560256
2007-11-29,1469.719970703125,0.000476361425262,0.018593632703983252
2007-11-30,1481.1400146484375,0.0077401849067433,0.6581114882958551
2007-12-03,1472.4200439453125,-0.0059047358888442,-0.5432076942478735
2007-12-04,1462.7900390625,-0.0065617377722411,-0.6010511201875307
2007-12-05,1485.010009765625,0.0150759150455686,1.3039601132717369
2007-12-06,1507.3399658203125,0.0149249725092905,1.2906709071994436
2007-12-07,1504.6600341796875,-0.0017795035510106,-0.18001608514071046
2007-12-10,1515.9599609375,0.0074818941071708,0.6353711809793521
2007-12-11,1477.6500244140625,-0.0255958713704247,-2.276844637581379
2007-12-12,1486.5899658203125,0.0060318790254934,0.5077096900339391
2007-12-13,1488.4100341796875,0.001223575520302,0.08437947633664726
2007-12-14,1467.949951171875,-0.0138416226517117,-1.241983045219018
2007-12-17,1445.9000244140625,-0.0151348544669955,-1.355841103499479
2007-12-18,1454.97998046875,0.0062601594638191,0.5278078403763607
2007-12-19,1453.0,-0.0013617568126456,-0.14323703909412308
2007-12-20,1460.1199951171875,0.0048882361912445,0.4070216688029058
2007-12-21,1484.4599609375,0.0165324226656187,1.43219321698115
2007-12-24,1496.449951171875,0.0080445603851142,0.6849091594835933
2007-12-26,1497.6600341796875,0.0008083090331476,0.04781879530671753
2007-12-27,1476.27001953125,-0.0143852633546597,-1.2898459837180223
2007-12-28,1478.489990234375,0.0015026405620073,0.10894877892185205
2007-12-31,1468.3599853515625,-0.0068751683110734,-0.6286460124067674
2008-01-02,1447.1600341796875,-0.0145430830039972,-1.303740661083447
2008-01-03,1447.1600341796875,0.0,-0.023345937819296707
2008-01-04,1411.6300048828125,-0.0248579702239553,-2.2118787198340684
2008-01-07,1416.1800537109375,0.0032180752317447,0.2599782063570426
2008-01-08,1390.18994140625,-0.0185227574625868,-1.654117137356512
2008-01-09,1409.1300048828125,0.013532109841889,1.1680412000677207
2008-01-10,1420.3299560546875,0.0079167118971259,0.673653187874786
2008-01-11,1401.02001953125,-0.0136886513285663,-1.2285152217243525
2008-01-14,1416.25,0.0108119766488803,0.9285566158191996
2008-01-15,1380.949951171875,-0.0252409005948042,-2.245592480944952
2008-01-16,1373.199951171875,-0.0056278857217879,-0.5188333925309503
2008-01-17,1333.25,-0.0295241765449123,-2.6226984854486246
2008-01-18,1325.18994140625,-0.0060637693295886,-0.5572092356195142
2008-01-22,1310.5,-0.0111470573876619,-1.0047494995786632
2008-01-23,1338.5999755859375,0.0212155296645759,1.844500943499532
2008-01-24,1352.0699462890625,0.0100124382575454,0.8581640630825522
2008-01-25,1330.6099853515625,-0.0159992390082663,-1.431942808014955
2008-01-28,1353.9599609375,0.0173961304104812,1.508235335331184
2008-01-29,1362.300048828125,0.006140880526634,0.5173063448044534
2008-01-30,1355.81005859375,-0.0047753787088495,-0.4437774033289361
2008-01-31,1378.550048828125,0.0166331526297911,1.4410616332973794
2008-02-01,1395.4200439453125,0.0121632191673803,1.0475220229520636
2008-02-04,1380.8199462890625,-0.0105179900194496,-0.9493654700289925
2008-02-05,1336.6400146484375,-0.0325184734153438,-2.88632084885899
2008-02-06,1326.449951171875,-0.0076528493892382,-0.6971142146848472
2008-02-07,1336.9100341796875,0.0078548426395883,0.6682061261436771
2008-02-08,1331.2900390625,-0.0042125802217771,-0.3942277849357461
2008-02-11,1339.1300048828125,0.0058717267068635,0.4936096409840999
2008-02-12,1348.8599853515625,0.0072396273807111,0.6140416569646558
2008-02-13,1367.2099609375,0.0135123580384073,1.1663022218231514
2008-02-14,1348.8599853515625,-0.0135123580384073,-1.2129940974617446
2008-02-15,1349.989990234375,0.0008373973796755,0.05037977672947125
2008-02-19,1348.780029296875,-0.000896675900365,-0.10229062176216629
2008-02-20,1360.030029296875,0.008306277988261,0.7079511676989354
2008-02-21,1342.530029296875,-0.0129508645274825,-1.1635593711153727
2008-02-22,1353.1099853515625,0.0078497205291121,0.6677551678961103
2008-02-25,1371.800048828125,0.0137181458061128,1.184420083889263
2008-02-26,1381.2900390625,0.0068940917430708,0.5836201839514885
2008-02-27,1380.02001953125,-0.0009198674497632,-0.10433244036868965
2008-02-28,1367.6800537109375,-0.0089820929904345,-0.8141428043199743
2008-02-29,1330.6300048828125,-0.0274633950193701,-2.441264205634692
2008-03-03,1331.3399658203125,0.0005334101903082,0.023616291084865366
2008-03-04,1326.75,-0.0034535854252286,-0.3274047507676442
2008-03-05,1333.699951171875,0.005224655309318,0.43664050983324965
2008-03-06,1304.3399658203125,-0.0222598585247641,-1.983137089934759
2008-03-07,1293.3699951171875,-0.0084459282050168,-0.766938056753025
2008-03-10,1273.3699951171875,-0.015584285792662,-1.3954097078796395
2008-03-11,1320.6500244140625,0.0364571326133296,3.1863944047627135
2008-03-12,1308.77001953125,-0.0090362783594617,-0.8189133650436858
2008-03-13,1315.47998046875,0.0051138234240504,0.42688270531359934
2008-03-14,1288.1400146484375,-0.0210022743914946,-1.8724175067585904
2008-03-17,1276.5999755859375,-0.0089990540836311,-0.8156360842678194
2008-03-18,1330.739990234375,0.0415348964290096,3.6334483061804077
2008-03-19,1298.4200439453125,-0.0245869966260841,-2.188021800034957
2008-03-20,1329.510009765625,0.023662286124142,2.0599170323082014
2008-03-24,1349.8800048828125,0.0152052425852149,1.315346302794986
2008-03-25,1352.989990234375,0.0023012477327091,0.17925934560475226
2008-03-26,1341.1300048828125,-0.0088044051386297,-0.7984989007696419
2008-03-27,1325.760009765625,-0.0115266585489388,-1.0381701521122628
2008-03-28,1315.219970703125,-0.0079819575314159,-0.7260893864906999
2008-03-31,1322.699951171875,0.0056711353928271,0.4759492824511645
2008-04-01,1370.1800537109375,0.0352670921363937,3.0816214658528085
2008-04-02,1367.530029296875,-0.0019359429314116,-0.1937892415698596
2008-04-03,1369.31005859375,0.0013007917822775,0.09117771123336335
2008-04-04,1370.4000244140625,0.0007956797214259,0.04670689186213991
2008-04-07,1372.5400390625,0.0015603804918233,0.11403228848015746
2008-04-08,1365.5400390625,-0.0051130829272389,-0.473509386508224
2008-04-09,1354.489990234375,-0.0081249908997769,-0.7386822576205548
2008-04-10,1360.550048828125,0.0044640731409257,0.3696777210799541
2008-04-11,1332.8299560546875,-0.0205845974395009,-1.8356446048082407
2008-04-14,1328.3199462890625,-0.0033895227619904,-0.32176457832649846
2008-04-15,1334.4300537109375,0.0045893291868175,0.38070545021914104
2008-04-16,1364.7099609375,0.0224376485954636,1.9520981173504788
2008-04-17,1365.56005859375,0.0006227205936708,0.03147931223152566
2008-04-18,1390.3299560546875,0.0179764536061535,1.5593278552131355
2008-04-21,1388.1700439453125,-0.0015547328014768,-0.16022693303533472
2008-04-22,1375.93994140625,-0.0088492733031717,-0.8024491609109294
2008-04-23,1379.9300537109375,0.0028957208430835,0.2315976450861347
2008-04-24,1388.8199462890625,0.0064216149002849,0.5420226178644836
2008-04-25,1397.8399658203125,0.0064737365287355,0.5466114837891117
2008-04-28,1396.3699951171875,-0.0010521548912096,-0.11597922406204624
2008-04-29,1390.93994140625,-0.0038962732556067,-0.36637964776256504
2008-04-30,1385.5899658203125,-0.0038537184080862,-0.36263305550289204
2008-05-01,1409.3399658203125,0.0169954684034419,1.472960454517773
2008-05-02,1413.9000244140625,0.0032303754374387,0.2610611348159761
2008-05-05,1407.489990234375,-0.0045438916104298,-0.4233969338480944
2008-05-06,1418.260009765625,0.0076228057559779,0.6477772527544683
2008-05-07,1392.5699462890625,-0.0182798527423706,-1.6327314434197249
2008-05-08,1397.6800537109375,0.0036628353266756,0.29913554861462766
2008-05-09,1388.280029296875,-0.0067481656630263,-0.6174645098082203
2008-05-12,1403.5799560546875,0.0109604922924848,0.941632154640034
2008-05-13,1403.0400390625,-0.0003847453519085,-0.057219492570284004
2008-05-14,1408.6600341796875,0.0039975832806238,0.32860725786231204
2008-05-15,1423.5699462890625,0.0105288411960371,0.903628948165113
2008-05-16,1425.3499755859375,0.0012496171021449,0.08667221605132372
2008-05-19,1426.6300048828125,0.0008976426143174,0.05568385706210072
2008-05-20,1413.4000244140625,-0.0093168565354586,-0.8436158862292398
2008-05-21,1390.7099609375,-0.0161837865360716,-1.44819064767374
2008-05-22,1394.3499755859375,0.0026139593430798,0.2067909422897213
2008-05-23,1375.9300537109375,-0.0132984341947146,-1.1941599231281983
2008-05-27,1385.3499755859375,0.0068228925121216,0.5773516974426262
2008-05-28,1390.8399658203125,0.00395505891648,0.32486334940459927
2008-05-29,1398.260009765625,0.0053207568862037,0.4451014360280595
2008-05-30,1400.3800048828125,0.0015150183743459,0.11003853998555094
2008-06-02,1385.6700439453125,-0.0105598229547778,-0.953048504062296
2008-06-03,1377.6500244140625,-0.0058046421345538,-0.5343952907987629
2008-06-04,1377.199951171875,-0.0003267497324213,-0.05211347171188441
2008-06-05,1404.050048828125,0.0193085352541535,1.6766063107227018
2008-06-06,1360.6800537109375,-0.0313763380185383,-2.785765544669292
2008-06-09,1361.760009765625,0.0007933736546297,0.04650386230117697
2008-06-10,1358.43994140625,-0.0024410485020096,-0.23825948952947384
2008-06-11,1335.489990234375,-0.017038681020649,-1.5234568334405183
2008-06-12,1339.8699951171875,0.0032743322917703,0.26493116184683346
2008-06-13,1360.030029296875,0.0149341891825907,1.2914823568663663
2008-06-16,1360.1400146484375,8.086652661098981e-05,-0.016226328178551838
2008-06-17,1350.9300537109375,-0.0067943624734683,-0.6215317459166378
2008-06-18,1337.81005859375,-0.0097592914913047,-0.8825685197731213
2008-06-19,1342.8299560546875,0.0037453020931321,0.3063960457586334
2008-06-20,1317.9300537109375,-0.0187169298745102,-1.6712123661716032
2008-06-23,1318.0,5.307143031352268e-05,-0.0186734499217279
2008-06-24,1314.2900390625,-0.0028188104950155,-0.27151821894479533
2008-06-25,1321.969970703125,0.0058264005356178,0.48961905724935734
2008-06-26,1283.1500244140625,-0.0298050148105826,-2.6474239053170305
2008-06-27,1278.3800048828125,-0.0037243561390027,-0.3512438083481817
2008-06-30,1280.0,0.0012664227601932,0.08815181125683212
2008-07-01,1284.9100341796875,0.0038286256531536,0.31373197628627936
2008-07-02,1261.52001953125,-0.0183713449871705,-1.640786557141429
2008-07-03,1262.9000244140625,0.0010933244042243,0.07291197376657216
2008-07-07,1252.31005859375,-0.0084207903501969,-0.7647248825136471
2008-07-08,1273.699951171875,0.0169361196263837,1.4677352996481616
2008-07-09,1244.68994140625,-0.0230395564248073,-2.0517828562197384
2008-07-10,1253.3900146484375,0.0069654363115265,0.5899014661912397
2008-07-11,1239.489990234375,-0.0111518953520821,-1.0051754411835665
2008-07-14,1228.300048828125,-0.0090688574970414,-0.8217816809182553
2008-07-15,1214.9100341796875,-0.0109611112071839,-0.9883785204520422
2008-07-16,1245.3599853515625,0.0247546048747127,2.156086404646158
2008-07-17,1260.3199462890625,0.0119409813729269,1.027955875990667
2008-07-18,1260.6800537109375,0.0002856861755846,0.0018062992701497896
2008-07-21,1260.0,-0.0005395795681693,-0.07085132795392167
2008-07-22,1277.0,0.0134018560870154,1.1565734651741182
2008-07-23,1282.18994140625,0.004055930696718,0.3337442514188075
2008-07-24,1252.5400390625,-0.023395986965812,-2.0831635327782903
2008-07-25,1257.760009765625,0.0041588480463001,0.3428052484096817
2008-07-28,1234.3699951171875,-0.0187716543170859,-1.676030387734723
2008-07-29,1263.199951171875,0.0230874307944617,2.0093059115052307
2008-07-30,1284.260009765625,0.0165345392799292,1.4323795668626436
2008-07-31,1267.3800048828125,-0.0132309032871615,-1.1882144012835891
2008-08-01,1260.31005859375,-0.0055940123576432,-0.5158511310188516
2008-08-04,1249.010009765625,-0.0090065236049028,-0.8162937120637254
2008-08-05,1284.8800048828125,0.0283140872375078,2.4694685419565205
2008-08-06,1289.18994140625,0.0033487361579265,0.27148178922004357
2008-08-07,1266.0699462890625,-0.0180964967014887,-1.616588504047154
2008-08-08,1296.3199462890625,0.0236118675696417,2.055478107554829
2008-08-11,1305.3199462890625,0.0069187406968787,0.5857903146164198
2008-08-12,1289.5899658203125,-0.0121238684022477,-1.0907493985243133
2008-08-13,1285.8299560546875,-0.0029199218388873,-0.28042021249870797
2008-08-14,1292.9300537109375,0.0055066121473705,0.4614644104828876
2008-08-15,1298.199951171875,0.0040676498031482,0.3347760190316634
2008-08-18,1278.5999755859375,-0.0152129417489375,-1.3627160242934466
2008-08-19,1266.68994140625,-0.0093585575662942,-0.8472873071942377
2008-08-20,1274.5400390625,0.0061782071568332,0.5205926370116251
2008-08-21,1277.719970703125,0.00249185684366,0.1960408560864379
2008-08-22,1292.199951171875,0.0112689376647932,0.9687881453615592
2008-08-25,1266.8399658203125,-0.0198205705279157,-1.768378535725322
2008-08-26,1271.510009765625,0.0036795944289531,0.30061104498062224
2008-08-27,1281.6600341796875,0.0079509611276487,0.6766685412235359
2008-08-28,1300.6800537109375,0.0147311065442297,1.2736026584232978
2008-08-29,1282.8299560546875,-0.0138187052787808,-1.2399653655176963
2008-09-02,1277.5799560546875,-0.0041009116023289,-0.3843963130905831
2008-09-03,1274.97998046875,-0.0020371521529352,-0.2026998524182521
2008-09-04,1236.8299560546875,-0.0303788577228472,-2.6979458913803835
2008-09-05,1242.31005859375,0.0044209777845676,0.36588354161587944
2008-09-08,1267.7900390625,0.0203026610131651,1.7641306255979983
2008-09-09,1224.510009765625,-0.0347344860183875,-3.0814219043122355
2008-09-10,1232.0400390625,0.0061305918718019,0.5164005162842636
2008-09-11,1249.050048828125,0.013711937637729,1.183873507483313
2008-09-12,1251.699951171875,0.0021192868823822,0.16323924089001016
2008-09-15,1192.699951171875,-0.0482829846790577,-4.274251938253839
2008-09-16,1213.5999755859375,0.017371525271792,1.506069062214667
2008-09-17,1156.3900146484375,-0.048288032671885,-4.274696371073027
2008-09-18,1206.510009765625,0.0424288063170985,3.7121494662761103
2008-09-19,1255.0799560546875,0.0394673779777461,3.451420897375723
2008-09-22,1207.0899658203125,-0.0389868045010182,-3.455802367196377
2008-09-23,1188.219970703125,-0.0157561117321929,-1.4105375199284875
2008-09-24,1185.8699951171875,-0.0019796860163383,-0.19764044802340514
2008-09-25,1209.1800537109375,0.0194658100360847,1.6904530171488346
2008-09-26,1213.27001953125,0.003376721569392,0.27394566659452835
2008-09-29,1106.4200439453125,-0.0921895923455364,-8.13985517775519
2008-09-30,1166.3599853515625,0.0527581580038249,4.621560998259324
2008-10-01,1161.06005859375,-0.0045543441395912,-0.4243171901087059
2008-10-02,1114.280029296875,-0.0411249487185543,-3.6440477738242927
2008-10-03,1099.22998046875,-0.0135985657923445,-1.2205839567244132
2008-10-06,1056.8900146484375,-0.039279269706542,-3.4815514401947305
2008-10-07,996.22998046875,-0.0591077911819635,-5.227284051380511
2008-10-08,984.9400024414062,-0.0113974069255178,-1.026790646366742
2008-10-09,909.9199829101562,-0.079224063313136,-6.998350659569411
2008-10-10,899.219970703125,-0.0118289764721506,-1.0647866730743019
2008-10-13,1003.3499755859376,0.1095719675953388,9.623533550400758
2008-10-14,998.010009765625,-0.005336349813537,-0.49316613625084266
2008-10-15,907.8400268554688,-0.0946951248842351,-8.360446000253742
2008-10-16,946.4299926757812,0.0416288222909413,3.641717679184903
2008-10-17,940.5499877929688,-0.0062322059327275,-0.5720386454361472
2008-10-20,985.4000244140624,0.0465828773252319,4.0778800749384345
2008-10-21,955.0499877929688,-0.0312839925360703,-2.7776353106304152
2008-10-22,896.780029296875,-0.0629530796878512,-5.565828987898694
2008-10-23,908.1099853515624,0.0125548978458178,1.0820059981139059
2008-10-24,876.77001953125,-0.0351207779512554,-3.115431622358101
2008-10-27,848.9199829101562,-0.0322797893201292,-2.865306745043736
2008-10-28,940.510009765625,0.102457358473937,8.997152749670535
2008-10-29,930.0900268554688,-0.0111409071775172,-1.004208025902547
2008-10-30,954.0900268554688,0.0254766502363734,2.2196563554450095
2008-10-31,968.75,0.0152485458986006,1.3191587911060043
2008-11-03,966.2999877929688,-0.0025322482950489,-0.24628885536189105
2008-11-04,1005.75,0.0400144784573894,3.4995884397763297
2008-11-05,952.77001953125,-0.0541152589311639,-4.787734064084631
2008-11-06,904.8800048828124,-0.0515712082795198,-4.563752049460461
2008-11-07,930.989990234375,0.0284461819721002,2.4810983594509683
2008-11-10,919.2100219726562,-0.012733896186857,-1.1444571547300357
2008-11-11,898.9500122070312,-0.0222872002529426,-1.9855442964723997
2008-11-12,852.2999877929688,-0.0532888659457206,-4.714977192820588
2008-11-13,911.2899780273438,0.0669225907896873,5.868618791442738
2008-11-14,873.2899780273438,-0.0425934906208667,-3.773340393697004
2008-11-17,850.75,-0.0261493499935987,-2.3255737212534386
2008-11-18,859.1199951171875,0.0097902904854407,0.838605841823032
2008-11-19,806.5800170898438,-0.0631054959842067,-5.579247946006779
2008-11-20,752.4400024414062,-0.0694818454127768,-6.14063126203307
2008-11-21,800.030029296875,0.0613280011150667,5.376062770395242
2008-11-24,851.8099975585938,0.0627142308145565,5.498108501136856
2008-11-25,857.3900146484375,0.0065294136139666,0.5515133774327797
2008-11-26,887.6799926757812,0.0347184014223822,3.0333139168460903
2008-11-28,896.239990234375,0.0095969139188065,0.8215806804144562
2008-12-01,816.2100219726562,-0.0935365216382093,-8.2584408420517
2008-12-02,848.8099975585938,0.0391636639764225,3.424681463614031
2008-12-03,870.739990234375,0.0255080479198142,2.2224206543346785
2008-12-04,845.219970703125,-0.0297464997738421,-2.642272154188776
2008-12-05,876.0700073242188,0.0358490909415376,3.132861508892339
2008-12-08,909.7000122070312,0.0376688834667859,3.2930787576093445
2008-12-09,888.6699829101562,-0.0233889444763262,-2.0825435014978675
2008-12-10,899.239990234375,0.0118240075055098,1.0176573221998726
2008-12-11,873.5900268554688,-0.0289387624957644,-2.5711577592320687
2008-12-12,879.72998046875,0.007003831230512,0.5932818121368468
2008-12-15,868.5700073242188,-0.0127668304114845,-1.1473567329980177
2008-12-16,913.1799926757812,0.0500848157885922,4.386195961497694
2008-12-17,904.4199829101562,-0.0096391700156122,-0.8719928458541106
2008-12-18,885.280029296875,-0.021389823129045,-1.906537875763624
2008-12-19,887.8800048828125,0.0029325919817235,0.23484383513692522
2008-12-22,871.6300048828125,-0.0184715766863368,-1.649611105463202
2008-12-23,863.1599731445312,-0.0097649849842316,-0.8830697833840448
2008-12-24,868.1500244140625,0.0057644963577896,0.4841689210837694
2008-12-26,872.7999877929688,0.0053418816207164,0.4469612891687576
2008-12-29,869.4199829101562,-0.0038801175284808,-0.36495727344504153
2008-12-30,890.6400146484375,0.0241140188632202,2.0996882565584114
2008-12-31,903.25,0.0140590481602069,1.2144336357070198
2009-01-02,931.7999877929688,0.0311188162544624,2.716401068746575
2009-01-05,927.4500122070312,-0.0046792884475959,-0.43531747337925714
2009-01-06,934.7000122070312,0.0077867374137605,0.6622100404613868
2009-01-07,906.6500244140624,-0.0304691202205731,-2.7058927363351373
2009-01-08,909.72998046875,0.0033913156919744,0.27523055491841664
2009-01-09,890.3499755859375,-0.0215332142932025,-1.9191622477691679
2009-01-12,870.260009765625,-0.0228225876286689,-2.0326805997303663
2009-01-13,871.7899780273438,0.0017565152157663,0.13130028217286102
2009-01-14,842.6199951171875,-0.034032464490183,-3.0196148816827266
2009-01-15,843.739990234375,0.0013282991669525,0.09359950241608483
2009-01-16,850.1199951171875,0.0075331315563733,0.6398822024439456
2009-01-20,805.219970703125,-0.0542620146239132,-4.800654654206652
2009-01-21,840.239990234375,0.0425720580691937,3.724761564235713
2009-01-22,827.5,-0.0152784464408783,-1.3684831550928096
2009-01-23,831.9500122070312,0.0053632502830929,0.44884261808247994
2009-01-26,836.5700073242188,0.0055378501548499,0.4642146512627083
2009-01-27,845.7100219726562,0.0108663295344824,0.9333419249520692
2009-01-28,874.0900268554688,0.03300683868264,2.882625379903881
2009-01-29,845.1400146484375,-0.0336810644666734,-2.9886770993890464
2009-01-30,825.8800048828125,-0.023052821010677,-2.0529506901480175
2009-02-02,825.4400024414062,-0.0005329099748898,-0.0702641270117939
2009-02-03,838.510009765625,0.0157099384429457,1.3597804790225563
2009-02-04,832.22998046875,-0.0075176974397948,-0.6852152354341182
2009-02-05,845.8499755859375,0.0162331886007587,1.40584820350895
2009-02-06,868.5999755859375,0.0265406819353977,2.3133352935657676
2009-02-09,869.8900146484375,0.0014840917192797,0.10731571113666866
2009-02-10,827.1599731445312,-0.0503686694941487,-4.457878740830753
2009-02-11,833.739990234375,0.0079234772233904,0.6742488172917291
2009-02-12,835.1900024414062,0.0017376553579211,0.12963983215274705
2009-02-13,826.8400268554688,-0.0100480083891145,-0.9079875861685519
2009-02-17,789.1699829101562,-0.0466294998181044,-4.128676664401667
2009-02-18,788.4199829101562,-0.0009508174782455,-0.10705732704799417
2009-02-19,778.9400024414062,-0.0120968968984955,-1.0883747870974705
2009-02-20,770.0499877929688,-0.0114785922636162,-1.0339383246464462
2009-02-23,743.3300170898438,-0.0353153174902249,-3.1325591735860168
2009-02-24,773.1400146484375,0.0393200492217262,3.4384498539084545
2009-02-25,764.9000244140625,-0.0107150254379186,-0.966712762211435
2009-02-26,752.8300170898438,-0.0159056768457634,-1.4237054556507438
2009-02-27,735.0900268554688,-0.023846484170293,-2.1228259787193733
2009-03-02,700.8200073242188,-0.0477418887510729,-4.226613045538929
2009-03-03,696.3300170898438,-0.0064273780383512,-0.589221888775971
2009-03-04,712.8699951171875,0.0234753583099154,2.0434596286819375
2009-03-05,682.5499877929688,-0.0434633021856969,-3.849919901462765
2009-03-06,683.3800048828125,0.0012153143959858,0.08365215462777821
2009-03-09,676.530029296875,-0.0100742451303066,-0.9102975080034736
2009-03-10,719.5999755859375,0.0617186323188923,5.410454524329613
2009-03-11,721.3599853515625,0.0024428307358475,0.1917245244167327
2009-03-12,750.739990234375,0.0399210748684524,3.491365048465423
2009-03-13,756.5499877929688,0.0077092350090426,0.6553866131307576
2009-03-16,753.8900146484375,-0.003522120560965,-0.33343868635963386
2009-03-17,778.1199951171875,0.0316342594529892,2.7617814568908705
2009-03-18,794.3499755859375,0.0206433917769155,1.794129070345915
2009-03-19,784.0399780273438,-0.0130641279992342,-1.1735312561365607
2009-03-20,768.5399780273438,-0.0199674289511841,-1.7813081703954996
2009-03-23,822.9199829101562,0.0683663873577362,5.995732795171424
2009-03-24,806.1199951171875,-0.0206263610965988,-1.8393215394827982
2009-03-25,813.8800048828125,0.0095803322450178,0.8201208051173061
2009-03-26,832.8599853515625,0.0230526022398303,2.006239553597715
2009-03-27,815.9400024414062,-0.0205247173858955,-1.8303726755588474
2009-03-30,787.530029296875,-0.0354393234278207,-3.143476841325893
2009-03-31,797.8699951171875,0.0130441683777569,1.1250821056470393
2009-04-01,811.0800170898438,0.0164210431797426,1.4223872008870082
2009-04-02,834.3800048828125,0.0283222259613058,2.4701850873411684
2009-04-03,842.5,0.0096847222944695,0.829311460801696
2009-04-06,835.47998046875,-0.0083672756166803,-0.7600133655407528
2009-04-07,815.5499877929688,-0.0241436693176488,-2.148990602437897
2009-04-08,825.1599731445312,0.0117145570868482,1.0080211440611073
2009-04-09,856.5599975585938,0.0373470906207336,3.264747635387442
2009-04-13,858.72998046875,0.0025301658560268,0.19941363868517778
2009-04-14,841.5,-0.0202685172249355,-1.8078164311846354
2009-04-15,852.0599975585938,0.0124709303888179,1.0746133779357063
2009-04-16,865.2999877929688,0.0154193094857326,1.3341930720648199
2009-04-17,869.5999755859375,0.0049570542265389,0.4130805112940157
2009-04-20,832.3900146484375,-0.0437322091416563,-3.873594871024914
2009-04-21,850.0800170898438,0.0210293842161455,1.8281124205251107
2009-04-22,843.5499877929688,-0.0077113202254786,-0.7022620743351341
2009-04-23,851.9199829101562,0.009873443065782,0.8459267190445632
2009-04-24,866.22998046875,0.0166578340203313,1.4432346197406118
2009-04-27,857.510009765625,-0.010117587499046,-0.9141134348060947
2009-04-28,855.1599731445312,-0.0027442976398495,-0.26495799601657094
2009-04-29,873.6400146484375,0.0213798537271641,1.858968279110931
2009-04-30,872.8099975585938,-0.000950519220745,-0.10703106801270507
2009-05-01,877.52001953125,0.0053818803258085,0.45048283483574225
2009-05-04,907.239990234375,0.0333072435877257,2.909073475896229
2009-05-05,903.7999877929688,-0.0037989294772939,-0.3578093563009783
2009-05-06,919.530029296875,0.0172546183294191,1.4957764006046035
2009-05-07,907.3900146484376,-0.0132903389857608,-1.19344720885535
2009-05-08,929.22998046875,0.0237839023791135,2.0706243088248697
2009-05-11,909.239990234375,-0.0217471902027535,-1.938001006058552
2009-05-12,908.3499755859376,-0.0009793349834765,-0.1095680507513791
2009-05-13,883.9199829101562,-0.0272631985366125,-2.4236386086365576
2009-05-14,893.0700073242188,0.0102984319927719,0.8833433781816937
2009-05-15,882.8800048828125,-0.0114756769040669,-1.033681652042548
2009-05-18,909.7100219726562,0.0299365949965331,2.6123165455428405
2009-05-19,908.1300048828124,-0.0017383460198727,-0.17639251469989936
2009-05-20,903.469970703125,-0.005144672688047,-0.47629059617585434
2009-05-21,888.3300170898438,-0.0168995580303361,-1.5112082378275795
2009-05-22,887.0,-0.0014983325081701,-0.1552613670737982
2009-05-26,910.3300170898438,0.0259622076001573,2.2624055501143983
2009-05-27,893.0599975585938,-0.0191534247743678,-1.7096420283247913
2009-05-28,906.8300170898438,0.0153012551665527,1.323799393688994
2009-05-29,919.1400146484376,0.0134834458878509,1.1637567529565804
2009-06-01,942.8699951171876,0.0254899438614231,2.2208267460260167
2009-06-02,944.739990234375,0.0019813369747483,0.15109392522615298
2009-06-03,931.760009765625,-0.0138344657507101,-1.2413529409780635
2009-06-04,942.4600219726562,0.0114182201421657,0.9819311973713026
2009-06-05,940.0900268554688,-0.002517857488816,-0.24502186731272307
2009-06-08,939.1400146484376,-0.0010110654544455,-0.11236164875148864
2009-06-09,942.4299926757812,0.0034970597611723,0.2845404205212092
2009-06-10,939.1500244140624,-0.003486401379968,-0.33029391637824096
2009-06-11,944.8900146484376,0.0060932972495431,0.5131170421039146
2009-06-12,946.2100219726562,0.0013960208482197,0.09956182026308241
2009-06-15,923.719970703125,-0.0240555912535969,-2.1412360782825735
2009-06-16,911.969970703125,-0.0128019010278865,-1.1504444023849283
2009-06-17,910.7100219726562,-0.0013825234667823,-0.1450653663043284
2009-06-18,918.3699951171876,0.0083758150048822,0.714073310378644
2009-06-19,921.22998046875,0.0031093582232424,0.2504065987428146
2009-06-22,893.0399780273438,-0.0310783643308232,-2.759531496681179
2009-06-23,895.0999755859375,0.0023040684995176,0.17950769012263534
2009-06-24,900.9400024414062,0.0065032488243268,0.5492097903198608
2009-06-25,920.260009765625,0.021217583998248,1.8446818101007099
2009-06-26,918.9000244140624,-0.0014789203486031,-0.15355229158616487
2009-06-29,927.22998046875,0.0090242968412619,0.7711666186685713
2009-06-30,919.3200073242188,-0.0085673516331663,-0.7776283565086223
2009-07-01,923.3300170898438,0.0043524446236515,0.35984977989001504
2009-07-02,896.4199829101562,-0.0295776848259574,-2.627409434336302
2009-07-06,898.719970703125,0.0025624621042563,0.20225704855933688
2009-07-07,881.030029296875,-0.0198797853628844,-1.7735918981335572
2009-07-08,879.5599975585938,-0.0016699311679353,-0.17036916907301483
2009-07-09,882.6799926757812,0.0035409460623174,0.2884042359442748
2009-07-10,879.1300048828125,-0.0040299380776831,-0.37814769810138416
2009-07-13,901.0499877929688,0.0246279487772271,2.1449354128760345
2009-07-14,905.8400268554688,0.0053019832360989,0.4434485758660164
2009-07-15,932.6799926757812,0.0291994348751014,2.547415868745322
2009-07-16,940.739990234375,0.0086046346917054,0.7342189369632446
2009-07-17,940.3800048828124,-0.0003827351332095,-0.05704250991714925
2009-07-20,951.1300048828124,0.0113667024627313,0.977395504019041
2009-07-21,954.5800170898438,0.0036207145224276,0.29542717017217784
2009-07-22,954.0700073242188,-0.0005344193762502,-0.0703970169593114
2009-07-23,976.2899780273438,0.0230225992243129,2.003598043352609
2009-07-24,979.260009765625,0.0030375434434768,0.24408391839787139
2009-07-27,982.1799926757812,0.0029773891259701,0.23878784254545646
2009-07-28,979.6199951171876,-0.0026098471073492,-0.2531207705598969
2009-07-29,975.1500244140624,-0.0045734060269344,-0.4259954271072145
2009-07-30,986.75,0.0118253841881577,1.01777852739395
2009-07-31,987.47998046875,0.0007395090837833,0.04176154512787455
2009-08-03,1002.6300048828124,0.0152256078272809,1.3171392890876545
2009-08-04,1005.6500244140624,0.0030075704221061,0.24144504888218615
2009-08-05,1002.719970703125,-0.0029178446171664,-0.28023733079956903
2009-08-06,997.0800170898438,-0.005640532654179,-0.5199468473255487
2009-08-07,1010.47998046875,0.0133497005322524,1.1519816123263342
2009-08-10,1007.0999755859376,-0.0033505567248806,-0.3183339502892254
2009-08-11,994.3499755859376,-0.0127409356094299,-1.1450769159948715
2009-08-12,1005.8099975585938,0.0114592307928722,0.9855418362398147
2009-08-13,1012.72998046875,0.0068564507961443,0.5803062188307427
2009-08-14,1004.0900268554688,-0.0085679499772792,-0.7776810356169409
2009-08-17,979.72998046875,-0.0245599608491735,-2.1856415299033647
2009-08-18,989.6699829101562,0.0100945333938859,0.8653918413567419
2009-08-19,996.4600219726562,0.0068374834470192,0.5786363051179894
2009-08-20,1007.3699951171876,0.010889227984113,0.9353579386178025
2009-08-21,1026.1300048828125,0.0184514797254209,1.6011498634046213
2009-08-24,1025.5699462890625,-0.0005459459189838,-0.07141183097704916
2009-08-25,1028.0,0.0023666638183668,0.18501867537476685
2009-08-26,1028.1199951171875,0.0001167199556535,-0.013069738798958928
2009-08-27,1030.97998046875,0.0027779002715915,0.22122454620545992
2009-08-28,1028.9300537109375,-0.0019903077323775,-0.1985755997491337
2009-08-31,1020.6199951171876,-0.0081091985403825,-0.7372918747401902
2009-09-01,998.0399780273438,-0.022372226316806,-1.9930301179781076
2009-09-02,994.75,-0.0033018843457508,-0.3140487614204429
2009-09-03,1003.239990234375,0.0084985824509411,0.7248819394760112
2009-09-04,1016.4000244140624,0.013032243708162,1.124032239946501
2009-09-08,1025.3900146484375,0.0088060458298393,0.75195147403275
2009-09-09,1033.3699951171875,0.0077522590254428,0.6591745117185128
2009-09-10,1044.1400146484375,0.0103682927766577,0.8894940258143786
2009-09-11,1042.72998046875,-0.0013513389885906,-0.14231983832285264
2009-09-14,1049.3399658203125,0.0063191074071058,0.5329977052427594
2009-09-15,1052.6300048828125,0.003130436490645,0.2522623608498191
2009-09-16,1068.760009765625,0.0152073080624424,1.3155281504914056
2009-09-17,1065.489990234375,-0.0030643290055714,-0.29313403488238193
2009-09-18,1068.300048828125,0.0026338675941071,0.20854369440959622
2009-09-21,1064.6600341796875,-0.0034131142078885,-0.32384160441744475
2009-09-22,1071.6600341796875,0.0065533485882678,0.5536206482768158
2009-09-23,1060.8699951171875,-0.0101195584531232,-0.9142869605433507
2009-09-24,1050.780029296875,-0.0095565481917736,-0.864718697226868
2009-09-25,1044.3800048828125,-0.0061093608278186,-0.5612231791377733
2009-09-28,1062.97998046875,0.017652853549567,1.530837623479778
2009-09-29,1060.6099853515625,-0.0022320656428957,-0.21986032684928095
2009-09-30,1057.0799560546875,-0.0033338521352126,-0.3168632532946939
2009-10-01,1029.8499755859375,-0.0260972114932815,-2.3209833699045057
2009-10-02,1025.2099609375,-0.0045157053093634,-0.4209153698534563
2009-10-05,1040.4599609375,0.014765453960325,1.2766266561763253
2009-10-06,1054.719970703125,0.0136124155690531,1.1751114360885524
2009-10-07,1057.5799560546875,0.0027079365605269,0.21506483671040513
2009-10-08,1065.47998046875,0.0074421458766931,0.6318716874710811
2009-10-09,1071.489990234375,0.0056248105435727,0.47187077361469304
2009-10-12,1076.18994140625,0.0043767775685665,0.36199208866058874
2009-10-13,1073.18994140625,-0.0027915046308129,-0.2691141699250952
2009-10-14,1092.02001953125,0.0173937430582586,1.5080251492800179
2009-10-15,1096.56005859375,0.0041488503163931,0.341925033353904
2009-10-16,1087.6800537109375,-0.0081310234683291,-0.739213373955368
2009-10-19,1097.9100341796875,0.0093613667395144,0.8008427553567181
2009-10-20,1091.06005859375,-0.0062586491870249,-0.5743667489929389
2009-10-21,1081.4000244140625,-0.0088932339171821,-0.806319518949517
2009-10-22,1092.9100341796875,0.0105873743585087,0.9087822951097739
2009-10-23,1079.5999755859375,-0.0122533153528996,-1.1021461011706348
2009-10-26,1066.949951171875,-0.011786514446439,-1.0610482529851573
2009-10-27,1063.4100341796875,-0.0033233071166751,-0.3159348541314335
2009-10-28,1042.6300048828125,-0.0197343861452417,-1.7607907341035314
2009-10-29,1066.1099853515625,0.0222701243339678,1.9373490314531494
2009-10-30,1036.18994140625,-0.0284660280152504,-2.5295375103351336
2009-11-02,1042.8800048828125,0.006435653191021,0.5432585699234252
2009-11-03,1045.4100341796875,0.002423064313306,0.1899842590883295
2009-11-04,1046.5,0.0010420772415047,0.0684000971094424
2009-11-05,1066.6300048828125,0.0190528872206146,1.6540986764703156
2009-11-06,1069.300048828125,0.0025001243195763,0.19676873699965516
2009-11-09,1093.0799560546875,0.0219950849152743,1.913134150723389
2009-11-10,1093.010009765625,-6.3992141384972e-05,-0.028979901411278652
2009-11-11,1098.510009765625,0.0050193577956907,0.4185658104675514
2009-11-12,1087.239990234375,-0.0103123590590774,-0.9312614135144324
2009-11-13,1093.47998046875,0.005722887256427,0.4805055937267163
2009-11-16,1109.300048828125,0.0143639765684984,1.241279987669837
2009-11-17,1110.3199462890625,0.0009189839116237,0.05756277671421902
2009-11-18,1109.800048828125,-0.0004683507842679,-0.06458023955906013
2009-11-19,1094.9000244140625,-0.0135168057116663,-1.2133856772505736
2009-11-20,1091.3800048828125,-0.0032201022062015,-0.30684853985068394
2009-11-23,1106.239990234375,0.0135239139343354,1.1673196201399223
2009-11-24,1105.6500244140625,-0.0005334495209039,-0.07031162944777819
2009-11-25,1110.6300048828125,0.0044940068802361,0.372313132144449
2009-11-27,1091.489990234375,-0.0173836999679339,-1.5538328162639896
2009-11-30,1095.6300048828125,0.0037858184300647,0.3099631645050666
2009-12-01,1108.8599853515625,0.012002902588402,1.0334075121761053
2009-12-02,1109.239990234375,0.0003426399988395,0.006820598834090246
2009-12-03,1099.9200439453125,-0.0084375974920334,-0.7662046083540821
2009-12-04,1105.97998046875,0.0054943122542923,0.46038150954711554
2009-12-07,1103.25,-0.0024714329268036,-0.24093457961628426
2009-12-08,1091.93994140625,-0.0103044920695154,-0.9305687920172994
2009-12-09,1095.949951171875,0.0036656453959773,0.2993829513080534
2009-12-10,1102.3499755859375,0.0058227200195837,0.48929501912706547
2009-12-11,1106.4100341796875,0.0036763280289129,0.30032346624821776
2009-12-14,1114.1099853515625,0.0069352962072164,0.5872478864443129
2009-12-15,1107.9300537109375,-0.005562408837016,-0.5130687099162206
2009-12-16,1109.1800537109375,0.0011275940949078,0.07592912845839285
2009-12-17,1096.0799560546875,-0.0118809135380324,-1.0693592898350397
2009-12-18,1102.469970703125,0.0058129520408813,0.48843503171008706
2009-12-21,1114.050048828125,0.0104489771202258,0.896597595788244
2009-12-22,1118.02001953125,0.0035572134993948,0.2898364453725789
2009-12-23,1120.5899658203125,0.0022960206868374,0.1787991486884213
2009-12-24,1126.47998046875,0.0052424074717238,0.4382034366944019
2009-12-28,1127.780029296875,0.0011534152818413,0.07820246427645726
2009-12-29,1126.199951171875,-0.0014020340886089,-0.1467831105561844
2009-12-30,1126.4200439453125,0.000195410477235,-0.0061417078872077115
2009-12-31,1115.0999755859375,-0.0101004358639622,-0.9126033792662471
2010-01-04,1132.989990234375,0.0159160821671262,1.3779296800277478
2010-01-05,1136.52001953125,0.0031108319667598,0.2505363493206395
2010-01-06,1137.1400146484375,0.0005453718878234,0.02466941677874571
2010-01-07,1141.68994140625,0.0039932183546547,0.3282229632683296
2010-01-08,1144.97998046875,0.0028775830750955,0.23000076893427326
2010-01-11,1146.97998046875,0.0017452316285844,0.13030685832433972
2010-01-12,1136.219970703125,-0.0094254464389438,-0.8531763033281452
2010-01-13,1145.6800537109375,0.0082914563333602,0.7066462470902989
2010-01-14,1148.4599609375,0.0024234864214136,0.1900214221158299
2010-01-15,1136.030029296875,-0.0108821263012082,-0.9814245714990586
2010-01-19,1150.22998046875,0.0124221512077369,1.0703187860638115
2010-01-20,1138.0400390625,-0.0106543866018613,-0.9613740286230131
2010-01-21,1116.47998046875,-0.019126657272988,-1.707285377571148
2010-01-22,1091.760009765625,-0.0223897796301084,-1.9945755378675505
2010-01-25,1096.780029296875,0.004587559053796,0.3805496050672168
2010-01-26,1092.1700439453125,-0.0042120578477859,-0.3941817943502754
2010-01-27,1097.5,0.0048682828686121,0.4052649485116793
2010-01-28,1084.530029296875,-0.0118881255342797,-1.0699942447436175
2010-01-29,1073.8699951171875,-0.009877799049982,-0.8930021020304479
2010-02-01,1089.18994140625,0.0141653055463697,1.2237886945011762
2010-02-02,1103.3199462890625,0.0128895204452028,1.1114666709588403
2010-02-03,1097.280029296875,-0.0054893503825388,-0.5066365345943351
2010-02-04,1063.1099853515625,-0.0316358560498066,-2.808613899295096
2010-02-05,1066.18994140625,0.0028929303608267,0.23135196686536216
2010-02-08,1056.739990234375,-0.0089028031003746,-0.8071620041132377
2010-02-09,1070.52001953125,0.0129558417735866,1.1173056996489157
2010-02-10,1068.1300048828125,-0.0022350694280079,-0.22012478457165133
2010-02-11,1078.469970703125,0.0096338823351018,0.8248354349351397
2010-02-12,1075.510009765625,-0.0027483661199418,-0.26531619107331744
2010-02-16,1094.8699951171875,0.017840653536262,1.5473718144712802
2010-02-17,1099.510009765625,0.0042290045967101,0.34898193576838615
2010-02-18,1106.75,0.0065631577337956,0.5544842600825156
2010-02-19,1109.1700439453125,0.0021842348635905,0.16895735804597428
2010-02-22,1108.010009765625,-0.0010464051249199,-0.1154730060603123
2010-02-23,1094.5999755859375,-0.0121766449451987,-1.095395924098568
2010-02-24,1105.239990234375,0.0096735196971904,0.828325167425039
2010-02-25,1102.93994140625,-0.0020832085528654,-0.20675472657574426
2010-02-26,1104.489990234375,0.001404392556858,0.10029887798064051
2010-03-01,1115.7099609375,0.0101072574236029,0.8665120839149275
2010-03-02,1118.31005859375,0.0023277310028868,0.18159097221934187
2010-03-03,1118.7900390625,0.0004291095214004,0.01443350459689972
2010-03-04,1122.969970703125,0.0037291560795713,0.3049745266378721
2010-03-05,1138.699951171875,0.0139102828016035,1.2013361116051537
2010-03-08,1138.5,-0.0001756114321764,-0.03880703028791025
2010-03-09,1140.449951171875,0.0017112720239724,0.127317004072845
2010-03-10,1145.6099853515625,0.004514354904213,0.3741046025308667
2010-03-11,1150.239990234375,0.0040333743135061,0.3317583537908765
2010-03-12,1149.989990234375,-0.0002173695700928,-0.042483479045494855
2010-03-15,1150.510009765625,0.0004520926234361,0.01645697118666364
2010-03-16,1159.4599609375,0.0077490149831591,0.6588889013963443
2010-03-17,1166.2099609375,0.0058047953325637,0.48771690294150416
2010-03-18,1165.8299560546875,-0.0003258991266887,-0.05203858311423975
2010-03-19,1159.9000244140625,-0.005099426451613,-0.4723070500211819
2010-03-22,1165.81005859375,0.0050823590991804,0.42411253921308656
2010-03-23,1174.1700439453125,0.0071453777848002,0.6057437819376807
2010-03-24,1167.719970703125,-0.0055084478872888,-0.508317907402473
2010-03-25,1165.72998046875,-0.0017056210833281,-0.1735113624669551
2010-03-26,1166.5899658203125,0.000737450615988,0.0415803145523228
2010-03-29,1173.219970703125,0.0056671463127981,0.4755980778944412
2010-03-30,1173.27001953125,4.265846293094455e-05,-0.01959022310431307
2010-03-31,1169.4300537109375,-0.003278242318033,-0.31196728203063157
2010-04-01,1178.0999755859375,0.0073864540055241,0.6269684920513826
2010-04-05,1187.43994140625,0.0078967294430878,0.6718939028111433
2010-04-06,1189.43994140625,0.0016828788753491,0.12481722891071903
2010-04-07,1182.449951171875,-0.0058940429672622,-0.5422662734799313
2010-04-08,1186.43994140625,0.003368661430855,0.27323603997349366
2010-04-09,1194.3699951171875,0.0066616682968314,0.5631572770117425
2010-04-12,1196.47998046875,0.0017650508571405,0.1320517727730451
2010-04-13,1197.300048828125,0.0006851660398368,0.03697710246904587
2010-04-14,1210.6500244140625,0.0110883630999083,0.9528900912852126
2010-04-15,1211.6700439453125,0.0008421839911774,0.050801197146838305
2010-04-16,1192.1300048828125,-0.0162579824185478,-1.45472296385349
2010-04-19,1197.52001953125,0.0045111407395301,0.3738216226772444
2010-04-20,1207.1700439453125,0.0080260457370711,0.6832791022494454
2010-04-21,1205.93994140625,-0.0010195164357016,-0.11310568574857797
2010-04-22,1208.6700439453125,0.0022613206430897,0.17574410507082117
2010-04-23,1217.280029296875,0.0070982676832187,0.6015961383148799
2010-04-26,1212.050048828125,-0.0043057043550929,-0.4024265725568665
2010-04-27,1183.7099609375,-0.0236596401787014,-2.1063759549629424
2010-04-28,1191.3599853515625,0.0064419583781809,0.5438136880071569
2010-04-29,1206.780029296875,0.0128601802812893,1.1088835191577933
2010-04-30,1186.68994140625,-0.0167878101398661,-1.5013697868433995
2010-05-03,1202.260009765625,0.0130352574532617,1.1242975745610293
2010-05-04,1173.5999755859375,-0.0241271999574177,-2.147540615393909
2010-05-05,1165.8699951171875,-0.0066083418007805,-0.6051542083847375
2010-05-06,1128.1500244140625,-0.0328884406439637,-2.91889331558942
2010-05-07,1110.8800048828125,-0.0154266461809067,-1.3815308812915343
2010-05-10,1159.72998046875,0.0430347041456151,3.7654936149863003
2010-05-11,1155.7900390625,-0.0034030759184666,-0.3229578184414679
2010-05-12,1171.6700439453125,0.013645992401825,1.1780675905362197
2010-05-13,1157.43994140625,-0.0122194998892251,-1.0991689373023092
2010-05-14,1135.6800537109375,-0.0189789813879501,-1.6942837723472821
2010-05-17,1136.93994140625,0.0011087536210085,0.07427038502979319
2010-05-18,1120.800048828125,-0.0142976317849976,-1.2821307695948636
2010-05-19,1115.050048828125,-0.005143468860016,-0.4761846093601162
2010-05-20,1071.5899658203125,-0.0397557958377658,-3.523505511676598
2010-05-21,1087.68994140625,0.0149126325857045,1.2895844819180466
2010-05-24,1073.6500244140625,-0.0129920463236876,-1.167185077888899
2010-05-25,1074.030029296875,0.0003538747646523,0.007809724376443533
2010-05-26,1067.949951171875,-0.005677078693651,-0.5231644151606006
2010-05-27,1103.06005859375,0.0323473117686763,2.824559646506244
2010-05-28,1089.4100341796875,-0.0124518923454051,-1.1196291158309941
2010-06-01,1070.7099609375,-0.0173143533245987,-1.5477274343323824
2010-06-02,1098.3800048828125,0.0255144281083419,2.2229823756507194
2010-06-03,1102.8299560546875,0.0040431919834427,0.332622716098244
2010-06-04,1064.8800048828125,-0.0350174420898303,-3.1063337789602268
2010-06-07,1050.469970703125,-0.0136244661657158,-1.222864264234593
2010-06-08,1062.0,0.0109162676435188,0.9377385505700638
2010-06-09,1055.68994140625,-0.005959396741888,-0.5480201172937409
2010-06-10,1086.8399658203125,0.0290798456661773,2.536887056386645
2010-06-11,1091.5999755859375,0.004370115742617,0.3614055715657815
2010-06-14,1089.6300048828125,-0.0018062939317564,-0.18237475022786784
2010-06-15,1115.22998046875,0.0232224505985003,2.021193256477385
2010-06-16,1114.6099853515625,-0.0005560893540952,-0.07230487413638745
2010-06-17,1116.0400390625,0.0012821858123892,0.0895396138877288
2010-06-18,1117.510009765625,0.0013162641384552,0.09253992055314413
2010-06-21,1113.199951171875,-0.0038642979433989,-0.36356449357453363
2010-06-22,1095.31005859375,-0.0162012250869896,-1.4497259637116562
2010-06-23,1092.0400390625,-0.0029899392610692,-0.2865846508006569
2010-06-24,1073.68994140625,-0.0169462832049509,-1.515321991905992
2010-06-25,1076.760009765625,0.002855281931545,0.22803734298690234
2010-06-28,1074.5699462890625,-0.0020360096106539,-0.2025992612913445
2010-06-29,1041.239990234375,-0.0315082303422089,-2.797377541604224
2010-06-30,1030.7099609375,-0.0101644539733349,-0.918239629118608
2010-07-01,1027.3699951171875,-0.0032457133092442,-0.309103379569596
2010-07-02,1022.5800170898438,-0.0046732717543021,-0.43478775472587644
2010-07-06,1028.06005859375,0.0053447258874577,0.44721170265578203
2010-07-07,1060.27001953125,0.0308500230082637,2.6927361103613916
2010-07-08,1070.25,0.0093686549516585,0.8014844204265503
2010-07-09,1077.9599609375,0.0071780637666289,0.6086215045393238
2010-07-12,1078.75,0.0007326336059527,0.041156217802726214
2010-07-13,1095.3399658203125,0.0152618227355736,1.3203277036396943
2010-07-14,1095.1700439453125,-0.0001551436647933,-0.0370050175133757
2010-07-15,1096.47998046875,0.0011953885564128,0.08189785398610101
2010-07-16,1064.8800048828125,-0.0292429097007493,-2.5979353328903616
2010-07-19,1071.25,0.0059640695879084,0.5017396459898061
2010-07-20,1083.47998046875,0.0113518741689926,0.9760899989172119
2010-07-21,1069.5899658203125,-0.0129026995822858,-1.1593188574870579
2010-07-22,1093.6700439453125,0.0222636878224253,1.9367823513748619
2010-07-23,1102.6600341796875,0.0081864201843444,0.6973987078364245
2010-07-26,1115.010009765625,0.01113790871673,0.9572521613030992
2010-07-27,1113.8399658203125,-0.0010499083075199,-0.11578143148251734
2010-07-28,1106.1300048828125,-0.0069460326382797,-0.6348850134904903
2010-07-29,1101.530029296875,-0.0041672922205169,-0.3902405617434696
2010-07-30,1101.5999755859375,6.34971961988029e-05,-0.017755549939871842
2010-08-02,1125.8599853515625,0.0217835287811665,1.8945084330738824
2010-08-03,1120.4599609375,-0.0048078946413303,-0.44664015453230793
2010-08-04,1127.239990234375,0.0060328780600285,0.5077976465247841
2010-08-05,1125.81005859375,-0.0012693298432147,-0.13509963082146903
2010-08-06,1121.6400146484375,-0.0037109155663976,-0.3500604802851782
2010-08-09,1127.7900390625,0.0054680871074062,0.4580726084921906
2010-08-10,1121.06005859375,-0.0059852816039276,-0.5502990591631378
2010-08-11,1089.469970703125,-0.0285834059979617,-2.539871643039295
2010-08-12,1083.6099853515625,-0.0053932664000715,-0.4981771574383688
2010-08-13,1079.25,-0.0040316907121891,-0.37830200265789926
2010-08-16,1079.3800048828125,0.0001204512887111,-0.012741226670108465
2010-08-17,1092.5400390625,0.0121184896013479,1.0435839652303247
2010-08-18,1094.1600341796875,0.0014816804859387,0.1071034225562125
2010-08-19,1075.6300048828125,-0.0170804358568963,-1.5271329915142298
2010-08-20,1071.68994140625,-0.00366975392292,-0.34643654778784505
2010-08-23,1067.3599853515625,-0.0040484907945526,-0.37978110697179995
2010-08-24,1051.8699951171875,-0.0146187683619913,-1.310404112909815
2010-08-25,1055.3299560546875,0.0032839446916375,0.26577745187106594
2010-08-26,1047.219970703125,-0.0077144665808921,-0.7025390841595194
2010-08-27,1064.5899658203125,0.0164507104032827,1.4249991475054935
2010-08-30,1048.9200439453125,-0.014828611113085,-1.3288789817627094
2010-08-31,1049.3299560546875,0.0003907180884921,0.011053465570729941
2010-09-01,1080.2900390625,0.0290777363867507,2.536701352279272
2010-09-02,1090.0999755859375,0.0090398529867341,0.7725362049228379
2010-09-03,1104.510009765625,0.0131323937931613,1.1328496028352582
2010-09-07,1091.8399658203125,-0.0115374914127679,-1.0391238936044076
2010-09-08,1098.8699951171875,0.0064180594909029,0.5417095943184785
2010-09-09,1104.1800537109375,0.0048206520589966,0.4010714609767651
2010-09-10,1109.550048828125,0.0048515450406902,0.4037913251716892
2010-09-13,1121.9000244140625,0.0110691266031448,0.9511964814128558
2010-09-14,1121.0999755859375,-0.0007133739296074,-0.08615244280400156
2010-09-15,1125.0699462890625,0.0035348838022688,0.2878705055258244
2010-09-16,1124.6600341796875,-0.0003644100558464,-0.05542914276847302
2010-09-17,1125.5899658203125,0.0008265141149328,0.04942159786570421
2010-09-20,1142.7099609375,0.0150952878895571,1.3056657273571874
2010-09-21,1139.780029296875,-0.0025673131207142,-0.24937601492370384
2010-09-22,1134.280029296875,-0.0048371727944509,-0.4492178468106393
2010-09-23,1124.8299560546875,-0.0083662401778417,-0.7599222039607192
2010-09-24,1148.6700439453125,0.0209729155478086,1.8231408347239124
2010-09-27,1142.1600341796875,-0.0056835531819343,-0.5237344387678025
2010-09-28,1147.699951171875,0.0048386607358485,0.40265697175242415
2010-09-29,1144.72998046875,-0.0025911128831443,-0.2514713815128971
2010-09-30,1141.199951171875,-0.0030884867064555,-0.2952609149070434
2010-10-01,1146.239990234375,0.0044067143598951,0.3646277684293189
2010-10-04,1137.030029296875,-0.0080673865197216,-0.7336106820653967
2010-10-05,1160.75,0.0206467225071635,1.7944223128057828
2010-10-06,1159.969970703125,-0.0006722304595951,-0.08253011032566485
2010-10-07,1158.06005859375,-0.0016478755817939,-0.16842736236626737
2010-10-08,1165.1500244140625,0.0061036131712839,0.5140252712434235
2010-10-11,1165.3199462890625,0.0001458262731874,-0.010507175182027546
2010-10-12,1169.77001953125,0.0038114836641494,0.31222277000166987
2010-10-13,1178.0999755859375,0.0070957855615594,0.6013776086211284
2010-10-14,1173.81005859375,-0.0036480321844027,-0.34452413352396233
2010-10-15,1176.18994140625,0.0020254328732747,0.15497619391534878
2010-10-18,1184.7099609375,0.007217634690706,0.6121053877275776
2010-10-19,1165.9000244140625,-0.0160046440290546,-1.4324186741084493
2010-10-20,1178.1700439453125,0.0104690826136781,0.8983677134254653
2010-10-21,1180.260009765625,0.0017723369527997,0.13269325150438932
2010-10-22,1183.0799560546875,0.0023864087842904,0.18675705163052084
2010-10-25,1185.6199951171875,0.0021446701468814,0.16547402136365943
2010-10-26,1185.6400146484375,1.6885142217759608e-05,-0.021859344708933387
2010-10-27,1182.449951171875,-0.0026942096392161,-0.2605481737187659
2010-10-28,1183.780029296875,0.0011242172367564,0.07563182482909528
2010-10-29,1183.260009765625,-0.0004393838135685,-0.06202994424531785
2010-11-01,1184.3800048828125,0.0009460857172536,0.05994886011276091
2010-11-02,1193.5699462890625,0.0077293360646937,0.6571563400573408
2010-11-03,1197.9599609375,0.0036713064436852,0.29988135839349395
2010-11-04,1221.06005859375,0.0190993044096652,1.6581853150401984
2010-11-05,1225.8499755859375,0.0039150790536108,0.32134346263502783
2010-11-08,1223.25,-0.0021232098228605,-0.2102764980606153
2010-11-09,1213.4000244140625,-0.0080848945406613,-0.7351521143476595
2010-11-10,1218.7099609375,0.0043665335797253,0.36109019260087116
2010-11-11,1213.5400390625,-0.004251149890857,-0.397623516140359
2010-11-12,1199.2099609375,-0.0118787662447532,-1.0691702389313742
2010-11-15,1197.75,-0.0012181773094548,-0.1305960854391202
2010-11-16,1178.3399658203125,-0.0163381574146885,-1.461781690119995
2010-11-17,1178.5899658203125,0.0002121403759884,-0.00466878264304117
2010-11-18,1196.68994140625,0.0152405835436475,1.318457773497571
2010-11-19,1199.72998046875,0.0025371519119099,0.20002870146703025
2010-11-22,1197.8399658203125,-0.0015766088850606,-0.16215293606912642
2010-11-23,1180.72998046875,-0.0143870315905498,-1.2900016618436678
2010-11-24,1198.3499755859375,0.0148127155186168,1.2807876342738462
2010-11-26,1189.4000244140625,-0.0074965914242337,-0.6833570303378442
2010-11-29,1187.760009765625,-0.0013798102652371,-0.14482649199269368
2010-11-30,1180.550048828125,-0.0060887156101641,-0.5594055433766217
2010-12-01,1206.0699462890625,0.0213866222631295,1.8595641911147294
2010-12-02,1221.530029296875,0.0127371001606206,1.0980473617213264
2010-12-03,1224.7099609375,0.0025998540163518,0.2055490882820474
2010-12-06,1223.1199951171875,-0.0012990821033005,-0.1377190641842966
2010-12-07,1223.75,0.0005149475844579,0.021990815723008972
2010-12-08,1228.280029296875,0.0036949257526153,0.30196083758734393
2010-12-09,1233.0,0.0038353835670088,0.3143269531036497
2010-12-10,1240.4000244140625,0.0059837037443601,0.5034682664143468
2010-12-13,1240.4599609375,4.83191504585534e-05,-0.019091847729682705
2010-12-14,1241.5899658203125,0.0009105416846804,0.05681951045988843
2010-12-15,1235.22998046875,-0.0051356170153358,-0.4754933212409701
2010-12-16,1242.8699951171875,0.0061660457042735,0.5195219245856294
2010-12-17,1243.9100341796875,0.0008364544598933,0.050296760665184306
2010-12-20,1247.0799560546875,0.0025451114605434,0.2007294720028992
2010-12-21,1254.5999755859375,0.0060119938497864,0.5059589694996874
2010-12-22,1258.8399658203125,0.0033738576255419,0.2736935207054906
2010-12-23,1256.77001953125,-0.001645681777604,-0.16823421657263818
2010-12-27,1257.5400390625,0.000612509624811,0.03058032330023035
2010-12-28,1258.510009765625,0.0007710265951414,0.04453639384614409
2010-12-29,1259.780029296875,0.0010086365106651,0.06545592527893358
2010-12-30,1257.8800048828125,-0.0015093576964178,-0.15623204109466907
2010-12-31,1257.6400146484375,-0.0001908076526833,-0.040144928211290426
2011-01-03,1271.8699951171875,0.0112512941477609,0.9672347838011687
2011-01-04,1270.199951171875,-0.001313924652635,-0.13902582437004665
2011-01-05,1276.56005859375,0.0049946760743084,0.4163927948964866
2011-01-06,1273.8499755859375,-0.0021252143706371,-0.210452981437282
2011-01-07,1271.5,-0.0018464857690823,-0.1859132995448338
2011-01-10,1269.75,-0.0013772751808192,-0.1446032993786643
2011-01-11,1274.47998046875,0.0037182062584069,0.30401048804744873
2011-01-12,1285.9599609375,0.0089672537988505,0.766144464116994
2011-01-13,1283.760009765625,-0.0017122112404592,-0.1740915697320737
2011-01-14,1293.239990234375,0.0073574103473017,0.6244114450537118
2011-01-18,1295.02001953125,0.0013754642661831,0.09775198811395866
2011-01-19,1281.9200439453125,-0.0101671657933852,-0.9184783818013709
2011-01-20,1280.260009765625,-0.0012957984038344,-0.1374299623846284
2011-01-21,1283.3499755859375,0.0024106376042603,0.18889019308559266
2011-01-24,1290.8399658203125,0.0058193152345955,0.48899525677739436
2011-01-25,1291.1800537109375,0.0002634277736186,-0.00015336364435916209
2011-01-26,1296.6300048828125,0.0042120241484804,0.3474869517745526
2011-01-27,1299.5400390625,0.0022417910607996,0.17402469151147315
2011-01-28,1276.3399658203125,-0.0180138054241831,-1.6093082406330648
2011-01-31,1286.1199951171875,0.0076333499328811,0.6487055778189893
2011-02-01,1307.5899658203125,0.0165557918378347,1.434250673765533
2011-02-02,1304.030029296875,-0.0027262302593635,-0.2633673168853907
2011-02-03,1307.0999755859375,0.0023514322901272,0.18367766890592718
2011-02-04,1310.8699951171875,0.0028801110627521,0.2302233367388507
2011-02-07,1319.050048828125,0.0062207823459532,0.5243410201760641
2011-02-08,1324.5699462890625,0.0041760203758389,0.34431712592021974
2011-02-09,1320.8800048828125,-0.0027896530778006,-0.26895115643571743
2011-02-10,1321.8699951171875,0.0007492122074985,0.04261582261502817
2011-02-11,1329.1500244140625,0.005492261501887,0.46020095824600926
2011-02-14,1332.3199462890625,0.0023820846440685,0.18637634787456667
2011-02-15,1328.010009765625,-0.0032401546915794,-0.3086139905779567
2011-02-16,1336.3199462890625,0.0062379386988515,0.5258514910793384
2011-02-17,1340.4300537109375,0.0030709708803797,0.24702691981036104
2011-02-18,1343.010009765625,0.0019228727220248,0.14594664519851533
2011-02-22,1315.43994140625,-0.0207422049204542,-1.8495206025526043
2011-02-23,1307.4000244140625,-0.0061307150105092,-0.563103233238348
2011-02-24,1306.0999755859375,-0.0009948719612431,-0.1109359494522501
2011-02-25,1319.8800048828125,0.0104952481653253,0.9006713676266523
2011-02-28,1327.219970703125,0.0055456799512327,0.46490399821685924
2011-03-01,1306.3299560546875,-0.0158648617910586,-1.4201120373460145
2011-03-02,1308.43994140625,0.0016138978895199,0.11874404001143331
2011-03-03,1330.969970703125,0.017072434579239,1.4797366714542606
2011-03-04,1321.1500244140625,-0.0074053897893691,-0.6753275023483799
2011-03-07,1310.1300048828125,-0.0083762152562698,-0.7608004247465027
2011-03-08,1321.8199462890625,0.0088831615301767,0.7587408553328283
2011-03-09,1320.02001953125,-0.0013626313929711,-0.14331403845069235
2011-03-10,1295.1099853515625,-0.0190512804763303,-1.7006490919451533
2011-03-11,1304.280029296875,0.0070555645245695,0.5978364885221834
2011-03-14,1296.3900146484375,-0.0060676969567738,-0.5575550297761931
2011-03-15,1281.8699951171875,-0.0112635443948461,-1.015005189468248
2011-03-16,1256.8800048828125,-0.0196874819493722,-1.7566612187267883
2011-03-17,1273.719970703125,0.0133092662318743,1.1484217162005426
2011-03-18,1279.2099609375,0.0043009395825457,0.35531519923505744
2011-03-21,1298.3800048828125,0.0148746679301829,1.2862420170096749
2011-03-22,1293.77001953125,-0.0035568853410383,-0.33649942945991446
2011-03-23,1297.5400390625,0.0029097422585024,0.23283211141697524
2011-03-24,1309.6600341796875,0.0092973934354754,0.7952104502327773
2011-03-25,1313.800048828125,0.0031561510021891,0.2545263048074608
2011-03-28,1310.18994140625,-0.0027516184993912,-0.26560253541199175
2011-03-29,1319.43994140625,0.0070352396073021,0.5960470524849409
2011-03-30,1328.260009765625,0.0066624626262346,0.5632272109573928
2011-03-31,1325.8299560546875,-0.0018311771049752,-0.18456550191914697
2011-04-01,1332.4100341796875,0.0049507129444563,0.41252221535944256
2011-04-04,1332.8699951171875,0.000345150180852,0.0070415990031984215
2011-04-05,1332.6300048828125,-0.0001800714575308,-0.039199697573645234
2011-04-06,1335.5400390625,0.0021812967581533,0.16869868286017284
2011-04-07,1333.510009765625,-0.001521162699225,-0.15727137115269754
2011-04-08,1328.1700439453125,-0.0040124830009746,-0.37661092710821914
2011-04-11,1324.4599609375,-0.0027972882914015,-0.2696233720314683
2011-04-12,1314.1600341796875,-0.0078070954457247,-0.7106942676045298
2011-04-13,1314.4100341796875,0.0001902174903101,-0.006598906203052721
2011-04-14,1314.52001953125,8.36730908613248e-05,-0.015979234075077144
2011-04-15,1319.6800537109375,0.0039177288255682,0.32157675251112744
2011-04-18,1305.1400146484375,-0.0110789977285783,-0.9987574256605095
2011-04-19,1312.6199951171875,0.0057148102180946,0.47979447922248336
2011-04-20,1330.3599853515625,0.0134244351323475,1.1585613580089191
2011-04-21,1337.3800048828125,0.005262908499656,0.44000837777729784
2011-04-25,1335.25,-0.0015939395500961,-0.1636787536730013
2011-04-26,1347.239990234375,0.0089395077901928,0.7637016641228527
2011-04-27,1355.6600341796875,0.006230397799829,0.5251875790797698
2011-04-28,1360.47998046875,0.0035491184714349,0.2891237470347036
2011-04-29,1363.6099853515625,0.0022980197420201,0.17897514848892712
2011-05-02,1361.219970703125,-0.0017542491090454,-0.17779264639513395
2011-05-03,1356.6199951171875,-0.0033850263710526,-0.32136870936055023
2011-05-04,1347.3199462890625,-0.006878914252832,-0.6289758107074473
2011-05-05,1335.0999755859375,-0.0091112171806946,-0.8255110906599027
2011-05-06,1340.199951171875,0.0038126429958769,0.31232483929646765
2011-05-09,1346.2900390625,0.0045338701019312,0.3758227496510455
2011-05-10,1357.1600341796875,0.0080416160096632,0.6846499322764232
2011-05-11,1342.0799560546875,-0.0111736896878857,-1.0070942470208368
2011-05-12,1348.6500244140625,0.0048834936721675,0.40660413034840465
2011-05-13,1337.77001953125,-0.0081000470454251,-0.7364861634718014
2011-05-16,1329.469970703125,-0.006223718638096,-0.5712914113553149
2011-05-17,1328.97998046875,-0.0003686285233301,-0.05580054293891187
2011-05-18,1340.6800537109375,0.0087652719837034,0.7483616837919019
2011-05-19,1343.5999755859375,0.0021755725891674,0.16819471848325193
2011-05-20,1333.27001953125,-0.0077179746126141,-0.7028479365056595
2011-05-23,1317.3699951171875,-0.0119972648409882,-1.0796030321219103
2011-05-24,1316.280029296875,-0.0008277226453321,-0.09621987432355601
2011-05-25,1320.469970703125,0.0031781131566699,0.25645988565142624
2011-05-26,1325.68994140625,0.0039453227676986,0.3240061643413501
2011-05-27,1331.0999755859375,0.0040726153187664,0.33521319043432135
2011-05-31,1345.199951171875,0.0105370148563679,0.9043485694142271
2011-06-01,1314.550048828125,-0.0230482257006405,-2.0525461121970507
2011-06-02,1312.93994140625,-0.0012255861140477,-0.13124836764804643
2011-06-03,1300.1600341796875,-0.0097814926651915,-0.8845231442421638
2011-06-06,1286.1700439453125,-0.0108185160137219,-0.9758242268939713
2011-06-07,1284.93994140625,-0.0009568650426681,-0.10758976364160837
2011-06-08,1279.56005859375,-0.0041956644216076,-0.39273849265357563
2011-06-09,1289.0,0.0073504093289917,0.6237950649574738
2011-06-10,1270.97998046875,-0.0140784828818461,-1.2628365732317415
2011-06-13,1271.8299560546875,0.0006685325595015,0.035512666046247324
2011-06-14,1287.8699951171875,0.0125329134851073,1.08007046220035
2011-06-15,1265.4200439453125,-0.0175855695072577,-1.5716057116581037
2011-06-16,1267.6400146484375,0.0017527979756826,0.1309730108104568
2011-06-17,1271.5,0.0030403902917992,0.24433455917114705
2011-06-20,1278.3599853515625,0.0053806890901588,0.45037795667203917
2011-06-21,1295.52001953125,0.0133341790614638,1.15061507888294
2011-06-22,1287.1400146484375,-0.0064894598444071,-0.5946876635957142
2011-06-23,1283.5,-0.0028319928581943,-0.2726788138647066
2011-06-24,1268.449951171875,-0.011795077176858,-1.0618021285452575
2011-06-27,1280.0999755859375,0.0091425366557302,0.7815766283263126
2011-06-28,1296.6700439453125,0.0128612927359972,1.1089814613298539
2011-06-29,1307.4100341796875,0.0082486335349125,0.7028760640312619
2011-06-30,1320.6400146484375,0.010068371595163,0.8630885175686088
2011-07-01,1339.6700439453125,0.0143068691060825,1.2362521614849609
2011-07-05,1337.8800048828125,-0.0013370725450787,-0.14106379935316773
2011-07-06,1339.219970703125,0.0010010578196055,0.0647886860120399
2011-07-07,1353.219970703125,0.0103995828920924,0.8922488542563193
2011-07-08,1343.800048828125,-0.0069854581069357,-0.6383560905664778
2011-07-11,1319.489990234375,-0.0182561669365739,-1.630646109742538
2011-07-12,1313.6400146484375,-0.0044433698298371,-0.41454684632479316
2011-07-13,1317.719970703125,0.003101027109122,0.24967311502717196
2011-07-14,1308.8699951171875,-0.006738782369335,-0.6166383906334981
2011-07-15,1316.1400146484375,0.0055390555402832,0.46432077519446835
2011-07-18,1305.43994140625,-0.0081631175393681,-0.7420389838480644
2011-07-19,1326.72998046875,0.0161771496468432,1.4009144504064661
2011-07-20,1325.8399658203125,-0.0006710584073994,-0.08242692110187014
2011-07-21,1343.800048828125,0.0134552627862651,1.1612754706489872
2011-07-22,1345.02001953125,0.0009074395131127,0.05654639064720143
2011-07-25,1337.4300537109375,-0.0056589952232437,-0.521572319448746
2011-07-26,1331.93994140625,-0.0041134200623291,-0.3854975765693114
2011-07-27,1304.8900146484375,-0.0205177248072914,-1.8297570385069075
2011-07-28,1300.6700439453125,-0.0032392071555049,-0.308530568088409
2011-07-29,1292.280029296875,-0.006471427287173,-0.5931000503555811
2011-08-01,1286.93994140625,-0.0041408608662312,-0.38791350588146056
2011-08-02,1254.050048828125,-0.0258889091906242,-2.302644124430016
2011-08-03,1260.3399658203125,0.0050031459527177,0.4171384956271348
2011-08-04,1200.0699462890625,-0.0490016550437415,-4.337524749283972
2011-08-05,1199.3800048828125,-0.0005750829892727,-0.07397710211240817
2011-08-08,1119.4599609375,-0.0689583693926243,-6.094543652289362
2011-08-09,1172.530029296875,0.0463174410633877,4.054510670463822
2011-08-10,1120.760009765625,-0.0451567970274746,-3.999017713714215
2011-08-11,1172.6400146484375,0.0452505943637717,3.9605838954915096
2011-08-12,1178.81005859375,0.0052478750672761,0.4386848119634686
2011-08-15,1204.489990234375,0.0215507279760336,1.874012302894203
2011-08-16,1192.760009765625,-0.0097862751776203,-0.88494420377102
2011-08-17,1193.8900146484375,0.0009469381398128,0.06002390866652981
2011-08-18,1140.6500244140625,-0.0456185989323634,-4.039675442343724
2011-08-19,1123.530029296875,-0.0151227561282079,-1.354775947704133
2011-08-22,1123.8199462890625,0.0002580078732243,-0.0006305397605631106
2011-08-23,1162.3499755859375,0.0337102483864741,2.944554619586721
2011-08-24,1177.5999755859375,0.0130346513685468,1.124244213958563
2011-08-25,1159.27001953125,-0.0156879347379614,-1.4045351156488703
2011-08-26,1176.800048828125,0.015008418274915,1.2980175968906857
2011-08-29,1210.0799560546875,0.0278875050121643,2.4319116064554325
2011-08-30,1212.9200439453125,0.0023442750237698,0.18304753249850297
2011-08-31,1218.8900146484375,0.0049099087120705,0.4089297498678227
2011-09-01,1204.4200439453125,-0.0119424607923042,-1.0747780019182582
2011-09-02,1173.969970703125,-0.0256070172917528,-2.2778259411227593
2011-09-06,1165.239990234375,-0.0074640764576097,-0.6804943641699459
2011-09-07,1198.6199951171875,0.028243824959147,2.463282546151301
2011-09-08,1185.9000244140625,-0.0106688903873024,-0.9626509635302152
2011-09-09,1154.22998046875,-0.0270685625109621,-2.406502562577315
2011-09-12,1162.27001953125,0.0069415681820235,0.5878000804629573
2011-09-13,1172.8699951171875,0.0090787261803537,0.7759586588807285
2011-09-14,1188.6800537109375,0.0133897605182307,1.1555085532539597
2011-09-15,1209.1099853515625,0.0170410467181048,1.476973237335117
2011-09-16,1216.010009765625,0.005690475561936,0.47765201979147026
2011-09-19,1204.0899658203125,-0.0098509486880802,-0.8906381561128355
2011-09-20,1202.0899658203125,-0.0016623864527245,-0.1697049210905352
2011-09-21,1166.760009765625,-0.0298309950871473,-2.649711247623558
2011-09-22,1129.56005859375,-0.0324024567592298,-2.876106569379303
2011-09-23,1136.4300537109375,0.0060635888294697,0.5105014684811799
2011-09-26,1162.949951171875,0.0230680212969689,2.007597070390581
2011-09-27,1175.3800048828125,0.0106316653572946,0.9126817407168696
2011-09-28,1151.06005859375,-0.0209081958526953,-1.8641346918549062
2011-09-29,1160.4000244140625,0.0080814864353593,0.6881601840340149
2011-09-30,1131.4200439453125,-0.0252912744788664,-2.2500274728463143
2011-10-03,1099.22998046875,-0.028863602903784,-2.5645405966298926
2011-10-04,1123.949951171875,0.0222393061311541,1.9346357509023677
2011-10-05,1144.030029296875,0.0177079189455113,1.5356856630861089
2011-10-06,1164.969970703125,0.0181381684664803,1.5735654727649933
2011-10-07,1155.4599609375,-0.0081968111876227,-0.745005422905096
2011-10-10,1194.8900146484375,0.0335556439192883,2.9309430116543895
2011-10-11,1195.5400390625,0.000543855637253,0.024535923816562055
2011-10-12,1207.25,0.0097470469376377,0.8347986153630742
2011-10-13,1203.6600341796875,-0.0029781023951365,-0.2855425154655255
2011-10-14,1224.5799560546875,0.0172309488024779,1.4936925001421402
2011-10-17,1200.8599853515625,-0.0195599375994488,-1.7454320238869325
2011-10-18,1225.3800048828125,0.0202130493803105,1.7562410837574833
2011-10-19,1209.8800048828125,-0.0127298187870259,-1.1440981743661787
2011-10-20,1215.3900146484375,0.0045438398210837,0.37670049859821014
2011-10-21,1238.25,0.0186340674924343,1.6172251627996865
2011-10-24,1254.18994140625,0.0127908066803721,1.102775763840451
2011-10-25,1229.050048828125,-0.0202483461993816,-1.8060405440034273
2011-10-26,1242.0,0.010481430544087,0.8994548436394949
2011-10-27,1284.5899658203125,0.033716591168134,2.9451130475463163
2011-10-28,1285.0899658203125,0.000389153528542,0.010915719378688824
2011-10-31,1253.300048828125,-0.0250486166129784,-2.2286635123328424
2011-11-01,1218.280029296875,-0.0283400596215939,-2.5184470650360513
2011-11-02,1237.9000244140625,0.0159763633043965,1.383236921281342
2011-11-03,1261.1500244140625,0.0186076072009306,1.614895559261836
2011-11-04,1253.22998046875,-0.0062998195371894,-0.5779914480399756
2011-11-07,1261.1199951171875,0.0062760082111665,0.529203187736228
2011-11-08,1275.9200439453125,0.0116673103217248,1.003861468376201
2011-11-09,1229.0999755859375,-0.0373853470989882,-3.314807668443166
2011-11-10,1239.699951171875,0.0085872010994823,0.7326840574962251
2011-11-11,1263.8499755859375,0.0192932230045137,1.6752581974213672
2011-11-14,1251.780029296875,-0.0095960366875553,-0.8681953233050269
2011-11-15,1257.81005859375,0.0048055982773007,0.39974610357879775
2011-11-16,1236.9100341796875,-0.016755798341955,-1.4985514203996197
2011-11-17,1216.1300048828125,-0.0169426719877066,-1.5150040549525352
2011-11-18,1215.6500244140625,-0.000394756490472,-0.058100888144183196
2011-11-21,1192.97998046875,-0.0188245711049486,-1.6806892606802233
2011-11-22,1188.0400390625,-0.0041494388570058,-0.38866872498603333
2011-11-23,1161.7900390625,-0.0223429704585962,-1.9904543885769828
2011-11-25,1158.6700439453125,-0.0026891193002507,-0.260100012682407
2011-11-28,1192.550048828125,0.02882107903861,2.514104856463632
2011-11-29,1195.18994140625,0.0022112069693971,0.1713320224785847
2011-11-30,1246.9599609375,0.042403438336227,3.709916031395844
2011-12-01,1244.5799560546875,-0.0019104695778526,-0.1915465295209893
2011-12-02,1244.280029296875,-0.0002410153733274,-0.04456529083743765
2011-12-05,1257.0799560546875,0.0102344632992661,0.877711478975974
2011-12-06,1258.469970703125,0.0011051379065261,0.0739520521327849
2011-12-07,1261.010009765625,0.0020163207826575,0.1541739518638552
2011-12-08,1234.3499755859375,-0.0213684989509292,-1.904660463310576
2011-12-09,1255.18994140625,0.0167424129070852,1.450681071106494
2011-12-12,1236.469970703125,-0.015026386904779,-1.3462914575083806
2011-12-13,1225.72998046875,-0.0087239530203051,-0.7914157762526514
2011-12-14,1211.8199462890625,-0.0114132514971379,-1.0281856260893483
2011-12-15,1215.75,0.0032378528580823,0.2617194580843684
2011-12-16,1219.6600341796875,0.0032109891019,0.25935433291431903
2011-12-19,1205.3499755859375,-0.0118021984585574,-1.062429096809709
2011-12-20,1241.300048828125,0.0293892959309438,2.5641315193392953
2011-12-21,1243.719970703125,0.0019476081648539,0.14812439048589882
2011-12-22,1254.0,0.0082315771698304,0.7013743962044892
2011-12-23,1265.3299560546875,0.0089944807831052,0.7685415684284067
2011-12-27,1265.4300537109375,7.910481903916633e-05,-0.016381431541317305
2011-12-28,1249.6400146484375,-0.0125565062565025,-1.1288394806286317
2011-12-29,1263.02001953125,0.010650172463281,0.9143111339370942
2011-12-30,1257.5999755859375,-0.0043005707400647,-0.4019746014313788
2012-01-03,1277.06005859375,0.0153554836701772,1.328573752047001
2012-01-04,1277.300048828125,0.0001879063444372,-0.006802382933505371
2012-01-05,1281.06005859375,0.0029393926694947,0.23544257783367106
2012-01-06,1277.81005859375,-0.0025401850025392,-0.2469876149294379
2012-01-09,1280.699951171875,0.0022590443626082,0.17554369794144012
2012-01-10,1292.0799560546875,0.0088465236130605,0.7555151984529166
2012-01-11,1292.47998046875,0.0003095493446325,0.003907248272565143
2012-01-12,1295.5,0.0023338827385686,0.18213258020602033
2012-01-13,1289.0899658203125,-0.0049602044478689,-0.46004973711805036
2012-01-17,1293.6700439453125,0.0035466577681741,0.28890710304870826
2012-01-18,1308.0400390625,0.0110466891302216,0.9492210528241342
2012-01-19,1314.5,0.0049265017172448,0.4103906227970654
2012-01-20,1315.3800048828125,0.0006692357932855,0.03557457979768553
2012-01-23,1316.0,0.0004712319220407,0.01814202358810914
2012-01-24,1314.6500244140625,-0.0010263438252238,-0.1137067793073159
2012-01-25,1326.06005859375,0.0086416947171956,0.7374817568941111
2012-01-26,1318.4300537109375,-0.0057705082879886,-0.5313900960257716
2012-01-27,1316.3299560546875,-0.0015941475452905,-0.1636970658802067
2012-01-30,1313.010009765625,-0.0025253090863452,-0.2456779170756003
2012-01-31,1312.4100341796875,-0.0004570511280785,-0.06358540097114652
2012-02-01,1324.0899658203125,0.0088602374742663,0.7567225872520217
2012-02-02,1325.5400390625,0.0010945478306672,0.07301968605573123
2012-02-03,1344.9000244140625,0.0144997259481076,1.2532315655636184
2012-02-06,1344.3299560546875,-0.0004239640135317,-0.06067236204658595
2012-02-07,1347.050048828125,0.0020213375254707,0.15461563338518253
2012-02-08,1349.9599609375,0.0021578809333249,0.16663711871019718
2012-02-09,1351.949951171875,0.0014730251258781,0.10634139174427959
2012-02-10,1342.6400146484375,-0.0069101226436156,-0.6317234439891872
2012-02-13,1351.77001953125,0.0067770233264967,0.5733133059118618
2012-02-14,1350.5,-0.0009399650039254,-0.10610185901896646
2012-02-15,1343.22998046875,-0.0053977475362163,-0.498571683349584
2012-02-16,1358.0400390625,0.0109653658332762,0.9420612284417309
2012-02-17,1361.22998046875,0.0023461758829403,0.1832148869756044
2012-02-21,1362.2099609375,0.000719663757696,0.04001433301358961
2012-02-22,1357.6600341796875,-0.0033456974121452,-0.31790612914680416
2012-02-23,1363.4599609375,0.0042629031806056,0.35196641766496856
2012-02-24,1365.739990234375,0.0016708411755086,0.12375741185873787
2012-02-27,1367.5899658203125,0.0013536425518791,0.09583077183266948
2012-02-28,1372.1800537109375,0.0033507134923151,0.2716558766894334
2012-02-29,1365.6800537109375,-0.0047482427569534,-0.441388313642178
2012-03-01,1374.0899658203125,0.006139156544533,0.5171545628484187
2012-03-02,1369.6300048828125,-0.0032510350278585,-0.30957191161541964
2012-03-05,1364.3299560546875,-0.0038772005028215,-0.36470045415433355
2012-03-06,1343.3599853515625,-0.0154895061275439,-1.387065164768897
2012-03-07,1352.6300048828125,0.006876921722994,0.5821085097694301
2012-03-08,1365.9100341796875,0.0097700491747225,0.8368237666311067
2012-03-09,1370.8699951171875,0.0036246730207318,0.29577568226822754
2012-03-12,1371.0899658203125,0.0001604477867873,-0.009219875312096159
2012-03-13,1395.949951171875,0.0179691330904345,1.5586833460883782
2012-03-14,1394.280029296875,-0.001196978088596,-0.12872967440939162
2012-03-15,1402.5999755859375,0.0059494657015601,0.5004538980494022
2012-03-16,1404.1700439453125,0.0011187724767003,0.07515246003118045
2012-03-19,1409.75,0.0039659715140709,0.325824110776081
2012-03-20,1405.52001953125,-0.0030050287343899,-0.2879131505425169
2012-03-21,1402.8900146484375,-0.0018729499037748,-0.18824324144275983
2012-03-22,1392.780029296875,-0.0072326342268977,-0.6601178449090245
2012-03-23,1397.1099853515625,0.0031040360075564,0.24993802293405695
2012-03-26,1416.510009765625,0.0137902999640884,1.190772643598104
2012-03-27,1412.52001953125,-0.002820749754246,-0.2716889542204649
2012-03-28,1405.5400390625,-0.004953758683289,-0.4594822423885464
2012-03-29,1403.280029296875,-0.0016092239433875,-0.16502441445986638
2012-03-30,1408.469970703125,0.0036916136216209,0.3016692326335096
2012-04-02,1419.0400390625,0.007476626120983,0.6349073796165163
2012-04-03,1413.3800048828125,-0.0039966118201419,-0.37521360467083953
2012-04-04,1398.9599609375,-0.0102549268525375,-0.9262049963724212
2012-04-05,1398.0799560546875,-0.0006292401524214,-0.07874517954849873
2012-04-09,1382.199951171875,-0.0114234379995421,-1.0290824609573932
2012-04-10,1358.5899658203125,-0.017229025277186,-1.5402150257444904
2012-04-11,1368.7099609375,0.0074212898001233,0.630035487376464
2012-04-12,1387.5699462890625,0.0136853152359766,1.1815296315173283
2012-04-13,1370.260009765625,-0.0125534671250564,-1.1285719109622945
2012-04-16,1369.5699462890625,-0.0005037272401731,-0.06769483551208848
2012-04-17,1390.780029296875,0.0153679791579541,1.3296738734318376
2012-04-18,1385.1400146484375,-0.0040635337617462,-0.38110551224485156
2012-04-19,1376.9200439453125,-0.005952075477202,-0.5473755422288116
2012-04-20,1378.530029296875,0.0011685826213376,0.07953781947257907
2012-04-23,1366.93994140625,-0.0084431131028877,-0.7666902109619669
2012-04-24,1371.969970703125,0.0036730196416288,0.3000321908962232
2012-04-25,1390.68994140625,0.0135523428987411,1.1698225485769616
2012-04-26,1399.97998046875,0.0066579521335077,0.5628301004488949
2012-04-27,1403.3599853515625,0.0024114139290238,0.18895854187590427
2012-04-30,1397.9100341796875,-0.00389106227537,-0.3659208652887065
2012-05-01,1405.8199462890625,0.0056424357196842,0.47342252041305505
2012-05-02,1402.31005859375,-0.0024998055766589,-0.2434325500362951
2012-05-03,1391.5699462890625,-0.007688351103507,-0.7002398385710693
2012-05-04,1369.0999755859375,-0.0162789957215894,-1.4565730064012372
2012-05-07,1369.5799560546875,0.0003505195828967,0.007514329169369381
2012-05-08,1363.719970703125,-0.0042878531349686,-0.40085492450640164
2012-05-09,1354.5799560546875,-0.0067248275317819,-0.6154097859172845
2012-05-10,1357.989990234375,0.0025142474063848,0.19801215463131103
2012-05-11,1353.3900146484375,-0.0033930913342814,-0.3220787607546485
2012-05-14,1338.3499755859375,-0.011175073102339,-1.0072160448931042
2012-05-15,1330.6600341796875,-0.0057624082765022,-0.5306769589307887
2012-05-16,1324.800048828125,-0.0044135439289476,-0.4119209295157494
2012-05-17,1304.8599853515625,-0.0151657974056043,-1.358565365975744
2012-05-18,1295.219970703125,-0.0074152018267552,-0.6761913687575987
2012-05-21,1315.989990234375,0.0159086843958391,1.3772783692075241
2012-05-22,1316.6300048828125,0.0004862187951424,0.01946149025362786
2012-05-23,1318.8599853515625,0.0016922705145487,0.1256440828364419
2012-05-24,1320.6800537109375,0.0013790801585873,0.09807033667546766
2012-05-25,1317.8199462890625,-0.0021679807027599,-0.2142181931168375
2012-05-29,1332.4200439453125,0.0110180552788277,0.9467000858310006
2012-05-30,1313.3199462890625,-0.0144386293047968,-1.294544401580228
2012-05-31,1310.3299560546875,-0.0022792610600435,-0.2240154817818138
2012-06-01,1278.0400390625,-0.0249512954143611,-2.2200952088213324
2012-06-04,1278.1800537109375,0.0001095481949873,-0.013701151306952727
2012-06-05,1285.5,0.0057105145943596,0.47941628610057707
2012-06-06,1315.1300048828125,0.0227877760480481,1.9829238606014727
2012-06-07,1314.989990234375,-0.0001064701601674,-0.032719729554237575
2012-06-08,1325.6600341796875,0.0080814207999893,0.6881544053981242
2012-06-11,1308.9300537109375,-0.0127004238154011,-1.141510197212466
2012-06-12,1324.1800537109375,0.01158338990124,0.9964729893629607
2012-06-13,1314.8800048828125,-0.0070480300711039,-0.6438650196376532
2012-06-14,1329.0999755859375,0.0107565926498693,0.9236805259235797
2012-06-15,1342.8399658203125,0.0102847456521466,0.8821384123355515
2012-06-18,1344.780029296875,0.0014437039589356,0.10375991246489945
2012-06-19,1357.97998046875,0.0097678344176124,0.8366287761111253
2012-06-20,1355.68994140625,-0.0016877805127712,-0.17194065202029135
2012-06-21,1325.510009765625,-0.0225132081833763,-2.0054423718298477
2012-06-22,1335.02001953125,0.007148989234504,0.6060617393572189
2012-06-25,1313.719970703125,-0.0160835023906029,-1.4393614819012637
2012-06-26,1319.989990234375,0.004761368161021,0.3958520181583733
2012-06-27,1331.8499755859375,0.0089447814196175,0.7641659623246838
2012-06-28,1329.0400390625,-0.0021120283457669,-0.20929206413659734
2012-06-29,1362.1600341796875,0.0246147937349201,2.1437772233264343
2012-07-02,1365.510009765625,0.0024562921587065,0.19290968816719423
2012-07-03,1374.02001953125,0.0062127715684248,0.523635739371864
2012-07-05,1367.5799560546875,-0.0046980415663213,-0.4369685259280288
2012-07-06,1354.6800537109375,-0.0094774186555817,-0.8577520148138884
2012-07-09,1352.4599609375,-0.0016401761705182,-0.167749494711456
2012-07-10,1341.469970703125,-0.0081591217895908,-0.7416871920767508
2012-07-11,1341.449951171875,-1.492368899036478e-05,-0.024659841661394455
2012-07-12,1334.760009765625,-0.0049995743524595,-0.4635159222508287
2012-07-13,1356.780029296875,0.0163627592475732,1.4172557965499586
2012-07-16,1353.6400146484375,-0.0023169958916202,-0.22733771264722166
2012-07-17,1363.6700439453125,0.0073823558099119,0.626607680795934
2012-07-18,1372.780029296875,0.0066582753300847,0.5628585551576837
2012-07-19,1376.510009765625,0.002713415248511,0.2155471885737153
2012-07-20,1362.6600341796875,-0.0101126205341683,-0.9136761358084684
2012-07-23,1350.52001953125,-0.0089489790037076,-0.8112273995285892
2012-07-24,1338.31005859375,-0.0090820501924238,-0.8229431855007852
2012-07-25,1337.8900146484375,-0.0003139107221183,-0.05098310609137761
2012-07-26,1360.02001953125,0.0164056628649511,1.421033095028177
2012-07-27,1385.969970703125,0.0189008144904505,1.6407099664422584
2012-07-30,1385.300048828125,-0.0004834764446108,-0.06591192526033901
2012-07-31,1379.3199462890625,-0.0043261727662198,-0.40422864200756553
2012-08-01,1375.3199462890625,-0.0029041929017452,-0.27903541340805
2012-08-02,1365.0,-0.0075319636241362,-0.6864712515860457
2012-08-03,1390.989990234375,0.0188612881853025,1.6372300115710856
2012-08-06,1394.22998046875,0.0023265607240574,0.18148793912536176
2012-08-07,1401.3499755859375,0.0050937627425931,0.4251165329912692
2012-08-08,1402.219970703125,0.0006206338074532,0.031295588459828765
2012-08-09,1402.800048828125,0.0004135999951726,0.013068022770457282
2012-08-10,1405.8699951171875,0.0021860506671051,0.16911722409624294
2012-08-13,1404.1099853515625,-0.0012526850781942,-0.1336342008781508
2012-08-14,1403.9300537109375,-0.0001281546120202,-0.03462886104455289
2012-08-15,1405.530029296875,0.0011389916294488,0.07693258440239772
2012-08-16,1415.510009765625,0.0070754203875056,0.5995846283163557
2012-08-17,1418.1600341796875,0.0018703837394768,0.14132543687112759
2012-08-20,1418.1300048828125,-2.117505365362149e-05,-0.025210221132228382
2012-08-21,1413.1700439453125,-0.0035036668144439,-0.33181399098633674
2012-08-22,1413.489990234375,0.0002263776234565,-0.003415314136607509
2012-08-23,1402.0799560546875,-0.0081049995977222,-0.7369221935643309
2012-08-24,1411.1300048828125,0.0064339883432618,0.5431119942430601
2012-08-27,1410.43994140625,-0.0004891344205226,-0.06641006190026834
2012-08-28,1409.300048828125,-0.0008085090427956,-0.09452828009309831
2012-08-29,1410.489990234375,0.0008439929642989,0.05096046183910877
2012-08-30,1399.47998046875,-0.0078364297296733,-0.713276901724695
2012-08-31,1406.5799560546875,0.0050604697676455,0.4221853698099165
2012-09-04,1404.93994140625,-0.0011666393226885,-0.12605860419906328
2012-09-05,1403.43994140625,-0.0010682316532886,-0.11739464617903939
2012-09-06,1432.1199951171875,0.0202295366120068,1.7576926442319285
2012-09-07,1437.9200439453125,0.004041794988943,0.3324997226184328
2012-09-10,1429.0799560546875,-0.0061668056546526,-0.5662807073893044
2012-09-11,1433.56005859375,0.0031300521014525,0.25222851865187385
2012-09-12,1436.56005859375,0.002090505602597,0.16070529408137058
2012-09-13,1459.989990234375,0.016178172153844,1.4010044734482083
2012-09-14,1465.77001953125,0.0039511352928087,0.3245179077232565
2012-09-17,1461.18994140625,-0.0031295828602662,-0.2988790815964042
2012-09-18,1459.3199462890625,-0.0012805951321173,-0.13609144366218312
2012-09-19,1461.050048828125,0.0011848517443748,0.08097017733529917
2012-09-20,1460.260009765625,-0.0005408799928217,-0.07096581928031225
2012-09-21,1460.1500244140625,-7.532185571701433e-05,-0.029977386362911678
2012-09-24,1456.8900146484375,-0.0022351500693797,-0.2201318843583266
2012-09-25,1441.5899658203125,-0.0105573894185679,-0.9528342519039901
2012-09-26,1433.3199462890625,-0.0057532532117408,-0.5298709333715304
2012-09-27,1447.1500244140625,0.0096027277082342,0.8220925351087703
2012-09-28,1440.6700439453125,-0.0044878082367665,-0.4184592699647483
2012-10-01,1444.489990234375,0.0026479976679949,0.20978772719413707
2012-10-02,1445.75,0.0008719067272657,0.053418031172881644
2012-10-03,1450.989990234375,0.0036178572930332,0.29517561543383664
2012-10-04,1461.4000244140625,0.0071488217316977,0.6060469921602689
2012-10-05,1460.9300537109375,-0.0003216410840751,-0.05166369869032572
2012-10-08,1455.8800048828125,-0.0034627238474289,-0.3282093110909957
2012-10-09,1441.47998046875,-0.0099401821351419,-0.8984944019119598
2012-10-10,1432.56005859375,-0.0062072555664816,-0.5698419779705227
2012-10-11,1432.8399658203125,0.0001953704369848,-0.006145233090567972
2012-10-12,1428.5899658203125,-0.0029705449560166,-0.28487714725110697
2012-10-15,1440.1300048828125,0.0080454707526671,0.6849893096010508
2012-10-16,1454.9200439453125,0.0102175558171708,0.876222919029465
2012-10-17,1460.9100341796875,0.0041086061259543,0.33838187479077714
2012-10-18,1457.3399658203125,-0.0024467198768949,-0.2387588058350189
2012-10-19,1433.18994140625,-0.0167101446000357,-1.4945319968540987
2012-10-22,1433.8199462890625,0.0004394856785507,0.015347036951721054
2012-10-23,1413.1099853515625,-0.0145492349707376,-1.3042822894128694
2012-10-24,1408.75,-0.0030901524835877,-0.2954075724107939
2012-10-25,1412.969970703125,0.0029910649483948,0.2399918823535268
2012-10-26,1411.93994140625,-0.0007292475686444,-0.08754998166535498
2012-10-31,1412.1600341796875,0.00015586755128,-0.009623126079023787
2012-11-01,1427.5899658203125,0.0108672126009858,0.9334196714444006
2012-11-02,1414.199951171875,-0.0094237182428917,-0.853024150369569
2012-11-05,1417.260009765625,0.0021614713450572,0.16695322391533968
2012-11-06,1428.3900146484375,0.007822509122727,0.6653594350835765
2012-11-07,1394.530029296875,-0.0239904841792046,-2.135503954325352
2012-11-08,1377.510009765625,-0.0122799333135095,-1.1044895861318085
2012-11-09,1379.8499755859375,0.0016972512798218,0.12608259684146694
2012-11-12,1380.030029296875,0.0001304793765486,-0.011858338856841132
2012-11-13,1374.530029296875,-0.0039933834747456,-0.37492937632605455
2012-11-14,1355.489990234375,-0.0139488704443273,-1.2514253008747822
2012-11-15,1353.3299560546875,-0.0015948159570164,-0.1637559138457017
2012-11-16,1359.8800048828125,0.0048282747351757,0.4017425727591972
2012-11-19,1386.8900146484375,0.0196673767395472,1.7081992504219445
2012-11-20,1387.81005859375,0.000663166435828,0.03504022451276753
2012-11-21,1391.030029296875,0.0023174936609713,0.18068966136487902
2012-11-23,1409.1500244140625,0.0129422020689684,1.1161048397064106
2012-11-26,1406.2900390625,-0.0020316442693264,-0.20221493012858888
2012-11-27,1398.93994140625,-0.0052402936852278,-0.4847092114165087
2012-11-28,1409.9300537109375,0.0078253307601254,0.6656078562494931
2012-11-29,1415.949951171875,0.0042605535668815,0.35175955416750937
2012-11-30,1416.1800537109375,0.0001624943340683,-0.009039694236406584
2012-12-03,1409.4599609375,-0.0047565191662606,-0.44211698106445707
2012-12-04,1407.050048828125,-0.0017112757910542,-0.17400921137093986
2012-12-05,1409.280029296875,0.0015836076545872,0.11607724254052562
2012-12-06,1413.93994140625,0.0033011358587096,0.267290987866138
2012-12-07,1418.0699462890625,0.0029166619993503,0.23344133572419892
2012-12-10,1418.550048828125,0.000338503249976,0.006456393292882888
2012-12-11,1427.8399658203125,0.0065275313152923,0.5513476570494525
2012-12-12,1428.47998046875,0.0004481393339572,0.016108917683363963
2012-12-13,1419.449951171875,-0.0063414899770082,-0.5816601757262181
2012-12-14,1413.5799560546875,-0.0041439756794918,-0.38818773868764955
2012-12-17,1430.3599853515625,0.0118006880378107,1.0156042414753075
2012-12-18,1446.7900390625,0.0114211856667756,0.9821922865819729
2012-12-19,1435.81005859375,-0.0076181455628212,-0.6940588380353989
2012-12-20,1443.68994140625,0.0054731046935687,0.4585143642632484
2012-12-21,1430.1500244140625,-0.0094229444501445,-0.8529560245017499
2012-12-24,1426.6600341796875,-0.002443278971266,-0.23845586337025523
2012-12-26,1419.8299560546875,-0.0047989567899255,-0.44585325276100685
2012-12-27,1418.0999755859375,-0.001219184916267,-0.13068479664602947
2012-12-28,1402.4300537109375,-0.0111114456749614,-1.0016141912664172
2012-12-31,1426.18994140625,0.0168000272698858,1.4557535255574408
2013-01-02,1462.4200439453125,0.0250861159586976,2.1852731350334613
2013-01-03,1459.3699951171875,-0.0020877954235247,-0.20715856151135237
2013-01-04,1466.469970703125,0.0048532999789809,0.4039458325568461
2013-01-07,1461.8900146484375,-0.0031280032591221,-0.29874001115520465
2013-01-08,1457.1500244140625,-0.0032476391807332,-0.3092729361685319
2013-01-09,1461.02001953125,0.0026523453586815,0.2101705043681364
2013-01-10,1472.1199951171875,0.0075687001092106,0.6430137108974491
2013-01-11,1472.050048828125,-4.751511497769201e-05,-0.027529239425703324
2013-01-14,1470.6800537109375,-0.0009311049049189,-0.10532180268480384
2013-01-15,1472.3399658203125,0.0011280332953038,0.07596779631646251
2013-01-16,1472.6300048828125,0.0001969725099559,-0.006004184196195524
2013-01-17,1480.93994140625,0.0056270605413546,0.47206886677599236
2013-01-18,1485.97998046875,0.0033974923781512,0.27577435958389646
2013-01-22,1492.56005859375,0.0044183316277122,0.36565057001875306
2013-01-23,1494.81005859375,0.0015063419242924,0.10927465237918076
2013-01-24,1494.8199462890625,6.614661544723788e-06,-0.02276357314904661
2013-01-25,1502.9599609375,0.0054307086618683,0.4547817543853008
2013-01-28,1500.1800537109375,-0.0018513342747921,-0.1863401692205991
2013-01-29,1507.8399658203125,0.0050930037812051,0.42504971289843957
2013-01-30,1501.9599609375,-0.003907244671752,-0.3673455876073226
2013-01-31,1498.1099853515625,-0.0025665919583923,-0.24931252271704288
2013-02-01,1513.1700439453125,0.01000251322401,0.8572902483237798
2013-02-04,1495.7099609375,-0.0116058327096517,-1.0451407633346428
2013-02-05,1511.2900390625,0.0103626322220593,0.8889956621430342
2013-02-06,1512.1199951171875,0.0005490198591342,0.02499058961504758
2013-02-07,1509.3900146484375,-0.0018070310558568,-0.18243964773332
2013-02-08,1517.9300537109375,0.0056419945850434,0.4733836822611877
2013-02-11,1517.010009765625,-0.0006063012476387,-0.07672560415082307
2013-02-12,1519.4300537109375,0.0015940011376045,0.11699230029052461
2013-02-13,1520.3299560546875,0.0005920877747911,0.028782353158852143
2013-02-14,1521.3800048828125,0.0006904332650528,0.03744083683478914
2013-02-15,1519.7900390625,-0.0010456277960129,-0.11540456886370895
2013-02-19,1530.93994140625,0.0073096944413606,0.6202104655113437
2013-02-20,1511.949951171875,-0.0124817114300057,-1.1222544325237946
2013-02-21,1502.4200439453125,-0.0063230054656653,-0.5800327717721143
2013-02-22,1515.5999755859375,0.0087342133867744,0.7456272385845859
2013-02-25,1487.8499755859375,-0.0184792755847746,-1.6502889279669997
2013-02-26,1496.93994140625,0.0060908768625678,0.5129039476238391
2013-02-27,1515.989990234375,0.0126456991190195,1.0900002776653028
2013-02-28,1514.6800537109375,-0.0008644534614576,-0.09945371017083474
2013-03-01,1518.199951171875,0.0023211594495267,0.18101240285797549
2013-03-04,1525.199951171875,0.0046001265483504,0.38165606603616553
2013-03-05,1539.7900390625,0.0095205518724998,0.8148576519395532
2013-03-06,1541.4599609375,0.0010839250554139,0.07208444107521314
2013-03-07,1544.260009765625,0.0018148436172067,0.13643560165086951
2013-03-08,1551.1800537109375,0.0044711287129546,0.37029890416698813
2013-03-11,1556.219970703125,0.0032438188658741,0.2622447143105396
2013-03-12,1552.47998046875,-0.0024061453968018,-0.23518656807799634
2013-03-13,1554.52001953125,0.0013131891571704,0.09226919461352653
2013-03-14,1563.22998046875,0.0055873521589724,0.4685728815534952
2013-03-15,1560.699951171875,-0.0016197737499892,-0.16595323517144187
2013-03-18,1552.0999755859375,-0.005525570335024,-0.5098253932446077
2013-03-19,1548.3399658203125,-0.0024254697268757,-0.23688791092603179
2013-03-20,1558.7099609375,0.0066751638158173,0.5643454426360813
2013-03-21,1545.800048828125,-0.0083169237560047,-0.7555803126112022
2013-03-22,1556.8900146484375,0.0071486438032994,0.6060313270786463
2013-03-25,1551.68994140625,-0.0033456293009468,-0.31790013253528776
2013-03-26,1563.77001953125,0.0077549631946354,0.65941259080835
2013-03-27,1562.8499755859375,-0.0005885230525652,-0.07516038533477053
2013-03-28,1569.18994140625,0.0040484633961916,0.33308681914063076
2013-04-01,1562.1700439453125,-0.0044836168653565,-0.4180902553730604
2013-04-02,1570.25,0.005158933898854,0.43085429881180015
2013-04-03,1553.68994140625,-0.0106021332188417,-0.9567735628295766
2013-04-04,1559.97998046875,0.0040402790127371,0.33236625381170903
2013-04-05,1553.280029296875,-0.0043041451689074,-0.4022892994790774
2013-04-08,1563.0699462890625,0.0062829587652712,0.529815124888548
2013-04-09,1568.6099853515625,0.0035380658065768,0.2881506539320631
2013-04-10,1587.72998046875,0.0121154433295487,1.0433157669166484
2013-04-11,1593.3699951171875,0.0035459561795772,0.2888453341419967
2013-04-12,1588.8499755859375,-0.0028407983185489,-0.2734540597304452
2013-04-15,1552.3599853515625,-0.0232341245503651,-2.068912924253534
2013-04-16,1574.5699462890625,0.0142058408280645,1.2273574811727357
2013-04-17,1552.010009765625,-0.0144313136859839,-1.2939003235863888
2013-04-18,1541.6099853515625,-0.0067235559695442,-0.6152978356809415
2013-04-19,1555.25,0.0088089890510545,0.7522105996192784
2013-04-22,1562.5,0.0046507982154269,0.38611727519834355
2013-04-23,1578.780029296875,0.0103653128055531,0.8892316647127635
2013-04-24,1578.7900390625,6.340170072505202e-06,-0.022787739787751286
2013-04-25,1585.1600341796875,0.0040266145649914,0.3311632154473468
2013-04-26,1582.239990234375,-0.0018438118015176,-0.18567787945137215
2013-04-29,1593.6099853515625,0.0071603153694068,0.6070589091705615
2013-04-30,1597.5699462890625,0.0024818174185821,0.19515697012561264
2013-05-01,1582.699951171875,-0.0093514726495635,-0.8466635405558803
2013-05-02,1597.5899658203125,0.0093640038103206,0.8010749270045181
2013-05-03,1614.4200439453125,0.01047956394817,0.8992905057503462
2013-05-06,1617.5,0.0019059611284841,0.14445772327421985
2013-05-07,1625.9599609375,0.0052166391598369,0.43593475607432
2013-05-08,1632.68994140625,0.004130538866697,0.3403128660053604
2013-05-09,1626.6700439453125,-0.0036939180287731,-0.34856399171553226
2013-05-10,1633.699951171875,0.004312343771585,0.35631924105101986
2013-05-13,1633.77001953125,4.288844886968235e-05,-0.019569974799170074
2013-05-14,1650.3399658203125,0.0100910669691502,0.8650866521517457
2013-05-15,1658.780029296875,0.0051011034902108,0.4257628233625704
2013-05-16,1650.469970703125,-0.005022331985411,-0.46551953820606146
2013-05-17,1667.469970703125,0.0102474119865627,0.8788515007226151
2013-05-20,1666.2900390625,-0.0007078684047074,-0.08566772817857983
2013-05-21,1669.1600341796875,0.0017209046830028,0.12816507774402852
2013-05-22,1655.3499755859375,-0.0083080742657788,-0.7548011902899099
2013-05-23,1650.510009765625,-0.0029281151046065,-0.2811415598354646
2013-05-24,1649.5999755859375,-0.0005515174989882,-0.07190236119240426
2013-05-28,1660.06005859375,0.00632096210916,0.5331609959784839
2013-05-29,1648.3599853515625,-0.0070729362431656,-0.6460577961813713
2013-05-30,1654.4100341796875,0.0036636251143127,0.29920508269641516
2013-05-31,1630.739990234375,-0.0144105769218567,-1.2920746279372104
2013-06-03,1640.4200439453125,0.0059184398597418,0.4977223366508967
2013-06-04,1631.3800048828125,-0.0055260480056054,-0.5098674480751904
2013-06-05,1608.9000244140625,-0.0138755545439224,-1.2449704596293605
2013-06-06,1622.56005859375,0.008454454144231,0.7209968175219755
2013-06-07,1643.3800048828125,0.0127499145269451,1.099175557649202
2013-06-10,1642.81005859375,-0.0003468736036369,-0.05388520735480273
2013-06-11,1626.1300048828125,-0.0102052641848207,-0.9218326210191117
2013-06-12,1612.52001953125,-0.0084047769080513,-0.7633150351780521
2013-06-13,1636.3599853515625,0.0146760690973595,1.2687570794951457
2013-06-14,1626.72998046875,-0.0059024010624586,-0.5430021326497557
2013-06-17,1639.0400390625,0.007538875562715,0.6403879133312648
2013-06-18,1651.81005859375,0.0077609634287831,0.659940860373954
2013-06-19,1628.9300537109375,-0.0139483013284813,-1.2513751950666847
2013-06-20,1588.18994140625,-0.025328424392299,-2.253298206645726
2013-06-21,1592.4300537109375,0.002666219053526,0.211391965159235
2013-06-24,1573.0899658203125,-0.0122193689596272,-1.0991574100651873
2013-06-25,1588.030029296875,0.0094524565593028,0.8088624389800662
2013-06-26,1603.260009765625,0.0095447896661893,0.8169915834542857
2013-06-27,1613.199951171875,0.0061806913002966,0.5208113447080258
2013-06-28,1606.280029296875,-0.0042987889804679,-0.4018177326584205
2013-07-01,1614.9599609375,0.0053891996093904,0.4511272354813112
2013-07-02,1614.0799560546875,-0.0005450566900506,-0.07133354193520498
2013-07-03,1615.4100341796875,0.0008237078945754,0.04917453403907654
2013-07-05,1631.8900146484375,0.0101500457032255,0.8702792278851069
2013-07-08,1640.4599609375,0.0052378052138362,0.4377982470442594
2013-07-09,1652.3199462890625,0.0072036619348629,0.6108752054583816
2013-07-10,1652.6199951171875,0.0001815759646284,-0.007359719015628925
2013-07-11,1675.02001953125,0.0134632127653535,1.1619753986678296
2013-07-12,1680.18994140625,0.0030817302206287,0.2479741881768303
2013-07-15,1682.5,0.0013739351515562,0.09761736258104996
2013-07-16,1676.260009765625,-0.0037156554177073,-0.35047778386546646
2013-07-17,1680.9100341796875,0.0027702066483987,0.22054718814210184
2013-07-18,1689.3699951171875,0.0050203417120062,0.41865243592778933
2013-07-19,1692.0899658203125,0.001608755579646,0.11829130337875914
2013-07-22,1695.530029296875,0.0020309625424266,0.15546303423672653
2013-07-23,1692.3900146484375,-0.0018536538683369,-0.18654438969668818
2013-07-24,1685.93994140625,-0.0038185027297181,-0.3595326146440803
2013-07-25,1690.25,0.002553209985189,0.20144247819419997
2013-07-26,1691.6500244140625,0.000827951437909,0.049548141924749114
2013-07-29,1685.3299560546875,-0.0037430341753674,-0.3528882505339084
2013-07-30,1685.9599609375,0.0003737470853337,0.009559313135063986
2013-07-31,1685.72998046875,-0.0001364185159982,-0.035356427478993556
2013-08-01,1706.8699951171875,0.0124625882304165,1.0738789218650884
2013-08-02,1709.6700439453125,0.001639114087947,0.12096411173886322
2013-08-05,1707.1400146484375,-0.0014809308775634,-0.15372930155516734
2013-08-06,1697.3699951171875,-0.0057394728305544,-0.5286576880540976
2013-08-07,1690.9100341796875,-0.0038131256619413,-0.3590592095754194
2013-08-08,1697.47998046875,0.0038779210740464,0.3180720186813395
2013-08-09,1691.4200439453125,-0.0035763480414265,-0.33821295463684375
2013-08-12,1689.469970703125,-0.0011535858605249,-0.12490935791682671
2013-08-13,1694.1600341796875,0.0027722100072677,0.2207235668455698
2013-08-14,1685.3900146484375,-0.0051900632278574,-0.480286847015059
2013-08-15,1661.3199462890625,-0.0143845649479619,-1.2897844949504542
2013-08-16,1655.8299560546875,-0.0033100676234782,-0.3147692293995013
2013-08-19,1646.06005859375,-0.0059177779571539,-0.5443559373982152
2013-08-20,1652.3499755859375,0.0038139130983712,0.31243666101482404
2013-08-21,1642.800048828125,-0.0057963694673466,-0.5336669528365503
2013-08-22,1656.9599609375,0.0085824417434139,0.7322650366878835
2013-08-23,1663.5,0.0039392419102126,0.32347079657676703
2013-08-26,1656.780029296875,-0.0040478392300578,-0.37972374226166394
2013-08-27,1630.47998046875,-0.0160015392291841,-1.4321453228960628
2013-08-28,1634.9599609375,0.0027438773089691,0.21822911382021115
2013-08-29,1638.1700439453125,0.0019614766490958,0.14934539252777124
2013-08-30,1632.969970703125,-0.0031793671926347,-0.3032621684871506
2013-09-03,1639.77001953125,0.0041555752269593,0.342517104512476
2013-09-04,1653.0799560546875,0.00808418792856,0.6883980275255331
2013-09-05,1655.0799560546875,0.0012091315394675,0.08310780671622776
2013-09-06,1655.1700439453125,5.442965978197378e-05,-0.018553869373098105
2013-09-09,1671.7099609375,0.0099432821389706,0.8520754552350782
2013-09-10,1683.989990234375,0.0073189404848017,0.6210245009692863
2013-09-11,1689.1300048828125,0.0030476346138188,0.24497236008894233
2013-09-12,1683.4200439453125,-0.0033861418278018,-0.32146691583680514
2013-09-13,1687.989990234375,0.0027110016531031,0.21533469203336547
2013-09-16,1697.5999755859375,0.0056770082958212,0.47646634159205103
2013-09-17,1704.760009765625,0.0042088695965523,0.3472092203167942
2013-09-18,1725.52001953125,0.0121041215584156,1.0423189812961002
2013-09-19,1722.3399658203125,-0.0018446541484813,-0.1857520409346823
2013-09-20,1709.9100341796875,-0.0072430539628474,-0.6610352140063565
2013-09-23,1701.8399658203125,-0.0047307589419514,-0.4398490124867811
2013-09-24,1697.4200439453125,-0.0026005214977313,-0.25229972997705086
2013-09-25,1692.77001953125,-0.0027432251543784,-0.2648635727957452
2013-09-26,1698.6700439453125,0.0034793658479985,0.28298262200933927
2013-09-27,1691.75,-0.0040821216634441,-0.38274201884004894
2013-09-30,1681.550048828125,-0.0060474799811904,-0.5557750970858392
2013-10-01,1695.0,0.0079667246834063,0.6780563881887471
2013-10-02,1693.8699951171875,-0.0006668918703409,-0.0820600929635365
2013-10-03,1678.6600341796875,-0.0090199725005524,-0.8174777728999829
2013-10-04,1690.5,0.0070284667042832,0.5954507559992374
2013-10-07,1676.1199951171875,-0.0085427475368193,-0.7754621751614676
2013-10-08,1655.449951171875,-0.0124087499310832,-1.115830793313585
2013-10-09,1656.4000244140625,0.000573741730605,0.027167140059800376
2013-10-10,1692.56005859375,0.0215956228828364,1.8779649174640258
2013-10-11,1703.199951171875,0.006266595617328,0.5283744889328359
2013-10-14,1710.1400146484375,0.0040664411452882,0.3346696069905748
2013-10-15,1698.06005859375,-0.0070887896137588,-0.6474535505786958
2013-10-16,1721.5400390625,0.013732804307132,1.1857106401867676
2013-10-17,1733.1500244140625,0.0067213144137374,0.5684086101251303
2013-10-18,1744.5,0.0065274054636228,0.5513365768807224
2013-10-21,1744.6600341796875,9.173220960434492e-05,-0.015269697238225837
2013-10-22,1754.6700439453125,0.0057211162396271,0.4803496707656234
2013-10-23,1746.3800048828125,-0.0047357532400367,-0.44028871794078067
2013-10-24,1752.0699462890625,0.0032528385443555,0.26303882025973546
2013-10-25,1759.77001953125,0.0043852143927747,0.3627348792500612
2013-10-28,1762.1099853515625,0.0013288165192371,0.09364505088301502
2013-10-29,1771.949951171875,0.0055686612140943,0.4669273028829917
2013-10-30,1763.31005859375,-0.0048878496945699,-0.45367951669768586
2013-10-31,1756.5400390625,-0.0038467705679376,-0.36202135729131574
2013-11-01,1761.6400146484375,0.002899214412209,0.2319052241237032
2013-11-04,1767.9300537109375,0.0035641993780988,0.29045149255531916
2013-11-05,1762.969970703125,-0.0028095308483404,-0.27070122500800153
2013-11-06,1770.489990234375,0.0042564687122874,0.3513999174751966
2013-11-07,1747.1500244140625,-0.0132704359995949,-1.191694920261727
2013-11-08,1770.6099853515625,0.0133382087922644,1.1509698623942386
2013-11-11,1771.8900146484375,0.0007226700649729,0.04027901279110277
2013-11-12,1767.68994140625,-0.00237320544562,-0.23228648563563092
2013-11-13,1782.0,0.008062752720499,0.6865108398304736
2013-11-14,1790.6199951171875,0.0048255968204511,0.4015068051518896
2013-11-15,1798.1800537109375,0.004213146273881,0.3475857453688252
2013-11-18,1791.530029296875,-0.0037050524235047,-0.3495442804381616
2013-11-19,1787.8699951171875,-0.002045055277601,-0.2033956553038306
2013-11-20,1781.3699951171875,-0.0036422359961614,-0.3440138284643566
2013-11-21,1795.8499755859375,0.0080957054207564,0.6894120447204741
2013-11-22,1804.760009765625,0.0049491905000289,0.4123881770808485
2013-11-25,1802.47998046875,-0.0012641407872395,-0.13464277859229987
2013-11-26,1802.75,0.0001497932355034,-0.010157917901752238
2013-11-27,1807.22998046875,0.0024819986774611,0.19517292842772455
2013-11-29,1805.81005859375,-0.0007859984571165,-0.09254641454827654
2013-12-02,1800.9000244140625,-0.002722723534716,-0.26305857961603973
2013-12-03,1795.1500244140625,-0.0031979559918937,-0.30489875410496614
2013-12-04,1792.81005859375,-0.001304343469787,-0.13818228273875455
2013-12-05,1785.030029296875,-0.0043490158130801,-0.4062397779307508
2013-12-06,1805.0899658203125,0.0111751948768761,0.9605348904664223
2013-12-09,1808.3699951171875,0.0018154512479506,0.13648909836803524
2013-12-10,1802.6199951171875,-0.0031847248956573,-0.30373386865396307
2013-12-11,1782.219970703125,-0.0113813976746071,-1.0253811680337201
2013-12-12,1775.5,-0.0037776883791558,-0.355939258333107
2013-12-13,1775.3199462890625,-0.0001014152865064,-0.03227469093618579
2013-12-16,1786.5400390625,0.0063001521293966,0.5313288543154702
2013-12-17,1781.0,-0.0031058059363715,-0.2967857257459384
2013-12-18,1810.6500244140625,0.0165109060091745,1.4302988584489273
2013-12-19,1809.5999755859373,-0.0005800974283936,-0.07441858081322869
2013-12-20,1818.3199462890625,0.0048071554406901,0.39988319856660054
2013-12-23,1827.989990234375,0.005304028886206,0.4436286779531774
2013-12-24,1833.3199462890625,0.0029115043043059,0.2329872445581621
2013-12-26,1842.02001953125,0.0047343046211327,0.3934693037328073
2013-12-27,1841.4000244140625,-0.0003366410106071,-0.05298431459932136
2013-12-30,1841.0699462890625,-0.0001792699620146,-0.03912913271271579
2013-12-31,1848.3599853515625,0.0039518563491114,0.32458139059582897
2014-01-02,1831.97998046875,-0.0089014130166296,-0.8070396190665798
2014-01-03,1831.3699951171875,-0.0003330205201601,-0.05266556121926481
2014-01-06,1826.77001953125,-0.0025149272537596,-0.24476388504698843
2014-01-07,1837.8800048828125,0.0060633453753915,0.5104800344209468
2014-01-08,1837.489990234375,-0.0002122315034513,-0.0420311159933313
2014-01-09,1838.1300048828125,0.0003482485435144,0.0073143834741806225
2014-01-10,1842.3699951171875,0.0023040304904551,0.17950434374807037
2014-01-13,1819.199951171875,-0.0126559664587944,-1.1375961052146517
2014-01-14,1838.8800048828125,0.0107598761199341,0.9239696075264153
2014-01-15,1848.3800048828125,0.005152889134683,0.4303221087565143
2014-01-16,1845.8900146484373,-0.0013480284864266,-0.14202837677367663
2014-01-17,1838.699951171875,-0.0039027803200148,-0.36695253942039174
2014-01-21,1843.800048828125,0.0027699122428179,0.22052126823556947
2014-01-22,1844.8599853515625,0.0005747000497677,0.02725151190851957
2014-01-23,1828.4599609375,-0.0089293247645709,-0.8094970109945017
2014-01-24,1790.2900390625,-0.0210964214273401,-1.8807063522444072
2014-01-27,1781.56005859375,-0.0048882218533394,-0.4537122821109447
2014-01-28,1792.5,0.0061218756224317,0.5156331246866779
2014-01-29,1774.199951171875,-0.0102617039084957,-0.926801658489096
2014-01-30,1794.18994140625,0.0112040443722181,0.9630748430744475
2014-01-31,1782.5899658203125,-0.0064862902142497,-0.5944086046281543
2014-02-03,1741.8900146484375,-0.0230966047044871,-2.056805471868239
2014-02-04,1755.199951171875,0.0076120436830819,0.6468297438016806
2014-02-05,1751.6400146484375,-0.0020302824086568,-0.20209502988359282
2014-02-06,1773.4300537109375,0.0123630544533757,1.0651158196484152
2014-02-07,1797.02001953125,0.0132141935042966,1.1400513714336622
2014-02-10,1799.8399658203125,0.0015680048032544,0.11470354423261517
2014-02-11,1819.75,0.0110013759442546,0.9452316123327001
2014-02-12,1819.260009765625,-0.000269298647721,-0.047055392508468755
2014-02-13,1829.8299560546875,0.0057932119787764,0.486697087193847
2014-02-14,1838.6300048828125,0.0047976893855485,0.39904979295032916
2014-02-18,1840.760009765625,0.0011578033925587,0.07858880009026742
2014-02-19,1828.75,-0.0065458617731959,-0.5996533735475346
2014-02-20,1839.780029296875,0.0060133418269341,0.5060776474187038
2014-02-21,1836.25,-0.0019205666731814,-0.1924354928567371
2014-02-24,1847.6099853515625,0.0061674555523314,0.5196460497118797
2014-02-25,1845.1199951171875,-0.0013485906767742,-0.14207787285056345
2014-02-26,1845.1600341796875,2.169974212495873e-05,-0.021435460150610267
2014-02-27,1854.2900390625,0.0049358814084161,0.4112164248005525
2014-02-28,1859.449951171875,0.0027788242813375,0.22130589740194953
2014-03-03,1845.72998046875,-0.0074058662004548,-0.6753694462910823
2014-03-04,1873.9100341796875,0.0151523226761423,1.3106871550535097
2014-03-05,1873.81005859375,-5.335274966444814e-05,-0.028043193492197475
2014-03-06,1877.030029296875,0.0017169334968567,0.12781544859145005
2014-03-07,1878.0400390625,0.0005379445771156,0.024015505263856016
2014-03-10,1877.1700439453125,-0.0004633536412192,-0.06414028363023865
2014-03-11,1867.6300048828125,-0.0050950969752152,-0.47192587646034084
2014-03-12,1868.199951171875,0.0003051243232095,0.003517662785170017
2014-03-13,1846.3399658203125,-0.0117700916958831,-1.0596023695265069
2014-03-14,1841.1300048828125,-0.0028257664174455,-0.2721306287324833
2014-03-17,1858.8299560546875,0.009567717695039,0.8190102013185951
2014-03-18,1872.25,0.0071936822454734,0.6099965787166778
2014-03-19,1860.77001953125,-0.0061505250967348,-0.5648473427826375
2014-03-20,1872.010009765625,0.0060223340875218,0.5068693394556358
2014-03-21,1866.52001953125,-0.0029369801166092,-0.28192204871714194
2014-03-24,1857.43994140625,-0.0048765809593627,-0.4526874004391735
2014-03-25,1865.6199951171875,0.004394270848822,0.36353222315102424
2014-03-26,1852.56005859375,-0.0070249369548758,-0.6418318672342695
2014-03-27,1849.0400390625,-0.0019018913439774,-0.19079128901347703
2014-03-28,1857.6199951171875,0.0046294892434097,0.38424120151290103
2014-03-31,1872.3399658203125,0.0078928713847963,0.6715542336036495
2014-04-01,1885.52001953125,0.0070146880442134,0.5942376622114778
2014-04-02,1890.9000244140625,0.0028492638318393,0.22750750051091995
2014-04-03,1888.77001953125,-0.0011270852130111,-0.12257620137564307
2014-04-04,1865.0899658203125,-0.012616542925314,-1.1341251985144112
2014-04-07,1845.0400390625,-0.0108083123321494,-0.9749258795463212
2014-04-08,1851.9599609375,0.0037435379801769,0.30624073062232704
2014-04-09,1872.1800537109373,0.0108590393419651,0.932700085527226
2014-04-10,1833.0799560546875,-0.0211059677373866,-1.8815468236222312
2014-04-11,1815.68994140625,-0.0095320597398975,-0.8625626973914514
2014-04-14,1830.6099853515625,0.0081837081507405,0.6971599363520842
2014-04-15,1842.97998046875,0.0067345795177038,0.5695764896674159
2014-04-16,1862.31005859375,0.0104338679487661,0.8952673617928405
2014-04-17,1864.8499755859373,0.0013629237070942,0.09664789858357528
2014-04-21,1871.8900146484373,0.0037680156555719,0.308395781680271
2014-04-22,1879.550048828125,0.0040837889961284,0.3361969376583335
2014-04-23,1875.3900146484373,-0.0022157668625224,-0.21842535791044734
2014-04-24,1878.6099853515625,0.0017154882753311,0.12768820913233278
2014-04-25,1863.4000244140625,-0.0081293447435015,-0.739065576517199
2014-04-28,1869.4300537109373,0.0032308111625019,0.26109949670056154
2014-04-29,1878.3299560546875,0.0047494605046338,0.39480365032602144
2014-04-30,1883.949951171875,0.0029875498027012,0.23968240368271448
2014-05-01,1883.6800537109373,-0.0001432717443323,-0.0359597959252779
2014-05-02,1881.1400146484373,-0.0013493550298715,-0.1421451676375233
2014-05-05,1884.6600341796875,0.00186946758234,0.14124477703006658
2014-05-06,1867.719970703125,-0.0090290314619911,-0.8182753373793424
2014-05-07,1878.2099609375,0.0056007548710335,0.469752876317724
2014-05-08,1875.6300048828125,-0.0013745692327864,-0.14436506367708218
2014-05-09,1878.47998046875,0.0015183231948787,0.11032950131544014
2014-05-12,1896.6500244140625,0.0096262561723161,0.8241640161866611
2014-05-13,1897.449951171875,0.0004216687882827,0.01377841135301867
2014-05-14,1888.530029296875,-0.0047120895650172,-0.4382053326902338
2014-05-15,1870.8499755859373,-0.0094059041839349,-0.8514557740437285
2014-05-16,1877.8599853515625,0.0037399628190009,0.3059259680989122
2014-05-19,1885.0799560546875,0.0038374141897037,0.31450573215502253
2014-05-20,1872.8299560546875,-0.0065196046085427,-0.5973416536006296
2014-05-21,1888.030029296875,0.0080833405477465,0.688323422854577
2014-05-22,1892.489990234375,0.0023594441947141,0.18438304893803886
2014-05-23,1900.530029296875,0.0042393929178849,0.3498965390620709
2014-05-27,1911.9100341796875,0.0059699502115284,0.5022573848661146
2014-05-28,1909.780029296875,-0.0011146927500584,-0.1214851504500228
2014-05-29,1920.030029296875,0.0053527586573611,0.4479189197014855
2014-05-30,1923.5699462890625,0.0018419804431015,0.13882476828577697
2014-06-02,1924.969970703125,0.0007275613640587,0.04070965005953091
2014-06-03,1924.239990234375,-0.000379288469535,-0.056739060505461014
2014-06-04,1927.8800048828125,0.0018898766063628,0.14304161795152606
2014-06-05,1940.4599609375,0.0065040821196626,0.5492831548843473
2014-06-06,1949.43994140625,0.0046170835480197,0.38314898558376054
2014-06-09,1951.27001953125,0.0009383308564867,0.059266110602023914
2014-06-10,1950.7900390625,-0.0002460138818793,-0.045005366987197946
2014-06-11,1943.8900146484373,-0.0035433111516667,-0.3353043375774568
2014-06-12,1930.1099853515625,-0.0071141390889097,-0.6496853561877133
2014-06-13,1936.1600341796875,0.0031296591990708,0.2521939269400512
2014-06-16,1937.780029296875,0.0008363553307866,0.05028803319074814
2014-06-17,1941.989990234375,0.0021702124448887,0.16772280338461049
2014-06-18,1956.97998046875,0.0076892431607298,0.6536265009811556
2014-06-19,1959.47998046875,0.0012766632951644,0.08905340323268227
2014-06-20,1962.8699951171875,0.0017285634956767,0.12883937103737184
2014-06-23,1962.6099853515625,-0.0001324728528988,-0.035009045413522205
2014-06-24,1949.97998046875,-0.0064561064986179,-0.5917511852754049
2014-06-25,1959.530029296875,0.0048855574227175,0.4067858260255611
2014-06-26,1957.219970703125,-0.0011795794276396,-0.12719787034320335
2014-06-27,1960.9599609375,0.0019090452380838,0.144729252884299
2014-06-30,1960.22998046875,-0.0003723259970014,-0.056126074036880545
2014-07-01,1973.3199462890625,0.0066555728968227,0.5626206289017661
2014-07-02,1974.6199951171875,0.000658596075123,0.03463784313816577
2014-07-03,1985.43994140625,0.0054645502276722,0.45776121632403827
2014-07-07,1977.6500244140625,-0.0039312390543235,-0.36945808884410203
2014-07-08,1963.7099609375,-0.0070737621816805,-0.6461305130403706
2014-07-09,1972.8299560546875,0.0046335165532589,0.38459577188002664
2014-07-10,1964.6800537109373,-0.0041396283244736,-0.38780499106639693
2014-07-11,1967.5699462890625,0.0014698419980474,0.10606114442142629
2014-07-14,1977.0999755859373,0.0048318607269965,0.4020582888287375
2014-07-15,1973.280029296875,-0.0019339645679457,-0.19361506349896912
2014-07-16,1981.5699462890625,0.0041922850094486,0.3457490885270454
2014-07-17,1958.1199951171875,-0.0119046059274774,-1.071445203146444
2014-07-18,1978.219970703125,0.0102126088996712,0.8757873850329135
2014-07-21,1973.6300048828125,-0.0023229464239049,-0.22786160638666114
2014-07-22,1983.530029296875,0.0050036111673001,0.41717945381298344
2014-07-23,1987.010009765625,0.0017529007770127,0.13098206159291942
2014-07-24,1987.97998046875,0.000488036812551,0.019621551218427003
2014-07-25,1978.3399658203125,-0.0048609460461097,-0.4513108793519782
2014-07-28,1978.9100341796875,0.0002881133935535,0.002019995161092401
2014-07-29,1969.949951171875,-0.0045380684137139,-0.4228842509220932
2014-07-30,1970.0699462890625,6.091091940962912e-05,-0.017983249606637722
2014-07-31,1930.6700439453125,-0.0202019321552295,-1.8019541823151004
2014-08-01,1925.1500244140625,-0.0028632162312982,-0.27542776621227644
2014-08-04,1938.989990234375,0.0071633144496461,0.607322952668903
2014-08-05,1920.2099609375,-0.0097326791973362,-0.88022553371151
2014-08-06,1920.239990234375,1.563842636009838e-05,-0.021969107432911545
2014-08-07,1909.5699462890625,-0.0055721154467329,-0.5139232943161642
2014-08-08,1931.5899658203125,0.011465422557972,0.9860869684761705
2014-08-11,1936.9200439453125,0.0027556250258413,0.2192634003390622
2014-08-12,1933.75,-0.0016379823741559,-0.16755634960698035
2014-08-13,1946.719970703125,0.0066847671025112,0.5651909303229414
2014-08-14,1955.1800537109373,0.004336398273697,0.3584370353018322
2014-08-15,1955.06005859375,-6.137480757040237e-05,-0.02874946743766558
2014-08-18,1971.739990234375,0.0084954832196597,0.7246090785305165
2014-08-19,1981.5999755859373,0.0049881901791977,0.41582176701518375
2014-08-20,1986.510009765625,0.0024747482825437,0.19453459284294736
2014-08-21,1992.3699951171875,0.0029455472802704,0.23598443894790558
2014-08-22,1988.4000244140625,-0.0019945749188226,-0.19895128920961389
2014-08-25,1997.9200439453125,0.0047763538636038,0.39717138176966194
2014-08-26,2000.02001953125,0.0010505288952433,0.06914419331289426
2014-08-27,2000.1199951171875,4.998604328498857e-05,-0.018945091998547305
2014-08-28,1996.739990234375,-0.0016913305449461,-0.17225320214896148
2014-08-29,2003.3699951171875,0.00331491432902,0.268504064947197
2014-09-02,2002.280029296875,-0.0005442142177027,-0.07125936941288281
2014-09-03,2000.719970703125,-0.0007794447528013,-0.09196941664345064
2014-09-04,1997.6500244140625,-0.001535599204713,-0.15854238263245934
2014-09-05,2007.7099609375,0.0050232477049592,0.4189082838825759
2014-09-08,2001.5400390625,-0.0030778458543165,-0.2943240784105409
2014-09-09,1988.43994140625,-0.0065665215326848,-0.6014722895934805
2014-09-10,1995.68994140625,0.0036394436003677,0.2970761061343474
2014-09-11,1997.449951171875,0.0008815167647231,0.05426411320703106
2014-09-12,1985.5400390625,-0.0059804054920062,-0.5498697589953199
2014-09-15,1984.1300048828125,-0.0007104037481093,-0.08589094359394692
2014-09-16,1998.97998046875,0.007456507324556,0.633136090765557
2014-09-17,2001.5699462890625,0.0012948050790884,0.09065063295354017
2014-09-18,2011.3599853515625,0.0048792571273397,0.4062311386216232
2014-09-19,2010.4000244140625,-0.000477383510403,-0.06537549424315245
2014-09-22,1994.2900390625,-0.0080456025302186,-0.731692787131866
2014-09-23,1982.77001953125,-0.005793250079626,-0.5333923172880787
2014-09-24,1998.300048828125,0.0078019767586541,0.6635517351201056
2014-09-25,1965.989990234375,-0.0163009132651703,-1.4585026596350241
2014-09-26,1982.8499755859373,0.0085392611240013,0.7284633505372939
2014-09-29,1977.800048828125,-0.0025500508569153,-0.24785621946674122
2014-09-30,1972.2900390625,-0.002789816544312,-0.26896554827124286
2014-10-01,1946.1600341796875,-0.0133371061126377,-1.197564656473503
2014-10-02,1946.1700439453125,5.1433282504120825e-06,-0.02289311152723518
2014-10-03,1967.9000244140625,0.0111036355239031,0.9542346982773491
2014-10-06,1964.8199462890625,-0.0015663860013983,-0.16125289814084434
2014-10-07,1935.0999755859373,-0.0152416186191288,-1.3652407787256795
2014-10-08,1968.8900146484373,0.0173109474980588,1.5007357046443526
2014-10-09,1928.2099609375,-0.0208778484543143,-1.8614628616287328
2014-10-10,1906.1300048828125,-0.0115170800262109,-1.0373268446819128
2014-10-13,1874.739990234375,-0.0166050332025227,-1.4852778326102738
2014-10-14,1877.699951171875,0.0015776196808667,0.1155500524012226
2014-10-15,1862.489990234375,-0.0081333007260777,-0.7394138671248024
2014-10-16,1862.760009765625,0.0001449672004421,-0.010582809228101535
2014-10-17,1886.760009765625,0.0128018133771465,1.1037448098444267
2014-10-20,1904.010009765625,0.0091011161212808,0.7779299026816047
2014-10-21,1941.280029296875,0.0193853708277513,1.6833710292467285
2014-10-22,1927.1099853515625,-0.0073261006616123,-0.6683467692559455
2014-10-23,1950.8199462890625,0.0122283057215994,1.053252340282624
2014-10-24,1964.5799560546875,0.0070286901757166,0.595470430757612
2014-10-27,1961.6300048828125,-0.0015026968788385,-0.15564561277827862
2014-10-28,1985.050048828125,0.0118683645669106,1.0215625840581373
2014-10-29,1982.300048828125,-0.0013863159906426,-0.14539926576273393
2014-10-30,1994.6500244140625,0.0062107972478733,0.5234619172451885
2014-10-31,2018.050048828125,0.0116631142331486,1.0034920384781636
2014-11-03,2017.81005859375,-0.0001189289163994,-0.03381661703906474
2014-11-04,2012.0999755859373,-0.0028338532526657,-0.2728426057693334
2014-11-05,2023.5699462890625,0.0056843110608051,0.47710928791560936
2014-11-06,2031.2099609375,0.0037684036443277,0.30842994078913916
2014-11-07,2031.9200439453125,0.0003495251267811,0.007426775769407208
2014-11-10,2038.260009765625,0.0031153270195591,0.25093210047487796
2014-11-11,2039.6800537109373,0.0006964516302865,0.037970702688252804
2014-11-12,2038.25,-0.0007013625789173,-0.08509494557052966
2014-11-13,2039.3299560546875,0.0005297044284002,0.023290030278173113
2014-11-14,2039.8199462890625,0.0002402413485471,-0.0021947310975153097
2014-11-17,2041.3199462890625,0.0007350887776578,0.041372374782305675
2014-11-18,2051.800048828125,0.0051208493536885,0.4275012786403263
2014-11-19,2048.719970703125,-0.0015022868756187,-0.1556095154831584
2014-11-20,2052.75,0.0019651640132032,0.14967003356465255
2014-11-21,2063.5,0.0052232126037381,0.4365134918817451
2014-11-24,2069.409912109375,0.0028599298137388,0.22844654946902582
2014-11-25,2067.030029296875,-0.0011506914684167,-0.12465453131772265
2014-11-26,2072.830078125,0.002802052471603,0.22335094192509142
2014-11-28,2067.56005859375,-0.0025456646370125,-0.24747005012306922
2014-12-01,2053.43994140625,-0.0068527893448342,-0.6266757348337864
2014-12-02,2066.550048828125,0.0063641667588481,0.5369647977903772
2014-12-03,2074.330078125,0.003757673834027,0.3074852722833714
2014-12-04,2071.919921875,-0.0011625717317853,-0.12570048742785161
2014-12-05,2075.3701171875,0.001663831598921,0.12314027827897268
2014-12-08,2060.31005859375,-0.0072830221497151,-0.6645540728033373
2014-12-09,2059.820068359375,-0.0002378518258341,-0.044286767396699296
2014-12-10,2026.1400146484373,-0.0164861211830489,-1.4748086410210426
2014-12-11,2035.3299560546875,0.0045254339716205,0.3750800201533441
2014-12-12,2002.3299560546875,-0.0163464657916581,-1.4625131720229614
2014-12-15,1989.6300048828125,-0.0063627862717217,-0.5835351332829308
2014-12-16,1972.739990234375,-0.0085252598653813,-0.7739225344796921
2014-12-17,2012.8900146484373,0.0201480732432957,1.7505204877223117
2014-12-18,2061.22998046875,0.0237313748857088,2.065999709944207
2014-12-19,2070.64990234375,0.0045596379674188,0.3780913909694671
2014-12-22,2078.5400390625,0.0038032224799273,0.311495443018596
2014-12-23,2082.169921875,0.0017448386297047,0.13027225811668922
2014-12-24,2081.8798828125,-0.000139306241075,-0.03561066710270719
2014-12-26,2088.77001953125,0.0033041099821211,0.2675528341281289
2014-12-29,2090.570068359375,0.0008614034280896,0.05249330504443646
2014-12-30,2080.35009765625,-0.0049005930345042,-0.45480145935620975
2014-12-31,2058.89990234375,-0.0103643835612503,-0.9358417282966774
2015-01-02,2058.199951171875,-0.0003400214731357,-0.05328193556336467
2015-01-05,2020.5799560546875,-0.0184472135325872,-1.6474661370617645
2015-01-06,2002.6099853515625,-0.0089332546906995,-0.8098430075535871
2015-01-07,2025.9000244140625,0.0115627358448762,0.9946545754286565
2015-01-08,2062.139892578125,0.0177301681271551,1.5376445142296962
2015-01-09,2044.81005859375,-0.0084393221470788,-0.7663564495571458
2015-01-12,2028.260009765625,-0.0081266168434703,-0.7388254081289294
2015-01-13,2023.030029296875,-0.0025818854358163,-0.2506589832844939
2015-01-14,2011.27001953125,-0.0058300289679751,-0.536630385485638
2015-01-15,1992.6700439453125,-0.009290903004568,-0.8413308986517597
2015-01-16,2019.4200439453125,0.0133348931862675,1.150677951496
2015-01-20,2022.550048828125,0.0015487524334005,0.11300853686969987
2015-01-21,2032.1199951171875,0.0047204650221894,0.39225084479571515
2015-01-22,2063.14990234375,0.0151543130706297,1.3108623923534815
2015-01-23,2051.820068359375,-0.0055066562793015,-0.508160171562523
2015-01-26,2057.090087890625,0.0025651679986227,0.20249527953604907
2015-01-27,2029.550048828125,-0.0134782878158574,-1.2099945042419755
2015-01-28,2002.1600341796875,-0.0135875028110215,-1.2196099553448125
2015-01-29,2021.25,0.0094895170582631,0.8121253005959466
2015-01-30,1994.989990234375,-0.0130770990063187,-1.1746732429506257
2015-02-02,2020.8499755859373,0.0128791700002155,1.1105554023412074
2015-02-03,2050.030029296875,0.014336238577453,1.2388378935582434
2015-02-04,2041.510009765625,-0.0041647065724523,-0.3900129174305531
2015-02-05,2062.52001953125,0.0102388107109092,0.8780942315825673
2015-02-06,2055.469970703125,-0.0034240276118788,-0.32480243678553267
2015-02-09,2046.739990234375,-0.0042562393104814,-0.39807159623656474
2015-02-10,2068.590087890625,0.0106189795540618,0.9115648636753799
2015-02-11,2068.530029296875,-2.903401015785789e-05,-0.0259021353869721
2015-02-12,2088.47998046875,0.0095982950659161,0.8217022786664017
2015-02-13,2096.989990234375,0.0040664592277792,0.3346711990000581
2015-02-17,2100.340087890625,0.0015962996977982,0.117194668959005
2015-02-18,2099.679931640625,-0.0003143586232292,-0.05102253997336693
2015-02-19,2097.449951171875,-0.0010626217157181,-0.11690073890634242
2015-02-20,2110.300048828125,0.0061078427210556,0.5143976471150306
2015-02-23,2109.659912109375,-0.0003033852119855,-0.05005642447716992
2015-02-24,2115.47998046875,0.0027549724688311,0.21920594824638973
2015-02-25,2113.860107421875,-0.0007660169636025,-0.09078721405060829
2015-02-26,2110.739990234375,-0.0014771186302544,-0.15339366561491452
2015-02-27,2104.5,-0.0029606830486317,-0.28400889021279707
2015-03-02,2117.389892578125,0.0061062381811325,0.5142563810265238
2015-03-03,2107.780029296875,-0.0045488726038174,-0.4238354679366603
2015-03-04,2098.530029296875,-0.0043981612301546,-0.4105666137658698
2015-03-05,2101.0400390625,0.0011953652510365,0.08189580214600424
2015-03-06,2071.260009765625,-0.0142753563624671,-1.2801696081644645
2015-03-09,2079.429931640625,0.0039366623579759,0.32324368894963273
2015-03-10,2044.1600341796875,-0.0171068209371414,-1.5294559733406723
2015-03-11,2040.239990234375,-0.001919520676485,-0.19234340174715228
2015-03-12,2065.949951171875,0.012522702206037,1.0791714459576596
2015-03-13,2053.39990234375,-0.0060932370901962,-0.5598036212238604
2015-03-16,2081.18994140625,0.0134429090238556,1.1601878269769244
2015-03-17,2074.280029296875,-0.0033256977077824,-0.3161453253388403
2015-03-18,2099.5,0.0120851015016292,1.040644427122216
2015-03-19,2089.27001953125,-0.0048844891269501,-0.4533836473110928
2015-03-20,2108.10009765625,0.0089723821932592,0.7665959756113526
2015-03-23,2104.419921875,-0.0017472566067135,-0.17717701605831224
2015-03-24,2091.5,-0.006158345701591,-0.5655358805010745
2015-03-25,2061.050048828125,-0.0146659265272388,-1.3145559881294724
2015-03-26,2056.14990234375,-0.0023803307374734,-0.23291380696002292
2015-03-27,2061.02001953125,0.0023657607295035,0.18493916608400024
2015-03-30,2086.239990234375,0.0121623826471495,1.0474483744630103
2015-03-31,2067.889892578125,-0.008834686217531,-0.8011648921298861
2015-04-01,2059.68994140625,-0.0039732542018473,-0.373157165110933
2015-04-02,2066.9599609375,0.0035234523037139,0.2868640593393677
2015-04-06,2080.6201171875,0.0065870726471652,0.5565897647322064
2015-04-07,2076.330078125,-0.0020640327085867,-0.2050664566386316
2015-04-08,2081.89990234375,0.0026789415573471,0.21251207337526917
2015-04-09,2091.179931640625,0.0044475758736259,0.3682252770560057
2015-04-10,2102.06005859375,0.0051893768994561,0.43353454600013996
2015-04-13,2092.429931640625,-0.0045918068209616,-0.4276154604639533
2015-04-14,2095.840087890625,0.0016284322585136,0.12002366754023121
2015-04-15,2106.6298828125,0.005134989044996,0.428746158156845
2015-04-16,2104.989990234375,-0.0007787467579856,-0.09190796413859713
2015-04-17,2081.179931640625,-0.0113757041890529,-1.0248799050719
2015-04-20,2100.39990234375,0.0091927485865364,0.7859973616214118
2015-04-21,2097.2900390625,-0.0014817025047682,-0.1537972367654031
2015-04-22,2107.9599609375,0.0050745828533864,0.42342790693266114
2015-04-23,2112.929931640625,0.0023549408425527,0.18398656709558003
2015-04-24,2117.68994140625,0.0022502668247534,0.17477091041423917
2015-04-27,2108.919921875,-0.0041499132407345,-0.38871049043720096
2015-04-28,2114.760009765625,0.0027654044373459,0.22012439431700187
2015-04-29,2106.85009765625,-0.0037473481275727,-0.3532680573216825
2015-04-30,2085.510009765625,-0.0101805530332486,-0.9196570143702325
2015-05-01,2108.2900390625,0.0108637765634558,0.9331171575743263
2015-05-04,2114.489990234375,0.002936433147763,0.23518201712535272
2015-05-05,2089.4599609375,-0.0119080033585303,-1.0717443180446806
2015-05-06,2080.14990234375,-0.0044656811409318,-0.4165111674379235
2015-05-07,2088.0,0.0037667104694749,0.3082808711491946
2015-05-08,2116.10009765625,0.0133681479873617,1.153605753794351
2015-05-11,2105.330078125,-0.005102556456082,-0.4725826202840208
2015-05-12,2099.1201171875,-0.0029539964393672,-0.2834201911579652
2015-05-13,2098.47998046875,-0.000305001290652,-0.05019870645385929
2015-05-14,2121.10009765625,0.0107216042617599,0.920600096038219
2015-05-15,2122.72998046875,0.0007681188278665,0.044280389677410485
2015-05-18,2129.199951171875,0.0030433124725703,0.24459183232558837
2015-05-19,2127.830078125,-0.000643581597842,-0.08000782179811457
2015-05-20,2125.85009765625,-0.0009309494507938,-0.10530811627172122
2015-05-21,2130.820068359375,0.002335145908745,0.18224379159276705
2015-05-22,2126.06005859375,-0.0022363851494837,-0.22024062265319405
2015-05-26,2104.199951171875,-0.010335204907502,-0.933272796091518
2015-05-27,2123.47998046875,0.0091209189291099,0.7796733714250083
2015-05-28,2120.7900390625,-0.0012675639174872,-0.1349441560859851
2015-05-29,2107.389892578125,-0.0063385151840975,-0.5813982705205188
2015-06-01,2111.72998046875,0.0020573434991471,0.1577856530219115
2015-06-02,2109.60009765625,-0.0010091051653473,-0.11218906197489406
2015-06-03,2114.070068359375,0.0021166294697554,0.16300527831797815
2015-06-04,2095.840087890625,-0.008660562215101,-0.7858347551951159
2015-06-05,2092.830078125,-0.0014372152327322,-0.14988051096856517
2015-06-08,2079.280029296875,-0.0064955603383056,-0.5952247601793476
2015-06-09,2080.14990234375,0.000418265519003,0.01347878244858505
2015-06-10,2105.199951171875,0.011970491752514,1.0305540138335483
2015-06-11,2108.860107421875,0.0017371167565283,0.1295924128826312
2015-06-12,2094.110107421875,-0.0070188746531023,-0.6412981331422968
2015-06-15,2084.429931640625,-0.004633289621772,-0.43126766813197354
2015-06-16,2096.2900390625,0.0056737305157543,0.476177760945119
2015-06-17,2100.43994140625,0.0019776843950722,0.15077234666249528
2015-06-18,2121.239990234375,0.009854000054009,0.8442149272826878
2015-06-19,2109.989990234375,-0.0053176152379492,-0.49151671626756815
2015-06-22,2122.85009765625,0.0060763679815423,0.5116265640937849
2015-06-23,2124.199951171875,0.0006356664251931,0.03261908255153716
2015-06-24,2108.580078125,-0.0073804657183051,-0.6731331499497974
2015-06-25,2102.31005859375,-0.0029780041565965,-0.2855338663979102
2015-06-26,2101.489990234375,-0.0003901557449221,-0.057695831642507876
2015-06-29,2057.639892578125,-0.0210869695086115,-1.8798741912190253
2015-06-30,2063.110107421875,0.0026549623524676,0.21040090840513576
2015-07-01,2077.419921875,0.0069120964346369,0.5852053438566404
2015-07-02,2076.780029296875,-0.000308070189547,-0.05046889689080511
2015-07-06,2068.760009765625,-0.0038692326988973,-0.36399895681035604
2015-07-07,2081.340087890625,0.0060625605938691,0.5104109410849657
2015-07-08,2046.6800537109373,-0.0167929649121418,-1.5018236206845197
2015-07-09,2051.31005859375,0.00225964764482,0.17559681180735257
2015-07-10,2076.6201171875,0.0122629863850081,1.0563056776262665
2015-07-13,2099.60009765625,0.0110052685073549,0.9455743193950353
2015-07-14,2108.949951171875,0.0044432732365002,0.3678464664647196
2015-07-15,2107.39990234375,-0.0007352563007367,-0.08807899940267892
2015-07-16,2124.2900390625,0.007982733444475,0.6794658233953486
2015-07-17,2126.639892578125,0.0011055716244507,0.07399023730589367
2015-07-20,2128.280029296875,0.0007709366240016,0.04452847265277578
2015-07-21,2119.2099609375,-0.0042707962427233,-0.39935321026739434
2015-07-22,2114.14990234375,-0.0023905650201898,-0.23381484847803324
2015-07-23,2102.14990234375,-0.0056922102113796,-0.5244966165548547
2015-07-24,2079.64990234375,-0.0107610206966608,-0.9707622534075242
2015-07-27,2067.639892578125,-0.0057917550650641,-0.5332606939757636
2015-07-28,2093.25,0.0123100738018893,1.0604513240542113
2015-07-29,2108.570068359375,0.0072921429273833,0.618665204037167
2015-07-30,2108.6298828125,2.836690402219233e-05,-0.02084847327100438
2015-07-31,2103.840087890625,-0.0022741038010511,-0.22356142900644554
2015-08-03,2098.0400390625,-0.0027606939449054,-0.2664015511739494
2015-08-04,2093.320068359375,-0.0022522391669328,-0.22163643400067698
2015-08-05,2099.840087890625,0.003109838185491,0.25044885533519634
2015-08-06,2083.56005859375,-0.0077831959225616,-0.7085901179315786
2015-08-07,2077.570068359375,-0.0028790228563382,-0.2768194050613615
2015-08-10,2104.179931640625,0.0127268356320255,1.0971436573110342
2015-08-11,2084.070068359375,-0.0096030646801823,-0.8688140782603743
2015-08-12,2086.050048828125,0.0009496036382143,0.0602585831222289
2015-08-13,2083.389892578125,-0.001276025868381,-0.1356891588663422
2015-08-14,2091.5400390625,0.0039043322743594,0.320397300157526
2015-08-17,2102.43994140625,0.0051978917094022,0.4342842025703175
2015-08-18,2096.919921875,-0.0026289829356329,-0.2548055174291133
2015-08-19,2079.610107421875,-0.0082891364095969,-0.7531338731798738
2015-08-20,2035.72998046875,-0.0213259604541464,-1.9009153105942422
2015-08-21,1970.8900146484373,-0.0323692425218782,-2.873182338373364
2015-08-24,1893.2099609375,-0.0402114443465189,-3.5636214861305917
2015-08-25,1867.6099853515625,-0.0136142497426563,-1.2219647951074195
2015-08-26,1940.510009765625,0.0382912994345323,3.347877187939337
2015-08-27,1987.6600341796875,0.0240072544896898,2.09028856184008
2015-08-28,1988.8699951171875,0.0006085511568763,0.030231813877956735
2015-08-31,1972.1800537109373,-0.0084270786639839,-0.7652785150404566
2015-09-01,1913.8499755859373,-0.0300226498424285,-2.666584818191992
2015-09-02,1948.8599853515625,0.0181276714232145,1.5726412974162236
2015-09-03,1951.1300048828125,0.001164115699419,0.07914454500304353
2015-09-04,1921.219970703125,-0.0154483087542764,-1.3834380865675588
2015-09-08,1969.4100341796875,0.0247736371970388,2.1577620386964553
2015-09-09,1942.0400390625,-0.013995035769085,-1.2554897649365833
2015-09-10,1952.2900390625,0.005264075444936,0.44011111738061576
2015-09-11,1961.050048828125,0.0044770064449863,0.3708163884635489
2015-09-14,1953.030029296875,-0.0040980412230444,-0.38414360061630026
2015-09-15,1978.0899658203125,0.012749687631433,1.0991555814298306
2015-09-16,1995.31005859375,0.0086677407153761,0.7397748854297382
2015-09-17,1990.199951171875,-0.0025643444425602,-0.2491146480703065
2015-09-18,1958.030029296875,-0.0162962309543841,-1.4580904220082649
2015-09-21,1966.969970703125,0.0045553920336729,0.37771757262832956
2015-09-22,1942.739990234375,-0.0123949300193784,-1.11461406767034
2015-09-23,1938.760009765625,-0.0020507442295931,-0.20389651912408013
2015-09-24,1932.239990234375,-0.0033686518713071,-0.3199270739752289
2015-09-25,1931.3399658203125,-0.0004659018012205,-0.06436462743813691
2015-09-28,1881.77001953125,-0.0260012111628089,-2.312531357594946
2015-09-29,1884.0899658203125,0.0012320939129821,0.0851294483360709
2015-09-30,1920.030029296875,0.0188958986035645,1.6402771644272203
2015-10-01,1923.8199462890625,0.0019719386783378,0.15026648518965113
2015-10-02,1951.3599853515625,0.0142137930164052,1.2280576036974464
2015-10-05,1987.050048828125,0.0181245935185021,1.572370314093679
2015-10-06,1979.9200439453125,-0.0035946893441431,-0.3398277502898474
2015-10-07,1995.8299560546875,0.0080035198575529,0.6812958902122138
2015-10-08,2013.4300537109373,0.0087797801445583,0.7496390039170623
2015-10-09,2014.8900146484373,0.0007248485605151,0.04047081078855081
2015-10-12,2017.4599609375,0.0012746644773331,0.0888774243289478
2015-10-13,2003.68994140625,-0.0068488236901274,-0.6263265926773757
2015-10-14,1994.239990234375,-0.0047274309119389,-0.43955600775967474
2015-10-15,2023.8599853515625,0.0147435513513549,1.2746983178079527
2015-10-16,2033.1099853515625,0.0045600613736969,0.37812866828983493
2015-10-19,2033.6600341796875,0.0002705089438732,0.00047007314865322086
2015-10-20,2030.77001953125,-0.0014221010558941,-0.14854983629218016
2015-10-21,2018.93994140625,-0.0058424489111335,-0.5377238558095635
2015-10-22,2052.510009765625,0.0164908470125935,1.42853283446562
2015-10-23,2075.14990234375,0.0109699539690426,0.9424651747592555
2015-10-26,2071.179931640625,-0.0019149330010996,-0.19193949596225782
2015-10-27,2065.889892578125,-0.0025573858650878,-0.2485020045287248
2015-10-28,2090.35009765625,0.0117704884881435,1.0129454280704602
2015-10-29,2089.409912109375,-0.0004498753806609,-0.06295363746361197
2015-10-30,2079.360107421875,-0.0048214816884248,-0.44783637842787105
2015-11-02,2104.050048828125,0.0118038763388144,1.015884944252029
2015-11-03,2109.7900390625,0.0027243529250675,0.21651015793474165
2015-11-04,2102.31005859375,-0.0035516669396473,-0.3360399936165603
2015-11-05,2099.929931640625,-0.0011327897564985,-0.12307843789439843
2015-11-06,2099.199951171875,-0.0003476817800232,-0.053956360409502406
2015-11-09,2078.580078125,-0.0098712906565028,-0.8924290933592187
2015-11-10,2081.719970703125,0.0015094551534495,0.1095487457185344
2015-11-11,2075.0,-0.0032333073215689,-0.3080111379072216
2015-11-12,2045.969970703125,-0.0140891633366324,-1.263776896404392
2015-11-13,2023.0400390625,-0.0112706404321549,-1.0156299351788909
2015-11-16,2053.18994140625,0.0147933027942341,1.279078509058996
2015-11-17,2050.43994140625,-0.0013402770182464,-0.1413459259513338
2015-11-18,2083.580078125,0.0160332298771717,1.3882435391828878
2015-11-19,2081.239990234375,-0.0011237403289792,-0.12228171279552576
2015-11-20,2089.169921875,0.0038029552801495,0.3114719183515458
2015-11-23,2086.590087890625,-0.0012356238416844,-0.13213210416361612
2015-11-24,2089.139892578125,0.0012212499449608,0.08417472921427936
2015-11-25,2088.8701171875,-0.000129140614967,-0.034715670214923354
2015-11-27,2090.110107421875,0.0005934415594808,0.028901542382529902
2015-11-30,2080.409912109375,-0.0046518001396185,-0.43289736173745125
2015-12-01,2102.6298828125,0.0106239389467397,0.9120014960052395
2015-12-02,2079.510009765625,-0.0110565926394494,-0.9967848481893486
2015-12-03,2049.6201171875,-0.0144778264441498,-1.2979953762037542
2015-12-04,2091.68994140625,0.0203178563638513,1.7654684469410662
2015-12-07,2077.070068359375,-0.0070140439603978,-0.6408728317500917
2015-12-08,2063.590087890625,-0.0065110526255942,-0.5965887242638656
2015-12-09,2047.6199951171875,-0.0077690863656929,-0.707347891496007
2015-12-10,2052.22998046875,0.0022488565785945,0.17464675023858295
2015-12-11,2012.3699951171875,-0.0196138677558153,-1.750180115307266
2015-12-14,2021.93994140625,0.0047442880640682,0.3943482609423006
2015-12-15,2043.4100341796875,0.0105625801059145,0.9065993721229376
2015-12-16,2073.070068359375,0.0144106356507709,1.245387922879836
2015-12-17,2041.8900146484373,-0.0151547766358763,-1.357595080967939
2015-12-18,2005.550048828125,-0.0179574950071064,-1.6043505875088961
2015-12-21,2021.1500244140625,0.0077483067271559,0.6588265454812354
2015-12-22,2038.969970703125,0.0087780955915688,0.7494906933588249
2015-12-23,2064.2900390625,0.0123415965275537,1.0632266318477863
2015-12-24,2060.989990234375,-0.0015999154038626,-0.16420487675347345
2015-12-28,2056.5,-0.0021809364563063,-0.21535883698665262
2015-12-29,2078.360107421875,0.0105736641730231,0.9075752299265585
2015-12-30,2063.360107421875,-0.0072433987837783,-0.661065572555522
2015-12-31,2043.93994140625,-0.0094564850414684,-0.8559089881982699
